complex_id,pnu,sido_code
cx_0003e4fb3f3b213f,4427031029106420002,44
cx_001928890b44ffbe,4421010700107010000,44
cx_001d7b06b16cc257,3117010400102800003,31
cx_002b3646e4229aa8,4413310200113220000,44
cx_0035e0f664952371,4420010300100570006,44
cx_00369e1e89701dee,1230010900100650006,12
cx_003a83cff332fdd5,5123025034103460000,51
cx_003ecb5eb4302935,4480025625112040000,44
cx_004681fee4a67402,4375025325131480000,43
cx_004b156d376a2ee6,5214012100106200003,52
cx_005913b71d1f53ac,3020011700102840002,30
cx_005a838e9c2748f6,4311112000100770007,43
cx_005fde2b05fe1b5c,3017011200115100000,30
cx_00656e495a3b61e1,1217013400103780000,12
cx_007042986e09048e,2726011100100810002,27
cx_00860b3bf4490ee1,4825010700114280002,48
cx_008e23e2e088ff78,5214011200101530001,52
cx_00aa04d085d70c87,4713011400105030000,47
cx_00b011f89dcb3408,3114010500114110000,31
cx_00bad9236dc3684e,4315011600104600000,43
cx_00bbea2aa7563480,5119010400104670000,51
cx_00c4660e4b0cfc32,4812312400100270000,48
cx_00c6061b7fb11abc,4482533027122620003,44
cx_00ccf4b8b7a3280b,4421037026101550003,44
cx_00dbca04c0227620,1280025326117420000,12
cx_00dbcf8abbb299ed,5211113300109520000,52
cx_00ff24e492a2ed52,1224013000107400002,12
cx_010b65e29e0dc3d5,2729010100102230008,27
cx_01199c5af1f3a875,2815510100118810002,28
cx_012752b33b0399f6,4785025021107980000,47
cx_0128a6640da5b336,1224010600104140000,12
cx_012f3668d92e866a,4825011900106900001,48
cx_0130e260e101a69a,1233012500109710000,12
cx_014abfa175a3a4b0,1221010900118150000,12
cx_015ff0b180cda211,4812710500100960013,48
cx_01631dd7a44d42bc,2623010800100170004,26
cx_0165095d9fcb2439,4729011700108950000,47
cx_01651b7c11527ee5,1213013500113110002,12
cx_01669e5551e907a2,4812312700100450001,48
cx_0174161da51cb76e,1230011200110100006,12
cx_0174c7c73c20c60a,4812131030101210001,48
cx_017556656f5860b0,4423010500100790000,44
cx_017b697b3fa0b8cb,2815510100118890002,28
cx_01822b55de54224e,5219011600105760000,52
cx_018f4ad3bda2ec56,5173025022101720000,51
cx_01970bd6cee7c0c3,5213014400108350000,52
cx_01a72bc33acc1abb,2824510100102070001,28
cx_01aa1875235aabf7,5011013000119100000,50
cx_01ae22eca6e86627,4311410300112630000,43
cx_01be3609ed92324e,4817013100105730001,48
cx_01da47dbc83ccb2c,4315012400109050000,43
cx_01ebc9e27de1b19d,4825010900105500000,48
cx_01f2f760ac2c6aed,1211010200111120010,12
cx_01fcf27994c6551f,5211113700107230002,52
cx_01fdf845c970c75a,4375025325131490000,43
cx_021c5a1651cb714a,4413111600108740000,44
cx_0221b49041143d2c,3114010400108150005,31
cx_02386db73b5af056,4831010900109880025,48
cx_02510d85ea0b4eee,4420036032118010000,44
cx_02674768b0e8b369,4480025625109470000,44
cx_026cda563db5a033,3120010800104180000,31
cx_026d559f61160117,5111012300110410000,51
cx_02757322b25337ca,4719012800109190000,47
cx_0276fe22c293525c,4311331031103010001,43
cx_02823095f77aa61b,4420011200101330002,44
cx_02846baeb123b676,2638010300105100027,26
cx_028963efae20581e,2635010500110720234,26
cx_028be4dad3562aab,5211310200110340001,52
cx_0290178c5f6e61eb,5271025021117530000,52
cx_029fae16f3d91bf3,1211010500101200000,12
cx_02aa16536a807fee,3017011000100020000,30
cx_02ba1860c7accc86,2824510200110850002,28
cx_02c3506a4213e5fe,5211313000113450000,52
cx_02d8aa4cd119cf35,4420011100102290071,44
cx_02d8efd71bffb7c2,4882025027100450001,48
cx_02dc18d1eda6b19a,2818510600100020007,28
cx_02ea5e15289ec89a,2650010300101150002,26
cx_02f8ae6dc0a65399,2815510100118710003,28
cx_02fa0289ee2baea5,5211310300108020001,52
cx_02fe8f5ea9eb8f55,4729011100101380006,47
cx_02fe951252300b06,1213031022112540000,12
cx_03073aa77ca7329a,5213014500108520000,52
cx_03109e0d621cdb1f,4311332021105890001,43
cx_03165a868959d1f0,3017010400100230021,30
cx_031c13511ed2216a,1227011500111250001,12
cx_0324d353ea942212,2818510400104500000,28
cx_032812e9c9d932d9,4420025325115300000,44
cx_032ba192a82d3428,5121010800115820000,51
cx_032f0bed4872f2dd,2823710500104400001,28
cx_033c557853135852,3011010900103630000,30
cx_035459ac724d6cf7,4481025021100120000,44
cx_036185aed4afb8a6,4817013100104640000,48
cx_03692ea8f83aa891,2823710600103630000,28
cx_0376159bddf57636,2827511000100300100,28
cx_0384c5734bdee661,4413325333104710000,44
cx_038737cf2718508e,1227010800102150001,12
cx_03906a1f4266d4be,2812514900100100001,28
cx_039c117e7869b3c6,4415010900101030000,44
cx_03aa7e7566802d07,4421010200106390001,44
cx_03b7d07b00822fb7,4833025323112900003,48
cx_03baae73619d51ba,4729011000100350003,47
cx_03d94c214331742c,2820010200109180005,28
cx_03d954eec2ec1e41,4413311000102840001,44
cx_03e29acdbf3e9326,1211015900102550000,12
cx_03e6ad4f8afa0a50,4825010300106060003,48
cx_03ed8ac7f4726854,4713036027103840008,47
cx_04013c0af8dc1234,4413125034101080005,44
cx_0403c4ccb65ac775,4311112400121080000,43
cx_04198133b3ff8cc8,5219011600101630000,52
cx_043a945ec511da85,4715011400105840001,47
cx_044d585b0a12cac5,5113037021118410000,51
cx_047404fb191ecdd0,3120010500103370000,31
cx_04767529bfdd27b6,4420025324117350000,44
cx_048512d0f43895c7,1230011300101180002,12
cx_0489cf9720ec60a5,1224011900101780025,12
cx_048ecb4efc4524cd,4831010900110500000,48
cx_048f2a353cf1f370,4713036027104070000,47
cx_049059fb98c2f580,3611011200101750000,36
cx_0491e6ff3713b218,1219010700102860002,12
cx_049e8135eb62421a,4715011300100660000,47
cx_04d53dc4095513a5,5218012700114940005,52
cx_04d736718aeeeefd,3120010800105000000,31
cx_04db1d0c4f50d08a,4413111900102110000,44
cx_04e0fe48bbe22488,2823710600103620000,28
cx_04e49b215074ce91,4719011700108180000,47
cx_04e7a2d6fd3d509d,3114010600114980004,31
cx_04e80eab1fbe8cb1,5218010400105230000,52
cx_04eb7a6a1e8d78f0,3111010300106770009,31
cx_04ee16733cf69fac,2817710500116000000,28
cx_04fa410756a78e87,2827510100105350001,28
cx_05005b640d62fce2,4311210900104460002,43
cx_0500a578bdf33f13,1230010900117810000,12
cx_050e572b75019034,4831011300108000000,48
cx_051191933ccbc913,1230010800111460001,12
cx_051eaa0a3695c5d2,1224012800111300000,12
cx_052561103b29ed29,4415012000106790000,44
cx_052c3c392ef65d64,4311425331101610000,43
cx_053e35b3e2de91c1,4311210800106190000,43
cx_05578354632d652b,1233010100104480001,12
cx_055da8d900b0f7d6,2827510600103410015,28
cx_05615775f7c5a6a8,1233011900109630001,12
cx_056abd14c9c0440b,3017011200110930000,30
cx_056dfd7be640dacd,2818510600100190003,28
cx_057df3445290a9aa,4825010700115470000,48
cx_05803c1063603bc5,1227010600111350000,12
cx_0580cf4f743b5e34,2820011000106350003,28
cx_058ccdc93620a4cf,3014011800104310001,30
cx_059541e39d311cfe,1230011600107550016,12
cx_059698acdf89882d,5214011100110600000,52
cx_059cc86236f669bb,5213013400104910000,52
cx_059f14c52c2b41b3,4711311400102160000,47
cx_05adac5747424a25,4711312000110710000,47
cx_05b0fc2500f07b69,4415010900101230000,44
cx_05bb9b15855d05cf,5115012500100490000,51
cx_05bd0b61c63b15a5,5213014500109000001,52
cx_05bd3be54071e34d,2824510200100620001,28
cx_05c994c22f5713be,3611025029103930000,36
cx_05cda1c35c1475a8,1230012800100180003,12
cx_05d3291bed60f5a3,1233010200108220000,12
cx_05d54ea6b8d34e44,4729025322119900000,47
cx_05f1f005605481ec,5214011100110580000,52
cx_05f8793d62ea7eb1,4315011500111690007,43
cx_06097269368efa5a,4421010200105380002,44
cx_0614b57ba4ce1a79,2827510700101510003,28
cx_0628302b8de995a6,5111012000109030000,51
cx_063037ad808f8903,2617010300109450005,26
cx_063106b830ae36a2,4729025022112180000,47
cx_06316ed1afbf924d,3120010800104100001,31
cx_063590cff32a3a98,2817710600100130009,28
cx_063925b083d3e8ee,5213015100135420000,52
cx_063eee5056e72bae,4812913900113880000,48
cx_0643d2d188d1c661,1211015800110020000,12
cx_0648143221f9e284,4311410200104450001,43
cx_065394c286c90030,1215011400113840003,12
cx_065b3c03a3555593,3114010200101910058,31
cx_0660d2d3c7b52c41,4311311700100450001,43
cx_066170df53f6cbf0,3114010100102750001,31
cx_0663c7918abb5578,4827010800104550000,48
cx_0676f313a90f403a,4471025024103120000,44
cx_067c520ef518fcea,4812710500100840014,48
cx_068959420c15c56a,5211113300108430001,52
cx_0691c222caefe020,3611025024100120000,36
cx_0691e39114a838ee,3014011500100100001,30
cx_06967f9f94328468,4711312000111030003,47
cx_069ac4a8bcf8bc26,4420041028104760006,44
cx_069ad9ff8c75584f,4882025024105670000,48
cx_06a008c68074e1e3,4311325025105490000,43
cx_06b12eb150722e7b,3611011800108830011,36
cx_06b6a8bdfbd88745,2820010300111150001,28
cx_06b6f66e70fee1cd,4413110900102190004,44
cx_06cd66d8da049ec3,5214012200108000000,52
cx_06dcc6759a66ee9b,1280025326116650002,12
cx_06ded4afb1c7804a,4827010200101580000,48
cx_06e16463c109ada9,4413310200114750000,44
cx_06e31a0db91bf08d,5113011000111840000,51
cx_06e4ced6cd723f67,4817012000102990002,48
cx_06f84f8a21b7398d,4723010200101290000,47
cx_0706e10e6a34a8a0,1219025030108930000,12
cx_070bc931b5da2528,4413111400104400010,44
cx_0712616212618b2b,4413110700104290133,44
cx_072052b84e54e306,3120012600112360004,31
cx_07229353dcef1280,3020011100110360000,30
cx_0724467393a7f3b6,1217013400101180000,12
cx_0725848857813598,2623011100100540004,26
cx_07364a73d3bfaec7,4413111600109350000,44
cx_073d4ebc57f2533b,2823710300101550001,28
cx_0743ccd028978bc8,1215011500108070007,12
cx_0759abb723be69a2,3014010200101520001,30
cx_0761c70b7229dc91,2823710600101710000,28
cx_0770ae72cd99ede3,4833025321108960001,48
cx_07733d0edac8a38f,2824510200108990000,28
cx_07767805bbece0ae,1230010900100690000,12
cx_077c1e4da0691432,2820010200109400000,28
cx_079598a35bbbd389,4717011000109740001,47
cx_0795f0a8ed060169,2820010200109340000,28
cx_07a94ff162af2906,1233011700108840002,12
cx_07ac4bbaa185d193,4817031021111040000,48
cx_07acd48f08e7b1cd,4715011000112960000,47
cx_07ada95ad362922d,1271025025101910000,12
cx_07bd660d084d4eca,2829010700107220002,28
cx_07ce3cde2a1454ab,2820010100115510000,28
cx_07ce4052af48b04a,1230012900111090000,12
cx_07d5bda70862bcb9,4423025324110190000,44
cx_07d95c0b8155f8d1,4413310200112900000,44
cx_07e0ee6afd629787,4729025324100810004,47
cx_07e7a8f1f0813e6c,5113011200101280001,51
cx_07f782f054225927,2820010300109050000,28
cx_07fcb004407cd90a,3611010600109390000,36
cx_08003273178c79db,4833011900100830002,48
cx_08020456863d3d9c,1227010600113010000,12
cx_080b08cf247c8665,5111011900108090000,51
cx_080d8efd90593fd4,4825025027110120000,48
cx_08272be1fa823253,2623010900105730089,26
cx_0842184ba00b0279,5219011700106420000,52
cx_0849a79a54d8d108,4717012800102850000,47
cx_0849ec1c77bfa6da,5214013400102310004,52
cx_084bcc118999884e,4817012000100750003,48
cx_0850b3a291f77a6d,4723010500100490001,47
cx_085deabb1c212abc,3114010500108090001,31
cx_08774097e0c01d70,4420033025113850000,44
cx_0878db24c30cb80a,3611011200102350000,36
cx_088b2f812b32c9f3,4889025023105350009,48
cx_088c10c8cd4e9a0b,4812725025110540000,48
cx_088e2c0d81138afe,3020012100107120000,30
cx_0892ebd462a9a8a9,2820011000107510001,28
cx_089c2c46bdbb2a13,4827010400106980000,48
cx_089f4c5cd09ca582,4812112900100760000,48
cx_08ad45e69789276d,4715011400104160007,47
cx_08b5de8a0f81d2ac,4413111100109800000,44
cx_08bbafd2ffeb6bf8,3611010200133020001,36
cx_08c078a08163bd2f,4825012500108010003,48
cx_08c7c646a4674702,2815510300127850011,28
cx_08ce469a3483e6fd,5173033022105900004,51
cx_08d89be388856014,4812710500100260003,48
cx_08dad2cac910dc81,4480025625113700000,44
cx_08dfad42ae1cfe8c,1215012600109540000,12
cx_08e0542959b593ce,4476031034108390000,44
cx_08e5fba232bdbcb7,4711311900106110000,47
cx_08f3df7bf231d8c4,5271025324108730001,52
cx_0905337c45131414,5214013400112050000,52
cx_09086aa05f684094,4313012500110880000,43
cx_091e791a3ccbbf59,5115036025100600000,51
cx_093f525bd140b498,3611011400102350009,36
cx_094e37c54a4c2064,4729010900107250002,47
cx_095012a371e0668d,4827025321104200034,48
cx_096f8ac4944253ac,4377025321100930000,43
cx_098de48ac816a6d5,2829010500110140000,28
cx_0993b44c64004641,5219011700106420000,52
cx_0996754c19576695,1211016400109940001,12
cx_099e9b5d1c779d8c,5013010500101190000,50
cx_09a599b7f5097397,1230012900110090000,12
cx_09a81c65655c6ee7,5111012400101140005,51
cx_09a895f5d673345e,2827510800104910003,28
cx_09b2ce664c6d99b1,5214011300103520006,52
cx_09b661f9410bcea5,2823710200102060000,28
cx_09b7ec654aaae171,4413111600107830008,44
cx_09bbc54a5019038a,1215013300108510000,12
cx_09c743c4fa6526f1,5219012100102200001,52
cx_09cead448f417cf0,1233011300106280001,12
cx_09d8c2ea26c96437,4812725026100670000,48
cx_09d932544479beea,5214012200107710002,52
cx_09dca16aa9c7f651,3111010300103200000,31
cx_09e325d1dc5c1ad4,2823710300102610008,28
cx_09eb5b0ae042a5b8,1279025036100810002,12
cx_09fbf468e2aaf9db,4413325622104280003,44
cx_0a0d895fdb044843,3120010500102500001,31
cx_0a0f7c93f9a25ad2,5113011200112660000,51
cx_0a18e46b528db618,2829010300110530000,28
cx_0a2ae79ebacb0249,2817710200105720003,28
cx_0a458682fa7cc9da,2818510100106420001,28
cx_0a47e0b62b970013,4825010700114390005,48
cx_0a4a9ad77777c51b,2829010500110180000,28
cx_0a51670fa850c140,2820010400108060003,28
cx_0a519cfb5f1bb4c9,3014011600107790000,30
cx_0a5effc6b72e3e38,3114010200114180000,31
cx_0a61dc12167e22a0,4827010400104670000,48
cx_0a65534e92bf0583,4375037027103830004,43
cx_0a67749f06b22834,4812313100100120000,48
cx_0a67b8e52fae8eaa,3611010800122020009,36
cx_0a67ea33a204eadd,5214011400105250002,52
cx_0a6a8e8ef3de1931,4719025336109110114,47
cx_0a74c8811f5d5a71,5211112800105450001,52
cx_0a765c98d3876d08,4480039032100050010,44
cx_0a7c4f0d1ccc3582,2829010500108540003,28
cx_0a87ce19de50a68e,2820011000107730001,28
cx_0aa77871794e4d75,3171025927108560000,31
cx_0aa8a72cf630cc53,3611010200133020006,36
cx_0ab3a70488aa6c47,4719010100111340000,47
cx_0acd360c03796d37,1213010200101670001,12
cx_0adcb090d8d213aa,4711111400105790000,47
cx_0aded5aa2c78ce69,3020014100104600001,30
cx_0ae2638dccc181c3,1284025024116610000,12
cx_0ae5d64ff1067429,5113011700120490008,51
cx_0aeac5b831210ea0,4420025324102820005,44
cx_0aef4054842f65fc,3611025032105420000,36
cx_0af73acc20738c61,3611033021104980007,36
cx_0b01a829fc631958,5221010900103990000,52
cx_0b01ad6928a9336a,5211112900109650003,52
cx_0b1a972d93672e5e,4812725026101920000,48
cx_0b1da97967486d89,2626010900106140004,26
cx_0b3a71d61b8cf6e2,1230010100108190000,12
cx_0b4eb763fdd0cde9,5211113300108970001,52
cx_0b57eab2faffeb25,4311210300105200040,43
cx_0b64efdcc61072c3,5213014400101550007,52
cx_0b6e4efaf044aaf9,4719012000104300000,47
cx_0b6ffe1aaed5876f,5211312300102170004,52
cx_0b723a2cf984515f,2824510100101960006,28
cx_0b99bd5ef3592866,4311410600110230000,43
cx_0bada454bb2523cb,4729010600101150007,47
cx_0bc2e87593031730,4413111600109090000,44
cx_0bcc39295420d989,1277025037105000015,12
cx_0bf6c15891c4f347,3611011200101620000,36
cx_0c02e02d09f6b4d0,4729010700100850001,47
cx_0c0c297d052623f0,4421010100105930013,44
cx_0c165647ed22ab19,5214011700113760001,52
cx_0c1cfcadaf58a2f7,5121010800115610000,51
cx_0c2872a4e5e2e1a5,1215011100105120000,12
cx_0c2ce68e1f8b04ed,5211113700107220002,52
cx_0c2d9e60bf1be976,4817012500100200000,48
cx_0c31e463867a8457,1211016000111730000,12
cx_0c35e58d1b256fa5,4719011500107490000,47
cx_0c38facbe09822e1,1227011400104730005,12
cx_0c4fddd70f2c2730,4311112000103120000,43
cx_0c5b2f99553b99be,1224010600107020000,12
cx_0c66d569985e0da5,3114010100102760001,31
cx_0c6df5600cc79889,4812313100100140005,48
cx_0c6fcb19706bc0c6,2829010700107280006,28
cx_0c80262384714be3,1233011600106870005,12
cx_0c837ac4153ef7c7,4790025330113830000,47
cx_0c86323ca7a665be,1230010100108470000,12
cx_0c9b3ff479f08697,2820011000107550004,28
cx_0c9cbb7a478d93b6,4719025625113880000,47
cx_0ca855c9da227e00,5273025021114270002,52
cx_0cb7731dcc1310c0,4719012800106170000,47
cx_0cba2da2ebd6fc0e,4817012500107050001,48
cx_0cbb015b21b58501,1224012000112180000,12
cx_0cc56df5bf2dd467,2827510500103020000,28
cx_0cca2b4f43ef0cb9,4785025622101710000,47
cx_0cd4cc788326dfa4,5211311500103590000,52
cx_0ceb68be38ee59f5,1233011700108850003,12
cx_0ced16f89dd53d9f,3114010400112670010,31
cx_0cfdd28ae5a04849,5211112700102230006,52
cx_0d05f2de9bc9fa81,4812725027108320049,48
cx_0d0ebf2f5ad7ed06,3114010900105420005,31
cx_0d1990b507ec66c0,3611025029103990000,36
cx_0d1da30622be2f21,4427038030102090002,44
cx_0d43e6d3908020c4,4415036026106410003,44
cx_0d48638119970b33,5211112800102560000,52
cx_0d4d9971d2598dc0,3611011300100810000,36
cx_0d560eeab826c1b4,4833011700105350000,48
cx_0d5705c29a3f9f8a,5182025333101650000,51
cx_0d6cf36e36c54407,5111012000105110005,51
cx_0d6d6e257838a123,5113011700118050000,51
cx_0d714ca6d7c9b1a9,2818510600101100000,28
cx_0d7ac2b2b1be8b01,3114010200101290006,31
cx_0d8188d0c79ad99e,5211114200115260002,52
cx_0d886741d928f475,4421010700109690000,44
cx_0d8aeb459bf8e811,4421010800100450003,44
cx_0d989ef7d3d015a1,5123012500103560002,51
cx_0d9df41dbbdabec0,4817013700103020000,48
cx_0da251b1995f8779,4715011600107670000,47
cx_0dad2691ee8ee5c6,4421010200107650001,44
cx_0dae7d7be23ad8b8,5183025035104190000,51
cx_0db27c6baa31223f,5113010500105810001,51
cx_0db5905f695ae023,4822034027115440000,48
cx_0dbc9064d6e6d0f4,1224011900103660019,12
cx_0ddcf12345cdedfd,5115012100106180001,51
cx_0dfc2f4e1dedd1b8,4711312000109190000,47
cx_0e03a963f70d2924,4471025022106840000,44
cx_0e04560accacb9c8,4729012600101800000,47
cx_0e065ee218ff0ffa,1230012600130770000,12
cx_0e187a245db13d91,2829010500108230001,28
cx_0e1fd1b4ea2ac69a,4711312000110740000,47
cx_0e2ea52cb60ee8a2,1233011600106890017,12
cx_0e315b0ccb3b75d6,4413111500102260008,44
cx_0e56359c2c0c2f93,1224013000111100000,12
cx_0e5be5db69905a91,5119010900100480001,51
cx_0e6cd93bd7e12b0a,4825013000104520001,48
cx_0e94a80663e257ef,2829010500110220001,28
cx_0e9fd4286d92d1ef,5183035024109770000,51
cx_0ea1c6fe49cd097a,5172025030101550000,51
cx_0ea8bc105a5600ba,5218010300100650001,52
cx_0eae0419705eff59,5176034026108290000,51
cx_0ebc2f3d281a8369,2823710300100370004,28
cx_0edc6afde3cc1524,1230010900107820003,12
cx_0eecfb509b476c28,5177025622103020000,51
cx_0eeec3a3fd1bb38e,5011013000128740000,50
cx_0ef0770e3704109d,3014011600100010135,30
cx_0ef1833c86969c96,5211112800108270000,52
cx_0efbc0690411e1b9,4427038023101860000,44
cx_0f16f8d9bdfd8cf0,4812310400108530036,48
cx_0f1a9b5df005e8dd,4480025625111690000,44
cx_0f1e64c6f670c574,4374525027109250000,43
cx_0f2282e55cc4898a,3023012600100220001,30
cx_0f42c408243da333,2818510600103970002,28
cx_0f4c53827e8e941d,3114010400118900000,31
cx_0f564c647c1dcb43,4728011000109490000,47
cx_0f63206cdf9f0fb4,3114010800103570007,31
cx_0f748d82584eba0c,1227011400105560001,12
cx_0f76536a795309de,4311112800105840000,43
cx_0f8d69cb8d1cc25e,1276025031110480000,12
cx_0f98e4f483700ebd,2629010600118080000,26
cx_0f9aac05b56a3deb,3114010600115290001,31
cx_0fb17d099ec9f25f,4873025024103060000,48
cx_0fb2f3066b988363,4715012000104090000,47
cx_0fb3c571d001add1,4719012000109410000,47
cx_0fbee69164b42476,1224011900116120000,12
cx_0fcfc0e71ab12885,4420011100105190000,44
cx_0fd4d722c38862d0,2823710200101820166,28
cx_0fdeaca053654e32,3020011500104870000,30
cx_0fdffd7151f13a2c,2820010100100230000,28
cx_100c643871e36f8d,3611010800122020010,36
cx_100f902e9296b346,2824511100104890000,28
cx_1018b2d231eee2bd,1219010800107750001,12
cx_101b13b07792829a,4413310200113450000,44
cx_102195a896229f83,2820010200108930000,28
cx_102abd230ae0b0af,1227010600113120000,12
cx_103f9e62e5866b6b,5221025027100790004,52
cx_10417196f761fcb5,2829010500105670000,28
cx_1044f2a7ce678ae3,5013025924111410001,50
cx_10620477dcf4e4d6,5011010200100460000,50
cx_1065882e86c25cf6,3117010400103000384,31
cx_1067c201c28f0cae,4812110200107850000,48
cx_10708a446387df47,4721010500116200000,47
cx_1080fa6f17d61e88,2818510600103110000,28
cx_1082fb63a2167855,4812110600103050005,48
cx_108c191b9500f9c3,4420035033102520000,44
cx_108e90ce20d51181,2827510100105110000,28
cx_10993861858c68fd,4311210700103140000,43
cx_10a2fbd9ddaf127e,4373025037103130000,43
cx_10ca4cdd99c3264f,4311111700100440000,43
cx_10d6e0a3d7de66e9,4812513400107080001,48
cx_10e3b9dbd4a5009c,3114010800105380001,31
cx_10ed76b9e726fe43,1230012800102490065,12
cx_10eff8c54e01c9c5,4423025331110650034,44
cx_10facdea4d99b0a9,4723010300101200000,47
cx_10fc05fa83df7b8e,4413111900102230003,44
cx_11045792b264b868,4729025022112160000,47
cx_11068921082d56ba,4822011500102920107,48
cx_11301134611a3bd9,5213014300103320001,52
cx_1138bdcd676f785c,5111012300110240000,51
cx_115035dfc035de2b,5013025921103920000,50
cx_115b4ffe48280076,1211015900110250000,12
cx_115e6de525c18158,4725010500104070000,47
cx_115f750b8dfcf367,1211016000105320002,12
cx_11612fb81e1bfda8,4817013700101910000,48
cx_1164a06343320001,4812515900106060000,48
cx_11704bae03354236,5113011500117130000,51
cx_117b2ec43a59eea1,2827510800102080001,28
cx_117d42f3b3614a27,4831010600107640000,48
cx_119358db5b8c59ca,3023010900102740001,30
cx_11a326f334cde92d,2818510600103190001,28
cx_11a3e4a99881e37f,1211016000111800000,12
cx_11a509ef2b8afde2,5271033029107210000,52
cx_11a9388c77e8e0af,5211112800105450000,52
cx_11ad7639226cd00a,1227010800103480000,12
cx_11c70633afe65f3e,4420011300106170000,44
cx_11cab565ba2f0c4a,1227010700108250000,12
cx_11de34c1acbb7f97,2626010700107000101,26
cx_11ebc149e039bd99,4812725028105080001,48
cx_11efc1285efaf698,4822011100110540005,48
cx_11ffd73eb42cef74,4812312700100450001,48
cx_12099b0357ede594,4812725028100380000,48
cx_1226effe581537db,3020011100106400002,30
cx_122abccfcacbfc01,2824510200109490004,28
cx_1231050d71a7d192,4729025321102050001,47
cx_123d2ca1ed898b8c,4833025323113040001,48
cx_124220b5580512ba,4824012700109000004,48
cx_12463eeea9d7bfa0,2638010300103650000,26
cx_1248a6eb2afd5ed2,4833011400106540001,48
cx_1250133e9633fb04,4420033021107200000,44
cx_1258ec23aa77cef8,5013010200107490001,50
cx_1263a95acb88dbdb,4719010900100740000,47
cx_1267c9a1e3fae3a2,2827511000101220002,28
cx_126c91c382b34ccb,2812513500100530004,28
cx_1284b5dd0a64cef2,3020012000110420000,30
cx_129b695c0dad416d,1233011800111210000,12
cx_12ac0cfd25f65d69,4812310400108530033,48
cx_12cd611b4d2a6b1d,4825012800100610005,48
cx_12e76cb9e3ad044f,4817012200106760003,48
cx_12ec451e64673fd1,2771025628106370006,27
cx_12f6647fba8c7ef6,4817012600103010001,48
cx_12fae06df25383da,4833033023109080000,48
cx_12fd3805ea291755,2823710500104530001,28
cx_1302834b8d2799a2,5119010500100020003,51
cx_130511d9600c08c0,2812510300101650000,28
cx_131dc31aa173cee3,4315010900100750000,43
cx_132766f1e981f318,3114010600114590001,31
cx_1329e569ac0ee3cb,4413325626100690014,44
cx_132ae5da01f794e0,5113010600107640000,51
cx_1347d03770e604be,5113011500118680006,51
cx_134fe1bc76a9d863,1219025023109520000,12
cx_1350bd0b111b4913,4825012500108060006,48
cx_135bc2e04f4eddbb,4420033021107220000,44
cx_136a933581714671,2820011000107550001,28
cx_137cc1831b5d1021,4717013600102710000,47
cx_1381dc88b1b34df6,2827511100101650007,28
cx_1386813795a1cc9e,3011010900102970000,30
cx_1396f624e297e41b,5211113200104450001,52
cx_13a4ed99e1bd1183,4825012500108020007,48
cx_13b202a0474a94b2,3011010700103140000,30
cx_13c718acb47f391f,2829010500110610001,28
cx_13d6cb97c71c7fb8,4311112100104360000,43
cx_13d723731b8563b6,4413325626100700000,44
cx_13de88f5fbcfe809,5211112400103450001,52
cx_13dfc9d28f0f45d9,1217013400105510000,12
cx_13e786b393e560da,4827010800104440001,48
cx_141752d336eaac0c,4812312800101020000,48
cx_142d5b2ab5d3b5bf,5123025030102250000,51
cx_14380e3dd8f11575,3023011000101350005,30
cx_145a6b4fd48ffe76,4831011300108850000,48
cx_14656d96a7e14e45,4833034022100170016,48
cx_14725c15ebf078c8,4812312700100450001,48
cx_147ad16fbcf042f6,5011013700102840005,50
cx_147d7303dc9f4c7c,5013010500112300001,50
cx_148d5c6e6e7d953a,1230013000106840000,12
cx_14a756824ebd4c5a,3114010800108780000,31
cx_14b071554ed8bdbe,4824032025105740000,48
cx_14b1fadccf684dfb,4713012400105570000,47
cx_14be41d959c76237,4413310300110070000,44
cx_14c6d6ab6b47e068,1230011000106330001,12
cx_14d621e1c2438103,1215011000105700000,12
cx_14d9abb1f5e9453e,4311311700100450004,43
cx_14eac1f324bbd161,4413310400113270000,44
cx_14f2bcee049845eb,4413111900103650003,44
cx_151d3e3411a76bd8,4711311800100160000,47
cx_153354f0fd32b2a2,1219025035117250000,12
cx_153ae9f8e51ffafd,3011011800104810000,30
cx_156726279bde853f,5218010100109180004,52
cx_156c6ad9726cf782,4825012500108030002,48
cx_1588b123abfe79f8,2626010800101520018,26
cx_15bd7fb6ab706569,5213014400101550005,52
cx_15c3500f34b7993d,4719025332108140001,47
cx_15c35c66e1bdcf48,4420033021107240000,44
cx_15d66938506dc40e,2818510600100230005,28
cx_15d81ab50fef209e,4827010800104550000,48
cx_15dc3e2b5f8d6cc4,3120010600107300000,31
cx_15e13cdc3f617dd2,5211112900109600005,52
cx_15e37364aa9b5fc5,3117010400106180000,31
cx_15ea1cbf5df86a12,1230011700100570000,12
cx_15f58f2580b8557e,3611011300101040000,36
cx_15f9c0965341c19a,1233010200108400001,12
cx_15f9e4d3fce4a7b1,5111012600105850001,51
cx_15fc270cecb2d433,5213013600107090000,52
cx_15fe453df687bccf,5221033029115960002,52
cx_160dce259f07821d,1215011800102700002,12
cx_161a979819482ffd,1230011300105910000,12
cx_162d04779aebdaf1,2818510300103150000,28
cx_162daf110c69b879,4817012600101410000,48
cx_1636795163cd2c5a,5173025021106080000,51
cx_1636c2140a9b44bd,3020014500102950000,30
cx_163736b930f3b1a3,4425031521102820000,44
cx_164249ed8ca5649f,5211313200111110000,52
cx_164c70985374558c,1219010700113090000,12
cx_165178e2098f2c25,1233011500107590001,12
cx_165633168bac93d6,1224011800112280001,12
cx_16601dc67290b90a,5115011200105530000,51
cx_1664aa5539f468fb,1284025024114750005,12
cx_1665d0768c306964,4413325628101520016,44
cx_16673796c6503c44,4373025038102320002,43
cx_167901a15582e6fb,4421010900105240005,44
cx_168866d04319ff42,3117010800103850003,31
cx_168a2710c39621d5,4831010800106190000,48
cx_168c70c8c0f95e6f,5214012200107740000,52
cx_169eef086dbf1d2a,4420033026108930000,44
cx_16bd297d39266773,5117011800103020006,51
cx_16f0e43cb87ff553,3014011600100010009,30
cx_16f1d99b38b0e5e1,4481025024101790001,44
cx_16f9a99f4913cc14,4377033031100030065,43
cx_17288d7475426c77,5211312200113080000,52
cx_172bef720e780a66,4711111700106640005,47
cx_172dceea086b62cb,3114010200101620000,31
cx_173422433bfd033d,4413111900103370002,44
cx_17370cc7be9b8de8,4480025021108080000,44
cx_173c2c8011522026,2711015600106030004,27
cx_173e9f7539b9f7e3,4481025022102350004,44
cx_1741d15a1baa1922,1215031023106530000,12
cx_1743b88c11703e88,3020012000108340000,30
cx_17450e268d0bffa5,1233010900115880001,12
cx_1745683e6cc62bcf,4427032021117300000,44
cx_1767d896dcafcf74,2815510300127870001,28
cx_176eeb8cea4ad943,1215011000101750000,12
cx_1775c3d60b209263,2812510700103470000,28
cx_177ce1e01b569860,4413111800104510008,44
cx_1786c8c3b80452d2,4825011800108710001,48
cx_1790eda8ac231265,1224010400104600000,12
cx_1791175d30b2916d,2711015600101500002,27
cx_179f9b433fd18689,5211112900110440000,52
cx_17ac6321fec0ed85,1219010600113220001,12
cx_17adf860203c48e8,2829010400113180008,28
cx_17ae48f7862f7e0e,3111010100103560000,31
cx_17b7e116bda71a57,4420011200103560000,44
cx_17d4a22b8ac8ebb4,5213014200100550005,52
cx_17d94e689fc5ce75,5121010700113260000,51
cx_17dfe9cca5552157,4825013000111650000,48
cx_17e8b42e08844c5d,1219033024119950000,12
cx_17ec7368e5cc3b3d,2812510300100660024,28
cx_17ef539297a41af2,4415012100106270000,44
cx_17f2d13ec8c2a229,5213014400101560003,52
cx_17f61550c6e18140,3611011400101510005,36
cx_17f625f602562d82,4375025025109690006,43
cx_17fc58d285490aba,3023012600100220002,30
cx_17ff764d20c84538,5113010800102720003,51
cx_1813c2e84b95b534,4311311400133660000,43
cx_181e63cd4dc7c85a,2812513400100540005,28
cx_182ace9330d87477,4719010400100050000,47
cx_183789c53373c686,4311410600109500000,43
cx_18554d4442a76102,5177025622102940003,51
cx_1861f628c353685f,2824510200100760000,28
cx_1877de217f1ed785,4481025321105500004,44
cx_18785191b0a082fd,4833010300106960001,48
cx_189177df0694fcba,2817710500100290001,28
cx_18b9a17a4b24124f,5111012000108640000,51
cx_18d1c96f17691cdf,1230012800107760000,12
cx_18e37240b66c67c1,4812513400107030002,48
cx_18f488efef287638,3120010600110100001,31
cx_18f4a21bbbf19094,4421010100100760001,44
cx_18faf8252e565876,5172025023104240000,51
cx_18fb442eeb86ee22,3120010300109170000,31
cx_18fc4234691e6aa5,5113011200127080000,51
cx_18feeedd313e0bf1,1230010600103530024,12
cx_1905f426077acfec,1221012300106380000,12
cx_190aec3f9a094906,3611010700104550001,36
cx_1910fc73064c8646,4413310700103890003,44
cx_1915437fc30d7db0,1215012600109530001,12
cx_19178584eb40ce80,3611011800104220000,36
cx_1920bbfe06d1a418,4719012100102750011,47
cx_192a7c0fb13edead,4831011000103290001,48
cx_1936a118d1e57f87,1274025026110440000,12
cx_193e244140a6b84d,4427039031104100007,44
cx_1941914d152de6a3,2726010100100930020,27
cx_1950b0c0b58af01c,4822031026102220002,48
cx_19578c7d627b2356,4413310400106650000,44
cx_196519a8b478df7d,3611037022102130028,36
cx_19780e3a967b5d39,2824510300109120005,28
cx_1986af737f10f2ff,1227011500110800000,12
cx_199028f0e483025a,1217013400106000000,12
cx_19913c52f309b0b6,4729025622104850000,47
cx_199c8b6b35638153,5013025029124240000,50
cx_19a4e4f38951f44a,3111011200107680000,31
cx_19a5a5e454732aa6,1230010900102280000,12
cx_19bcb9210f422a19,1219025022107620002,12
cx_19caca4c245ca391,1213012800100540000,12
cx_19d109baf79414b2,4719011300106010000,47
cx_19dab40241e729ef,4825011800105770000,48
cx_19ed6d0ff5e52cae,4825025027101490000,48
cx_19f014fbec777f18,2823710600104540000,28
cx_19f57c68d4d19202,4413325627101070000,44
cx_1a18b4947227917b,4413133022100910006,44
cx_1a18b53d5eb7ccd6,5213014400111550009,52
cx_1a2174f63b6ad6d8,5279025021100560002,52
cx_1a295b21a6bc93cb,4812510100107880000,48
cx_1a3effffa229b02c,1215013200108940000,12
cx_1a42cfc46b110cdd,2818510300105790000,28
cx_1a47a5af3b05c08b,1215031021106940000,12
cx_1a4f3c338cefd1ba,4831010600102410001,48
cx_1a5c3cb822cc29ca,4711125630104350000,47
cx_1a6db00e20003bec,4812131030101240001,48
cx_1a71f39bc5554fc0,4833010300106950001,48
cx_1a8ca504943fcf22,5113011000110960000,51
cx_1aa20a8d1d88cff5,4831010500116570000,48
cx_1aa8034a2e64509e,2818510100106410001,28
cx_1aa9b1e21d1301bb,5211114200115420002,52
cx_1ac57c2df49d2529,2817710200105650095,28
cx_1ac5ccdbdb442ae3,4711311800103380002,47
cx_1ac66f70400571ae,5211310400100040058,52
cx_1acf5831f4680067,3017010600106890000,30
cx_1af0e2b3efb88298,4481040024100160015,44
cx_1af4d6f173d8ea6e,4481036027104680001,44
cx_1b026227a25a0e7d,4817012000106540002,48
cx_1b048d4c287e1079,4311231024100740007,43
cx_1b1f28208371afec,1230012900111110000,12
cx_1b3f894f3e9ee27e,3017011100103510002,30
cx_1b44ae82bb78d78e,1233011400109750000,12
cx_1b4d152934eee9c5,1219025023100890005,12
cx_1b5e66cf557109d4,3611011300100760004,36
cx_1b6d7e4e05ad4fcf,5211114100101100000,52
cx_1b7132015442c103,4822010900114270000,48
cx_1b76e56838eb4d5c,4719010300101120000,47
cx_1b7aabc385c2986a,4717013600101140000,47
cx_1b85f35aea12b0be,3117010400104490006,31
cx_1b8f4d02d2181f27,4783034033103570000,47
cx_1b8faa0325c10479,2812514600100050001,28
cx_1b981d0495809bfd,1233010100102230000,12
cx_1b984cd1e8a79f7e,4413325629102530038,44
cx_1b9ce4dc25deb137,1219010700120620000,12
cx_1ba58df5191c6a77,5113011500116510000,51
cx_1ba9c86447f4f5a1,3111011800102900003,31
cx_1bb11a17dec2f62b,4719010900108550001,47
cx_1bb4455192dbd883,1219025035100410000,12
cx_1bbe887355bc7823,3020011100105530002,30
cx_1bc2b9cb5f304278,4831036024112240001,48
cx_1bca9bb4cdd4411c,2820010100115240000,28
cx_1bd5518b026b20a6,3114010500101180003,31
cx_1bf3be136d2ee899,4824032025104500000,48
cx_1bfa7cc65ba7863b,4812710400102600014,48
cx_1bfbc0dfe4e68c3a,4719025024106940002,47
cx_1bfea72cdf407443,3020012700103990022,30
cx_1c073305e350dde6,3017011200118120000,30
cx_1c076a344e8d0db9,1233012700110520000,12
cx_1c2fe19ee8b575fa,5211312200113060000,52
cx_1c36a33419ff04cf,4833010200105650001,48
cx_1c3a77eabed77b2f,4812514900100040201,48
cx_1c468c1f1a27235e,4717014100108950000,47
cx_1c4a7efc6268520c,2729011300105560000,27
cx_1c6472270fdbb058,1233010100105930000,12
cx_1c8a4a23d974297b,4413325322104250001,44
cx_1c91acb53e05b240,4311112100104230000,43
cx_1c9bd280a7c6b414,5121010200105960000,51
cx_1ca8d68f65e7b241,3017010100105760000,30
cx_1cabfd04d02e12ed,4717011000116410000,47
cx_1cc19c75f65595e2,3014010400101280001,30
cx_1cc4391973e8fa7a,4833010700106350004,48
cx_1cc5982a5380f706,5115011100112000000,51
cx_1cd8a3df0e6de804,4812513400106140007,48
cx_1cde93c5024c3685,4423011000106450000,44
cx_1ce3658eebcfbbc2,5211112600103180010,52
cx_1cebaa4de8467f09,4415011900106180000,44
cx_1cf8ddc6b79955cd,2723010500100050139,27
cx_1cfcc31867d34773,4725011200105420003,47
cx_1d09d98d04475be5,4375025021106160000,43
cx_1d0c27910b58d5dd,4711311900106450000,47
cx_1d196b2c24e93aef,4833025323112840000,48
cx_1d24c7286dcc7e8b,4311410300112600000,43
cx_1d2c392e007a7377,2817710200106270047,28
cx_1d2e589adf84cb9d,1276025033100970003,12
cx_1d559ced7715b201,2817710500100770003,28
cx_1d56d809155071bd,5111012000108660000,51
cx_1d58515bbd7a230b,4413111100104360000,44
cx_1d59a382b19fd918,4793025026100140000,47
cx_1d63412a6b3ab9c5,4831010800101440000,48
cx_1d749b6e9efc8c63,1281025335100050000,12
cx_1d86da72cc4670be,3020011100106070003,30
cx_1d888787420ae877,1224012800110480000,12
cx_1d8ae4a439e9f71f,4413311100107610000,44
cx_1d9169172eba3ba8,4374025028104160001,43
cx_1db2afd5fa6c46fb,2827510700103040002,28
cx_1db7db8252659ffa,3014010500104520022,30
cx_1dbe254ad628be87,2820010100102600005,28
cx_1dd22994184f4612,4825012700112540000,48
cx_1dd422f6a443f2b8,5213013100100730002,52
cx_1de5dd412eb55cf3,5213014600107550000,52
cx_1e0adc1dbf7e3b19,4420011600103920002,44
cx_1e0d0b3fd265a7b2,2824510200110840002,28
cx_1e0da4bfef97ce96,3023011600108430000,30
cx_1e1833f0f1642cec,4812914200101080000,48
cx_1e1dae6d424bc790,4831010600105560011,48
cx_1e2114be188fb716,4313011800106860000,43
cx_1e282360ecf18e52,1230013100111160000,12
cx_1e37c949635a66a2,5211313800108070000,52
cx_1e3a0cf3c303f5bd,4725025021106090000,47
cx_1e410c91332e9b8f,4874025023103440000,48
cx_1e4f29f6d109a042,2824510100106230016,28
cx_1e51fbec3e0df951,3120010200102640000,31
cx_1e6cf64cd1a02113,2711015700100550068,27
cx_1e717779256db2b7,3020011200106090002,30
cx_1e7352a59c30e8f8,2818510100101180001,28
cx_1e7aec22dbbea7f7,4717013600105270000,47
cx_1e8719fbfba3797d,1233011500107560006,12
cx_1e8cd8ec6f681c5f,4413310200107870000,44
cx_1e90aa6c3b35eb6e,1227010400110050003,12
cx_1e923e53e880bb6d,4825010100104950007,48
cx_1e9357c6a11dd718,1230011200110110002,12
cx_1eb659284bac8e8b,4711312200107850001,47
cx_1eb7b2d171e57f87,4420010100131490000,44
cx_1ebe23f18778ae98,1233010900115890003,12
cx_1ec1952ff0486c81,4315011100103530000,43
cx_1ec2901de9fc2311,3014011400103830001,30
cx_1ed1b4d0551fbebb,1224011800112290000,12
cx_1ef9907b9a716e17,4793038023100050004,47
cx_1f035b4fd28d416b,4425010100101900000,44
cx_1f05685677c11c44,5279031022104570000,52
cx_1f0b15c9a613d6ce,4729012600106620001,47
cx_1f1423411166be42,4825010800111300000,48
cx_1f23923ea0c54c48,5011012200107540003,50
cx_1f25b775e87c9f10,1276025033109350000,12
cx_1f26cf6f14972972,3114010800105940037,31
cx_1f27eacbe25da603,3171025321104250006,31
cx_1f2d855327db5275,4423010900109670000,44
cx_1f2d8bf28851acfb,3020011900105210000,30
cx_1f3c4869e179768f,4418010400103490011,44
cx_1f3ce008a3d814a6,2820010100100030003,28
cx_1f3f6a585d5a880e,3611011800108830023,36
cx_1f4177b666fa97bc,1230012900111190000,12
cx_1f6385e266c10982,4311112100101900001,43
cx_1f757a8cd157b446,2824510600102130003,28
cx_1f7ffb29891c9bca,4711325024101760001,47
cx_1f983659a10ecc94,2829011000110020006,28
cx_1f9ac4b55317f6b6,2818510600100920000,28
cx_1f9bec94c1605607,2824510200100120004,28
cx_1fb81e04294f077f,4833025324106820003,48
cx_1fc116227625ef07,4413310400113770000,44
cx_1fc5ee4641a8a169,2726010200110410001,27
cx_1fcb734b70f42177,5172025029104970000,51
cx_1fd5f4727bdbe49c,4413111300100600054,44
cx_1fde45ff065c9ded,1227010800104810004,12
cx_1fdeb539c4d1bea1,4822011100110160001,48
cx_1fe7851629a7b329,2671025921105890000,26
cx_1fee32a32d124a2f,3114010400116800000,31
cx_1ff90329086f75ed,5213014400115260000,52
cx_1ffe06df009c734d,2812513900100410025,28
cx_1fff51b483a128c0,4311311300117580000,43
cx_200d1459d67af11f,1224011800103640000,12
cx_200ff46f00369ca0,5211114000104180000,52
cx_202ec7bb92cb5935,2818510600100220022,28
cx_20325bcb6b895e5a,4413111800109780000,44
cx_204c7172526725e9,4427039031114670000,44
cx_20514a0e15c1dec5,4812313300100040000,48
cx_2071abd4a4a565d0,3114010100109310001,31
cx_207efb20902e52a6,3171025330104980000,31
cx_209196ab616e5eb1,4822011700104840004,48
cx_20925f963bec6aa3,3117010800102900006,31
cx_20984990614b6b9e,2827510100106050001,28
cx_209df2edf8d8931a,5213015100136370000,52
cx_209eaef7ed7c0f36,4481025326108940001,44
cx_20a7e2c911539418,4311425344106360002,43
cx_20b472adc4735e6a,1283025621101540000,12
cx_20b644c5cfdff4b5,4833025323107200000,48
cx_20b94b3243986ae3,4717013300107390001,47
cx_20befd62e7b1743a,4729011400105220000,47
cx_20c28032fa056b2f,5211310300108900003,52
cx_20c59b67a94875cb,2824510300103810003,28
cx_20cdce77f0d47290,5213014500108580000,52
cx_20dc74bb259407e9,5211312100104170009,52
cx_20e4a596af5dfc13,5280036025104080000,52
cx_20e867969ccd998e,1211010200109940004,12
cx_20ea9b12cfb4c69f,4375025025109690001,43
cx_20eb785870ac5de5,1219011000106840000,12
cx_20fb05c1a226b250,4812112900101240003,48
cx_2105b4bf6c555e58,1219011000106240007,12
cx_210670d98a117c89,2818510400104490000,28
cx_210bbc587518e225,2824511000105810000,28
cx_212ebad7c3d68f8a,4817012100102180004,48
cx_213117b571b26e6e,2635010500108600000,26
cx_21324fa3b421eff4,2818510100106360001,28
cx_2138eedf18e18cfc,5211114000101330000,52
cx_213f1138f11f5702,3017011600111480000,30
cx_2166650aa5183de2,1224011900116110000,12
cx_216a03d1a5f4289f,5113010700101860013,51
cx_21a9c1320996ba18,5119010500100280001,51
cx_21adcb70bcba4a07,5213013600105400008,52
cx_21c1167d30ab2778,5111012300110480000,51
cx_21c24f9ecb1c487d,2820010300100020021,28
cx_21cc53abcd163968,4413310200113170000,44
cx_21d87f56ac2f5aea,4413111100103060000,44
cx_21e169cf8d87cfbc,1233012700111410000,12
cx_21e20fd92dd70336,2827511100101040002,28
cx_21e6106a07dab082,5271025000116880005,52
cx_21ef0b95d8f56bbf,1273025026122690000,12
cx_21f3183f35155a24,5213014100104160006,52
cx_21f621089a4f52d2,4415011000103890000,44
cx_2205112e7f8b135c,1224011900116110000,12
cx_220f48bf591d4483,5214012200102550006,52
cx_221a17d467b36cd4,4711132034100160001,47
cx_22270b12ddc90ba3,4825013200105610001,48
cx_2237cd686bf36d72,4831011000109270009,48
cx_223ff9ea64d4b08f,4311210900105900000,43
cx_224d9000de02a52b,5115012500100920001,51
cx_2266f13137d0da0c,1227011400105790000,12
cx_226eaa48a0158b49,2823710500105130000,28
cx_2272748e239814b6,1217012900100050001,12
cx_2284b2564c5f77d8,2729011500101420000,27
cx_229459158fb057f5,4413325626100740003,44
cx_229713470a858eee,4313010500110870000,43
cx_229a9564d1a03989,4790025330113820000,47
cx_22a0cdb440c0aa3f,4729011100102550035,47
cx_22a77d9f2ba004f5,4831011400110370000,48
cx_22bcfb32707526b0,3023010700104440000,30
cx_22c3df5ccecbc1ce,3611036033106220000,36
cx_22dfa37b8b0bc8fb,5213014400101530012,52
cx_22ecdff3290b7470,3017011600111480000,30
cx_22f0e4ffcff757fa,1233012000107710001,12
cx_230eb31d19429079,5211114200114830002,52
cx_231502de2f70fb3b,4315011300103260005,43
cx_2318298e728045d8,5214011500106730000,52
cx_23187bc59eba1def,2818510600100090005,28
cx_231b10ea3663933e,4374025022100680001,43
cx_231bc9c2a06b0f58,1233012400105170000,12
cx_232c28b791c8345e,3114010800104010001,31
cx_2351836b0cff5f9b,2818510600101550000,28
cx_235a3a6c0f6ed9fd,4711312000111050000,47
cx_237321b6afb70f20,5214013400106690000,52
cx_237d26220ade4753,5211310800103330035,52
cx_2385940b9e34361e,4311425332105620000,43
cx_2389f6a331a6990c,3611011200107390112,36
cx_238a5b7c44f844a2,3611011300112790000,36
cx_23a079b3f09a8155,4313011600106260000,43
cx_23a101e52a61696f,4427010700118770000,44
cx_23a8721c727962d9,5221011200105950000,52
cx_23ade572eb20321f,2824511000105750000,28
cx_23c8bd3a378770e4,2827510100105350002,28
cx_23c90109e5c7be79,3014010500102190001,30
cx_23f94feb90c7b104,5113011100103330009,51
cx_24059f25de1745f8,4313011600106280000,43
cx_240af99b0abfb784,4874038021101750000,48
cx_2419e03c4499ff10,4817010400102770000,48
cx_24389234953cbedd,4421010700104630001,44
cx_243b71601bafee87,3111010900103710002,31
cx_243e68cf1ebdd5d1,5111012100100060000,51
cx_2459ae229f465dfc,2711015700105900395,27
cx_245b4d4c44490a01,1213032022115010001,12
cx_245cf2d9e7ac086d,4833011000102450002,48
cx_246df32f9f20c359,3171025924107580000,31
cx_246f4afe8cf7df72,2827511100101840001,28
cx_2477242c4652237d,4413310200115620000,44
cx_2477b70f7920aaea,1213012800100010000,12
cx_24841ca3d68ea89f,2824510300104150000,28
cx_24a78c1719f4fc12,2714010100102070001,27
cx_24b2b8fba1ec2fb8,4711111500102300008,47
cx_24b4def47ce2a7ac,4719012800105400000,47
cx_24c5ee673f9aa314,4311313800103000000,43
cx_24de632c00f2f4b7,1215031023106570000,12
cx_24e4d18dadb3bf3e,1230011700100450025,12
cx_24e5a1fb4a94081d,1211010300103310000,12
cx_24e78b0d1db4cdaa,2635010400109380000,26
cx_24eac50006b4396d,4824031021104380015,48
cx_24f64fb9bdfce7a6,4812513700100180061,48
cx_24ffa064192009eb,4833031026114500001,48
cx_2502177630c809a7,4313011800109300000,43
cx_250d43d702f0e197,4427010200102760009,44
cx_25131ad1c5d8987c,1230013000107370000,12
cx_25241d6636c53457,5119010100106210277,51
cx_2538fc67537a7718,1275025338104860000,12
cx_253d8eee9131a3ef,4418010500104130000,44
cx_25412fcd6a3d07a2,4380025327110000000,43
cx_25512d6e9e968808,1230012900100020002,12
cx_256399feea4e6fe0,5211112900100050010,52
cx_256d3fc5da65a7b7,3611011800108830052,36
cx_25726772d1e31f0b,4413310400105270000,44
cx_25727789aa2afdbe,1283025023101820000,12
cx_257ff3ce225cb137,1211010200118360000,12
cx_258ba2cb90caf2f0,3611010100108730000,36
cx_258cb86850fcf625,5214010100102900000,52
cx_2596872cc446062b,2823710300102740000,28
cx_25ac0da733c25d0b,1230010800100370010,12
cx_25c9915fc849f24c,4420025324106360000,44
cx_25e0535b5f078105,5172025023104250000,51
cx_25e1f052735dc605,1278025026103400000,12
cx_25e2646f54dcde64,5271025029112230003,52
cx_25e8f7debcf11d54,5011012200107310002,50
cx_25ea1638f6a7c56e,2824510200109410000,28
cx_25eee71c1673856c,5219011400102860000,52
cx_2604747510c215fb,2824510200108980004,28
cx_260b086d440e27da,2820010300110860001,28
cx_261e212ccaf8f86e,4413325023101830000,44
cx_2620c0d963748971,4812914100104180001,48
cx_262c2e204b8ade27,2817710400109870000,28
cx_2633bd9bc3d85305,4375025025105560000,43
cx_263cfde911b35aae,4711125626102550000,47
cx_2640e10aa40a3467,2817710500100150038,28
cx_26592554f7550137,4812513400101800000,48
cx_26599d3ef93b198b,3171025621105230001,31
cx_265f7e897617ff3c,5117010700104420000,51
cx_266cd50e9a92d2ca,4413111400100260001,44
cx_266e6e470f3517d6,5211111900103040000,52
cx_26734f9675f17ded,2820010500106790000,28
cx_267555cc7ab65330,4817041027109620001,48
cx_26a1fc53d0ea7712,4717013600102880000,47
cx_26a384404ac9808c,1211016400109650000,12
cx_26a504a5fa924fb7,4413111800100560020,44
cx_26b471b738f69fc3,1213013000106580000,12
cx_26c614d8ff089ddc,2632010200111700001,26
cx_26cad52d58f91f66,3023010800102840010,30
cx_26f2a73119bca0f4,3611010600112260000,36
cx_26f3fdae56d07de1,5219012100102600000,52
cx_2701867ad8867b16,2823710700105310000,28
cx_27102be8272fd1dd,2823710100110020000,28
cx_2717cf835343c1f0,2817710200106560000,28
cx_271b52f36453d42b,2647010200121660000,26
cx_27234f10821f79ca,2815510300130850004,28
cx_27243069944db91b,2620012100103830001,26
cx_275a9b9eb45dcd25,2812513300100340008,28
cx_2765d28b982b24dc,4822011700103620001,48
cx_2782a5648359cd14,5213014400101560002,52
cx_27859e5c6c1013b3,4413325023102440005,44
cx_2787791387102f62,2824510100100280000,28
cx_278841a91b564d1d,1284025024116540000,12
cx_278aad6262e74830,1211016000111810000,12
cx_2797844e47874131,5211313100113710001,52
cx_27a695d1969cba27,4380025027109780000,43
cx_27b0e8c0dc05b3fd,3120010800110200021,31
cx_27c36c3620ddc8fc,4825011800104990000,48
cx_27c40155e5b3e6ce,1230011200107870008,12
cx_27cd3897efceb0ea,4311425332105670000,43
cx_27df4e9cc1d5d26e,3017011600111440000,30
cx_27e16f41779b9c38,5182025321104280006,51
cx_27e3cc471b6efd55,2823710700104960002,28
cx_281773e519b27b3d,3120010200102630001,31
cx_281dad2b97381711,3111010300104600072,31
cx_2839321ec1500101,5218010400105060014,52
cx_284eaa1871d9e484,5280025024109100000,52
cx_284f48a6a1a71316,4833025324126730008,48
cx_284fda09964b6c65,2824510200103550001,28
cx_285032287fc87f24,2829010400110370003,28
cx_2859a34e9f1fbbad,1230011200110100001,12
cx_286d6f313b8e02e7,4313012700122600000,43
cx_28782ea50091ee2c,2823710100100650124,28
cx_287d495d21ede49a,5211312200113450000,52
cx_2887cbe0bc3f018e,5219010100103300000,52
cx_2890a989a012f791,4418010400119660000,44
cx_28a32b95abda48c1,1215011500102760003,12
cx_28a56dd174120628,2820011000107390001,28
cx_28a6b3732a62a52a,1227011500109840000,12
cx_28a99a932cb4e22e,4717013300109200004,47
cx_28aa95e195751322,1219010600116650000,12
cx_28ad7da1f60ea7b7,1230012800106110007,12
cx_28ada4d66a7ba280,5011012200107320001,50
cx_28b15c6c5bdc41b8,2650010400101870002,26
cx_28bb57ccf5951a0e,4421010800101040001,44
cx_28c5c13dd4a8ed83,4313038526107210000,43
cx_28c80f371671bc76,3120012700100200001,31
cx_28cef3765d563f1b,4413325322104290000,44
cx_28d0c9aaa65e7eff,5213011100108880000,52
cx_28d31b6f44d8eb03,4420010900100830000,44
cx_28d86d98c0565818,5213015100135380000,52
cx_28db3fc093d3cc79,1233010200100560005,12
cx_28e27622d84ca833,4711311900100230000,47
cx_28e4dcc19f898360,5115011200101550000,51
cx_28e62c47aa3384e4,4825012600105750000,48
cx_28f9f7bf40014ad2,2711015600106140001,27
cx_29021fa37f05e869,3017011600109790000,30
cx_291042eda1c7366a,1217011000101040022,12
cx_291cc0c1896dee5d,4812511800106440000,48
cx_292310a8e5651342,4729025325101000000,47
cx_29253d52db307009,3014011600104220003,30
cx_2930a55e75acacd1,1271025023101270003,12
cx_2932651b00dfd8e2,1233012400105180000,12
cx_293eea1a1a33187f,5211113300103360006,52
cx_2945c29f4ce949a3,3611011000101780317,36
cx_294b62ebcee2cb1b,4373025033103730001,43
cx_295ed5fedaed64df,1215031023106600000,12
cx_295fd76333e3206a,5213014600106630000,52
cx_297166a3f91a500d,1215011400113440000,12
cx_29727f0ed949c676,4833010700105630000,48
cx_29756de43188aa59,5111011200104620003,51
cx_298084f389986a27,1224010600104170022,12
cx_2980f5a550a9e32c,2824510300100640001,28
cx_298763085ad64056,5221010200100700000,52
cx_298859b89c2987b1,2824510100100210011,28
cx_29a4cec539be11a4,4425010100100740000,44
cx_29aed322051ccfb1,4421025022100890091,44
cx_29b4c037645b2f54,4311410300113020000,43
cx_29b5e3c92c155509,4715011400113280000,47
cx_29c106db68eefa82,4719025331104550000,47
cx_29c1215a7073efa9,5211112800104060003,52
cx_29cc8b250394e130,5176038026106780000,51
cx_29e60174d7f58559,1221012100106540000,12
cx_29ec2bead92f2b58,4311410200101410001,43
cx_29f44f2663c7768b,4311425036103020000,43
cx_2a177efa305d5c62,1230010600104910001,12
cx_2a1c32ba9c86b63c,4413111600118920000,44
cx_2a297456bbdaffc2,5211311600107470000,52
cx_2a311f00f895db0e,4421025021114370000,44
cx_2a31d70c3640cbbe,3114010400119100000,31
cx_2a3e011cbcec5347,4831010500110960000,48
cx_2a3f0f51283a55b7,2823710600104160000,28
cx_2a4691c984b851a8,2829010300109970003,28
cx_2a489a3aa594dee1,3020014400104010000,30
cx_2a4f19bb51c69ba3,4833025324105020004,48
cx_2a58a465dfef287e,2711013000100500010,27
cx_2a5e20af1a0d60bf,4827010400105230010,48
cx_2a5f13c35eab94e5,5011012200107530001,50
cx_2a6871b51b8fa10b,4420025331113480000,44
cx_2a6fc0ab4c712aa6,3020014400107330000,30
cx_2a7aa420adeb1125,3014011500103310010,30
cx_2a80fceeec62d3e6,4717011000116460000,47
cx_2a86ecddd91b5b80,3117010100103760010,31
cx_2a8c6ae316b6d621,3114010400119030000,31
cx_2a917910b2eb812c,2829010300106860118,28
cx_2a974ab35ec1bb14,4833025324126760015,48
cx_2a98183512a05b89,1213031022111110000,12
cx_2aaf34d9aea1f3e4,4421037021115500026,44
cx_2ab1649c5a306c12,3023010600100390000,30
cx_2aba547487901a5a,1230011700100830001,12
cx_2ac368b15bdf52b7,2823710500100400001,28
cx_2acaeea893b2c9f1,4825025027109840000,48
cx_2ad0233b2c582d8a,1221012600106620000,12
cx_2ad891a314ab745b,5123012000100050006,51
cx_2adda412779af300,1230010900110890002,12
cx_2ade50b5a31d88b0,4375025022106510001,43
cx_2aeb2de5099bfe9b,3611011200103260000,36
cx_2af75a12e6743d6f,4719011200104890001,47
cx_2b022d4da54ade8b,5214012300105110016,52
cx_2b04a8296940316d,4427036021100500010,44
cx_2b058151a5534613,1230011400109690005,12
cx_2b06fbca5ff56cfd,3023010300100540000,30
cx_2b0e90df119a89d2,1224011900109270002,12
cx_2b14c88fb5571822,3011013600102050000,30
cx_2b23770bb63b662f,3111011100100370007,31
cx_2b34d40c1602b298,4711125325105940000,47
cx_2b411e6ff4f4e8e2,5211312300112290000,52
cx_2b4540ee0ac55ae5,4421010200101370002,44
cx_2b462eeb285f3417,1227010800102490000,12
cx_2b48bbaa316b44eb,4817011800107000001,48
cx_2b495f45656e9cb9,2827510800105220003,28
cx_2b5929c08d919268,4729011100102400000,47
cx_2b65f47c1853259d,4729012600105950000,47
cx_2b6be32f21d67f13,4311311500118330000,43
cx_2b70404851fbc97f,5117010100111020000,51
cx_2b73c1cb4fc770d7,2818510500109230000,28
cx_2b7878fda042c3c9,1215011400113470000,12
cx_2b8a2c8fcf8a57ce,1233011900110610000,12
cx_2b8c86b9b8b75320,5214011400105140001,52
cx_2b9cbeb8c1347373,1227011400105580000,12
cx_2b9f97b269ab7a66,5176034026106910045,51
cx_2baaa1a487b078ff,3171034023108400000,31
cx_2bb18cdb751695e2,4825010400108860000,48
cx_2bb572472b648d68,5211114200115400003,52
cx_2bb83d8dd0b9bb15,4311313800101250000,43
cx_2bb85bfe4146a567,1233011900110190001,12
cx_2bdaf175c3715eca,1230010700110350000,12
cx_2be209e338be06da,4817012500104540001,48
cx_2bf50c97715025eb,1233011800112680000,12
cx_2bf5d42c98198d81,2820011000106030001,28
cx_2bf76ceb969edcd2,4719011400107920015,47
cx_2bfe19d193a72034,2711015500100120011,27
cx_2c037b0896d07898,1233011800111080001,12
cx_2c0447ca697aff9b,4831011100106510002,48
cx_2c0b515834d2925f,4311311400133770000,43
cx_2c1e8ea587b865a2,3114010500114030001,31
cx_2c1f9430b5ba05d2,2812510300100010009,28
cx_2c2639910e78b763,4817012600104010000,48
cx_2c27e0db23f5b912,3020012200103920001,30
cx_2c2b998ff9ad11ed,5213013400108950016,52
cx_2c2f5fb58035999b,1211010200103220000,12
cx_2c33abe249e0515b,4713012400105080008,47
cx_2c354e39243d19bb,3114010800109100000,31
cx_2c37128b7ed00a9e,5214012200108210000,52
cx_2c6d1672f7b54bc5,4785025021105900000,47
cx_2c839cb0ea470e31,2820011000106040001,28
cx_2c877c7568fa2b58,4711125325105810004,47
cx_2c8c4ca7b0b6498b,3611032023102550000,36
cx_2c93e152e8d30bbc,2827510300103140000,28
cx_2c971ef08479b1c0,2824510100102250001,28
cx_2caa8a6f7133ce65,4480025625109470001,44
cx_2cacc67d1be8b83a,5211313900106430000,52
cx_2cb05b004dca7ef2,4719011000100020000,47
cx_2cb0bfa0664fc7b5,4711312200107860001,47
cx_2cbe30299c893b0a,5214011100111390000,52
cx_2cc3c8256b9c7645,2729011200102040001,27
cx_2cc699133da22fe0,1227010600112420005,12
cx_2cd327a52d0eb1f4,4375037027100730003,43
cx_2cde3020ff2c0f0c,2726010200110320001,27
cx_2ce2143ad08ea373,4825025026116110004,48
cx_2ce325b14676fc75,4824025021103010005,48
cx_2ce75a310e44aa6c,3020011100106170003,30
cx_2ce9ef04a4caa271,4874025322109540002,48
cx_2cf527fb666497b8,5213014200100510001,52
cx_2cf6d0a25ae85ba7,4717037021108290103,47
cx_2cf700a3292e197f,1211016400112460000,12
cx_2cfc52ffe7979bfb,4413325621100390000,44
cx_2d02e346b113f23c,5213012700103850019,52
cx_2d070ad23663a299,4785025623115110000,47
cx_2d0d31efb5c8f175,5211112900109600002,52
cx_2d15d20517abfc08,2818510200103500000,28
cx_2d1b31424bbb2b40,4812515800100370004,48
cx_2d262c697ffb5fc9,5115011400109400023,51
cx_2d2910fa4cae7a8e,2614010300100630002,26
cx_2d4694ecf4ba61cc,1224012800111270000,12
cx_2d4937c9375c7046,4822011100110300007,48
cx_2d4fd0aa422b43a9,4827010300112410000,48
cx_2d57ebb3b8aea7de,5011025023104170001,50
cx_2d5945d59241c5ad,4729011000106430000,47
cx_2d6b689b244534ac,4783034035101390001,47
cx_2d7454ff8f4fbee0,4481025030106410000,44
cx_2d7a02cfe778cec0,1224012800111010000,12
cx_2d7cbf4c62434200,5013010300115400000,50
cx_2d93c84c210f5abc,4311410400104490003,43
cx_2d953ae517a2c568,1233010200113140000,12
cx_2d9ede105e2dc806,1285025021114530000,12
cx_2dac402a333437a1,3011013900100470012,30
cx_2dad49fd70735007,1233010800100830000,12
cx_2dbfff77039fca80,4420010700100010045,44
cx_2dc6d27f9479627d,5211311500105990000,52
cx_2dd720c668fec4ea,4315011600103250000,43
cx_2de0b2c399b23230,4375025028108840000,43
cx_2de1490742b1ea5c,4427038023108730000,44
cx_2de4b6935cd92312,1224013000108150000,12
cx_2de74198e764d17f,4790025027100780001,47
cx_2de85fefaf6bcf11,3020015200104320000,30
cx_2de88ec557b90cdf,4825013100112910000,48
cx_2df066fb7084d495,1213013400113950000,12
cx_2df194d9cea374ec,1211015900101260000,12
cx_2df61f4782055263,1219010600113540000,12
cx_2e1b5664666b6d50,4311331034101260008,43
cx_2e1c8d4a9e85bac5,4311311400102210012,43
cx_2e353745b1e36962,2824510200109630005,28
cx_2e3f91bc0c6dc753,4413310300109190000,44
cx_2e48bf4259361edf,3020012700104310006,30
cx_2e5caaecd0605192,5211114200115400001,52
cx_2e6ff999ff379c8c,4833011000106050000,48
cx_2e7463474e02252f,5011010200101130003,50
cx_2e74bb44cf9fe7de,4723010300101200000,47
cx_2e77f66481285e87,4827010400106230000,48
cx_2e796e2f0c65863b,4717011000110930000,47
cx_2e7facf19f6815c7,1215010700104070000,12
cx_2e80fef51a0a9315,4420011100102310000,44
cx_2e891d756a117697,4784025024120940000,47
cx_2e8f1834457817bd,4812131030101440001,48
cx_2e959430db69384f,3017011300102180000,30
cx_2ea5eb4cf84a2072,1230012700108490001,12
cx_2ea98b464dcf1720,5214011400108830000,52
cx_2ec2dc3f88f8767b,5176036021101150000,51
cx_2ec88f11171293cd,2726010800103560007,27
cx_2ecc5bd281296562,5179032026111420011,51
cx_2ecd304a53d86cd6,1233010200108260000,12
cx_2ee6fd477dd19a38,2815510100118760001,28
cx_2eff77021c9eaebd,1221012600106690000,12
cx_2f017d7ab26da2b4,4315012100109030000,43
cx_2f075d9766f40434,4421010900113340000,44
cx_2f09e78c14332203,4729012600105750000,47
cx_2f1642c0011c51ae,4313012200111720000,43
cx_2f2850806cf15dfb,4423010900111080000,44
cx_2f2e946909b09107,4833025324127850004,48
cx_2f354aae2a9f35a1,5011010200101130006,50
cx_2f3e6d31b12c8325,1282025022103790010,12
cx_2f4d88dbbe1231b3,5214011100109950005,52
cx_2f509053a268800b,4825011800104580010,48
cx_2f571a13ebac8a3b,1221010900118690000,12
cx_2f598225ad7d1af4,4825025027109730000,48
cx_2f6542b73fa94edf,1215012600109820000,12
cx_2f66a94c58ed6b92,4812312700100450001,48
cx_2f6bf2bf5a53e8bc,4375025022108270000,43
cx_2f711cc819eb2467,5211113300109430000,52
cx_2f781cd7a367e31f,4413136021107090000,44
cx_2f83d48f60111343,3111011100104120002,31
cx_2f866057a3544039,5213014400101530011,52
cx_2f9fd886dae1470c,1233012800106850001,12
cx_2fa201e183b61a6a,3020011100105500009,30
cx_2fa9ca302b9eb5a3,4311111700102330025,43
cx_2fb014f70fcc0ed3,4427039031108610000,44
cx_2fb28f6437cbc56e,5213031024110460000,52
cx_2fb39ba1820fb487,2614010100100240000,26
cx_2fb561a8c153682e,1233011700108860001,12
cx_2fbac0e7e4b68c18,2829010500108520001,28
cx_2fc3cd55424a3e97,4723010300103500002,47
cx_2fc4c4f1f07eac50,5172025023102610003,51
cx_2fd1a8d9d9476c4e,4812313100100200007,48
cx_2fda33e75f6a9724,3611010900121010004,36
cx_2fdc312944ea8a6a,4420036021102920000,44
cx_2ffc7d5fb381c4df,1219010800107320000,12
cx_3005dd34ecca1c42,3114010800103830001,31
cx_30105eeca22e64db,5214013400111080000,52
cx_3017df3b357a5a94,2812510300100660051,28
cx_30263cbf8ecf56e2,2827510500102850000,28
cx_302801d9d553f15f,1221012500109020000,12
cx_302aab40cdc79383,1219010700111710001,12
cx_3033a215210f9a93,1227010800108700000,12
cx_304088834eec03b9,2829010900100800000,28
cx_3041d8b39b87adea,1221011000100790003,12
cx_3049c60d67497144,2824510600102130002,28
cx_304d71b564234b87,5123010600107330001,51
cx_304e8f2a28352348,3017011200118120000,30
cx_30517c2e1b97f577,1233012500105440000,12
cx_3061547ea73242ef,4480025625113730000,44
cx_30653316f000c702,5113011200127370000,51
cx_30775713aa5ff91f,4825010900114270000,48
cx_30bc89735021c36e,4713012400103080002,47
cx_30bf2e24c4b186cd,1233011500107610005,12
cx_30c0344485f86734,5213013400139670000,52
cx_30c2415df96d4f3b,1219010600113560002,12
cx_30cebe3a1dfc8c75,1224011800112330010,12
cx_30dd7cfe7f917427,2726011400103780000,27
cx_30eef9be266975a4,3023010800103890000,30
cx_310075c62004504f,3014010500101060048,30
cx_3104f318919ecd5a,4413310200106960004,44
cx_310ab83803ffa2a4,2623011000106680000,26
cx_310c30f64f58c3a5,3017010600106340000,30
cx_311ff855ba319925,2823710700103080003,28
cx_3128e02417443097,5179025023101720000,51
cx_313499c5c6f116ff,3023011200102070025,30
cx_3135ad2b9ad0193b,4711325047108460000,47
cx_313c5a4ab7e04c45,4812725026101930000,48
cx_315686bf8c49f6ca,4812313300100220000,48
cx_31588c9bd6d0b0a0,3120012500108940001,31
cx_3162ce82cac769a9,4413310200113470000,44
cx_316c46d4d2fba5f2,1224013000104470009,12
cx_317cc891c18b7dfa,5221010400111320000,52
cx_317ec122aaa32b5a,5211311700106340000,52
cx_3184afdbbde36151,4711312100114550001,47
cx_318d1d58b53b9a4f,1230011600105330000,12
cx_31927dee2f8144a6,2823710400103900005,28
cx_319e0f30aaae1a22,4812110600105360002,48
cx_31a777e963b2f8da,4824025025104600001,48
cx_31acb4072ce8aefc,4717013300109200001,47
cx_31c063ae637e3245,4812710500101020001,48
cx_31e49bfc46578a8b,5218010600115200000,52
cx_31f74ef0a370d5a3,4812514000103270008,48
cx_320bf9b1c234dc77,4311311300117640000,43
cx_321423080074bc0e,4421010900100780001,44
cx_32247d4c1e5c36ca,5115010100101220000,51
cx_32272a6eafd63b7f,3017011200109080003,30
cx_322fd14a90e7e8e4,2817710500114250002,28
cx_32309b054ee5bf67,2827511100100850001,28
cx_3230da94910f5e41,3117010800102380029,31
cx_3231a2fd7c462fb9,2824510100102800005,28
cx_323dc8d62f5306d9,1233011500107560002,12
cx_324f0112118d0be9,3020011100110370000,30
cx_324f206e23cad6c6,4825012800100610003,48
cx_3264cba80298816b,4315011600110460000,43
cx_326a2088b7517516,4711311700100170000,47
cx_32727abb7a25c293,2729011500114750000,27
cx_3272d5b5e4e645ce,4719011400103520001,47
cx_3272e34ac6526c4f,2829010800117190005,28
cx_328444ea472a2794,2714010100106740020,27
cx_32871dc4c6993f14,1224012000113310000,12
cx_3295e83f17cd9c0e,1230013000106710000,12
cx_32a4f942bf81740b,1227011500106060000,12
cx_32bcc31c9fcbee42,4313038526106610000,43
cx_32cc571d489254ae,1213013100109450000,12
cx_32de72022fed2061,5211112900107630001,52
cx_32edb14bc127e993,5115011000117620000,51
cx_32efbe93446b2b8c,3171025924102450000,31
cx_32f52a32816dc083,4421010200112570000,44
cx_32f858f1fd7df90e,1230011700102320000,12
cx_32fa15b207e43792,5011011100100100001,50
cx_32ff10db32591d86,2623010800102900027,26
cx_3302dda8d54d38f7,4812915100108650001,48
cx_332248b30c0da8fe,4311410200108570000,43
cx_3324240af384e64b,5011013700123250007,50
cx_332e6b0293418f33,1224010600101170000,12
cx_3330b8c2d04a4a46,4420010200105370000,44
cx_333ddc4555368aff,3171025927102120000,31
cx_333ff3767ff09f43,4717011000115170087,47
cx_33484d9473bf3166,3011011700100230003,30
cx_3353f75de2055762,5211112600103340009,52
cx_335726dff1b1704d,2820010500107440000,28
cx_335cadd85854738a,1280025326103130001,12
cx_335da1c0b33a2b55,4825013000104480001,48
cx_335f015607d17cb1,4377037021111870000,43
cx_3372cbc9327ca285,5011010600103000004,50
cx_337ea50c85e30292,4427036021102050000,44
cx_3393acadedc3e836,5013010500101570000,50
cx_339d39b2dfbe5078,5119010100100490087,51
cx_33a819809a2da422,5011013500107170000,50
cx_33ba010bf6998ef3,1230010700110750000,12
cx_33bf13db7752bbc4,3020014000106560000,30
cx_33c754f291b42a7e,5213014400108340001,52
cx_33dce0abf0f20077,4415012000106860000,44
cx_33ea5a238eb87ae0,4888025025102550001,48
cx_33f6dd63a60a0b6d,2823710500103590000,28
cx_34057d026e217dc8,1230014100100010000,12
cx_3409d714bacb99e9,4311112500111160000,43
cx_3416d5440cda5a54,4413325626100590007,44
cx_3426346671d4e0ad,1213012200109370000,12
cx_3430d44fdef15ac8,1227011400105620000,12
cx_3435443dbf16fc9a,4825010900114210000,48
cx_3436c7cff208b2fd,2827510700103060001,28
cx_343a22a99ea56d2f,1211014500100010000,12
cx_3442041a8bb16ff6,2824510200100490004,28
cx_3456df24b8d33769,4833025324104090000,48
cx_345b62b116877a25,3017011200109700000,30
cx_345f87a6268555dc,1283025036100380000,12
cx_34610bcb1eb242ee,2647010100103070006,26
cx_346244c1fb73f396,2829010300100500001,28
cx_346b69322393a286,4729011100102760000,47
cx_347a2ebccf8b1ad5,2626010900105660003,26
cx_347c8d98c8f4c5d0,1280025329121740001,12
cx_3485a2943bd177b6,4311311300116930000,43
cx_3493b6d14be6fdf4,5178025622104610000,51
cx_3495d36d1be7c356,4833031026114470004,48
cx_34a33b4c7cc8b958,1213013700107400000,12
cx_34a7ce9b9e3046e9,5211310300110290000,52
cx_34a7e6e94216efcb,4719012300110630000,47
cx_34aceae81d3373d1,3111010300105970001,31
cx_34b725f3687fa589,4711311700104240007,47
cx_34be84646819fbfe,5119010100100870008,51
cx_34c215e772998ccd,1227010800102140002,12
cx_34c31df99a377ae8,1233010800100460002,12
cx_34ddc257b4cf6294,3017012800100010001,30
cx_34e07cea01de51db,4887025024102960000,48
cx_34e7ee92abc29ddf,1284025026105330000,12
cx_34ec8cab61b72aee,5011011400123180000,50
cx_34eec67666ebb148,5111012000100870000,51
cx_34f5cf1cd4f7bd5e,4413111900105460000,44
cx_3504cd067f039b95,1230010900102290000,12
cx_350dcfa2512aca3f,3114010200101960000,31
cx_3517a3eee2523285,1233011700108860002,12
cx_352fffa1a274f5cb,4831010500113370000,48
cx_3544acbed2208b31,4812313500100670002,48
cx_354685664e68bca2,1213012800101750009,12
cx_354e8faf7c988a88,5172025024105490000,51
cx_3554914bf2633b7e,4729025030111070000,47
cx_355f88bdc9e03293,5211112900107640001,52
cx_3565c4c362d31072,4311410300113790000,43
cx_356956a8af51059a,3114010100115430000,31
cx_356d9c5b24c0ad83,2817710300101250001,28
cx_357e245fc2503213,5177025321100650010,51
cx_3584807e6ef1e8e2,4812914000106600000,48
cx_358e4264f99b4279,1230011300102020000,12
cx_359ffbc2f92a5bdd,5011010200101130005,50
cx_35a17eb67ffbd5ef,5117010100107910000,51
cx_35adab31f4031f75,2711015400119160000,27
cx_35bee60cf8667123,4812510100107890000,48
cx_35c10b6b82111a2b,3114010500101180001,31
cx_35e2447c14c67ead,3017010600106380000,30
cx_35f6ddab7eefe912,1215012600109520000,12
cx_35f7616ca2b010b8,4825013100114030000,48
cx_36038df4d90d73e1,4831038024105020000,48
cx_360d85202dd37095,4817012600108020000,48
cx_361214b8c5524660,3611011400102600000,36
cx_3612396b6b7f1dd5,1230011500108720002,12
cx_3618b0260da53276,5013010500113120000,50
cx_361a0c54d94fd6d9,3611010300132010003,36
cx_3643f306c10c64a1,4717011000116250000,47
cx_36493aeaa10ad566,5213014200104840000,52
cx_364d873ae8d42a82,4413111500106090000,44
cx_3657282e0711d8a5,3114010200106510003,31
cx_36588fbfb5b86a2b,2820011000100660024,28
cx_3679db66d76c5fb2,1215010900110220000,12
cx_367fdcb2d4cf25d6,4311311700104590000,43
cx_368a618cf4d4ec9f,4717010500102770002,47
cx_36904329618284c6,1224011900108590001,12
cx_36a65eb1faa32e26,4833011900111080088,48
cx_36a716715370a6f2,4413310800114970000,44
cx_36aa1f88d5595bd9,4783025326109060047,47
cx_36aca1f5043496ce,1217013400106240000,12
cx_36b5d88da6a65ef9,4833012000111640000,48
cx_36b7d1df3ae64233,1224013100100010000,12
cx_36b99331a49eec5b,1284025024108450001,12
cx_36bed1fabbdf2245,4812511800100130024,48
cx_36c032e885e1499d,4315012400107790000,43
cx_36c83825efdf5f89,4423010500100950000,44
cx_36cea46e1ee5568d,4812313300100230000,48
cx_36d2e9b72e01fc75,1219010600112940000,12
cx_36db7de62460de64,4833011900105680020,48
cx_36df5d59cc2879c0,4374525032107220001,43
cx_36eab726ac330a4a,4311210400101090000,43
cx_36ee9931876cede4,3111010500100820001,31
cx_36f87cebc2b94322,5211310600106960000,52
cx_371109ae95d47fdb,5211113700107640001,52
cx_3712a7e26c80bbd7,1221012600106680000,12
cx_371b4e3285b39332,1211015800111290001,12
cx_3722bf9e70e87586,5111012100106010000,51
cx_3733d6765920e2c0,5119010100100240000,51
cx_3736e0f6989b2742,2824510200103370011,28
cx_3751bf3ae13e747b,4729010700108280000,47
cx_3755a4b19aa616ce,4872025023115580000,48
cx_375ddf837ebb33c8,2711015700100440017,27
cx_3760896fe2e316a8,5213014500108960001,52
cx_3763be5bac6151b6,4418010500100380009,44
cx_376426c277fc528c,3023011100101770002,30
cx_37677c0ecf7efe0b,4721010400104520000,47
cx_37687e5bc39f0cc3,4711125323101410001,47
cx_3771e7cbef614d65,2824510900103130000,28
cx_3778f3130cbec6b8,1219010600114160000,12
cx_37827e7dce2386ee,4713011400102730000,47
cx_3785dc9f6baf63e1,1227010500106860000,12
cx_37a8e6e10a58c68e,5123011700101730000,51
cx_37acc092643850cb,4825010700114390002,48
cx_37b87bb3b10527cc,3017010100102820000,30
cx_37c9636ae94e6c15,2771025024109750000,27
cx_37cd5edc14fdb585,4824010900108000001,48
cx_37cfa21ec3b307b1,4425031522100140006,44
cx_37d2fb4d63ee77e8,2827511100101030015,28
cx_37d43a2ce73a8b0f,3611010800122020003,36
cx_37d4ec783c2d3ec5,1221011900104690001,12
cx_37d52fead4ee438b,4311112400101630000,43
cx_37dc60233a3ffbcc,4423010500100800000,44
cx_37ed4e6cdc298bb6,4311332021105890005,43
cx_37f222063cfc44f7,3111010300104600072,31
cx_37f50e99bdafcec7,1230011600108390000,12
cx_3814925bd0976d95,5211312200102850000,52
cx_381c2a17a795c810,4831010600115640000,48
cx_381fa100afc97c05,4882025024105800001,48
cx_38233e4dbf0c27bb,5172025024100230027,51
cx_3847cc44b61ddc82,3114010800104550004,31
cx_384bed991be3b785,4713012400100730008,47
cx_38507c229c94ded1,1215031022119640000,12
cx_3855201db6baa951,4311410400106970000,43
cx_38653e31fd3d5180,1227010500104190000,12
cx_387fbaac1f18cdff,1227011000105390000,12
cx_388665ee819e2620,4825010900112490007,48
cx_3886a2a8fb325126,1224011900100230020,12
cx_388dc09ae3b31785,4831010900111020000,48
cx_388ffe00860961a3,5271025029112410001,52
cx_38990ea1e4d55605,5115012500104400000,51
cx_38a7f8cfd92a33bd,4812310200111270000,48
cx_38c7c092379f42f9,1233014500112650000,12
cx_38d6bf0d7896df16,2726010200108600001,27
cx_38d71c47d55cb50e,1219025032104800000,12
cx_38e4d38f50c6c26c,3611034021102630000,36
cx_38e7291b10c260b6,3017011100103430001,30
cx_38ea77b300c3c9da,5214011400106770002,52
cx_38edbd2b7cf70fc7,1230011500109790001,12
cx_3945f05a5adbb5f7,2647010200115900025,26
cx_394a011322f2ba97,4812515800100470001,48
cx_394db1dbeef34c02,4825012800105830003,48
cx_395d14d4c9ae4ef6,1224011900100230037,12
cx_395fc8c4f0ad758b,3120012600112360003,31
cx_39670a4b691dd2bf,4311311500118310000,43
cx_3970f3689efc53e9,1233010100107630012,12
cx_397203aa40019179,4824031024105200000,48
cx_3976759e8d43ff8b,4480025021106520000,44
cx_3980a495359c8c31,4822011700103650001,48
cx_3983f535666c98d8,5113011700118180010,51
cx_39852e1423e25c8c,5113011000110840002,51
cx_3989ee3c3804e58b,4812513800101000000,48
cx_399195b1432a6582,4413310700100650000,44
cx_399546cf6431db6f,4425010100101630003,44
cx_399b8a34de19f239,4421025021106940000,44
cx_39a0371e9b651aa8,5218010300101460001,52
cx_39a38fdf37f525de,5214012300106950000,52
cx_39b1c2317850d199,4311311700104660000,43
cx_39cd485804306c36,4427010400112550000,44
cx_39cff761a85e47b7,4825012500108050004,48
cx_39d0c503553274ed,4420010200101860000,44
cx_39e3570fd39d1181,5213012700104030000,52
cx_39f267b02d3a35ba,5115011600104690000,51
cx_3a034b3fb529a6d4,2823710100109370000,28
cx_3a099190329ff13c,5113011200101290000,51
cx_3a10ae222486070c,2820011000105880002,28
cx_3a19d469d96bd33d,4822010100110020000,48
cx_3a1e44aaae3605f3,1227010500106910000,12
cx_3a28ae63ebe9b2a4,5111012300110250000,51
cx_3a4ca5362c5f786f,5113025026101940001,51
cx_3a51d6aa04f8de89,5211312100100120010,52
cx_3a53c8520370f6a2,3014010300103620000,30
cx_3a76b4edcb855036,5121010600107810006,51
cx_3aa63ad876369405,4711311200103460000,47
cx_3ab036cf953b8444,5271025325102000007,52
cx_3ace7888298d3d72,2711015600124780000,27
cx_3ad8239789324d68,4723010300102110004,47
cx_3ad97a4d4c6e4c5f,2653010200101640000,26
cx_3ae1468388b5de94,5013025029125090000,50
cx_3af1fabe7d56f6a1,5011010200101130001,50
cx_3b060b39532ab195,4711312100104470000,47
cx_3b11846de2cde444,2635010400101530000,26
cx_3b20272ba7bec1bf,1213011700110100000,12
cx_3b215b2ce2c0734e,4729025622104810000,47
cx_3b2fc47e87c4b742,5213011000100260000,52
cx_3b330ea4883f6530,4874025023102890000,48
cx_3b349b7464457c2f,1224013100108150000,12
cx_3b42a565f4be3582,3611011100101590000,36
cx_3b447846e7456b1b,4812515800100380000,48
cx_3b5185f90ddb51da,3014011400104030001,30
cx_3b5b86532a8823c9,4413110300100630009,44
cx_3b67d3e93c07272a,5211114100111570004,52
cx_3b6ed2e3bd6429dd,4427010400112480000,44
cx_3b70d42ee2bf4c62,5121010800104150000,51
cx_3b79a0b7227d6996,1230010900100670000,12
cx_3b8a76ab6be6a0d7,1233011600106760002,12
cx_3b8cd6a383785a9a,4824012700105760000,48
cx_3bad72b99fe6b991,5211310300108580001,52
cx_3bb4036e66691592,2827511100101600001,28
cx_3bca16c20a804dfd,3114010400100220004,31
cx_3bdb403b8d8c474c,4413310400100630006,44
cx_3be0ce2c9a4e8c85,2635010600111400000,26
cx_3be1b0679bf246d7,4420011300107340000,44
cx_3be5c3ae95b16c70,4833025323112770002,48
cx_3bf7a51f663df716,1211010700101110009,12
cx_3c1ec41abb9ecd63,1211016400109940000,12
cx_3c2e39cac91d6343,4311112400101690000,43
cx_3c3589c5f15cc3da,4311112500112860000,43
cx_3c3ead19f60caffb,5177025622104700000,51
cx_3c40168c39e2a7ae,2829011000100390000,28
cx_3c4d47bb213bd3a6,4719025029113020000,47
cx_3c57a59da4286e22,2638010600100860006,26
cx_3c5a20fa831acc59,4377033031105230000,43
cx_3c5a305b92320a07,2820010200101930002,28
cx_3c5a9e4feb3762db,4313011500101800010,43
cx_3c5d6481f80a2bac,4822034024115650002,48
cx_3c699b69e1440a83,1217012100100390000,12
cx_3c6bd66c239cc09c,5117010700104510000,51
cx_3c856244ef210fbf,4413310400114660000,44
cx_3c8a1c8643fc577a,4427025333116290001,44
cx_3c90e8ff954aa388,1227011100107310000,12
cx_3c9187a606cd7f3a,5211313200110640000,52
cx_3c969d83b4dc21a3,1281025024100660000,12
cx_3c99291426844819,5214013400110400000,52
cx_3c9edff79eb69c2b,3011011500101780000,30
cx_3ca26c9d7f0b813f,4825032024115320000,48
cx_3ca6a6636884eff4,2817710500100800000,28
cx_3ca94ae404207121,4833010600105110003,48
cx_3caf073d7e398fa6,4729011700108940000,47
cx_3cb435b09474944b,3114010400118800000,31
cx_3cbd85128a907ebe,1224011500108960000,12
cx_3cbf6ac0574f1651,5211311400108870000,52
cx_3cc45352784d08e4,4812914200107600001,48
cx_3cd50426deba02a9,2820011000107660001,28
cx_3cfad06453d99677,2614010500103940007,26
cx_3d196976cb24a32e,4311210600112000000,43
cx_3d22501fdd096b3f,1283025036102590001,12
cx_3d2e12e02641fff0,5119010100108490000,51
cx_3d387003f744df89,1227010400101100005,12
cx_3d3d9c9c03a15abe,5117011000100800000,51
cx_3d3edd4b751faa7f,1227011400105560000,12
cx_3d4a3e95360c12d2,2820010300111230000,28
cx_3d4a980eaef5088b,5213014400105550001,52
cx_3d564ef17a3dc143,3114010800107890006,31
cx_3d590365b576d7c1,4827010800107280002,48
cx_3d5dfa4bca66ee06,5211113700105850005,52
cx_3d5ee9c08ae2d8f0,3611011400106640000,36
cx_3d621b8cb704c986,3020012000110890000,30
cx_3d639e1389a31e19,3611011200114110000,36
cx_3d666a4399f01f75,4822034024102800005,48
cx_3d6bc8b41e0b35db,4413310700119200000,44
cx_3d7532db4c72383f,5219011100102570001,52
cx_3d7e4a2e5de07031,1275025338104120001,12
cx_3d8726f8a3de4a30,2823710300102640001,28
cx_3d8b6f56f99ec01a,4313010700110680000,43
cx_3d8f1bc466b4095a,4413110800103000006,44
cx_3d920f3c605a78fc,1233012400105040000,12
cx_3d9a4813c0251041,3014010200102830000,30
cx_3d9fe701b4d95ea8,2623011000100030011,26
cx_3da59c2881a81ff7,1211015800108450000,12
cx_3dc53985995c13dc,4713012500112910003,47
cx_3dc608ad280739aa,1215013300105050003,12
cx_3dcbd3e2df33273c,4713011400100570001,47
cx_3dcd73bad569367d,4315012000102010001,43
cx_3dd57d6ea7ed09a0,1217010200106600000,12
cx_3dd966ca35e13d49,5214012200107140001,52
cx_3de7d23c009d9107,4427010100116870000,44
cx_3df66b32926c8c12,1233011800104620002,12
cx_3dfa1b901bd3f0fe,3017011500115770000,30
cx_3e02e5a1e0c15d80,4812110500103950002,48
cx_3e092c24260f7160,2815510100119130001,28
cx_3e0c35458ac27502,3020011100104680003,30
cx_3e21167b12fe1135,5211310700115840000,52
cx_3e27385fb466843b,4427010400111720000,44
cx_3e3cf2853cee5d2a,4825010600110940000,48
cx_3e4c31323c1faf81,1233011600106890002,12
cx_3e5e4ea535b7563d,3171026223108780001,31
cx_3e6e4041c03f939b,4719010100110760001,47
cx_3e725298d0b77b94,1215013300116120000,12
cx_3e93f7d0227b4820,4721010500116190000,47
cx_3e9bbf74ec1456ca,1217012400103440000,12
cx_3ea3807d08df30e5,4311311300114160001,43
cx_3ea3dde469faa73e,1219010800103130000,12
cx_3ea7189d0b493e3d,5115011000117800000,51
cx_3ea9c4dccdd695e4,4418010100105140025,44
cx_3eaca341da70900b,4311112600106540000,43
cx_3ebc443d4818e6dd,2818510600100030046,28
cx_3ec8ecbf061bbdbf,3017011200118090000,30
cx_3ed7a0d615967d93,2626010400100790004,26
cx_3ee741c72a12f6f3,5113010300102950000,51
cx_3eea2b96df2ba8d5,4375025325124870000,43
cx_3f087947544b2b36,1233012700111190000,12
cx_3f1bd683e595c536,4812725025110380000,48
cx_3f2e1d5953bd2220,5211112700101620042,52
cx_3f3ddb191c692c81,3117010700100050001,31
cx_3f3fec1baa3cae8e,1227011100108550000,12
cx_3f51e664b2617596,1224013100100970066,12
cx_3f55428c666b168c,1230010900101840007,12
cx_3f62733820053125,3117010400106820001,31
cx_3f7ab36c121609ce,4377025321100340003,43
cx_3f90147840d73666,4713012400105130003,47
cx_3f9d1c21c09fb4e7,5221033029115950000,52
cx_3fa3d7fe3755764b,2823710600103620000,28
cx_3fbf81a087677505,4719010100100830013,47
cx_3fbfe41deb372be6,1224011800109660002,12
cx_3fc22b51692c1ba5,2829010300100480001,28
cx_3fc547e28c130e16,4415012100106020000,44
cx_3fc9f4a497581f92,1230012800103660001,12
cx_3fcc9ce188e8df84,4427010600105250001,44
cx_3fcd8e759340d4b6,5119010100102200000,51
cx_3fe6279c2966c9f6,1230010500106320000,12
cx_3ff322cd2854c463,4311112100104210000,43
cx_400e57e07db281c5,1211010200112020000,12
cx_4020215ded5b8261,4719012000104540000,47
cx_40240e3ae5435f5b,4313011800116250000,43
cx_4036ca6c62f6ee8b,3120010300108970000,31
cx_403828c436683213,1233012700101510020,12
cx_40394173874e3e41,3111010100103790000,31
cx_4052e6f037c4cfc9,4423010900111090000,44
cx_40556b7cb6fd172e,2726010300106490019,27
cx_4061683868d81270,1215012700113690001,12
cx_4063381859711e5e,2823710300100910002,28
cx_406d7822ebc9be3a,1213013400118890001,12
cx_40700813f8b04bc8,4311210900100110000,43
cx_4084cf9fb76b13da,4721010500105220007,47
cx_4086a8e474c749a3,4421010700105900001,44
cx_408757fee4e6342c,5221011000104810000,52
cx_4090488d3586c6c2,5214012300107090000,52
cx_409c486b0df0c13c,1230013100111110000,12
cx_409d6ceac8415fd1,2818510600100180005,28
cx_40a37012255a636c,1217010200111410000,12
cx_40ab19acb99c19af,1215011000107630000,12
cx_40c7abaae83a5c50,4833011500110800007,48
cx_40ca4172a64e4ce1,5013010500103530001,50
cx_40cc65c90bea27d7,2723013100108650000,27
cx_40cc94ce00a6792c,5011012200109430000,50
cx_40dabc79b6d7b4c2,1233011500107630005,12
cx_4103d49645832f86,4812131030101540001,48
cx_413c1af2ad83818d,5011011400123120000,50
cx_414e92bb441697e7,1227010600113280000,12
cx_4157ff83978b6d66,3020012000108940005,30
cx_415a05ab2be84bc4,2824510200100200000,28
cx_415ec9048d9fcce6,5181025022108330000,51
cx_4181f9dcf04a56cf,4822011000106980000,48
cx_418d4e105f51a454,2641010400101270003,26
cx_419997e31b8f5066,4817013700102950000,48
cx_419b757f109859ec,4480025625113720000,44
cx_419c7bd986efb2b6,5011013700102760003,50
cx_41a0494f3fcacaae,3120011800100740001,31
cx_41a2711fb369a243,2820010500106390000,28
cx_41a2c93b04af8319,2827510600105560000,28
cx_41c1f38a5dd5815b,2823710300101850017,28
cx_41cee77566a79be3,4420025324117300000,44
cx_41dd0fb578ec6dd2,4425031021101160000,44
cx_41e691e5945c661f,4812131028100030015,48
cx_41e835b4de1f7b8c,2726010200108810000,27
cx_41edfd04487b5cd0,3111011400106130000,31
cx_41f06b9b20899bf4,5213014100108120001,52
cx_41f5eee0cc6e97cc,2815510300129230000,28
cx_420fd3f731c3bec0,2817710400106010002,28
cx_42193f222e7d25e2,5113033023114700001,51
cx_421f8bf69a8ac7c3,4713012500113800000,47
cx_4221c2768fce40bb,5115012500105060005,51
cx_4224104e97b2543b,2723012200100030004,27
cx_423972f1b58fbd26,3611011100100970022,36
cx_424f4a81b931976d,4719010300102190000,47
cx_4250996c8904a764,5113011600117740002,51
cx_425be95b41669e23,4831037021101000000,48
cx_427e2736dbca2427,4790025330114000000,47
cx_428b42cbd0be3d48,5211312300104220001,52
cx_42b00115d135c043,1219010700110300000,12
cx_42c5a9559d11ae87,4311210900100010016,43
cx_42e550d6edb30eb5,4413310800107500000,44
cx_42f8ee594b6e4fbe,4831010800106470046,48
cx_4301d7599aff012b,5214013400111020000,52
cx_430489855ad7ebff,4311311500121930000,43
cx_4311f058b5cb70ca,3014011300101700005,30
cx_4315aaa769ae93c6,4833012000109710000,48
cx_431ba71cc81ad5ec,4715012000104110000,47
cx_432aa41741d12db1,4711325047104560000,47
cx_432f02b4771ce8c0,4418010500103890000,44
cx_43312a2e82541084,4822011000101000001,48
cx_43331955610fca6d,5211313000106690000,52
cx_434046c62091a972,4425010100101670001,44
cx_4341f1dfd6f6ceaf,3114010800109110000,31
cx_434b676dfaf83224,1227011400105690000,12
cx_4364fe1d7c0fe006,1215013300114180001,12
cx_43651621b87d6d1c,4812532025103930002,48
cx_436ce271310a15b0,4713038028111460053,47
cx_4372595fc683661f,2823710700104770001,28
cx_437eacf0c4748990,1211016000108160015,12
cx_43a2956375363098,1215031022120030000,12
cx_43ae5ff23bbd5994,5115013100107810000,51
cx_43b30967fb62ed29,2815510200117100001,28
cx_43be09e65d063844,1227010600104560000,12
cx_43c0bc8f2f3672ab,4831037030100150006,48
cx_43c33b354a4fa61a,5176025025105760001,51
cx_43d1c8188f15b15d,1227011000105620000,12
cx_43e2e4c32d3a7e8b,5011013700103000003,50
cx_43ed3bb6c6e28f49,2817710400101080001,28
cx_44101400984e50f6,1211016000110740000,12
cx_44108574802df72d,5123011700101760000,51
cx_441b8250aa0d79a3,2815510300127470005,28
cx_443b86c56c15fada,4831011000110410000,48
cx_444163f7f795df61,3611010300132020004,36
cx_4445d9c68f9ad1cb,5211312100103950016,52
cx_4451403bd98ac735,4427025333116290003,44
cx_445c2f96e243374b,5214011200101650000,52
cx_44694886f7f19b0f,2827511000100810059,28
cx_4473449e65f82808,4717011000116380000,47
cx_44834ff0fd9aa889,5011012200109450000,50
cx_448399e36f8961f3,1233012700110560000,12
cx_44892824880c1e75,4423025029100350000,44
cx_448f2ef2b053debf,3114010600101830001,31
cx_449383f02314863f,2827511100101150001,28
cx_449d028f31348c11,4311313300102130000,43
cx_44a3b53048294ce5,5011010400104050000,50
cx_44a6bb833d06ba67,4311112400125370000,43
cx_44a7e7d9033b8d0d,4812512800101460003,48
cx_44a8a63edb0cde71,4377025321100340001,43
cx_44a941ee1ee68d50,3611011300102930000,36
cx_44a9e5cf17efa2d8,4420041028108370000,44
cx_44ac1687eb589bbf,1227010800103920000,12
cx_44ac8a6a81369b31,4824032025104510000,48
cx_44ae262a1e81f5aa,3017012800100010000,30
cx_44b53aeacdb6237d,5213010400100230001,52
cx_44b746a80d47e4a0,4812710800106480001,48
cx_44db0c6cdc0c5086,1230013100100180001,12
cx_44df432844fca493,2827511000102140000,28
cx_44e1c45a0daa35a6,2771025625110020000,27
cx_44e2261d728089c3,4824010400100200004,48
cx_44e88b4463c41428,1233011900110190002,12
cx_44ed0cd7a5aa1b35,3111010800107230001,31
cx_44fb69e31e0be429,4311210900101050003,43
cx_450904f7713cb0a3,4729011700108310001,47
cx_45154fda83440e3a,2817710300107210000,28
cx_451a03f8393d4e6e,1233011500108920017,12
cx_453af15a842754cc,4713010200100190000,47
cx_45458d2bf548e547,2817710200106270040,28
cx_4556d0600513afda,4773025024105940001,47
cx_4575e276f5be81e6,2817710200105730002,28
cx_457b4876038b9c33,3171025927102070001,31
cx_459af7de9370a165,3017011600113980000,30
cx_45a7b5eab77bb2a6,1230012700108490002,12
cx_45b2fed486d28cbf,5111012400108200000,51
cx_45bd423d05a56b75,4812513500100010001,48
cx_45d37c8dcda773b7,2623010200101880009,26
cx_45decf3e84336b43,4725011000101990001,47
cx_45e443d9d8086fe6,3114010600114030003,31
cx_45eb42cd88c993f0,4313010700110660000,43
cx_45f0ff60dd430d26,4420010100110520000,44
cx_45fc4843ca964d06,4812513400106140546,48
cx_460316fd103a70de,4711111400102290182,47
cx_460ab625335ef438,1233010200107900000,12
cx_460b80fc9fe902b9,5113011000110950001,51
cx_4611797f82f0e9a8,4833025324127100004,48
cx_4612eadeb0896eea,4831036021108860002,48
cx_4619ad59fc418d53,4313010500113580000,43
cx_461a63d6bcbfd021,4425031521103670000,44
cx_46251d7fc6540c92,4427010600115510000,44
cx_46254d794a2cfb49,4415032024108290000,44
cx_462c46019e451268,4817010300102190000,48
cx_462d87e817628e0a,3017011100103150000,30
cx_4632eb11bdf60dd9,4413310400113320000,44
cx_46376b083ebe763e,3611010700107630000,36
cx_4648be0adc17b026,3020012000109780000,30
cx_4648d21a9ac26bd7,4374025022100650003,43
cx_464aea5a01c53ba6,2723012200100030003,27
cx_4650a3c6999e2364,1227010800105080005,12
cx_465188ccc748e3bb,2647010200114450011,26
cx_4653915a7f74fbea,1224011800108900005,12
cx_4656ce133875580b,4723010200101160000,47
cx_46650f603990bf7d,1233011500107630003,12
cx_4665165a393a509b,4824010900108380000,48
cx_4667c35f5427e9f8,5115011100112930002,51
cx_46682226b482922f,2823710600103740000,28
cx_466d770d36e6576a,2820010300110140000,28
cx_4671c0aedca75c3a,5214011400102270003,52
cx_467a425186b481b0,5113010600107050000,51
cx_467ca6fbc2dd1c8e,4315011600110400000,43
cx_4691a516bc4f8559,2829011000110010000,28
cx_4695f35d857bd7e3,4711311300100130000,47
cx_469d41131529c2bf,2872036021106800000,28
cx_469f792de8d4902d,4817011900104720000,48
cx_46a17e90a8df470d,4373025022103760000,43
cx_46a3c2cf817742e1,5113011000110840001,51
cx_46b60c9c12e4edc2,4812313700100800001,48
cx_46c424c7d269bffd,5011012900108000000,50
cx_46c745ab9a7e3038,3023011500100030007,30
cx_46f1bdd30650f22b,4311210100102650005,43
cx_46f3d0e72446e65c,1217010400103550000,12
cx_46f7f669dd223e11,5218025021107360001,52
cx_4700994572e4f032,5011011700160750002,50
cx_470212e76583ae74,5211312300112410000,52
cx_4706afaa46d4820c,2815510200117660002,28
cx_470a1e11f4f4140c,1227010600104580001,12
cx_471f1a7aef315607,4420035033104270001,44
cx_4725730845fd781b,3611011200121110000,36
cx_473434e6e5f01325,1233012000107770001,12
cx_4744e22fb5e647ee,3020011100105490001,30
cx_474850c227eaaba8,4413310400115030000,44
cx_476040dbb71aad48,4874038021102620001,48
cx_47672bc867538349,4711312100116120000,47
cx_47781ce669426f49,2650010100107770000,26
cx_4781e611d650cfd9,1230010700110570000,12
cx_4784aa20d612edc5,3114010400113340038,31
cx_4793251ec617a1a5,2823710500100740007,28
cx_47a2b50e4db2bc77,1224012000111610005,12
cx_47a62c5940308c61,5117010600104800000,51
cx_47aed3a9a86ff88a,2820010200100450008,28
cx_47b75007bca256cf,4711125325105810001,47
cx_47ca93b1305526f2,4827031022105090001,48
cx_47cab8b4f0cdd8a7,4717013600111450000,47
cx_47fa4eb4a45ebc9a,3017011400107930001,30
cx_480d7236e10160b3,2823710100101260009,28
cx_4812ef60f6e104fa,4729011000100360002,47
cx_481e840c5d5cb000,4375025022103770002,43
cx_48259f2100107873,4817012500107070001,48
cx_4828fada019f799d,2824510300107070005,28
cx_48323ec117bd5cfa,1211016400109150000,12
cx_4865dfb325a23ae4,4413111600100220000,44
cx_4869bc5819e0c9fb,3111011100102240000,31
cx_486aed247bf32e92,4715010700100270004,47
cx_486e423aeee42d53,2824510100103010001,28
cx_48829d13a8f9700e,1227010800103330030,12
cx_4889ba702c8be818,5211114100113630000,52
cx_489fbe3450a5fd5f,4711111200100070000,47
cx_48a42648320ac3ee,1230011700100420002,12
cx_48a5852508734143,3014011400104080001,30
cx_48a928f4a25032ce,4817032025112960000,48
cx_48b26159eb7ac106,5211114200114820001,52
cx_48b82aef0b690e8f,2711014000104380000,27
cx_48c70c97fbd7c2dd,4315012000102050005,43
cx_48c83a41932b9312,2824510300101030002,28
cx_48cc1e95be25037f,2817710400109820000,28
cx_48cfd173351853a3,4886025022109220000,48
cx_48db384dfb459462,3611011100106440000,36
cx_48e965d4209578c0,1233010600100410009,12
cx_48f3aa8b0202f0aa,5113011200108910001,51
cx_490224c01231b16b,4827010200104050000,48
cx_4905f7ad5fa0cab0,4376025021107950000,43
cx_491a5739339da69e,2827510400107290001,28
cx_4933d6ce79146c52,4421037021112750002,44
cx_493c5a70320578e4,3611010800122010002,36
cx_493db8e2b22bfc07,1230011200109950001,12
cx_4942b7dadcdebedb,1215011400113840002,12
cx_49484750c71090b8,2829010400113160001,28
cx_495b29c5870fce37,1215011100100710087,12
cx_495e44ed02d45568,2817710200106590000,28
cx_49704d4c1382bccc,4812312800101570000,48
cx_498c7766a290ecb7,1276025033101550000,12
cx_49931bd897aad141,4420035033104200001,44
cx_499d795054a7219b,3020011100104690046,30
cx_49a5004838850d38,1213031022111300000,12
cx_49abd7173b900807,2815510300131030009,28
cx_49abf47ae8c84eca,4427010700118830000,44
cx_49b6720c717c58ca,2817710600100130010,28
cx_49cc20f609daca30,4311311400108530005,43
cx_49d3e51608d38668,5011013700102730043,50
cx_49fa086fde4cde56,4711312000110860000,47
cx_4a029e40fb2a7028,4812515900107000000,48
cx_4a057b563c7e1017,5123010600101300002,51
cx_4a09b38321a51a0a,4425031521104110000,44
cx_4a0a9b72ed81ff09,3611010700103800049,36
cx_4a0d3c2b06a4eee2,4311112400101490010,43
cx_4a20afca485f99ff,4812313300100170000,48
cx_4a283e2c10660e82,1227010800102810000,12
cx_4a2975488a633185,4313011800106860000,43
cx_4a338c6df0edc69f,1211015900104000001,12
cx_4a535747cf98a384,5214013400111200000,52
cx_4a5d4575cfdb7061,5123011000100530004,51
cx_4a5f1675024cdf85,3017011100104320006,30
cx_4a79c3c99fc38472,4311210300103740001,43
cx_4a826315ec21ea95,4711125622102670001,47
cx_4a9ae54ae2ceaaa5,4311231038103780000,43
cx_4a9fb1983132b196,3114010900106650001,31
cx_4a9fbd11908812f5,4311410400104440001,43
cx_4aa4a8cc739ba63c,5214012300104930007,52
cx_4aa9608868ad5d42,3120011300100030000,31
cx_4ac9e0a8bbe8c341,4831010600107530000,48
cx_4ad0f046798fa88d,5181032021107320014,51
cx_4ad9f859d9b80b35,2824510600102070001,28
cx_4adcbdc96bf42130,5011013700113990001,50
cx_4adcd707df8fea67,4311311700104700000,43
cx_4afcc6319885896f,4833033022106650000,48
cx_4b1da3aeba47dd85,4311110400100210001,43
cx_4b2102c1f33b4fd6,5280025024107930004,52
cx_4b2d64060fafdecd,4313011800109310000,43
cx_4b2d6771f8aac2c6,4413110900102610000,44
cx_4b3718f53708d68c,4413111900103740000,44
cx_4b3fbaf5108c24af,4719010900101430005,47
cx_4b4019f26dba9496,4423010100100160000,44
cx_4b45c9ef1bf3ca0a,5113011000111680001,51
cx_4b486c17baa76209,4481025026101150001,44
cx_4b4a3f8202d8c52c,1211010300120440000,12
cx_4b572fa3cd3eff18,2812510700100490060,28
cx_4b5b011af4868e28,4313012800107710000,43
cx_4b5bb4cc96382915,2818510600100090006,28
cx_4b5f615c0b3352e9,5113011700118940002,51
cx_4b645e95c02f1ce8,4421010100100550000,44
cx_4b6d3e70900b5342,5111012000104770000,51
cx_4b6eb965c4b72b08,2823710400103000000,28
cx_4b7ad2acced888c2,1233010900116020002,12
cx_4b7d74b0c692e278,3114010400116560001,31
cx_4b94f830a8d920cd,4812916400113410002,48
cx_4b9d1a32cadf5bfa,5218010400100130000,52
cx_4ba3032e21ea58e2,1211010200112020000,12
cx_4bab3b618247ec0f,4311112100101900001,43
cx_4bb5e4b248752636,4713036027104470001,47
cx_4bc1cad04366ecb6,2812510300100660026,28
cx_4bc7efd6d9ce6272,2812512500100270107,28
cx_4bce99c57b2cc64b,3011010600102620000,30
cx_4bd93025b3f190ff,2829010400108950001,28
cx_4bd9e3e12441ee9b,3017010400102900001,30
cx_4bdb201a9bcf2ceb,1215010900110810000,12
cx_4bdf830dad4755e9,4825012600105660000,48
cx_4be93bb03b1606f1,4482525022101350000,44
cx_4bf8d77c108763ed,4825010700114390004,48
cx_4c0fd7c42b3c7fd9,2824510300100990005,28
cx_4c13385b00ceabe7,4822011100110280007,48
cx_4c15521e0172cf28,4420011500101740003,44
cx_4c1c7e553e921b9b,4715010400100620000,47
cx_4c1fb543d7ae9c5f,4817012200107020022,48
cx_4c261428e6cb46a6,4833025324126730004,48
cx_4c30ad816ac355c7,5113033023114680000,51
cx_4c3c3c0375f2c033,3020011900105530008,30
cx_4c4463fa756b6961,1215012700100090001,12
cx_4c5a52e75b5009bf,2827510600106040001,28
cx_4c5cf8ca0d9915ad,1211016400109620000,12
cx_4c674024a8e6651f,1211015900101430007,12
cx_4c6e548c39233641,2823710300102220000,28
cx_4c96e34bf5902c03,2817710200106100113,28
cx_4cacbb7a46397fad,4719012800109360000,47
cx_4cb6cd5d4c4ac317,4817012100110680001,48
cx_4cd23ded0f8b0a38,5213014400101610000,52
cx_4cd4bfa5bf7ba06d,3014011400105540000,30
cx_4cd85d5ffdada3ab,1281025622126010000,12
cx_4cdcd2e2a96d4d36,5214010600103700000,52
cx_4cf5df75fc00061e,5213013800109270000,52
cx_4cf9f7f6b00b1a2d,5211113300104570004,52
cx_4d0889c14c44bba4,4825010600103210000,48
cx_4d0d891ba115ec00,5211312900108200009,52
cx_4d166352d8beddf1,5218010600100920006,52
cx_4d1a44163f8066a5,5214012200108790000,52
cx_4d23a4e15313cccd,1219010800107750002,12
cx_4d2498b2cf96149d,4420010100100790014,44
cx_4d389aaf8b344274,4725010400102450000,47
cx_4d392d96e9d08db1,2827511100100830001,28
cx_4d3c7b0290aed88d,2827511100101020010,28
cx_4d4343c51dd0922b,4415012000102760009,44
cx_4d524407f79489ce,3171025927107960002,31
cx_4d59dbf6d18b524b,4719010400103920000,47
cx_4d6edb4f23e78225,4717013300106380001,47
cx_4d8fbb16b09de9f9,4833011900103910000,48
cx_4d93e1341b8a0002,4711312100113690000,47
cx_4d9432d92dde37af,3017011000100170001,30
cx_4d9830dd20f84b8a,2623010700105560000,26
cx_4da1ef719a34946c,4825012500108020002,48
cx_4da6349e05664d5c,2647010200107720001,26
cx_4dcea98dc9cf4a18,4833011700108700002,48
cx_4dd4d888de8a1e84,1233010700105820000,12
cx_4ddd7a8f2b5c3cb8,2829010400110990002,28
cx_4dfbf3030c89dfb8,1215031022121030000,12
cx_4e1040d417be961e,2820010300100460000,28
cx_4e1a3707c98ba35f,5211113700105850002,52
cx_4e1a3e8b3b19c806,4375035025105120000,43
cx_4e1be83428403393,3011010200100180001,30
cx_4e1d55bc67f261a9,5172025029104960000,51
cx_4e41e6ccbf0c4881,5213014100100330001,52
cx_4e55419857595bd3,4715011800110280000,47
cx_4e56def7f7f55c53,2824510300105800000,28
cx_4e6feec56fbce730,5214013400102160002,52
cx_4e700c98aa22bf1e,3114010100114480001,31
cx_4e893f4a6c540fc7,1230011400101170000,12
cx_4e98ab8e780bf479,2817710300100500000,28
cx_4ebd3661739bd9ad,5172036026103930000,51
cx_4ec0e2fc92d15fde,5213012700103850060,52
cx_4ee03cd85613b5c0,1230010600103160000,12
cx_4ee0b65b4239ef0b,3114010800108780000,31
cx_4ee4554af5f74d04,2818510300105820002,28
cx_4eeac4e55ed654db,5211114000108100000,52
cx_4eeb38fe0f48d0d2,5271036021109730000,52
cx_4eee7b49878befb5,5111012100100440001,51
cx_4f0c82dd4f13ec13,5211113700107050003,52
cx_4f1216ad0052bbff,5221010400110500000,52
cx_4f208db7c97305ed,3011013600106110000,30
cx_4f28115e259d612c,1219025022108500001,12
cx_4f2d47bacb379d38,4825012500111690000,48
cx_4f31f805e55aa51f,2823710100100640020,28
cx_4f355f94dc9bc567,1227010600112240000,12
cx_4f41cb147a59703b,3017010500102550004,30
cx_4f579ee6fa154ada,4831010600108780002,48
cx_4f5cb49c6e31889d,1230010500106370000,12
cx_4f632234c246e971,1219010900103970001,12
cx_4f6573fb0007ca8e,2824510300108580000,28
cx_4f6f323ebad26454,4812515500100490001,48
cx_4f8168d8259a4b16,1281025335100010000,12
cx_4f89ba2a6d9d8bff,1233010200108200000,12
cx_4f8bd7248a9ba265,4719012300101800000,47
cx_4f9755a87b2e7c38,1215011400117460000,12
cx_4fad6d195fb16604,1224013300105150000,12
cx_4fb68ac8f9859276,4723011600103040000,47
cx_4fb68dcf66488896,4420011300106400000,44
cx_4fca4b6322218db4,4427038023101930001,44
cx_4fd244debb4d4001,3611025032102440001,36
cx_4fdcc28e668e0f1d,1224012800110930000,12
cx_4fdf71db415362dd,4311311500127520000,43
cx_4fe4065abf3996b0,1230010700112370001,12
cx_4ff6e0a9f0f1fcdd,2729010200106310040,27
cx_4fff0110ed8aed36,4719011700103710002,47
cx_500d5379bb4fdc7b,3017010600108340000,30
cx_50160a789d414439,3111010300104600072,31
cx_501f93c6d2deee49,4420035034100210003,44
cx_501fc54e7c5a8135,5111011900101580000,51
cx_5020c1e706b50ee3,4825010700115490000,48
cx_502df0ae5456a47b,5211114300100190000,52
cx_5032302094edec73,4817013700102300000,48
cx_5033bc1f3a7f5dfd,3017011200118090000,30
cx_503717d073173d2f,3017011500123540000,30
cx_50381e67f1eb487f,3023010100105870001,30
cx_503e133586e9e16c,1230011400101740009,12
cx_5048b49877a9d022,4313038526106960000,43
cx_5048cb3d7f850e72,5113011000101110004,51
cx_504f199128c1e54d,2818510300105820002,28
cx_5054469e3f3c44a9,5280025024109120000,52
cx_505cae830cd9524e,5011012200125280001,50
cx_509827ca9fd9148d,2638010100112080000,26
cx_509aeea047a4f3bd,4373025035104380000,43
cx_509aff7da89b3ffa,4711311800101260002,47
cx_50af9d17aa04ff75,4715011400102571213,47
cx_50afaa331d4626cb,3014010300100240000,30
cx_50b289e7d67baf6f,5214041022114370000,52
cx_50b71f8b987844d8,5117010100110980000,51
cx_50c2592bc0070e92,4420011100104400000,44
cx_50d1a0320b6122b5,1227011100107300000,12
cx_50dd237e2e9dee96,3117010400106400001,31
cx_50e809dcd45c5116,4311112400131560000,43
cx_5100236990beb392,4413310800118460000,44
cx_5103aea9cb9a76ee,2824510100100730003,28
cx_5105a728a4c2fa79,4824031021105460001,48
cx_5114b82544794f69,5211113300109640000,52
cx_511a813ffbc7c5d0,4413111600108950000,44
cx_511c70d9a45de41f,2823710600103680000,28
cx_5127cddf183a0c1d,1227010600103730000,12
cx_51347a5ecdd0f9e1,1227010500104090000,12
cx_513b7f8af851d006,5115012500106710034,51
cx_51464155ed3282cc,1233011300106270001,12
cx_515073d13a6cd93c,2820010100111310018,28
cx_515ac27227620aa3,4882025023104860000,48
cx_516b42e4e2de8595,4825025026105330002,48
cx_518289d77b51e641,4413110500100670002,44
cx_5183ccec4874e953,4825013000104480003,48
cx_5185fbc02b7740af,4729012600106000003,47
cx_5188a09a503cd9ad,4812132025108250000,48
cx_518ab6d29bd3cd4d,4719010900101430009,47
cx_518af91e144bdafc,4413111800100850000,44
cx_51923d5daeb2f794,3171025924107430002,31
cx_5194e0510217761d,3023011100101780002,30
cx_519517dadb86d8c6,2827510600106090001,28
cx_51a1ccca1b48f064,1233012300110980000,12
cx_51a3f6a0475bba2e,2812512500100270107,28
cx_51afb7cbc61525be,5115011100111810000,51
cx_51c7ff6f2bd4a301,4790025330113810000,47
cx_51ce4a72a4914d03,2823710700104770003,28
cx_51d3253d9003ff00,3171025924100070001,31
cx_51e7346a23bb2ad5,2817710300106860012,28
cx_51edf7cdab38d85b,2726010100100750002,27
cx_51f6c79e820dbb71,1224012000111590000,12
cx_5210a65b9d576753,4812914400104830010,48
cx_521354963e95bb54,4812511800100180001,48
cx_521a738398c29f84,1233010100109650001,12
cx_521e7f293145a8c3,4711325046117610000,47
cx_5225fcbaa3cca96b,2818510600100230004,28
cx_5230f0b77ddc1263,5211112800100170000,52
cx_523befcdd92aaf3b,4311112400104290002,43
cx_523c2148a4aaf2bb,4311425332105560000,43
cx_5248c9fac9137b3b,5121010600106580042,51
cx_524b2562bd6ec016,4713012400102770006,47
cx_5251215ccd396a08,3111010300103190000,31
cx_5256d5d67f03f205,4423011000106980000,44
cx_5258b2d5744a6011,5011012300105600002,50
cx_525c21e3bfd6aa12,3171031021100510000,31
cx_525d52157642df7c,3611025030100210002,36
cx_526ab57b4c4eaf14,3011010200100290002,30
cx_527103a492084dd1,4812514800100010500,48
cx_529945c1e9fb6f13,4812916400113370005,48
cx_52ac5ac93abaad83,3014011400104070000,30
cx_52b84cdf19228d8a,5115011400100390010,51
cx_52b85d4fffa8258d,3014011600104180001,30
cx_52bdcc21ed1159f5,3020012000110510000,30
cx_52c2c2096800e562,4723010200103090002,47
cx_52c46f44069b964d,2820010200104950005,28
cx_52cb1e36539ead2f,1230012700108500005,12
cx_52ee91c2b52c0c95,5211310700116390001,52
cx_52f08c8a871179a5,4812725026101960000,48
cx_52f0ab6f10bbc323,4825012800104290002,48
cx_52f2943205a5f783,4833011900106000000,48
cx_5301f063a57044b5,3611011800142013001,36
cx_53073ae03c0700b9,2824510200110840002,28
cx_530ab4f639aae520,4812310400108530035,48
cx_531709f44e52b46e,5117010100111050000,51
cx_5325305973ce6803,5213011100108110001,52
cx_532cfa8a7c147292,4415012000102800003,44
cx_532f75ee1a175d42,5113031023108160000,51
cx_53393ba93c1fb0d1,3020012000110520000,30
cx_533eca1de687de75,4420025324117380000,44
cx_53550c57798d865c,4812510100105080047,48
cx_5357053cb6f50cb0,5113037021118380000,51
cx_5362ae4ce5db483c,4729010700108320001,47
cx_536709d613bb8b79,4833025324127120014,48
cx_5369e9be0f9003be,5176038024102830000,51
cx_536e20caad0b93e2,3020011100104470006,30
cx_53760044b2f2d3a4,3114010100101300006,31
cx_538a4ef53b9bd325,4833012000108110045,48
cx_53a2cebec54fe391,1211015800102510023,12
cx_53a4d2ecaf2422bf,3011011700100230001,30
cx_53a69af334d48679,3611010100141010003,36
cx_53a94048a929be28,1227010800101720000,12
cx_53abe9f81932bd37,4831010600108770001,48
cx_53adaadcba20e5bb,5115025021103290019,51
cx_53c1847e0e8b75c0,4812513700103220000,48
cx_53c48ac92cdee6bc,5011013700123250006,50
cx_53c5b486e443727a,4418010200107890000,44
cx_53d0f3ed36b27812,4812514800100010498,48
cx_53d6a4caac8000dc,4413325626105750000,44
cx_53d8b24971623d44,3020011100104480005,30
cx_53dbecde2ce6116b,5113011700119640003,51
cx_53df562609cd2316,4827010400107330000,48
cx_53e17d328784ae16,4825013200106480002,48
cx_53e1b25e6b1a92e4,3114010100108330001,31
cx_53e2a75b273bf63c,5219011700106610000,52
cx_53f5f5e033d5aaee,5214011300104550005,52
cx_54122de653ff74be,4373025026100150001,43
cx_5424f7b0f3141686,2815510300127470006,28
cx_54363b6d4f946b25,1211010300119450000,12
cx_545418da30368ff4,4817012000101410003,48
cx_5454ce21c8c44ea2,3120011800100010001,31
cx_545a491bdb86868e,3117010100109290007,31
cx_545cb5ea5ce70e6b,1211015900110610000,12
cx_54628007586bb5b1,2824510800101200000,28
cx_546568a1fe714930,2726010800101790000,27
cx_546841704b9f6428,3120012300100500000,31
cx_5472247bad99e931,3017011200109090000,30
cx_5479905becc38d71,5013011800103670001,50
cx_54937d3495bb56be,4413325626100640017,44
cx_54959ce75c4580f1,2824510300101110000,28
cx_54a91ca33251dcb2,5111012000103330013,51
cx_54aa21a49b16bbca,5211311400108690000,52
cx_54af2a50cd7a854a,2817710600100130011,28
cx_54aff103ab38c386,5115010200101830002,51
cx_54b131229bc47f45,4793025021101960004,47
cx_54b402dcf0bdef7f,4729011200104630000,47
cx_54b48dc4fb455275,1215013300113620000,12
cx_54b8266b4ef83b9b,4311210300104730000,43
cx_54b8a790c25ab65b,5214012300106890000,52
cx_54bf62286d1f059e,4421010200102590007,44
cx_54d1e69be8809fcd,5211311600109000000,52
cx_54d34715d28d6867,5213014000104210000,52
cx_54e39050d6f0ef2e,2815510300131020001,28
cx_54e63a47938fd3dc,2641010900100650070,26
cx_54e9b406a3bef874,4790025025100910000,47
cx_55083d4fa683f2fd,2817710300106450000,28
cx_550ecf348ecea38f,5117011800101540000,51
cx_55104ddecfaed225,4377036021103880011,43
cx_5512c2a6dde63e2b,4817012700102350001,48
cx_5526cfc1812940e0,4415012000101910003,44
cx_5529c64be1879bfd,4421010100106240001,44
cx_5532774d0daaa48e,1213011800100010004,12
cx_55374cfe8672960c,4374525026105440000,43
cx_5549cca50f4c43f3,3017010500102250009,30
cx_554c7b7d9beaf988,4719025625111070000,47
cx_557b9a6e53c86ad6,5178025921105720004,51
cx_557c0031d12876d4,1230011400103290000,12
cx_558f8b1dbfdc1d93,2823710700103080005,28
cx_559076b2f28d64f6,4833025324126760013,48
cx_559d9f1c4ef948fb,3611034021103200000,36
cx_55ba758eb2704cea,4420010300100550011,44
cx_55bbe35ecc377655,5211114200114730001,52
cx_55be20e52864a74f,4812710500101580005,48
cx_55c96dc8fe9f4864,4420011300105620001,44
cx_55cbffed3c184637,2829010400112350000,28
cx_55e22caf36789bba,5115011400109400000,51
cx_55e657d020712298,5211311500107660000,52
cx_55f062fd549e98c9,4480025025111050000,44
cx_55fa371ae98ccc14,4824031021105700001,48
cx_561c24c580877607,2817710400110110000,28
cx_5620a20dda2a9c6e,3020014500103020000,30
cx_562d3b0262016f00,3014011600107750000,30
cx_56392987c765040e,5111011800110850000,51
cx_564498fd2d0c7959,3114010400118750000,31
cx_5647de17000b1ed2,2823710400101920000,28
cx_5649d061978b8a00,4723011300114370000,47
cx_564e48a1e0df47d1,1233012700109330000,12
cx_565756d3838d1303,4833031026105180000,48
cx_565850c3886097d8,4822011000107020000,48
cx_565aa17318060dd9,3114010800104870008,31
cx_565acc6e3916113e,4729025021103910001,47
cx_565d108d586a6ca1,3111010300104600072,31
cx_565ff724e8276cec,2820010100100850000,28
cx_567f16714346d349,1211016300100750018,12
cx_568132baa4e26149,1233010900116110003,12
cx_5686b7e9cabb8f8e,3114011000105890001,31
cx_5689047d884ef66f,3120010800104020000,31
cx_568c850601219dd6,5213014400100920000,52
cx_568f6d0f02a58882,2829010500110260000,28
cx_569c2e24513b7ee6,1211010200113920000,12
cx_569cfcdf9e06b7a3,5211311600107490004,52
cx_56a41c1751bbc36c,1215010900107280000,12
cx_56b1b299f799f855,4812110700104680001,48
cx_56ba1a5a40263227,1215013300116680000,12
cx_56c6dc0115cb063c,4825013100114040000,48
cx_56c79bb72324b41c,4833025324126760006,48
cx_56cf7c9afcf4a970,5211111900101230019,52
cx_56d069ede9798439,4477025028107220000,44
cx_56d6566633ed5f19,3171025922106660001,31
cx_56d750b9a7aaf33a,4785025325110690000,47
cx_56e5eadc148ab706,4313012200111190000,43
cx_56eaa73ccd917649,4784025021104960000,47
cx_56fd95d0a484468c,2823710700104940000,28
cx_572194e7ffe56bc5,4812515900106200000,48
cx_5727a947921c54f7,5175025024107970000,51
cx_57395bd82e6c6812,1230010900110110000,12
cx_574d1ba971cd3828,4315011100100820000,43
cx_574e396ef1fe1ba4,2829010500110940000,28
cx_5783cc62cc677234,1276025028108610000,12
cx_578460ee3ca8e971,1217013400103250000,12
cx_5787ce79677bc86a,4817012600111300000,48
cx_578d1206e327b67e,5121010600106200013,51
cx_57909c237d3eac9b,4420035035102710022,44
cx_579db22cb87cad20,4725011200106030001,47
cx_57a5e7b01c46ecd6,5213014100106560000,52
cx_57a8e786c2e50b8f,1233010900113430006,12
cx_57ad29f7f3481d09,2820010200107750001,28
cx_57b134f101f8af71,2823710100107600700,28
cx_57edc1a801e347a3,1227010600112420005,12
cx_57f09d0eca5de94f,5117010100103060000,51
cx_57f60b51dd860aee,2827510700102000004,28
cx_57fbb03f078b3e40,5213014200104760000,52
cx_5802bc0d43901440,4884025027101890001,48
cx_58320027d065c919,5180025032104360000,51
cx_583f5601285a8c9f,3020011100106770005,30
cx_58440c04b1e6b8fc,2729011600106390000,27
cx_5849ea9a2d64f8ff,5119010200101670015,51
cx_5857a18283371882,4427025321101380000,44
cx_5859671133d0094f,4825010600102570000,48
cx_5861e443210c14e7,5111011700107420001,51
cx_5868aaefa1ea9cd3,1227010500107090000,12
cx_5870a1fdf62aa463,1211015800111370021,12
cx_5872d2a935aa02ff,4420036022103380000,44
cx_587363111ad7d6f9,5214012700109030000,52
cx_58772621c090f7b4,4311111900101350019,43
cx_58a411bc0619771e,4729011100101230000,47
cx_58a774b4cc4a3d55,5211112000103030000,52
cx_58ad9e7dd22fcede,1230011200110100008,12
cx_58ae007dc1230d20,2818510100101940012,28
cx_58b5f88eaa38b7fd,1233012800106140002,12
cx_58cb11484341be04,4721010100105130001,47
cx_58e01e6e7c56f8c3,4812916400113380000,48
cx_58e42f9554c35beb,1233011400109130000,12
cx_58ee147f406b2ae4,5115013100107930000,51
cx_59024788cab41c9b,4413325023103120000,44
cx_59067da3043f1e52,1211015800107390000,12
cx_5908a777ef63323a,2720010200100890003,27
cx_590d93f0974b72b6,5211312200105410002,52
cx_590f101e9607a2b9,2817710100101290096,28
cx_592cd569d797c821,3611011400106510000,36
cx_5932eb9afbb7555c,2824510300100720002,28
cx_59381d055d276925,5117010100104150000,51
cx_593ebc4fd3bb4cd3,3171025927104010002,31
cx_594050dab4339c81,1219010600115970000,12
cx_59424f7fa2698a62,1230010900100680000,12
cx_594f38bb299a0ad1,2824510100100240015,28
cx_595171455c117e2f,4812725028100210000,48
cx_59545555828597b0,4721010400119800000,47
cx_596422afd1b501ec,5214010600103930000,52
cx_597600b01739991a,5113010500105460003,51
cx_598c732bee7c7836,1230010700114780000,12
cx_598cbe54836457fc,4825012500108010002,48
cx_59a5e19e4bc2ad90,1215031022119680000,12
cx_59b2e3a7446058ff,2818510600103970008,28
cx_59cd10c75551cd8c,4833011900112020000,48
cx_59d624c44246c45e,3017011100109130000,30
cx_59d78408a6a828e3,3114010400119350000,31
cx_59dd8daec8603ddf,5219010800101140000,52
cx_59edf776bd1c58e3,2823710300101790069,28
cx_59f26b237327e677,4711125631105700000,47
cx_59f314dd7783efdf,4711111600109710000,47
cx_5a0811f5f885bb53,4785025021103470005,47
cx_5a0afdb90c52ee25,1224011800112320001,12
cx_5a0d3c696c38a9c6,2818510400105450001,28
cx_5a193c646b7dca23,4711125321103760001,47
cx_5a19b172dcd7568f,1275025028100050020,12
cx_5a1ec5f736706e72,2824510800102350000,28
cx_5a29a20b99060db9,5219011100102850000,52
cx_5a2c651c35f5a098,5214012200102660003,52
cx_5a32189dafb8119f,4413310700105550002,44
cx_5a5e8179ed7ebffd,3020011400105780008,30
cx_5a60fc330fe4c574,4812914200109090000,48
cx_5a6235c6b8366e68,1224013000107700001,12
cx_5a672de15803e87b,2829010400112720002,28
cx_5a6b1506501e95cf,1224012800101270001,12
cx_5a730f4f32d7cf83,3171031028100730003,31
cx_5a8b5e610aaae123,4812313300100200000,48
cx_5a8decac0dba86c5,4713012400103090001,47
cx_5a955febe0c779a8,1227010800104990068,12
cx_5aaa6a7e1f8c23a1,2827510600105670000,28
cx_5ab471a236ddb56d,5123011800101220003,51
cx_5ab62f7461bdbfa3,2829010400113050001,28
cx_5ab864f204791d87,2829010300109990011,28
cx_5abe104466446eb8,3111011100104600003,31
cx_5aca3316786c132f,3611010800122020006,36
cx_5ad670576c9bc3f7,3014010200100820001,30
cx_5ad7555fc3221329,1233011900110480000,12
cx_5ad800bd375ea3fc,2812510300100010057,28
cx_5ae36f1752d3c6fd,4817012600102970001,48
cx_5af9becb44977d3f,4827010200113970000,48
cx_5afd0a918f099b4d,4719025332100420000,47
cx_5afd6b9375fd6898,4888025023100970000,48
cx_5affa13238a56a67,5213010300100100000,52
cx_5b0388178da1e0ae,3011010400105400000,30
cx_5b06650ac81b6b22,5113011300112010000,51
cx_5b06dfa4c3edece4,5211310300107510000,52
cx_5b0a55ec4ce0b73e,1224012000112580005,12
cx_5b0e03c36822b163,5011010200100460001,50
cx_5b23d84639735a0a,1227010500100460001,12
cx_5b272ce2626b6ded,1213010400102510002,12
cx_5b274accabe51ffc,5175025022101970000,51
cx_5b37cc2a8c005f35,4812110500103290000,48
cx_5b3987009a8c0b2c,2771025627100560001,27
cx_5b5a9a3d58830220,5111012100105720000,51
cx_5b5debfe9c07242c,5271033027100600001,52
cx_5b63983d5cd8ac55,2823710100100700123,28
cx_5b6819d12ba9cf0f,1233011900113360000,12
cx_5b711df3bbb98f67,4822011500103820002,48
cx_5b76032b457b0a0f,4420033026108980000,44
cx_5b7a5c63759142ef,5213014500108540000,52
cx_5b8164c69ebca000,2820011000100660018,28
cx_5b86ff5fb23478f1,4812125028100200009,48
cx_5b8dfb0eac16bb76,3111010300107660000,31
cx_5b96801810940182,5013025029124050000,50
cx_5b97dea6c7d5d7f7,4311112400125420000,43
cx_5b98b7be11b921ec,3171025927108810002,31
cx_5b9d666c50d14977,4812911600100010003,48
cx_5bb8c14ddfbcabbf,2823710400102360000,28
cx_5bbb6177c3713374,2815510300131040001,28
cx_5bc432b06d44c5ac,5013011600101930000,50
cx_5bebe60da993b64a,4427025021109260001,44
cx_5bf88df4852b4392,1215011100106340000,12
cx_5c017988e3d2322d,1276025030103210000,12
cx_5c01ade3676aef67,1221011900105010000,12
cx_5c0be749f1594c4b,4783025321100060001,47
cx_5c129c2909c64acb,2829010300100490004,28
cx_5c1a51fc2140156f,4420010900100840000,44
cx_5c21774fdea0beae,5117010700104590000,51
cx_5c33029ba11dc515,4420011200107130000,44
cx_5c3407a52f673306,3020011100105360010,30
cx_5c566b0e6f927684,4817012100102090002,48
cx_5c5b48ef2e3cf15d,1233011600106940059,12
cx_5c5bd536725942b2,2827510600106100001,28
cx_5c5ec649677da85d,4420011000102060000,44
cx_5c61812cb2052eea,2771025625110030000,27
cx_5c646b96ebf1d5ee,3171025927108550002,31
cx_5c668b8e7a94613b,1215010400102310001,12
cx_5c74339ed0509283,4311311300117610000,43
cx_5c8368d5d34ac6ac,3114010800107250001,31
cx_5c86e7cd4efb78c9,5172025023100610006,51
cx_5c95cc161eab68cb,1230011600105680002,12
cx_5ca6b719c0dbf25a,4882025024101620001,48
cx_5ca7bb8561f4e715,5211112900102460000,52
cx_5ca83a19600b09c8,5115012500103210000,51
cx_5cb80823bf48e490,5111012000108080001,51
cx_5cc00b3ea7298ef1,5271025328102730000,52
cx_5ccfe2c538bd4523,2626010700106500001,26
cx_5cdb674ade683aaf,4427039022100110000,44
cx_5cdf14aacbe188f4,1286025021113380000,12
cx_5cf422830c18de1a,4311311300120770000,43
cx_5cfb362a48056d91,4311410100112100000,43
cx_5d0a36650861ac8b,4711125325105940003,47
cx_5d10da8c5316b40a,1276025033100370008,12
cx_5d14d2275e55565b,3111010300100940000,31
cx_5d2780988ae5da50,5111012000104270000,51
cx_5d2b00214cd197f1,4784025029106300000,47
cx_5d34755a4833f3ca,1211016400109920000,12
cx_5d3e112a4d8df795,2823710600103610003,28
cx_5d43963ff0d17fef,5211113700107050004,52
cx_5d6ae7d5fbc3748a,1282037025100200000,12
cx_5d6bb4d6fa03dfc5,5211114000104510000,52
cx_5d706b82d3411861,4812310600106010004,48
cx_5d727325e93a8cdc,4833010400108830000,48
cx_5d7547dfea83d82e,1217012800107140001,12
cx_5d80e4e89d16baea,1227010800108720000,12
cx_5d8518f16e5ff688,2823710100100700005,28
cx_5d89b0ce695afe92,4421037021115500103,44
cx_5d943a3f59bf4250,2823710300101820000,28
cx_5da2acb88c64929e,1233010900110850000,12
cx_5da4d21d2dfa0f27,2714010100100810001,27
cx_5da94517f7cdc602,5175025022104030000,51
cx_5db325a2b9343507,3117010700101470000,31
cx_5db9a158bad678b2,4413310300101100000,44
cx_5dbf7ea2c6cb5a5c,4420033025155160000,44
cx_5dc283eed195a422,5219011700106410000,52
cx_5ddc27a61542c2c1,5011010400118600001,50
cx_5de0d8a30868aeae,4477025022106400000,44
cx_5e0819eb84ffc90e,2827510600105770002,28
cx_5e2e7e3c89793577,4420041028108400000,44
cx_5e4c9ead83545051,2632010200113580000,26
cx_5e5a03d464b00338,2871031025106190000,28
cx_5e6284ec274944b4,1211015800110140000,12
cx_5e7487aa1f9bfd58,5211112900107620002,52
cx_5e8691debfa4c661,3111010800102860001,31
cx_5e86b4e752d5c52b,2818510300105780002,28
cx_5e89f6b7dcd6d031,2820010700103910003,28
cx_5e903bf22ca014c6,1217013400103030000,12
cx_5e9b242a47e80a6c,4311311300115100000,43
cx_5ea42f3cf6bd58eb,4711312000110810005,47
cx_5ea5e57cf021d441,4825034028102260001,48
cx_5eaf9587ab00f020,4713025922118540000,47
cx_5eb53ee2df46e7d3,1221011000104310003,12
cx_5eb7a1a92f5bc5a9,1280025329121830000,12
cx_5ec4e4c8ec734768,1230011200109710001,12
cx_5ecb9a245b27b2ee,4785025021114630000,47
cx_5ed2aa6732b7180a,4413111400100270002,44
cx_5ed7ace779031685,1233011500107630002,12
cx_5ee00d641d6f65b6,3611011300103000000,36
cx_5ee2334d229e8bc8,4719010400107640000,47
cx_5ee7f672bf12a366,1230010900102940000,12
cx_5ee949a51524ffe3,4423010900111130000,44
cx_5f0f848ddfb35e06,1224011900101790024,12
cx_5f1a670d7f0c7a76,5011011200154660002,50
cx_5f1e9606913a793f,4812125027100210001,48
cx_5f30adad779a3b87,4833011000102410006,48
cx_5f3479379aa7d9fc,4711125622111880242,47
cx_5f48fb9f82aa356d,3017010400106420000,30
cx_5f4e0902ef3a1d12,4420011400106100000,44
cx_5f5747299e564452,2827510600103410014,28
cx_5f84c79134ac1071,4812515800100500000,48
cx_5f924b0f60993368,4817041027109650001,48
cx_5f950651966f793e,5115025022100180006,51
cx_5f9da52f0ff53b42,4311425030105040008,43
cx_5facd5d7f5bbc0e1,5011025924141680000,50
cx_5fae04503cdc299c,4715010800108470002,47
cx_5fc6b65e1ddfe5ea,3017010300101800002,30
cx_5fcbff4a08e7512e,5113031023112930037,51
cx_5fcfc23ff29657fc,1233012800106140001,12
cx_5fdcdf50db018373,4311425022102100000,43
cx_5fe319f51b0fc71e,5011013000116180000,50
cx_5ff4e9b5e071ac4e,5214012200106820000,52
cx_5ff9ccbcaed4cea0,4817012000101020002,48
cx_600669bd4ab19c65,1233011700108850002,12
cx_6016b2d374f0b2d2,1213011800118060000,12
cx_601af0ff33f66585,5113011700118220011,51
cx_601b0c3c3e737a8c,3120012500114850002,31
cx_604b0e20cfc4263f,4711125325105930000,47
cx_6052b4e7faf4b107,2823710300101800078,28
cx_60570f6017fd783b,5173025022103950002,51
cx_6066a327e970176c,3114010400108720004,31
cx_606946eb043ef37d,4420038021101350014,44
cx_60723702dc83cc76,1276025037101350001,12
cx_607e081a04f9d0db,2824510600102280001,28
cx_608a5d20f14f5ec0,4831011300109890005,48
cx_609dd87847cc8d3f,1233011900110300000,12
cx_60afd763f266c974,3017011100103390003,30
cx_60c6d8cdb6194c70,4825012700105270002,48
cx_60d942dd1a4183ab,4413310400120550000,44
cx_60ec12a488928ba6,5211114100113160001,52
cx_60faf7aa1ba04c0d,4812111600107150000,48
cx_6100235061c9d1fc,5211114200114830001,52
cx_6101ce86bf821392,3020011100106400007,30
cx_6102348317d11041,2818510600100030040,28
cx_6103d032b1128c2d,1213012900100730003,12
cx_610d9ed44e795aca,4311210300102510001,43
cx_611916de0f9662eb,4413325329102310006,44
cx_611a716ab32c6f74,3017011200112030000,30
cx_611bb4219436410a,3014011600100010031,30
cx_611ca832c759a29e,5211312200113130000,52
cx_611daffca2d89084,4729025021103920001,47
cx_61301762f71fa10f,2824510600102140001,28
cx_613331d8c4a1b0ee,3020010100103570000,30
cx_6151a9d5df7fa258,2638010400104440001,26
cx_615be97ebbb2a8b9,4375033027102570000,43
cx_6177f58ccd8e27b3,5214012300107280000,52
cx_61868a194fc58381,4715012000107690000,47
cx_618e1b6cd5240a56,4817013700102930000,48
cx_619836e82aac4596,1211015900108240000,12
cx_6198f68080e25283,1215031023106520000,12
cx_619e422bc9e8dbd7,2824510200100180004,28
cx_619e9cc1064b623b,5111011700108150000,51
cx_61a0b17ad4b2d911,4421031021103280002,44
cx_61b4a79f3fed9369,4713025921113970000,47
cx_61b7e6a554519d1b,4728010300108280000,47
cx_61b99b5ee3053399,3114010600114610001,31
cx_61bde9c2c6d74576,1211016400113990000,12
cx_61c2faa7fd5f8f3e,4315011000122340001,43
cx_61d46470097c0654,3611025021101410053,36
cx_61dc219fbb99978e,1211010200117510000,12
cx_61de3e2bbe8f4b96,5219010900109420000,52
cx_61df2c9e42b8389f,5211311500102850008,52
cx_61e4d89b09d4ba78,1227010300102910000,12
cx_61fbc344f88f1c9b,3020011900104950000,30
cx_61fd7f1d2a6653ec,3023011000101240001,30
cx_62059a4ddac3eeb9,5211112900103250001,52
cx_62096c937cfeea99,4717012800101680006,47
cx_620ea2a27a611816,4373025036102590002,43
cx_621270cb8e89cbd6,3111010300101860001,31
cx_621437c7cfd95657,5213013600105390009,52
cx_62161c72c58c718e,1227010400110600000,12
cx_622fd4d5ff4deb27,1213010500100420000,12
cx_62470cdeba07663b,4817013700102190000,48
cx_624e54b4a96a3e94,4717011300103460000,47
cx_6268df1e8b8c18af,3114010500113520005,31
cx_626fcebfc712f97e,1227010800102770000,12
cx_6274d3b0f29f4c21,5211112900107640002,52
cx_62945cc1681177fe,2829011000109650002,28
cx_629e8cf0aed5c96d,1227010800102950000,12
cx_629ecca8ad8b226c,4311110300100780010,43
cx_62b1b7e5391da954,4311425344106470001,43
cx_62f0ca4d719a2b59,4729010700100030001,47
cx_62f2e92b8c73e03b,1230013000106430001,12
cx_62fabab8b3333a0f,4825012100103600000,48
cx_62faf4c55e197c4e,2812510700103430000,28
cx_62fecf7f74449fef,1227011400104360012,12
cx_6301e476bcbd3273,2820010500105610001,28
cx_632aca8a3ebe7db2,4817042022102490000,48
cx_633e44f1f45b2673,1224011900117090000,12
cx_633e5b6dc0072d50,1230011300105940000,12
cx_635b23aca0f1a021,5211312100101230012,52
cx_6377c11c19c39672,4427010100100250006,44
cx_6378844830c128eb,1215011400115150000,12
cx_63811e969aff08ef,4313011800117630000,43
cx_639a0b5d7bc12f24,4311311700104580000,43
cx_63a0ff517b1e1b87,3111010600102550001,31
cx_63a302d3a49ddbe8,2820010500105450000,28
cx_63a45b1ede54705e,5011013000119110000,50
cx_63a62c38da3d0365,4812311000101880000,48
cx_63c0ebc461235a7d,4375037027110780000,43
cx_63cb8a6bfa55673e,5111012300109830000,51
cx_63ee3b2274fa1492,3120012000106840000,31
cx_63f282b3d9a9b6ae,2827511100101540001,28
cx_63f29fd1ef230db5,4719025331105330000,47
cx_63f2fca4e4974aaa,4785025022104100000,47
cx_63f8cab7b0c6d404,4711111400106090000,47
cx_63fb4af39517a9ad,4719010800100200001,47
cx_63fc397d9783dd71,5111012000109080000,51
cx_641e8e36eff9acb9,5218010300103190015,52
cx_642005eb026c2f42,5211313200110820000,52
cx_642728639a9c4041,4418010400119810000,44
cx_642e7a3083ab56da,5113033023114640000,51
cx_643a8e389adc83d9,5011013700113990000,50
cx_6440e1484c9a1032,4825010800111320005,48
cx_6444a5afa8f02e6f,5172025023103690000,51
cx_644be06b43e57ddc,5013010200107480001,50
cx_6468cb7e1af649d8,4480025026101120012,44
cx_647483944e48437a,3020011100105360005,30
cx_647941fbf52e3e39,5011011200101160000,50
cx_64924c780ebd37c4,4313011800112310000,43
cx_649486a0d8088343,4825012500108800003,48
cx_64acbebb8d930174,4715011400107650000,47
cx_64b69655e16e4a11,5211312200100150000,52
cx_64dc92f88bbd09b4,5013010300116150003,50
cx_64ddc74d1986d10f,5271025029108620000,52
cx_64eeee9e600dec6a,2823710400100050005,28
cx_64f046ac258b5079,5111011100100770000,51
cx_64f5644046954e5a,5213014500108970002,52
cx_65072d67658dd2da,5211112700103310000,52
cx_65084e6b43adaf6b,5113010700115880004,51
cx_653c965c605fc365,1221011900105150027,12
cx_656aac75097518a0,4822011700104830002,48
cx_65992f272b8caad0,2815510100118800002,28
cx_65994caf6c7e2cad,4719012000104290000,47
cx_65b9b40cfdf7081b,5211313000106390002,52
cx_65bd415378c714fc,4888025021107720000,48
cx_65bea07407a022d9,4413325626105840000,44
cx_65ca714c3e7c0b57,5271025325102120002,52
cx_65cfd82779a245cb,3114010200101770002,31
cx_65d442a7b9346eca,5214011200101530000,52
cx_65d615be1ba59091,5111011400101830000,51
cx_65db36de35fb3e27,5214011100106170005,52
cx_65e413d5edec779d,1227011500109850000,12
cx_65e9ee230f461204,4413310800114940000,44
cx_65eb50c3874eb30b,5183025036102620000,51
cx_65f2be597b0288b1,1211010200117690000,12
cx_65ff735d0e88f671,2820010100100700016,28
cx_660a6bac801846e8,5111012400108930000,51
cx_6610ea58ff30fc92,4311410100102370013,43
cx_66114ad12dd05eeb,5271033024106460000,52
cx_6618e8dba176f09c,2714010100106800027,27
cx_662916b05d375e87,4831010600112880001,48
cx_66481c1ad7d3a254,4311210900100410005,43
cx_6651c9545b5e28bf,4427010700118760000,44
cx_6659a21049fb1d04,2823710400102590000,28
cx_6659f674d6678658,4822031022107600007,48
cx_6660795eb0f7cc3a,4480025026100950022,44
cx_6661f063bf86c1cb,2815510200117790000,28
cx_666e16e1d258a1b2,4420025324111670000,44
cx_66745958d06de465,2823710600101790001,28
cx_667ef0da075a79fd,1211010200113650000,12
cx_668ce177523633d7,2823710300101420003,28
cx_669af8e3e104b107,5111039025102550034,51
cx_669e41de839192a5,4413111600109020000,44
cx_66bfa964578e6351,2824510700103810000,28
cx_66c2886c025a3ad0,2824510400100090013,28
cx_66d3f3b7038573b6,1230010700114880000,12
cx_66d406b14705517c,5211310300108900001,52
cx_66f1ea755245542d,2829010100101320005,28
cx_66f268f5860e0396,4713010400102280002,47
cx_66f480fcc89f6ae8,4812131036109050006,48
cx_66f5557620b4f5e7,4812916400113360004,48
cx_670e86c229571311,5115011100112930001,51
cx_672ba18601f596e6,5111012300110970000,51
cx_6734158b81591f2f,4313011800117550000,43
cx_674107718e642511,4311313800104220000,43
cx_6757bc603e9b4ba2,4374025027100810001,43
cx_678187576aa91d67,5121010800110930000,51
cx_678f8087a308e47d,4311410500103360000,43
cx_678ffb9ae942c4d4,2829010900102730005,28
cx_679ba2a898ecd42c,4817012600107420000,48
cx_679cbe72382b05a0,1219010800107330003,12
cx_679e6ce5c267eb5d,5011013000128750000,50
cx_679e9b4415b45389,1233011600106820001,12
cx_67ae2531bf901731,4713012400110740002,47
cx_67d01e93b863c1bf,3114010200113850004,31
cx_67d4bdf4e30d711b,4311112400121080000,43
cx_67d67cae3c241d78,3611010900121020004,36
cx_67db4d3db66e92be,2714010200100040010,27
cx_67e7e4566f3b9fc4,1233011600106860002,12
cx_67edd3847d42b539,4825011800104580008,48
cx_67edf1ed663b634b,4380025027110420000,43
cx_67fdb94d4dba2e9e,3120012300110630000,31
cx_67fe9f1d76489ffa,5211112900109650002,52
cx_68081ec5ff45ec5b,2827511100101650013,28
cx_680a18181b7125ac,4413310100101730000,44
cx_680ce9db343c328d,4420035028107920000,44
cx_680e045e2d489656,5219010700109770000,52
cx_682773a80d80ffae,4311311300107640000,43
cx_683a012ccc716a49,5117010100110600002,51
cx_6846ecfdf2f6502c,2824510900100720002,28
cx_684cd5bf34c27401,4822010900111580035,48
cx_684fe3a4ad8e87ca,4812725025110360000,48
cx_6856183faff03cf3,3114011000101520006,31
cx_685776cffa247e07,5177025021100890001,51
cx_6874e07cf40baba1,2824510300100260001,28
cx_688d647e23d29fb4,4311311700104600000,43
cx_68a351a43f38132c,4831010800112120002,48
cx_68a712afce3b4548,4311210600102370000,43
cx_68ae64df6a27a7c6,1233010200112980003,12
cx_68b0ac73d6fa1a9a,5211114200115310001,52
cx_68c057db4ad66575,4719025336109110101,47
cx_68c9b8d6525a70de,2817710500108820001,28
cx_68ca8f77993a8c5d,5172025029104680001,51
cx_68d2391c31891d90,4420036032117930000,44
cx_68d26bb01cf30827,4729025025102650000,47
cx_68dcea0d857e7942,5111012500100440010,51
cx_68e0f8f422638cf5,2653010400105100005,26
cx_68e3a3dcf5e3d32c,3017011600115990000,30
cx_68e4450424f9b49a,4311410300107440000,43
cx_68e91bb11738ab0d,2823710700104980005,28
cx_68f01419af7bd207,3020012000108980001,30
cx_68fda2631741c494,2823710300105060000,28
cx_68ffb16504d2ba3a,3114010400107700015,31
cx_69066a961da88d30,3014010200103790001,30
cx_690d645c29f17f58,5211312100101010003,52
cx_690da7cc9ad12149,1233011400109160000,12
cx_691abd6b3791f782,4413310300108900000,44
cx_691d1f9caa1e8241,5214012200101470000,52
cx_691f467b39b814e5,2820011000105640001,28
cx_692ef7346ad9430f,4825010900102830000,48
cx_6939e9775325e878,1215031022119690000,12
cx_6952a9acfb6161bb,4785025021115710000,47
cx_695814315cc6073d,4413310400110000000,44
cx_695cbb06017b643a,1233010700105400000,12
cx_696a45e940315902,3020011100106120002,30
cx_6971605941c8e894,1227011500110920000,12
cx_697ed8ae8f339705,3120010700103580001,31
cx_698d456e778728ac,1224013000107420002,12
cx_698e7609d688b2c3,3020015200104300000,30
cx_699a53d4c4dd400e,4817011400110960000,48
cx_69a4601943bf704c,4833033021100150004,48
cx_69a8d8dd93eb2a06,5121010600106200000,51
cx_69b74f5125dff20d,4822034024115730002,48
cx_69cfad5030653d5d,2817710500114430000,28
cx_6a01ecd440ee1f69,1230010900111010001,12
cx_6a13c4651d6c3542,4311210700110020000,43
cx_6a1c2467ebb9e654,2815510200117090001,28
cx_6a2a9f793c67f2a7,3111011100104120035,31
cx_6a2f29b8f7f833b0,5117010100110600001,51
cx_6a3354b3d01685ed,2829010400113160002,28
cx_6a3e90af9f5b588f,2827511000102170000,28
cx_6a50522825205efe,4812131028102250001,48
cx_6a6519ef27dd3f09,4711111200101610106,47
cx_6a65582f98d28bb1,4729025024103510000,47
cx_6a83a48affbf136f,2817710300100410003,28
cx_6a88bfbc27169472,2623011000101860000,26
cx_6a89ea18d3c845bc,3171026521116780001,31
cx_6a8cf396b1a90fff,4377025632106210000,43
cx_6a8fbba57beb88bd,5211112700102500000,52
cx_6aa39defa9c14056,3114010800107300006,31
cx_6ab4af9eb72f7baf,4713025332119800001,47
cx_6abe767c8c3a9a7f,5013010500113680000,50
cx_6ac9f48388f075c8,2635010300113160000,26
cx_6ad365287bc3e908,5279025021104100009,52
cx_6ae648752d687455,3171026221104040007,31
cx_6aeeefddb68ae94f,5011012200110580001,50
cx_6af812e95d66ed95,2812510700103480000,28
cx_6b0223bd8e7e0b57,4822011100110210001,48
cx_6b10ecebe05a3f95,3120010300106820000,31
cx_6b144cac35b79c48,4311210600112020000,43
cx_6b15cb010f0cb511,4313011800112190000,43
cx_6b17c1789dbc602f,4421010300101920000,44
cx_6b1d7486a66513d8,4711311600100200117,47
cx_6b2e72d587ca4a01,2817710600100130003,28
cx_6b4082d477316858,5113011200122100000,51
cx_6b4bdb4dbb29a4ae,2824510200103420001,28
cx_6b513e84fafe53d7,5182025025104830001,51
cx_6b5298d9ad5f4d15,5177025622104350005,51
cx_6b54c801c04ceaf6,4311410300120800000,43
cx_6b5ad962d76217ec,4817013700103060000,48
cx_6b61067e61359798,1213013400118320000,12
cx_6b65553d9a08c934,4833025321108900003,48
cx_6b6558bb616eeed1,3114010800105640004,31
cx_6b6fd363ddfc9752,4315011200114140000,43
cx_6b9d34efe86bc78e,2820011000105800001,28
cx_6ba5108462dcf42c,4413325325100260007,44
cx_6baf3420c378d80c,2818510400105590001,28
cx_6bbfef8182e50fca,3611010800122020007,36
cx_6bd525fad492ebc3,3111011800104480003,31
cx_6be49983d34e0d81,2824510300101690000,28
cx_6c03e13cb8b32a0f,4315011600110290000,43
cx_6c0bb29d25013a4b,5211312200113090000,52
cx_6c17a724ffe9bd3f,4812511100103160000,48
cx_6c196b0da9da8ed0,3017012800102810000,30
cx_6c1f984d5dc88d7f,4833031026114470001,48
cx_6c219c2da600af36,4427025328109860000,44
cx_6c273f8076fc7338,2818510600100030010,28
cx_6c3eb93bbdecf548,4785025325110360000,47
cx_6c408b0995fb3774,5175025022103940000,51
cx_6c44dc96c6658a2a,4790025330113980000,47
cx_6c4cf4f2fca163fc,5275025022109580000,52
cx_6c56bb2c97288e7a,4833010700104340000,48
cx_6c62b53e2f4b00f3,4311311400101000028,43
cx_6c62d884c67c7a1c,3611010800105560000,36
cx_6c71e64e10ba9e81,2815510100118780001,28
cx_6c782642c10603b9,3017011000102200000,30
cx_6c812143b0d5556a,5113033023114610000,51
cx_6c85d7a307290d8a,4413325023101820010,44
cx_6cb64aae3ad3c588,4313011500100240001,43
cx_6cc4aac47e56ca25,5175025021110490016,51
cx_6cc6c9169cb2c2b7,4812914200101330000,48
cx_6cc88fea1fcd0cc7,4420041025104970000,44
cx_6cc8c354272aef95,3111011200106200000,31
cx_6ccee0f55e2abb65,1211010200118400000,12
cx_6cddbe6f21ac3e14,1219010600115940000,12
cx_6cde8fe37fa8271e,3114010900105590012,31
cx_6ce0dd682c81e8c3,2820010300110380000,28
cx_6ce5b5dd2bbf1e15,4729012500106950000,47
cx_6cef34dd9ad4e9c1,2723010200105000002,27
cx_6cf866e19f561eb8,3120010600101740005,31
cx_6d188c32650a7d3e,4719012000104530000,47
cx_6d279a88d01ba945,4313012200111670000,43
cx_6d297488e331456d,2629010600112030100,26
cx_6d2d75b493e8031c,2823710500104940000,28
cx_6d317ea21acd6642,4711312100113640001,47
cx_6d3448d506a713b5,4413325023102440013,44
cx_6d351993801fb94d,1282025023108550000,12
cx_6d43a5ea2308e09f,2824510300107650000,28
cx_6d54bb6e0fd99ad6,5211114100113820000,52
cx_6d82dc6624c62c26,4812311000101960000,48
cx_6d955bb8e729e3ff,4831010100102190007,48
cx_6d9c9931d19baedc,1224011800102670001,12
cx_6da1e43de70822b4,3114010200101910069,31
cx_6da3e4bcb733d314,4723010300101200000,47
cx_6db32a7bcbff6d90,3017011200113880000,30
cx_6dbd5ddf5ffc517e,5011010700109400003,50
cx_6dc0725d731b4851,3611011400101810001,36
cx_6dc3426fd0cca3f7,5113010800101850001,51
cx_6dcb48b4b839059b,4827010400107310000,48
cx_6dceb83bf4768182,5211313800107890000,52
cx_6de51d9c5bda85f2,4719011000100380005,47
cx_6deda3e88989d889,5121010600106270306,51
cx_6df1e53a3a8be1e2,4377025625101300017,43
cx_6df7e9012719173f,2829010400102230001,28
cx_6e031c0d8bd5d5fd,1233010700105530000,12
cx_6e1a730bd43f3293,4719011300101100000,47
cx_6e1f20c62a5604f2,1230011200109190000,12
cx_6e272c3e7d304510,5213015100135600001,52
cx_6e295a34f9776b23,4812313700100800000,48
cx_6e3069d33c829e39,4723010500103840000,47
cx_6e33402c60979e38,4812515300100080002,48
cx_6e43be321af720bb,4311410100103280012,43
cx_6e4619f91053cce9,2714010300104300004,27
cx_6e4c4cae756d251d,5011013700103060000,50
cx_6e5d50a2a96a09d8,3017011600109990000,30
cx_6e5d7b02d7231f75,2824511000106150000,28
cx_6e60f7dd9ccf5ca6,4812125032101300000,48
cx_6e6e1c766694427c,3611039022100350001,36
cx_6e6ef1d487a50397,4785025621109020000,47
cx_6e7bd226760d22ac,2829010900106330002,28
cx_6e7ccaeca883188f,1230010600108210000,12
cx_6e7d00f75cb07f63,1227010500106930000,12
cx_6e8a576a52990d70,2827511000100300002,28
cx_6e8adc47b2ebe62a,2827511100101300002,28
cx_6e929a25141ebd8e,3171025922106450000,31
cx_6e9af0c833c37374,3017010500102250009,30
cx_6e9e3d67196f12f5,3020012000110400000,30
cx_6e9e4aedb5079007,4374025022101430000,43
cx_6eb54e52be598e6a,4719012800109070000,47
cx_6ebfdd5d32ac8a6f,2823710700104420003,28
cx_6ed0e6e7417c38f7,1233012000107810001,12
cx_6ed7f345883f2650,4413310700119200000,44
cx_6ede78a3eb620714,4476025031101130000,44
cx_6ee1deae5c0550de,4729025621107770000,47
cx_6eed2dfa9a49b6e9,1230010700110660000,12
cx_6ef48d7660ce8a67,4825012900103340001,48
cx_6f0077827bfc458a,2818510500109390000,28
cx_6f0261bea6f7cda6,4421037025105270001,44
cx_6f117b116d7b48e0,5211312200112980000,52
cx_6f18f5e60da6df8d,4812311000101970000,48
cx_6f1eca33ddfc81b5,3017011600115840000,30
cx_6f20b84d6a3f3b47,4413125033104220000,44
cx_6f3876f5092a3cb8,1221011100103150001,12
cx_6f3be7b8cc450ee7,4420035032107020000,44
cx_6f497e1bebb6d1b2,2711015600129510001,27
cx_6f4fe8a882d093a3,4817012000106410033,48
cx_6f51d0dbc7db4286,1283025028106860000,12
cx_6f63a3584c9d68d9,4824031021105480012,48
cx_6f697e9b17342d1c,5214012300106210000,52
cx_6f7acf6268cb5c5d,5121010800114590000,51
cx_6f8e34ffe3effeee,4719012000104740004,47
cx_6f9420d065ceaeea,5211312200112870000,52
cx_6f996e25b40fe5c1,5213010800108920008,52
cx_6f9f08fe02cca5ca,4773025022107350001,47
cx_6f9f29e5e1db6da2,2820010100114760000,28
cx_6fae58d367866f0b,4420041028108450000,44
cx_6fb724b45486ada2,4480025623102890001,44
cx_6fbb3a8821efdee4,4717013600105160002,47
cx_6fbfc15756440a21,1215011400116260001,12
cx_6fc74ec1c01eeadc,4315012100108980000,43
cx_6fc7f7cd366ce889,5271025627115810001,52
cx_6fe34c5377a1262d,3114010400106500017,31
cx_6fece5bdda21da4e,4420025331113460000,44
cx_6fed7ccef9cdf985,4715036021108170000,47
cx_7006cbd89130b916,2812510200100790004,28
cx_700b5d4150614d54,3017010100102800000,30
cx_7011bdeecdcdb47d,4413310200112700000,44
cx_7024f3f4597cd0b5,4873025325100010001,48
cx_703e6512e0694dad,1233010600100650050,12
cx_70438cc2665de357,4812312600100040001,48
cx_705e2db2e08f098a,4413111900101810000,44
cx_7065afefa8dedccf,4420011400100960001,44
cx_7068b1c091e1807a,5211112600109870001,52
cx_706a011032bed886,4420025324106400000,44
cx_706a35b593037206,4711311800101340000,47
cx_707553bbeaef1d84,4833011900103470000,48
cx_70799cd99b543590,3120012200104020001,31
cx_707c0645e62d0d85,4311112400121050000,43
cx_7086ce688aef7f78,5214012200107670008,52
cx_7089cb9d0ec39654,1211016400109160003,12
cx_708b389b406ad106,5214012300100840000,52
cx_70933ad646ac61dd,4827010400105670000,48
cx_709852c7427768a3,5211111900102910000,52
cx_709c68b2d1f407e7,1213013400100060001,12
cx_709f401a819bc2bd,5211311600107180000,52
cx_70ac02d43045b68f,4825011900106910002,48
cx_70af3145d2e48c88,4420011400106230000,44
cx_70b6a48fe850f3e4,2635010800104620001,26
cx_70c433473e514c2a,3114010100104770001,31
cx_70c4553bdb937bbf,4817013700101450000,48
cx_70d11600987e3cc4,5214040021111800000,52
cx_70de9b94a6482513,4812914200101250000,48
cx_70fbd55cc00cf4d2,2818510600100180010,28
cx_71049777741c316b,4715012000107730000,47
cx_7105585397b748e1,5115011000119840000,51
cx_712925d6f15266c4,3611010700102590001,36
cx_712b478d9a324c5a,4375037027100350008,43
cx_712e51eca98413f6,2827510600105970001,28
cx_71409426e9dfad16,5214025021101630000,52
cx_7156522bef41849e,5113010300101290001,51
cx_7156a200afb949fd,4825010800111250003,48
cx_7159ca58e182fded,1233011600106950001,12
cx_715b6a8749cfc249,1211016400111490000,12
cx_71607accd4eddd44,4723010500100490002,47
cx_71620272af83b970,2818510600100030038,28
cx_7162e1a078de2a72,5121010400106270000,51
cx_71757b492898c50f,4711125321103900003,47
cx_717a373aabca356a,2823710500102060002,28
cx_7180817e80191e58,2820010500107170000,28
cx_7183c02df53eac1a,3611010700124211401,36
cx_718f4ed8b603aff4,4812515900102100000,48
cx_719b07debd819d3d,4376025030104210000,43
cx_71ace6744f9cb33d,5218010300109700000,52
cx_71b148842c48d1f6,4873025021100230000,48
cx_71b5327c9461dc88,4812131036109950001,48
cx_71bc601f3ccbbc97,4728011000108620002,47
cx_71de6668e56f349b,4711312200117320000,47
cx_71eaf1ffd6fd4701,1224013000102060020,12
cx_71eead8d31e2e73b,4420011300106280000,44
cx_71fac615837d7536,4711312000110820003,47
cx_7202ebb3c7cc5a16,4420033026108830000,44
cx_72096a0d921cb9fa,1227010800105140022,12
cx_7211b46b35812d17,5213014400108000002,52
cx_7229699dc79cd8e7,3011011600105180000,30
cx_722c8174e8048664,2829010400113350002,28
cx_72408ccbf97eaef6,4812510100107550000,48
cx_7243fddf351020db,2829010900100810001,28
cx_7248020d57bc2542,4812914500102600000,48
cx_724b983817c71651,1219010800107570002,12
cx_724cc520a07e89e9,4824032025100120001,48
cx_72533abf3d5cc6f9,2817710200106150007,28
cx_7260c8d8a6fe241f,5214011100103560000,52
cx_72750bb182aa1dee,2623010300104430016,26
cx_7275b16e860d1b7e,3611011200107600000,36
cx_7275d0925595f48e,1271025025107300000,12
cx_727e42a0dbb0dd8d,2818510200103400000,28
cx_729ee292af60c5c4,5113010700116840001,51
cx_729fc783ccf73afb,5011013700102780002,50
cx_72a175c9fd995669,3111011200107020000,31
cx_72a53288efc3b741,4825013200108490000,48
cx_72a611ec7cd020a3,1227012100105040000,12
cx_72b3956075ff25f9,2820011000107740001,28
cx_72b9dbe80fac5a5e,4719010400106570000,47
cx_72bf00ebbd61887f,4711311300100170358,47
cx_72c1efe53552d133,4812914400100750001,48
cx_72c266b32c57774f,5214012200107710003,52
cx_72c335c93cbe7c92,2827510600105460000,28
cx_72c97c8977d2b931,2829010400113140000,28
cx_72d3ac3457d4f4d8,4311210800110340000,43
cx_72e56e4330ca7518,2820010200105190004,28
cx_72e56f235473cddc,3020014100104640001,30
cx_72f54b14e8d3279f,4375037027105290001,43
cx_72f7f205c6c5a9e7,5211114000100980000,52
cx_72f8dea0a160a167,3017011200112040000,30
cx_7302d058345b68aa,2812510700103420000,28
cx_730c53b89598ef4f,3120010600112770001,31
cx_731afe095da34dd7,4380025025101060001,43
cx_731c2084eb879cd4,4833010200106020001,48
cx_733acc9fc7e0a59c,4315011500111420000,43
cx_73447d1c42c7c111,4825012500111570003,48
cx_73531a794f50a979,4825012500111570006,48
cx_73556c745fef9aa3,5117011800107530000,51
cx_7356e79c264d6cd7,4717012900103310000,47
cx_735db7dc95401158,4311112400124330000,43
cx_7362f3158073f5c7,1221012100106030000,12
cx_738457144c59d335,4817011900103310001,48
cx_7386e2ab18df79a4,1217013400103810000,12
cx_738e7ca45b933073,3017010300102050000,30
cx_7392eca83892c7ae,4827010200103000000,48
cx_73a5e96382d551dd,4831011400109870000,48
cx_73a6d1be3512c726,3023010700104610001,30
cx_73a83450340f20a2,4711110600106790458,47
cx_73b4096ccb47c770,3171025621106260012,31
cx_73bc8246e7d5a170,2829010500101120001,28
cx_73bcae20e6bfbcbb,3611011200107390063,36
cx_73be6e6d3314c888,4711125622111880694,47
cx_73c3327a733db076,4413325035102140009,44
cx_73c36981c424537b,1227011000107130000,12
cx_73c524f78373b75e,5214013400102310026,52
cx_73c56cb7d7d1b911,1233011600106760003,12
cx_73d89c836283ed3d,2820010300110360000,28
cx_73ebd7e36c18a57b,1213013100103520001,12
cx_7412036daf148f0d,2829010900102950001,28
cx_7431ff48dee34224,2820011000107400002,28
cx_744f59c2d27dc3d3,4481025327100430002,44
cx_74634c728f799a24,5119010100106780000,51
cx_7477f39150d656e4,4711311400101510004,47
cx_747dfbc194a3ad73,4711311900100320011,47
cx_74855c9c01f1aeab,4711312000111020001,47
cx_7486c05c0a465857,4831010900111750000,48
cx_74a521c9a6142aa4,3611010400101470003,36
cx_74a8ea91cc53f0e1,1221012200107680000,12
cx_74ae112505fcb1d1,5013011600101780001,50
cx_74b8c593676f97a7,3020014400106660000,30
cx_74d41d927817f2e3,5211112900109600001,52
cx_74d47867ef411406,1233011500107640003,12
cx_74db2d9fefc4732d,1215031022119700000,12
cx_74e55a60a4acd9a2,3020011100106150002,30
cx_74f7e0f711903d1b,1230010700108420001,12
cx_74febf63cf5df842,4420010300107730000,44
cx_7502e4af0e294817,4825012600105740000,48
cx_7507df7bcc989be4,1224011800113370002,12
cx_7528e79bb740f407,5123010700101020001,51
cx_754326218171b24e,3117010700101200001,31
cx_75444632e87538d9,4825010700114100002,48
cx_7552bed4db878790,4825012500108060001,48
cx_7554b98c9b967a1a,1233010200111380002,12
cx_755771675ad148d5,2812510200103210000,28
cx_756ae3d219027762,1227010400106060003,12
cx_756b5dfe2de02423,4373025037103110000,43
cx_756c71414e091ebb,4427032021117250000,44
cx_757b350a97d75435,2818510600101010000,28
cx_75dd9cba7224a025,5213014400104890000,52
cx_75e63635c7209f64,2623010800106010042,26
cx_75ea558804ba01be,2820010500105380000,28
cx_75eb231e8b61580b,5213015100136160000,52
cx_75f6c36aa9951e33,2829010700107250007,28
cx_75fc1d48b61e8546,3611010700107390000,36
cx_760046d90c657e60,3023010700105540000,30
cx_7608abb5ceba434f,4785025325106900001,47
cx_76219167415a4913,2871031025106630000,28
cx_76304ed7fafcf210,4413310400100370006,44
cx_763d2ed8c44084af,5013025321124940000,50
cx_7664948e8ab5b33a,3017011200118090000,30
cx_7677fd1b38f9c746,3120010800109400001,31
cx_767b11f583b25fce,4713025922118530000,47
cx_76933d37ced248b2,4824010800102590000,48
cx_7693715ecc224fa2,2729011700105550008,27
cx_769a3999beb80aba,4711312200103360001,47
cx_769e720709ebc6af,4825010800111370002,48
cx_76a66c8b953012bf,4311210800106340000,43
cx_76b2349e7525fbda,2812513300100340002,28
cx_76b40ca2e7c3dcdf,5111012300111330000,51
cx_76c3a0e094fd747f,4420011300106220000,44
cx_76c97bb3fc3d25a8,2818510500109310000,28
cx_76d77df11e6b8998,4812914500101320000,48
cx_76db551a20a9adb0,4873025022109340005,48
cx_76e2995d91d29932,4311311700104730000,43
cx_76edbce819a85834,1233010600105240000,12
cx_76eef0cf44d86f3c,4711125325105810000,47
cx_76f7825f774a0fe5,4480025625109450000,44
cx_77073f657991a72c,4831010800103370000,48
cx_770880302710c087,4717012200105780001,47
cx_771536798e3dd755,4413310400114640000,44
cx_772cda83789da758,2614010600106500000,26
cx_77342991a6c99d38,1233010700105490000,12
cx_773b256f9c4b076d,3171025032103360001,31
cx_773ea7543072738f,4420025331115370000,44
cx_77402e80efd8cab0,3011010200101790001,30
cx_774ce0f794a316d9,4413310700104450000,44
cx_77505556072f2fbe,3023011100107870000,30
cx_7751fc1845ed1347,3017011100114180000,30
cx_77569c1e0aeb8f2e,1224013000102400002,12
cx_77573098e5a4e564,1233010100108170005,12
cx_775a7916df71e129,2729011300101410005,27
cx_775a912074ac2612,4833011900101840000,48
cx_7769f8c392da41ba,4479025021103770005,44
cx_776a3b5ab2cca0f5,4482525022100900010,44
cx_77794953017c3193,4719011600100720000,47
cx_777acfa6288e34cf,4311112400129420111,43
cx_777ead2401b1d792,4719011800107580001,47
cx_7781f55088dc0278,4427010600115440000,44
cx_778f594f9497395b,4313011800109260000,43
cx_77a17f8efc4c7637,1230010100108220000,12
cx_77a5bb16c8a4d11a,5113011500117140000,51
cx_77a765efa6b761e4,4311410400100250002,43
cx_77aaaa507eb3c6ff,4415012000106640000,44
cx_77ad829f4d5a674b,5213014400101560006,52
cx_77b04dfadb9d28ba,4374525033110730000,43
cx_77b836dd58c3c2b1,2824510300101020003,28
cx_77cf3eec2128fa77,4719025331104540000,47
cx_77e5fc0d3b3c2413,2818510100103190009,28
cx_77f386419e0ddde7,1281025622121040000,12
cx_78135ae411191293,2829010300109970001,28
cx_781785e52eb40978,4376025022102770005,43
cx_7817d944d099e45f,4311425025100560000,43
cx_7817f129754a1681,4420041032108520000,44
cx_78333e1b1957a9d2,4420011400106070000,44
cx_78426f862a23edd0,5211114200114730005,52
cx_7847483b577fc62f,3611011800101700001,36
cx_785d4e7e15cad362,5211113300103100001,52
cx_7872bccba36940da,5111012000108450001,51
cx_787a5ca79bb8882e,5211311600108260000,52
cx_7881aaad91eaa515,1233010800102900000,12
cx_78844b6ee1b2658f,5111012300104300000,51
cx_788eb60a7a15e0c0,3611011600101180000,36
cx_7894c4e74a0eccd5,4817011900103070004,48
cx_789f6e32334efda1,5213014300100420005,52
cx_78a0a7781aafc454,5214010100101510000,52
cx_78b17bb5696c5cc7,5113025026117420001,51
cx_78c6311b8dc23727,1221011900106910000,12
cx_78cf6c9034f2c874,3111011800104470019,31
cx_78d0e35d48cd0338,3611011400114020008,36
cx_78d2f725d88134ea,1213011800100600000,12
cx_78d81c01d6617162,4785025325107050001,47
cx_78f0d8315e2e9530,5181025021100430001,51
cx_78f24a5ea1a9d1bc,4715010800110300000,47
cx_78f2593a4e8286e8,2829010300110300001,28
cx_78f31fea054b7e9f,4825013000104520007,48
cx_78f7601979d1f4f4,4311112400125400000,43
cx_790cbce90825d794,3014011300100730001,30
cx_7916a86502f6266f,1211015800110160000,12
cx_7918822faffa3c50,4427010500101360001,44
cx_791ad0043e72ca94,5011011000105050000,50
cx_791ebf591a0be80b,4721010500120570000,47
cx_7920bd39e41cdc9f,5271025329100470000,52
cx_792c5bc9945f9c34,1219011000106240013,12
cx_793e6fe6a481953d,4874025321102760001,48
cx_794d194e53219c19,1230011400109680001,12
cx_7956331bcd3f871e,2711015700100940015,27
cx_7958f104d07e42f4,4825012800109030000,48
cx_795b6c366c92f2d9,1233012000107690001,12
cx_795fda649273dcfe,2650010400112220009,26
cx_7961857ae737d526,3017011200118090000,30
cx_79758f2437cdfc65,2820010500106360000,28
cx_797830a5bb6d3237,5111010900101880000,51
cx_797d45ebaa3ce406,4725011200101790004,47
cx_7982faaaa280202b,4729025022107400001,47
cx_7985424badc1b77c,1233012000103870024,12
cx_7991c21477531406,3111010300107700000,31
cx_7997a9435723eb7b,5173025036101610001,51
cx_7997aa2d3cdc44c1,4812131030101650000,48
cx_79b0e8c30b0bcc51,1213012100104090002,12
cx_79b0ed3b0d8cdb2e,5113011000107920000,51
cx_79ba3dfca15d7cb8,4817010400100780000,48
cx_79c52f377628d5e7,4481025326112750000,44
cx_79cebcce5b71e88a,4721010500105200003,47
cx_79dcb06747b94a4b,4479025021103060000,44
cx_79e349be08283b55,1211010300112600000,12
cx_79ebd3c6ec1473a3,4719012800106400001,47
cx_79ec89c043b9338d,4711311800101240001,47
cx_79f497b5e504b0a0,2827510800104460000,28
cx_79f51c1f99eb0541,4420025329104320000,44
cx_79fe1515bf9830a1,4413310200113190000,44
cx_7a03a896c4944f24,5115011400110630000,51
cx_7a05c1df30b0aaec,3114010600116070001,31
cx_7a11411665c2c72f,3171025622107500000,31
cx_7a13b0b6e47edb9b,5115011500102910000,51
cx_7a18dd79ba5e1e0d,2726011900100250002,27
cx_7a1b9651cf39a5aa,2818510600100100030,28
cx_7a26d277c56b4aab,4812110300100110005,48
cx_7a292e7115c2e338,5211310300108580002,52
cx_7a295368ea178a98,1213013400118350000,12
cx_7a31dac53cde666f,4719010400101050000,47
cx_7a3c8f269fac7acc,5115012500102100000,51
cx_7a41fd81a49c44f3,4420033025103920000,44
cx_7a47a9f24124afcf,3017011000101510000,30
cx_7a60d7bd4e125751,3114010100102760001,31
cx_7a66986251846f7e,2823710100107380045,28
cx_7a6826786b9f72a5,5181025023103700000,51
cx_7a71c209e7430b7e,4311210900104440002,43
cx_7a7c498eac3ef1e9,4822011300103780004,48
cx_7a97847f88a092c8,5218010400104800003,52
cx_7a9a2e94974fbd66,1227011500100700000,12
cx_7ab267341047794a,3017010300103590010,30
cx_7ac026524442736b,5211114000104160000,52
cx_7ac0b7673c31a76f,2824510300109120003,28
cx_7ae229c179714ec3,4822010800103590000,48
cx_7ae304c50eb0b0c0,3017011100104040002,30
cx_7ae3d3411f4e67f2,5011012200125820002,50
cx_7ae5b0248758eaaf,1224013000108180000,12
cx_7af53fb8fa7a55ed,3120010300108650000,31
cx_7b0547f73f0a5659,2823710700100880002,28
cx_7b1c4a1d8f0243b3,4711111600100980046,47
cx_7b20a7b3a945ce60,3114010500101190001,31
cx_7b213fc452fd39a5,2818510600103150001,28
cx_7b508d1ebf0ddb5d,2817710500113440001,28
cx_7b5d1961ccfa1ece,2818510600103960011,28
cx_7b6a94dab7194b38,1224013000107870000,12
cx_7b730688b09b2348,4311332021101600001,43
cx_7b86d490cc93037c,5111012000105420003,51
cx_7b87e0378b20b603,3017010100102770048,30
cx_7b88dbc8be2881e6,1221012200107190001,12
cx_7b8f7995baa014b0,4825025027109710000,48
cx_7b9950c2053d6f2a,4315011100101390000,43
cx_7ba0adbcbf9c80e0,5117010100110800000,51
cx_7bb07ede3a29454c,5211311600108510000,52
cx_7bb83e8081bc5caa,3017011200111410000,30
cx_7bbfed730da117e6,2818510600100090031,28
cx_7bc3d746a770a24a,4373025021101960002,43
cx_7bc77a18601516a0,4812914400100830077,48
cx_7bccf7668ad5b791,5218010300102530008,52
cx_7bd52fb0c42c6f22,1233010800101790001,12
cx_7bdff06db53aed33,4372025024100350005,43
cx_7bed23d5ec60eeeb,5211113700102900008,52
cx_7bf3697397c0ae29,4427010200111520000,44
cx_7c12ecb82dc9a2b6,2818510400104480001,28
cx_7c1d15202cfb1948,5219011700106620000,52
cx_7c21505a08a4d691,5272025021102000001,52
cx_7c31e7c2f564922c,5113011100101300001,51
cx_7c33e54b5f7871a7,1213010200102300000,12
cx_7c3412cf62798b13,4825012600102880002,48
cx_7c34bf6a898b5278,4831010500112000000,48
cx_7c37ef58b66ec90a,5011011700160880000,50
cx_7c408260b1fbf039,5113033023114530000,51
cx_7c5fba474586fb97,1213013300101370000,12
cx_7c6aa0f10d7b0fc4,2714010200101930001,27
cx_7c6b6b124e37514e,4421025025105980003,44
cx_7c6f3bbb1fe49f55,5113011200127930000,51
cx_7c7028123685efa3,2820010300100200000,28
cx_7c781429a0781fe1,4817012000105850002,48
cx_7c7ee333d1df1453,4420036032117880000,44
cx_7c857ebad61ec209,5111031023109930000,51
cx_7c878716bd15e0e1,4719012200109860000,47
cx_7c8d6826949ff2ac,1217025023103270000,12
cx_7c93a38538b47af0,1283025028103700012,12
cx_7ca272ee6a6cdbfb,3014010400100880000,30
cx_7ca5348806a4c80b,4377025029110580000,43
cx_7cabc4c85f147cca,2650010400106630001,26
cx_7cb409859be4e34d,1211016400113970000,12
cx_7cb4254f1501ffe7,2823710200106090000,28
cx_7cb732f5c25df0b9,4311111900102040000,43
cx_7ccc4161841fef4c,4825025027109810000,48
cx_7ccdb40d021affa0,1233011900111990000,12
cx_7cedba78708d4c3f,3611010300100030002,36
cx_7cef8a5903f9b341,5111031022109710000,51
cx_7d094266b04bdbca,5213014300106120000,52
cx_7d0d5751b7c0157c,2818510500109220000,28
cx_7d26d7f34ba4a775,4479025021104760000,44
cx_7d2d029b8c10d070,4427039031102190010,44
cx_7d2d184f81d94919,4423010500101030001,44
cx_7d436f79bd628d27,4729011600106690000,47
cx_7d4bf7dd8998704d,5213014200105250001,52
cx_7d515c29abedfb19,1217011600103070005,12
cx_7d5cd30ed6c754bd,4785025325110680000,47
cx_7d605ea760b52e30,5115011100110650000,51
cx_7d612e3f443a71c3,3020012000109050005,30
cx_7d8c815eeae93454,1224012000111740003,12
cx_7db4a5117cfb831e,1219010600116660000,12
cx_7db9a03f67128337,3611011200113870000,36
cx_7dba5f4d11f54916,4421036024107250000,44
cx_7dcccf3a5c0af00f,4812515800100520000,48
cx_7dd8ee8a21970f72,1233012800105380002,12
cx_7df0724698c0efb3,5011010200100470000,50
cx_7dffb35a2cd07746,4874025321107950006,48
cx_7e100c947d720e05,3120010600105660001,31
cx_7e10315c854a3f78,3111010800101720005,31
cx_7e10534346fa6332,5176036021113120000,51
cx_7e1c48d62f6ab456,2827510800104860001,28
cx_7e21460f97038151,1213013400118660001,12
cx_7e22fa41a0df86dd,4413111800104950008,44
cx_7e2c2b10eddaca08,5214011100106090042,52
cx_7e2e6b7af86a3793,5117011300105210000,51
cx_7e3eb8b36813a876,4873025024103100002,48
cx_7e45bb7192b1d3d5,1219010600113010001,12
cx_7e4fbfd162f18def,5011011700160820003,50
cx_7e59c628e99653a7,2827510100105010001,28
cx_7e5d9e8750d19eb3,1277025037104970000,12
cx_7e67289bc1174aa6,4812112900102160000,48
cx_7e6f3141960889e6,4477025322103040156,44
cx_7e73e67f2dadb5eb,3611011000115213702,36
cx_7e823746e8c8a607,3017011200109080001,30
cx_7e98b2f3993bbe6e,2829010300109270005,28
cx_7ec2f1da99983163,4812513400107090001,48
cx_7ec99254b4dbb3e5,2827511100101020003,28
cx_7ed4016bd4d12e7e,1233012700110270000,12
cx_7ed802f40e3b336a,1233012000107940003,12
cx_7edc70cf2988da5a,2817710500112980000,28
cx_7ee1f3b182288cb6,4482525023106460003,44
cx_7efd40fbc8c54938,5117010600104880000,51
cx_7f1210a9aacb4e04,4311325031115270000,43
cx_7f241485af836164,4785025324100260001,47
cx_7f376e4052730470,2820010500105600002,28
cx_7f3a7e12efe937f6,4812313100100230003,48
cx_7f62d82332ee44b9,1233010400108440000,12
cx_7f684dc859d8d7f5,2829011000103080000,28
cx_7f7daa129e1cf2e9,4717013600103280000,47
cx_7f9788ca1108ec5f,4729025324100620016,47
cx_7fa97b9c8cc566c7,4711311800102140022,47
cx_7fadebc9aaf9c167,4793037022100420001,47
cx_7fb1c2c120a7a220,2827511100101160004,28
cx_7fc41e6e5db9968a,4833025323112730001,48
cx_7fca8d6ca0f61f6e,4729025021101300005,47
cx_7fd68c8bf0c7254f,2823710600103600000,28
cx_7fda3a1acefa97b1,1213013500113410000,12
cx_7fda4f8ad739cc33,5213013700103170004,52
cx_7fdbff2043f72233,5211312200105360000,52
cx_7fe2af15f301fd8d,4413125035100660014,44
cx_7fe4c5078e3f05d7,4825013100113710000,48
cx_7fe4c5eea9ac91ff,1233011600106940115,12
cx_7fe7318bb0f9e5dd,4790025330114010000,47
cx_7fec6997f98d4e58,3111011100104310010,31
cx_7ffd592a55bd197d,2823710700104990002,28
cx_801dfc5aeb1f21fb,1221012400104880000,12
cx_80220165fdbd5a3c,5211312300103820000,52
cx_80262d1f101b3788,4715011500107590022,47
cx_80286883913a219f,2827511000104070000,28
cx_8037fcdf12288e39,3020012600102770000,30
cx_8040ec019b47daa1,2824511000105820000,28
cx_804834b24b0a39fe,4817013200105790001,48
cx_8054ec981161a5db,5271025029112290001,52
cx_805bf72af9210a79,4812515800100660002,48
cx_806e866a37ea439c,3611010900121020002,36
cx_806f0a7dcc8022ae,5214012300106520001,52
cx_80731d19299b775e,4812515100100200000,48
cx_8075aa6ee7bf2621,2817710400103770001,28
cx_807c96db252648d6,3111011800106790000,31
cx_8081b8b44b3c1554,4413310300109150000,44
cx_8085e61167b145e2,3120012000101260000,31
cx_808d08f0db5f0a34,1217013400105580000,12
cx_808e205838eee643,4812110600102880000,48
cx_8091fd6493032d78,1233011900109610001,12
cx_809bf2fe95a28ea0,3117010200102400000,31
cx_809d78d1787a5f16,1280025326116660000,12
cx_80a989873017f020,2711015600123850005,27
cx_80aca7cdc33758aa,1233010100102020000,12
cx_80b19a5ea88a4ba3,2720010200116070035,27
cx_80c351a4d4fb58a7,5211312300112320000,52
cx_80ce9a41564218e2,4719011600100770001,47
cx_80cfe5d6cc051ce9,1213025030111320001,12
cx_80dd0e32b098d0e4,5211310600104500002,52
cx_80e6d69de26df6e4,5211312300103860007,52
cx_80eed6a1c318bbd7,4719011300102560021,47
cx_80f8a8ea5ed42c7a,2824510200100570002,28
cx_8109c3668575f231,1217013400108240000,12
cx_8112208e4a7f64e4,4421010100107380006,44
cx_8115af92e4d2f040,5214011100101450000,52
cx_811dcba87838cd38,5214012200108220000,52
cx_812ebd123df45454,1219025035118220000,12
cx_812f76e383f3e57a,4812312600100100000,48
cx_8130ef0b19a39f84,4729025024103490000,47
cx_8141da57ba7330f4,5211112600109770001,52
cx_814eec43f7a34ed1,3114010100111840001,31
cx_815fbe7c38498689,5121010600109040006,51
cx_8163051d54c7142f,3023011100103130001,30
cx_816906a175a97eec,3114010400111540007,31
cx_817292acf10beb87,4425010100101410000,44
cx_8193ff97a2ef800a,2818510600103100001,28
cx_81976a4799b268f8,1281025622126090000,12
cx_81a298417dd282d8,4313011600106290000,43
cx_81a5aeddf135d425,1281025622121010000,12
cx_81aced2584ae9489,1230011200107870001,12
cx_81bbe70e161d4121,4711312200106510001,47
cx_81c15924f1dfb28f,4420025329115990000,44
cx_81db1308cbcbb2de,1283025036101310000,12
cx_81db4e1733a73cce,3611011400102600387,36
cx_81de8e7ce96ee274,4833010300104020000,48
cx_81e0f20c60d767ba,1227010600104500091,12
cx_81e9245214aa3dec,4711125621110780000,47
cx_81e9e523e1bf5757,1230011200110110001,12
cx_81ef0dd27b228d21,2632010200102650000,26
cx_81f51401b6c93291,2827510600102840401,28
cx_81fa16c0ec2a1e2c,4418010100103720001,44
cx_820763227aa99a2e,5211312100108050000,52
cx_82081e0c25da25b5,4413111600108970000,44
cx_821b90ecc648843a,5211311600107490000,52
cx_821e28263964286b,4825010800101210003,48
cx_8225fc141d63a0e8,4785025325106750001,47
cx_822b2929ba254857,5111012000109040000,51
cx_8235cedaec03881c,4717013300107660001,47
cx_8238e38081009dc7,4833033022108080000,48
cx_823ebf22214433f5,4723011300106860003,47
cx_82464acffc993fad,5271025021117620000,52
cx_824df9746c0afc71,1211010300112620000,12
cx_825ca85a6888a3b8,4311112000103200000,43
cx_825eb7cd1894f911,3171025621104290001,31
cx_82722c518fdfc5c9,4311112000102700000,43
cx_8277ed7f53ab02ff,2823710900103600000,28
cx_829426889fe8a74a,1230011400100540000,12
cx_82a290da92f97a0f,4311112000103110000,43
cx_82a9a21578c865a9,4427010200111200000,44
cx_82b296329dad2847,4812913900114000000,48
cx_82b7f5e7ee68218b,3020011900105520003,30
cx_82d2512504f51a55,5111039021109360000,51
cx_82da863c7dfb0999,5214042029101600001,52
cx_82daa1df03f0bb6d,1224012800111920000,12
cx_82e815551f736bee,4719010300100770000,47
cx_82ebda26a098ad43,5211312200112210000,52
cx_82eec4a7a9a578d3,1281025622123260000,12
cx_82f52496ab99f8cc,4415012100103110008,44
cx_82fd9a3873225fda,1227010600111520000,12
cx_830b2e6049729395,3017011500109660000,30
cx_830b6d613cd78923,3014011700100780005,30
cx_830bd5fcd2d7f2d7,2871031025101670001,28
cx_832b0726d85238a6,4825012900103210001,48
cx_832f183209b08ad8,2820010500106850000,28
cx_8335d014568fbf2b,5117011100108020000,51
cx_833e9b80b6db7a21,4717013200100690011,47
cx_8348cb7b9e301876,3011010600101610033,30
cx_835eb7223404aaad,4833011200100090003,48
cx_835ffae3d80e6648,4812914200105250003,48
cx_836fee72590e3195,4812131030101490001,48
cx_8376b6524b99515d,4719010300106390000,47
cx_83776511d8f262ef,5111011900108100000,51
cx_837e212542df892f,5176038024107300000,51
cx_83850a05ea94f530,4315011300106460000,43
cx_838d8d907680438b,4315011300100720000,43
cx_838e5ee4219f56f2,4812916400113410005,48
cx_8391a6f3d13209cc,1233011500107580006,12
cx_8398f73bd4dcaff0,3020013200105460000,30
cx_83a27f1f4d06082f,4812914200106630000,48
cx_83a9fe3580ceab2b,4725010900103000000,47
cx_83b2a0c7de5a7222,4311311300111900000,43
cx_83b8e2ed7d00878b,1227010600100290000,12
cx_83c3c2bb8a296859,4833025324105020003,48
cx_83d068c76562bb9b,3020011200100910012,30
cx_83d52f59799bb727,1219010100113700000,12
cx_83db0044945a0826,2823710500103900006,28
cx_83db15ad2df83ab6,1285025022100030022,12
cx_83deb54c543f9bb4,4833010600106510001,48
cx_8405a84e0a345bec,1224012100103850001,12
cx_8406d891e09196f7,3011010900101470000,30
cx_84168aa3e9324ed8,1224012000112590004,12
cx_844afe9502ca8d33,4719012200108160000,47
cx_845fbb11cd5b3821,3111010300106710000,31
cx_846152ab5c2c6d79,4824025021106410000,48
cx_8464d12a5565baf8,2817710300106820001,28
cx_846624d9fd7152b6,4311311300117620000,43
cx_8469e815b2042fb3,1213013400116420000,12
cx_846ca39335971528,1227011200101260002,12
cx_84707b4d65930dff,1278025023100950000,12
cx_8470aa41c041bd49,3611011300112970000,36
cx_84755c5b2b37b3da,3611025032100350003,36
cx_8482007aaf92a3ba,2829010300100010001,28
cx_8484dc67e41c43aa,2827511100101650002,28
cx_848662a506595779,4812915700100200000,48
cx_8488faf5e295eb9b,5111011800110880000,51
cx_848f8fcad45df8ed,5213014200105580000,52
cx_849c2a4616b74b3b,1233012300116890000,12
cx_84ab4151d289923c,4415012000100050007,44
cx_84b2d8bebe71c7b8,1221010900105910009,12
cx_84b9cae24bdb6f97,3020011400106120000,30
cx_84c11230949befe9,5211310900101300002,52
cx_84d3e2bacad1fb27,5111031022109730000,51
cx_84e4ca1fc494041e,5113011700120690000,51
cx_84ec51be41c593e6,1227010800102450000,12
cx_850ecb01d05f2386,4812313000101420000,48
cx_8511de069f3dd968,4373025022104670005,43
cx_8525dbcda232562c,1224011900104400000,12
cx_853a0754777cb89e,5121010800114990000,51
cx_853b9318f6e23ef4,1213013700107400000,12
cx_853e01b5ced418d3,4831011100107560000,48
cx_8541d4a2d8cb5bb1,1221011000106890000,12
cx_8545ede7f4bcec31,4418010400119790000,44
cx_8547ddd0a52d50d1,1224011900104120009,12
cx_854a12467f095f5a,4315025021102350000,43
cx_8559a31acc6c4a21,2824510200110840003,28
cx_85647fe2e98cfbc9,2829010400110900001,28
cx_8573e42713c3ce27,4415012000103360009,44
cx_857a68b55a23e58f,3171026521101030013,31
cx_857e391e0767f157,4413310800114630000,44
cx_859004bf560a1b17,3011010400100710014,30
cx_85905dcd2de1742f,1213013900100050025,12
cx_8599b39d0be16de3,5214012200102550000,52
cx_859bdcc2ab7468ca,4817010400105070001,48
cx_85a2cba40af509ef,2818510500100560013,28
cx_85a9a738b7c71dde,4418010200106660006,44
cx_85b2be1518454854,4420036032118080000,44
cx_85c2b61b02dfb691,1211010300112600000,12
cx_85c412f33bfa7bbf,4889025021108690012,48
cx_85c737cfa9facbd0,4822011300101130001,48
cx_85c962732188807c,4812513500100010000,48
cx_85d8a59f82d52dd1,4375025022103900000,43
cx_85e15bbf474ae1d7,2812510100101270000,28
cx_85ecd1a16a3ddd29,5221010700104020001,52
cx_85f20bd536b1190b,2723012200100030002,27
cx_85f448ca3dcdcbf9,4420025328105080000,44
cx_85fdcfd36382206c,5211310300102260205,52
cx_8602fafd25093064,1230012900100110000,12
cx_860ad75661927a0e,4812914500101190012,48
cx_860f110c46d7126f,3017011400100830000,30
cx_8621b9140c2daf2c,2824511100105330000,28
cx_86221c84541cd46e,4817012000101000000,48
cx_8625cb6592004a43,1233012400105240000,12
cx_862b3708f951fee7,5271025022101060000,52
cx_862cf0769e05601c,4413310400120560000,44
cx_862f12098b90a04d,1221011000107300000,12
cx_863236200692b582,4812915100108650003,48
cx_863537ae9d47024e,4715012000107680000,47
cx_86487ef23fae7603,3017011600114220000,30
cx_866236aafbe5435b,3011011600105200000,30
cx_866288d201bbc6cf,4413111500104620077,44
cx_8665456b34eeb04c,4711312100115600001,47
cx_86765484b47b04ba,5111012400108220000,51
cx_867954abd19b0dd6,4817013100106600000,48
cx_8689057348b01273,4825012100100750000,48
cx_868df2085cc69a9c,2824510100102380001,28
cx_869400bf91b3a1a0,5111012600105290002,51
cx_86aa4efbcfbd808f,5213013400100020031,52
cx_86b618b669c2d7af,2824510300102860001,28
cx_86c6f5ce2d2fc26f,4427025321105040000,44
cx_86c7be5b0b81f87a,5273025021114270001,52
cx_86cd28bd14bed2b1,4825010900112500001,48
cx_86da5ffc866ab5b4,4420041028100690000,44
cx_86decbdc7adcbf01,4717012200106340209,47
cx_86e656c9d29f1749,5115011000117660000,51
cx_86edeb85088b0a9b,4418010400104140010,44
cx_86f14676255501af,4420025324106340000,44
cx_86f4534e332e3778,4719025331104490000,47
cx_86f4a0c998103d38,2815510300127880002,28
cx_8705fb3a37ecec69,4311311400133790000,43
cx_8710c8f8b14ac0db,4413111800105450000,44
cx_87183277ebe95ad6,1211015800108600000,12
cx_871a8e9c9cf5bb15,4874025023109210000,48
cx_8729f052b4745897,3120010600106220000,31
cx_8735a343df00144d,5177025321104400000,51
cx_873bf2ac4ccb3564,2711010300102280000,27
cx_873f422da06c61e9,5211112500102790004,52
cx_8740aeb89323e4fc,3023010800101910001,30
cx_8744fb41e2b8fe24,2818510600100230003,28
cx_8784e065cae454f2,2726010800105320324,27
cx_87a2ff98dac234b4,4827010800105920030,48
cx_87a81608f48795f0,3611010200105390000,36
cx_87c005575ab67ff2,5271033027107850000,52
cx_87c2de56ed1960da,3120010500103170005,31
cx_87ca1a056a8b1877,1224012800111320000,12
cx_87cfa5c9e1062cad,4413331030102000021,44
cx_87d0641aea1ef894,5119010100106740000,51
cx_87da54c59d2a3d81,4711311700103380004,47
cx_87db1e08edadf8d6,5113033023115340000,51
cx_87e323755c03a5be,1213012800100390013,12
cx_87f51328258fe409,4812313700100370001,48
cx_87fe50191040658d,2723010300100550002,27
cx_87ffcdb0f395f704,5213015100135890000,52
cx_880548c67545f759,2726011000100270017,27
cx_880eda9e1a5dd532,5113011700118180005,51
cx_8818b745d9614782,2726010700106920004,27
cx_8818d676174856da,3611010900121020007,36
cx_881fdd7a7e263900,1215011400116600002,12
cx_88277df3764c4202,5213013800109240000,52
cx_882d14d5646476c9,4793031022101480000,47
cx_883464242dfdedc9,2824510300108590014,28
cx_8843d460a16299fe,5271025021117590000,52
cx_8851b47318b1eaf2,1219010600116960004,12
cx_8859e73a1ed8dff5,1224013300105020000,12
cx_886cb767ee336d5c,4413111100104400000,44
cx_8874c775f5ffe278,4817012200116730000,48
cx_8877a07eca4369eb,4482525022105940004,44
cx_8888a484a7c45841,4413310300109240000,44
cx_88a3bdd739b4da47,4420025329109350003,44
cx_88a7110ef1a44749,4825025026116900000,48
cx_88bd259240574f57,3120012000107580005,31
cx_88c5474a5a018e93,2726011000101180118,27
cx_88c759a1868268ca,1233010100102380000,12
cx_88e25118f5ea70be,1227011100108810000,12
cx_88e9e946a1f8509a,4833011800101820001,48
cx_88ebe95d4b339e1e,5013010500101790000,50
cx_88f10515751d022b,5117011200103240000,51
cx_88f9607af6778cf7,4377037021111860000,43
cx_88feff342feb8da3,5121010800113770010,51
cx_8904998e64aa28bb,4817012000101090005,48
cx_8909bf6138d845f5,4311112000103250000,43
cx_8913b2dc5225b5b5,5121010800113900002,51
cx_89156ee22481fcfc,1227011500100230003,12
cx_894c7b8fb0d47149,4817041027107050000,48
cx_8961e274f4bdbec5,1230011700102140010,12
cx_89673da32e9ecad3,5011025924102900107,50
cx_89691848a0914632,5115012500107130000,51
cx_897f2f2330c80848,2623010400111870000,26
cx_8981b68980c74db1,3120010300108950000,31
cx_89842a6fc02b0e87,1233010900115710001,12
cx_899f8bb2e31afac9,4418011000116340006,44
cx_89d80aff0e91de30,4729025024102860000,47
cx_89e1bb29509dfe98,1219025025109760004,12
cx_89eb3674f617cd4d,4413111100104720000,44
cx_8a00187d102d2acd,5271032021106070000,52
cx_8a0c574f33f8fb1c,3111010800101720000,31
cx_8a0c8eb1bcc9d200,1221012200102700000,12
cx_8a2fa3f38d321c5c,4418010400107520001,44
cx_8a33cdfdf92510dc,4313011800104180000,43
cx_8a347405efe01023,5121010600109040005,51
cx_8a63a6762357c32f,4420011200105840000,44
cx_8a6dfedba8b9cff2,3120012600101620000,31
cx_8a7a2c8b0b382c9a,3017011500109650000,30
cx_8a8060e3de7d172f,2818510600100150010,28
cx_8a93efb41a85b866,5211312100105960010,52
cx_8aa2fd9e327704b9,1230010800100370010,12
cx_8aa5ec82a3df2b67,2815510100118810001,28
cx_8aac6a40e009c469,5219012100103830000,52
cx_8ac51398cf79c3a2,5213013800109250000,52
cx_8acaa5329b0e6698,5211112900109610000,52
cx_8acafa84e96412e1,4711311700105280000,47
cx_8adc809734b530cf,1230010600100020003,12
cx_8adda7ae7a3c6148,4715011500107400000,47
cx_8aed58cea148bdef,4717011000116290000,47
cx_8af5efb3e1aa9af6,5113010600108470001,51
cx_8af6c957e07d0beb,5173025021106090000,51
cx_8b04de4f7eb9b59b,4812710500100770008,48
cx_8b06f7c9259a081f,5211114000103630001,52
cx_8b0b61565eff9e23,3114010600116050003,31
cx_8b22a7f553e2a968,1219010600113090001,12
cx_8b3d46ae73faec3f,3011011400100460002,30
cx_8b418c25a88b5222,4311112100104180000,43
cx_8b45eea0cde4161f,4784025030106290001,47
cx_8b466576570c4840,3017011200118110000,30
cx_8b4e0f4a88ac1d0c,3011011800104820000,30
cx_8b4f9e1124290566,5115013100107760002,51
cx_8b61252c4f346420,3014010300103600000,30
cx_8b633ebfd5e7ed2f,4711312000110780003,47
cx_8b6d1825a2f053e7,5277025026107000000,52
cx_8b7f4d9ea81659dc,5011012200125850002,50
cx_8b8efcd6f6b6cc17,4717011000116320000,47
cx_8b8fc521c67ca592,4311210200103040001,43
cx_8b92798c2dea0735,1221012200110200000,12
cx_8ba7b8bda2aee4f5,3611011800108830072,36
cx_8bb0a8f9017cc00f,3017011300103120000,30
cx_8bb19ebe7d025d60,1230010100102620001,12
cx_8bbcab7988f0e972,4729025621105370000,47
cx_8bbf22294f55be71,4413310300101910003,44
cx_8bd48c9c60134ec8,5113033023114760000,51
cx_8bdc6a77c93d4ddd,5177025024105510000,51
cx_8c03d9747bb9a6b8,5275025022109820000,52
cx_8c0de4c0c933c97a,2632010200109490001,26
cx_8c0f16ceeacbd9fd,1211010200117470000,12
cx_8c138d1abb659f03,1233010800101940001,12
cx_8c1d0d00400fdf98,2823710500103880007,28
cx_8c1d293e7ebd8082,3111010100103490015,31
cx_8c1f37a12d07fa52,4773025023107670000,47
cx_8c1fd29788341b67,4476031033100990000,44
cx_8c24ae78f3454f8e,2824511000105860000,28
cx_8c2aa36decbb14d3,4315011100103450000,43
cx_8c388faf92714b82,3117010700106650000,31
cx_8c3e18616543e05f,4729025322122060000,47
cx_8c3fd789c8eb6497,4413111300100620053,44
cx_8c44bbd120f0f897,3117010800102380027,31
cx_8c485fcf64a05595,4413310300100540048,44
cx_8c50cd2ea09f4d86,4812914000100900001,48
cx_8c55f5231c66ced9,2820010100115300000,28
cx_8c61cfcc61fbaff1,2723011200103200001,27
cx_8c8768c5f2ac46a7,5218010100109170000,52
cx_8c89172e8c05e0b8,4375035025110200000,43
cx_8c8cb6953b5bb3a2,4311331029100030001,43
cx_8c9c06441c54242a,3011011500100570021,30
cx_8ca28787f9cc4ade,3171026521116780003,31
cx_8ca59475564fca79,5211312100101790028,52
cx_8cd3d97f572ad21f,2729011000105420004,27
cx_8cda3e409e413514,5211114000107990000,52
cx_8cdea78cc423b9b1,1233010800108690000,12
cx_8ce0530e841cb67b,4377025021109500000,43
cx_8cf3bbc9dd05d178,3014010200102070016,30
cx_8d016196684d82fd,4812710500100490001,48
cx_8d04f436dca72baa,1233012400108110000,12
cx_8d090f578eaa46f6,3111011100102000001,31
cx_8d0c2058ae127f63,4717012200102320001,47
cx_8d0c54ea9f826b8d,3020014400103900000,30
cx_8d13f29fac62519c,4825012500108010006,48
cx_8d1d675d8f6c38bf,1217013400101140000,12
cx_8d3a0cce0332f13d,1219010800107550001,12
cx_8d3dca708b2316d6,1219010600116550000,12
cx_8d46b9af84911c38,4827010800107450008,48
cx_8d5c86a66a9a866c,3171025927108400000,31
cx_8d678926de1c7d42,5214012300107360000,52
cx_8d6c1f54c5cc94b5,2823710100102520029,28
cx_8d8a335207028f20,4715011400115300000,47
cx_8d90049f3f148094,3114010200101850000,31
cx_8d9bbb639b5410a2,4719012900105360002,47
cx_8da66b89baefcc10,4311425025100850000,43
cx_8dad2dce5045a5ff,4817010300101810001,48
cx_8db2e3f61cfbb5d1,5280025022106320000,52
cx_8db620b38f99a09c,5117011000100310002,51
cx_8db6ba26d193ab05,5183025035104140000,51
cx_8dc1332a08bfcc55,4311410100103720006,43
cx_8dccbc72a1e4d951,4413310700108610000,44
cx_8dd1a53d5b7a52c3,4421036021110890000,44
cx_8dd2309eca051493,1215013300116580000,12
cx_8dd3615257ac6cc6,5211112900105720000,52
cx_8dd7c69a0e569bc3,1276025035100370000,12
cx_8dda2cc2799c68ba,1230013000106670000,12
cx_8ddc23406a2c35bb,3120010600107360000,31
cx_8de0ec12d66e0a80,2815510100118870004,28
cx_8df65fa81e6c6359,4421010200105500001,44
cx_8df79fc496edbd67,1217013400108210000,12
cx_8e038a9b9602aaa8,4376025030101770001,43
cx_8e0499023b10c742,4817010200101560000,48
cx_8e08c36144b6c1e9,4418010100106180034,44
cx_8e0f68070efed29a,5221010200105950000,52
cx_8e295903c30c4420,5214012500100310000,52
cx_8e2c3567ec9cc4c2,4812515800100490000,48
cx_8e33bf44918a4cd3,4825010700114280001,48
cx_8e3a64851a5aac94,5211114000104140000,52
cx_8e3dc7fdf315b5b5,4480025021106680002,44
cx_8e3dfaa8cdd9536d,4812710500100530004,48
cx_8e68068cf92bf6c6,4817013100119580000,48
cx_8e6f7a0cfcf4b6d4,4421010200110000004,44
cx_8e7aab76d706f0ab,3114010600114610003,31
cx_8e7ce8f3fe4132c6,4413325022101500000,44
cx_8e98954d37927bf6,4471025024102740000,44
cx_8e9e6f717e2dc02a,5011012200137910001,50
cx_8eb0460d5efd9623,5211310300109510001,52
cx_8eb82e9877a40ee3,2820010300111160001,28
cx_8ebc8728da11fe17,1224013000107410001,12
cx_8ebdf3ed7453d1cb,1230010900109400000,12
cx_8ec22713ea7c4175,4476031021100810008,44
cx_8edc853c9619bb68,3014011600107570000,30
cx_8edd4dcc6025f5ef,4715012000104080000,47
cx_8ee662c916f5b409,1227010800103310093,12
cx_8f036101dea1b7af,4812710100100890000,48
cx_8f10cfe85ec8ea6c,2714010100101390069,27
cx_8f1a54c646290324,4817012200116650000,48
cx_8f2616b04c77123e,1233012700110600000,12
cx_8f3781fe469a0549,2818510200103470000,28
cx_8f3afcbb7160f96b,5011013700103040005,50
cx_8f413d9995dc4da7,4420035034105800000,44
cx_8f57c58fccb5f7f8,5121010800115720000,51
cx_8f58ce39292cd843,4413110800103880072,44
cx_8f62ace40ccb9aa6,5111031022109760000,51
cx_8f6de7de6afe0ad0,4721010400112130000,47
cx_8f78a17ab9651cc7,4833034028104370000,48
cx_8f81fd9a7604e5f7,2827510400106820000,28
cx_8f86ca06d2b9f39c,5111012300112400000,51
cx_8f895953a09f3789,4719010300102200000,47
cx_8f8c0d7f6b4fe484,4831010600102220000,48
cx_8f9858b784ac87cd,4831011000110790000,48
cx_8f9a70bba9778370,1233010800100690003,12
cx_8f9b7786b0ad383a,5121010800115670000,51
cx_8f9d5e160512e032,2829010400112540001,28
cx_8fa2fb33e5001433,1219025035118490000,12
cx_8fa6a21a2b2c0d24,5117010200104480000,51
cx_8fb1661f3146a37d,1230011400108830001,12
cx_8fb3ceb8b46cf7d1,5218010300100170001,52
cx_8fb6f099f6efa549,4719011300101090000,47
cx_8fbe58a8dce27dca,3020012500101600001,30
cx_8fc46bf395f8adb2,2827510600100210021,28
cx_8fc646d84834c75d,1227011000105980000,12
cx_8fc889c45c8030f1,4420010100103070041,44
cx_8fc9ce9e627a5fe2,4812916400113370000,48
cx_8fcf0a52122d4bf0,1211016000104930001,12
cx_8fcf2ec13ea787d1,2714010100102550014,27
cx_8fd464320eee5bd8,2820010200109380001,28
cx_8fd4de030525079b,4723010200101770001,47
cx_8fdd774294e8f618,1213012000103100001,12
cx_8fe166f7b45cfbc4,4719012200104830000,47
cx_8fe40c7b3f113104,3017011600111540000,30
cx_8ff0cecf79a65966,5113010700110260024,51
cx_8ff2612a35901842,4715010800113190000,47
cx_9000790890e70166,1230010900101100011,12
cx_9001718578b8744f,4311311500101970011,43
cx_90041ad7716e4ad9,3014011600100010034,30
cx_90117813f010e527,5182033035103840000,51
cx_90128dfc818e401c,4711311800100700001,47
cx_9012e818d5dd3b36,1221010900100520000,12
cx_901a426d1d96b67e,4711125621110000000,47
cx_90263af43c072ad6,2720010100102810001,27
cx_90331af8d1b63ca7,2815510300130850001,28
cx_90399883b6564b0c,3020011400105110000,30
cx_903decff1ad83044,4725010500100420001,47
cx_903dfee8950a8ba0,5011013100105480000,50
cx_904cb19450e2c966,4420036021103540007,44
cx_90510e2b49dbc7a9,1230011200109950005,12
cx_90592124a8b45126,4311111900100730005,43
cx_906446fcacbca73e,2820010200102140015,28
cx_90659f60f973510d,4833033021102360001,48
cx_906d7343d8fddfb2,4812725023103480000,48
cx_907067af642fac3b,4831011000101180002,48
cx_907550a624fa6dda,4711312000111010001,47
cx_90790f4392df09f9,2827511000100300086,28
cx_908a600e6242fdbe,2711010100102350001,27
cx_908ece91522398a0,2823710300101800116,28
cx_90a06b71ccb7c07a,2647010100108600001,26
cx_90a9b4351094cc79,4418010400119670000,44
cx_90ac9fa76f0d67cb,4715012000107720000,47
cx_90be0cc5084b7303,2623010200102680000,26
cx_90d158220b29e1fe,4313010700105420018,43
cx_90d9d2298223524d,2824510300108670010,28
cx_90da0f746eb03856,4413310400112830000,44
cx_90f21e45201c2606,4729012600101480000,47
cx_90fb08786c4d27e8,5214011400100190000,52
cx_90fb1008d6dba395,5211113200105220000,52
cx_911bfc83080ca003,2823710300100520011,28
cx_91309288029b9337,4313011600108250000,43
cx_9130aa5fadffb3e0,3611010700103610080,36
cx_9139090a7dd43d62,4721010500103190000,47
cx_91437f0cfc16b4b0,4374525025105450000,43
cx_91459ee8ce9c6232,5214012200108150000,52
cx_91464474b0bba30f,4824031021104690001,48
cx_914c8eb42dc1ff1a,4719011500106560009,47
cx_915fe15776f0d744,2818510600100090029,28
cx_91618dd73d75cd88,4719012200106520000,47
cx_916360f86519777a,4729011100102550039,47
cx_91683fcd38a0a695,1233011500107580003,12
cx_9170dad12d30a5c0,2818510600101120000,28
cx_91810bcd9a346423,1230010800100260001,12
cx_918687df3c426fbc,5115013100107780000,51
cx_9187827e5b54876b,4812914200101210000,48
cx_918af1fa1879fdd2,1230010800102980000,12
cx_919892ec29b77d3f,5211113200104670000,52
cx_91a14a94a43ba894,4413310800115450000,44
cx_91a4f6f74d745ccc,2818510100106260000,28
cx_91a945fa7687827c,4812513400100480000,48
cx_91b61ab25999692e,4831010800101430000,48
cx_91c598bd0737e384,2817710400110020000,28
cx_91d276d93cb1b223,4715012000100110000,47
cx_91ec71c34aa0f016,5214013400102420012,52
cx_91f07fcdca63ec6f,4719010100100810002,47
cx_91face784a334f0d,2818510300106330000,28
cx_91fc3220c5912656,4423025331100260000,44
cx_9211173be01673dc,1233010900115710001,12
cx_921e082594663834,1213025030111340002,12
cx_922095d3ad50853f,5111012100100650010,51
cx_923c77e3e040238b,5111031023109890000,51
cx_923e54a7afd9a092,4812112000107050000,48
cx_923e6763f26f65c4,1215013300112760001,12
cx_9247ff0ef43f4944,3020010400106730004,30
cx_924b996be2039a45,4413310400112930000,44
cx_926f1b6d4fdacb36,5214011200103890000,52
cx_92986a0cf5a90be8,4413111400103810001,44
cx_92a8c366b55d1b74,2717010300115020001,27
cx_92ad70fe31991450,1211015800108450001,12
cx_92b0b66aa213536e,2823710500101570000,28
cx_92b9ef49b905800f,5213014400108310000,52
cx_92bc8f91dea76418,2815510100119110002,28
cx_92c2f4d488d7a09d,4825010900112610001,48
cx_92d1bd965e6def0e,2818510600101020000,28
cx_92e9d5084b09f177,4831010800107260000,48
cx_92fcce2659223cd3,4413310700113670000,44
cx_930138347b99e372,2720010200110640022,27
cx_9308c536a2429b05,4413310300112000000,44
cx_93168c0c0027dd17,1219025035117550001,12
cx_933179a755ae6fc6,5211112800101900000,52
cx_93385aae2467496d,5113010600105470000,51
cx_933b18253c94039d,5211312100108060000,52
cx_933c1821aa9baa80,4713012400106470000,47
cx_934330771c9ea5bc,5121010800115710000,51
cx_93494a3ac208bca5,1224011900100230191,12
cx_934dfbde05fe63d2,4711325048111610000,47
cx_93757f02de160b41,3014011600104220001,30
cx_9375bc88266a4c87,3017010200100690001,30
cx_9376454576176276,1230011400109690006,12
cx_9379511d92ba5230,4372025031101300001,43
cx_9381cae6a983d6bf,3023010800102830001,30
cx_9383b0c870224e06,3120010600111660018,31
cx_9383e2bed9bfe103,4817013100119860000,48
cx_938a4f13b19bffb3,4313025025100690001,43
cx_93ac4c59594bcb57,4824010600100840003,48
cx_93ad82e2f58495ae,5214011400102500001,52
cx_93c19da297db81d8,3114010800107630002,31
cx_93d2239ad29ad574,3114010400108510020,31
cx_93d58095dbc90025,5211112800104820001,52
cx_93ddce5fb3d8e375,4728011000107930000,47
cx_93e7554702ac91fd,2820010300108440125,28
cx_9402c11ad386b5a6,5214011700103960001,52
cx_9424650b6392c74e,4421036021110810000,44
cx_94284832a7a43db0,3017011300103110000,30
cx_942a642a15bf543a,4833031025109010000,48
cx_942d7392f9df7044,4729010300101310007,47
cx_942f8cc4bc7ff8bf,1230011200109950002,12
cx_9438c6403bd82da0,5211114000104150002,52
cx_943d7f315e97ab58,1281025335100210000,12
cx_943dfcd41a80dd0d,5211313200110740000,52
cx_9449535b96160dde,4812916400112080000,48
cx_9450c65ca3d46cc9,3114010400108990001,31
cx_9454ec0b8adcc932,5271025324108710001,52
cx_9459378d1e3347ab,5279025023105860000,52
cx_945a1a23af98cff8,4812710500101660044,48
cx_945b61959e5ce7c1,4413111500105710000,44
cx_947366245f6d2217,3171025622104190000,31
cx_947e3186e029d028,4373025022104300001,43
cx_9487f982a66bdd94,4831010900110810018,48
cx_948f71eb0bf6c245,4825010900112490004,48
cx_949612ea04f1e199,1211015900109750000,12
cx_94a20bf01389f8a2,4728011000109080000,47
cx_94a5f33796411562,4812125028100200003,48
cx_94b62948bfe2cdd2,4420036032117900000,44
cx_94b888116a1abfbd,5211113700107400003,52
cx_94bb6ae7627af214,5211113200104450006,52
cx_94cfc4fdf4a02eb7,5211114000106360001,52
cx_94d8debaf91ba601,3014011500103410031,30
cx_94d9073c4fdc267d,2820010300110180000,28
cx_94db73de09a62cf5,1211016400110980004,12
cx_94dbf9213790525b,4725011000101990039,47
cx_94e4d7187a58fa52,1215013300103720001,12
cx_95065d20cca581cd,1227010500106990000,12
cx_9516a4f1943ce079,4719011500106970001,47
cx_951e64919ad397bc,4812312600100030001,48
cx_9521f5c7fe67d6fe,3120012700100600001,31
cx_952ad01888cb4c0f,4812111800100920003,48
cx_952ed47ca9b142c0,5211312300112360000,52
cx_953f4cf50bfe92b4,4421036024107120000,44
cx_95474d991ba6bc29,1227010600104500002,12
cx_9556e0e8b76bc726,4719025029111720000,47
cx_955e388c727cf930,4728010300106310001,47
cx_9569304ac2704237,4423010100108310000,44
cx_956f84ddd118b1ba,1227010600105410004,12
cx_9576a0ef58bb1fbd,4785025021102080016,47
cx_958b5ad3025a6e6d,1230012800102490033,12
cx_959200eb258da370,3611010900121010001,36
cx_9597ca6a96982c40,4373025034104870000,43
cx_95a1e2de056792dd,5218010300100820000,52
cx_95a3cb17c167a69d,4784025029106290000,47
cx_95b3c78514f738be,2815510100118890001,28
cx_95bacd4511e1dc1d,4817012600101360006,48
cx_95cf5097b51ed721,1217025023104140000,12
cx_95d862efcc9d1614,3023011000105090001,30
cx_95f4c908aa01821a,5211114000103640003,52
cx_9622c286b0aa565d,2829010900101330003,28
cx_9634f3c9acd7ff8a,1211016400111480000,12
cx_96371e74cbeebb3b,4825010600105300000,48
cx_9644ed9c15953758,2829011000108060000,28
cx_9649bccca0ef0fc3,1213013100104240000,12
cx_964ae5443568aa95,1233010900115990001,12
cx_9657137a42395c3f,5123010600107810000,51
cx_965b04b2cf29794d,1281025023110010000,12
cx_965df0fed1a01ebb,5119010200101590001,51
cx_9668630c0efd1ebc,2818510600100200004,28
cx_966e3c791734496c,2623010200101160000,26
cx_96781ae593e78560,4311410500103370000,43
cx_967d0ee8968285eb,2647010200119900000,26
cx_9683cfd069583ca2,2823710500104540013,28
cx_9687d73643b53963,1230010700114700000,12
cx_968abe4020697418,5214011500106750000,52
cx_96a434577741043a,5211312200113430000,52
cx_96a82645910c024a,4833025323112740001,48
cx_96aa2997d8eda649,5211312100105430013,52
cx_96c2d4b0e7b75c06,4822034024115790000,48
cx_96c3781159820336,3020010400107010000,30
cx_96c3abb4bd9c997d,5213014300101580001,52
cx_96c4cca7eef40729,5214031022111260000,52
cx_96cd443e8a5ef28a,3171025927108070008,31
cx_96d2dc992feebcee,3611011000105540000,36
cx_96e471ef316dafc0,1230010700114060001,12
cx_96ebc29b973555fd,4812312400100240000,48
cx_97084f7e560f6932,5113038022104460000,51
cx_970e3b5aa7805e18,4717014000102400002,47
cx_97179f02a304a06a,3114010400118890000,31
cx_9717cdf0981f120c,4311311300115490000,43
cx_971903bc3695dfb1,4377025622103080000,43
cx_971fa12826131919,3020012300100990000,30
cx_971fa494ae9339fe,1221011000107160000,12
cx_97273b927f3fad33,5211113700103000003,52
cx_9744d7ea3b240513,4315011500111010000,43
cx_974713bc38b5e41b,5011011100114000000,50
cx_975d79af42a654e2,4375025329109360000,43
cx_975e02a418839b5e,1230010800113260000,12
cx_9760c6f77c12f6b2,5111012300110150000,51
cx_976da55565d0df5e,1279025036109180000,12
cx_977f3205e175b6a6,5211312200113040000,52
cx_9790b4c90ea3ff8c,3017010100102750000,30
cx_9797709f90282e6f,3014011500100100000,30
cx_979bb42903315cf2,1281025335103150000,12
cx_97c82a11344344ef,4713012500113480000,47
cx_97d1353873970a88,4711110100104660004,47
cx_97d92171edf8807b,5113011200105510000,51
cx_97d9907a566aef58,2820010500107020000,28
cx_97e660f9a2f466c4,3014010200100830001,30
cx_97e7720f484641b6,2812510300101660000,28
cx_97f4f9da0304ee84,4413111800109700000,44
cx_97f71a3269e4cf5e,4481025030105890000,44
cx_9806eae0f383222c,3114010100115270004,31
cx_9809c591a7ef2ccc,4413310800107370000,44
cx_98138366c8bbf8ab,4831037024103270000,48
cx_98250cdc6c2fe236,2815510100118870005,28
cx_982b3c999b7e01fb,4418010200107350021,44
cx_982baeda18518174,1233010200111360001,12
cx_98362ed322d23f67,1211010300112620000,12
cx_9837acf81ea83362,4812312700100640003,48
cx_9847766ea8d86259,3017012800100010002,30
cx_984e3a84d86c8310,4311112100104670000,43
cx_9851437b4131870b,5213014000101000000,52
cx_9856bcc2110fc82c,4421010700104630001,44
cx_985faf656a326cd0,3120010800106740000,31
cx_98600c361ca0fa39,1217013400108500000,12
cx_988291a62ff8e135,3014011200100390000,30
cx_988de2402ee9cfab,4873025024103070000,48
cx_989385d9e47d8492,4812916400113380005,48
cx_98a76f818ece1c64,4719011600100700000,47
cx_98b6446f6cd0d04b,4719010100109370086,47
cx_98c10a09a08adbb3,2820010100102580000,28
cx_98cf59ba8003380e,4480025625111760000,44
cx_98daf4a3780ab9aa,2820010200109390001,28
cx_98ee431058182fde,4418010500103890000,44
cx_98fce5adb34c9587,3011011800103690001,30
cx_9905e2ae508ba19a,1215031023106610000,12
cx_990ca2fa6dfa6dae,2820011000106340001,28
cx_9916f109a7481de4,1211016400109150026,12
cx_991e50007f42d279,4729025024102810000,47
cx_992765ff145371df,5011012200107530000,50
cx_994c9a6a9e3ad183,4831011300110970000,48
cx_99624e096d9573b7,5175025021109310000,51
cx_99682102032b370d,4812512800102180001,48
cx_997791a4ec01f5d8,4812112900101240001,48
cx_997c837adce49070,1282035026114280000,12
cx_99887fc1f5d14624,2823710200106070000,28
cx_999fedb7700e3b84,5115012500106080003,51
cx_99a269446dbc5639,3611011300101090000,36
cx_99b3815b72318a07,2820011000107400001,28
cx_99c67446abb97b8d,4822010900102670001,48
cx_99c78dac39dd008d,5214011400108120000,52
cx_99c82a243e96d3c2,4311425022101230000,43
cx_99c8379728372e4c,1215011400113780000,12
cx_99d1344adeca9697,5178025021100710002,51
cx_99d31e7234750e91,1233011400114860000,12
cx_99e1def3c900e088,1233011600106870002,12
cx_99e2c3b21a19ae81,4377033031102280000,43
cx_99e4d99953086cb0,4812125032103720001,48
cx_99ed85ca467bd5a7,4812512500100760000,48
cx_99f16a7a8347e503,3120010600106880003,31
cx_9a1cba297b3d04dd,4315011600110430000,43
cx_9a305cf673c0880b,2827510600100730010,28
cx_9a414a6968b17f07,2653010600101160002,26
cx_9a53e20df32d2245,4374525027109300000,43
cx_9a6254ef9f97d55e,5218010300109760000,52
cx_9a93b0caaf6ce5f9,4713012400102410001,47
cx_9aa12aa408c2aa78,4728011000108690000,47
cx_9aad356b03631e19,1217011600110360000,12
cx_9abaabbb9088a67d,4413310800116140000,44
cx_9ad07da6e1675ed3,5111012000100810001,51
cx_9ae715a6dee13585,5211112900109620001,52
cx_9af7654609f9f1c6,5175025022101940004,51
cx_9b0f06f4507100e4,4377025322104670000,43
cx_9b1ded47068cc04b,5211312300112420000,52
cx_9b21e5c8330ac3bd,3114010800107250000,31
cx_9b24eabfd649e588,5121010600108000014,51
cx_9b2abc7d583aaa26,4415012000104750002,44
cx_9b2cb32f2a91a243,5211113700102870004,52
cx_9b30ff422045dfd3,3611010700104450002,36
cx_9b3c7031a0740729,1230012600130780000,12
cx_9b52765d880c061f,4812312600100180000,48
cx_9b5b4e126d0e24a5,5113011700118120001,51
cx_9b60dc77acd8befb,5013025321113230002,50
cx_9b700afab32068bd,2824510300104250006,28
cx_9b741caccfb2df42,4833025323112720001,48
cx_9b8e39331230a3e1,2617010400102521562,26
cx_9ba72da288a07db0,1233011400114880000,12
cx_9bb37ab689b7ae08,4825025026117100000,48
cx_9bb92fa0d9be9e64,4719011800107380000,47
cx_9bc139f4571ab0d3,5214011200101370001,52
cx_9bd1ec93470c7ed2,4311310500103100000,43
cx_9be4a70a0c8f7fbe,5211114000106540000,52
cx_9be661e095b50013,2829010500110840001,28
cx_9beaefc043a2369f,4421036024107190000,44
cx_9becbe16d320657c,1224012800110990000,12
cx_9bf1ad0884aa7548,4377025627106100005,43
cx_9bf4db14347750b1,4375025025105390000,43
cx_9c05440d75fe178c,4711125324101780026,47
cx_9c237a2e29b2dbb7,4713012400103150012,47
cx_9c2b6d5868f2fc38,1230011500108660002,12
cx_9c2d5d68746e4362,2818510500109410000,28
cx_9c3606e687dd0201,4725010900102990000,47
cx_9c365784a2f549df,2827510800105930000,28
cx_9c4938827c52bb98,1230011300107210000,12
cx_9c4d36334738c9ca,1279025021107040000,12
cx_9c79f650ea807236,5113011100108230000,51
cx_9c8237c6be5ab419,1221012600101770000,12
cx_9c8baf2f9f6d60f7,2623010800106100088,26
cx_9c906e33e8dd0ccb,4311210900105060000,43
cx_9c936b35beda4b13,1230012800107960000,12
cx_9ca79c9bb64b7a9f,1233011900112020000,12
cx_9ca87be25b8ca73c,1281025335100060000,12
cx_9caa4c5e033d6ed8,5115011100106520016,51
cx_9cac6d300ee7d08f,3017011600115790000,30
cx_9cc142cc35d36c07,3020012000110500000,30
cx_9cc8340238309ba1,5211114100111930001,52
cx_9cce1430a4e056e6,1213012000104500001,12
cx_9cd29e02079ac252,1213025030110460001,12
cx_9cf28519402a3d9a,4420025331117670000,44
cx_9cfadd0ec1663f45,3011010400102280009,30
cx_9d058bfe5b0483fa,1224011600108520000,12
cx_9d16ea58fcadb443,4827010400100630001,48
cx_9d1782342784da7b,2726011000105400014,27
cx_9d1bc5e82835e307,5211112700102210001,52
cx_9d1f339aa57ddd86,1230010600104780018,12
cx_9d1fc4e676d74d9b,5115011200101490001,51
cx_9d4cf08a176b2c00,5214011300104580061,52
cx_9d56e1156761d061,4812514000102560004,48
cx_9d620dba9358ce49,5211113700107050000,52
cx_9d671375ea5f3e45,1233012300116900000,12
cx_9d68eccd85361d0d,5111012400109710000,51
cx_9d718668c9897f17,5111039022104010000,51
cx_9d736334c93f625b,2823710600103590000,28
cx_9d7b9df7016556db,5113011000105070000,51
cx_9d8a53054031f60a,1224010400100600002,12
cx_9d9245aa8aa3d986,5211114100113150001,52
cx_9d9f7fea936fa0a1,5117011800101720000,51
cx_9da1d1be51bd3183,3017011200118050000,30
cx_9da3abdc00a683f5,3120010500102440000,31
cx_9da40fc1ddd56ef9,1230010100106700005,12
cx_9da951dabc5f0c3a,5214012200105290002,52
cx_9db31bf66912d98f,2812510700103390000,28
cx_9db76ea4d1ce4e49,4413310300109410000,44
cx_9dba1cb34a218f7d,2829010400110980001,28
cx_9dbd0a1fd935186c,1211010200112590003,12
cx_9dc286e014e4c0fd,4413111800105440000,44
cx_9dcb924f2c2cd2fe,4817013700102750000,48
cx_9dced226c726ba31,3111011100102000007,31
cx_9dd07c516a7e8209,4822011500103970003,48
cx_9de82f0775f63804,1224011800106000000,12
cx_9deaf3b383894b66,2827511100101040013,28
cx_9df5c73b8ba23f40,1233010800108800000,12
cx_9dff4e5effe128ba,4311410300108620000,43
cx_9e126dbd515e74d9,4418010500103890000,44
cx_9e1f5aa19f829d5d,5211112800100370000,52
cx_9e365a87d3b7e025,4825012100100670000,48
cx_9e417593cfc9bb0b,1224013000107380001,12
cx_9e4783b03299f6ea,4817012000106100002,48
cx_9e4ff7fe31c2da2b,2820010300110490000,28
cx_9e546838c8d4f6e4,1276035024106030000,12
cx_9e5f0a1085ea12e9,2820011000106350001,28
cx_9e67be628f7415e5,5219010700109750000,52
cx_9e7a01ea9a5dd2ed,2717010300115120010,27
cx_9e7fab95fb0cae9c,4825010700115610000,48
cx_9e80d306640e3137,3611010700103610086,36
cx_9ea019a8058d6b9f,4311311600101400041,43
cx_9ea046bbc3ec5a8c,2823710300102330026,28
cx_9ea315d1bf2554ec,4413111600110660000,44
cx_9eaee5a725bc6611,1215013300118200000,12
cx_9eb407f16e98c80e,2818510600100020012,28
cx_9ebf486188ddf95c,3014010300101320002,30
cx_9ed6b6f8dacc419e,4812310400108530020,48
cx_9edd964807e8bddd,4825010600104910005,48
cx_9eddf2e99bd0567b,4421039021101400000,44
cx_9ee5fc97fd6351ae,4817013700100900000,48
cx_9ee6c7a01c3f04b3,2626010800104550002,26
cx_9ee7557ab6409c62,1233012300111110000,12
cx_9f02da9107f1f6d1,5211310300107800002,52
cx_9f1c4ed9acde1ab9,1233010200108490000,12
cx_9f22e631f898fd73,4812914000106590000,48
cx_9f30422e03e337d9,4311211000102950000,43
cx_9f3cd557c3058ce4,5117010900111000000,51
cx_9f4322bb01cd0e84,4413310700112840000,44
cx_9f5486449a5f57b7,2818510200103400000,28
cx_9f54b7150f98bd39,4311112000103240000,43
cx_9f594e5518f001ee,4812311000101080000,48
cx_9f66ac7b051661c4,5211112800102320000,52
cx_9f72860035f25522,4420041025102480003,44
cx_9f865d6e547bdba8,4313010700112200000,43
cx_9f962ef80b349d76,4833025323112760003,48
cx_9faf35807d0e0592,4311112400120960000,43
cx_9fb004edf664b538,2812510700100940011,28
cx_9fb24ca23496ce7b,5211312100103290000,52
cx_9fb478cc468b2860,3111011400100340001,31
cx_9fb6893cf9b48a22,5211312300104020002,52
cx_9fbb22fc8ee27a34,4715012000107700000,47
cx_9fc15e428f09ec74,3171026523116090000,31
cx_9fc76bf9be84e6e9,5211112600109780006,52
cx_9fdaca5b41505b4e,4711311700104100000,47
cx_9fe15fd9e0b9c633,4413310700120400000,44
cx_9ff34b28c9efce22,2829010300109960001,28
cx_9ffcb8f4b0ef4681,4315011100101560000,43
cx_a0085edee3ca04d8,3114010100115490002,31
cx_a00987ce830efee8,1215010700101790001,12
cx_a00e355e7fa2c59d,1233010800106030003,12
cx_a01733c4633672fc,2827511100101660001,28
cx_a023e2a7beef94d1,1283025036100260004,12
cx_a0244cfd9fd9da1a,4311425344106390004,43
cx_a037ce3614a791d6,1227010800104840000,12
cx_a039786b9377c050,4825010600110520001,48
cx_a05b8cfdf431b688,4311112000102750000,43
cx_a06042539f434525,1217013400103940000,12
cx_a063d67223b1e8b8,2626010600100410007,26
cx_a06b042420a1beb1,5117010300116830000,51
cx_a08414a079dd0706,1230010700104050000,12
cx_a0a5a7d716a488d0,2820010100115130000,28
cx_a0acf99c9efdc264,2818510300105340000,28
cx_a0b356a53c88216d,2820010100102870000,28
cx_a0b41112a4e3bdbe,4374525030105330001,43
cx_a0b420ba88fe8dd6,1281025023110020000,12
cx_a0bf3810572feeb6,4480025026105910000,44
cx_a0d29a8ad1e498b3,4311311700104720000,43
cx_a0d801b84e9dd7a6,1215013300118840000,12
cx_a0ea898ee133c887,1233011500107650006,12
cx_a1049ceb6ec152e2,4833025321108900011,48
cx_a104faf992d89c35,2820010200106170031,28
cx_a1189a5efbd0beaa,4729011100101380004,47
cx_a11e23355e658d99,5113011200127190001,51
cx_a13b189456f8d2a4,4377033031102460000,43
cx_a13eacfcd8d8436a,1233012300110370000,12
cx_a15a1e021d7bd9fc,4413110900101830000,44
cx_a15d5ed7c7b04f82,1233012300110490000,12
cx_a160e926d1c0517c,2815510100119110003,28
cx_a16216c756ee7b31,1227011200105940000,12
cx_a166d1f5727f7fe1,4825010900110750000,48
cx_a179eac9b1263188,1215012700100010002,12
cx_a17d02b1442e874f,1215011000104310000,12
cx_a18ce74a03f3af16,5111039021111370000,51
cx_a19a56a4fd18a703,1211010300120230000,12
cx_a19d901e9b074920,5214011100106670001,52
cx_a1b6f1b6b26fd607,4812125027100230001,48
cx_a1b915ce4652f2bf,1230012800111480000,12
cx_a1bc6499af3b40b4,5211114100101000001,52
cx_a1bf52d2138db55d,2723010300101140033,27
cx_a1d7526c55a80182,4825010700114390006,48
cx_a1ee2ff51669879e,4784025021104260000,47
cx_a1f2f713d0c93307,3611011200117060000,36
cx_a209de0212789dec,4311410300111440000,43
cx_a20ce73e806f1f39,5011010200101130007,50
cx_a2112468a64007e4,4311331031103880000,43
cx_a21f9546378af1a7,5214011100111480000,52
cx_a2298128a8d61764,4833025324106820002,48
cx_a233e27a51a922c2,2614012400105460014,26
cx_a235c19d32ea1ad4,5211310300107540000,52
cx_a24835b13f121512,4817013700102980000,48
cx_a2527a3b408de52c,4817013700101340000,48
cx_a2592c1c5ad488fe,4311210600112550000,43
cx_a25987cc8a824980,3120012400108190002,31
cx_a28a56db8296567b,3171025924100060001,31
cx_a28bf42c71fb7c9c,5214013400102160006,52
cx_a2ad90f7009e38f0,2823710300100820036,28
cx_a2b78815fe3f3215,1233010800104550000,12
cx_a2bd147ecf616894,1217013400105500000,12
cx_a2c92cbd80f84f4c,4373025036102350001,43
cx_a2d4429da0ebb7af,4785025022105610000,47
cx_a2e9fd2dcb3774a7,2829010400112740000,28
cx_a2fbea2a10ecb1d0,4413125036100090012,44
cx_a30aaeec81391fec,4719012200105780000,47
cx_a30f344828bf5e41,4311210800106160000,43
cx_a313b5b216d1a5ed,4415012000100190000,44
cx_a319753790009d95,4822011500105890001,48
cx_a31b40960f5fefe7,4729012700105000001,47
cx_a33379602da81686,4812312600100080000,48
cx_a3367c009c9eb1ec,4719012000104550000,47
cx_a3479e966d4eadda,4377025623100110007,43
cx_a348708ad2eab1d9,1230012900100330007,12
cx_a34bae0a19b4b464,4717013500108990000,47
cx_a360412d791ae5cd,2818510600101110000,28
cx_a370d2b0630ab5da,2817710300106710002,28
cx_a38146191d7f73cb,1275025338101500003,12
cx_a38b79d7a9e4b2d0,3011011000105350000,30
cx_a3920dde29582c03,4888025031118600000,48
cx_a3a92fa8063a2ec1,4812710400102320001,48
cx_a3b2b7a58c6eafcf,4481025021107260001,44
cx_a3b47afb488c1db1,1230010500108870000,12
cx_a3e40811272abdd9,2812510700103410000,28
cx_a3e5cc294ccee194,1221010900101000001,12
cx_a3f4244e443bc5f6,4311410300112920000,43
cx_a40290c14caa9ffd,4413311000107050000,44
cx_a424a62e91dfa02f,5211113200106960000,52
cx_a4260f16f1cacafd,4723011300114360000,47
cx_a429ba6e53762537,5111012400101150010,51
cx_a42a0641dac72ed8,5121010600109230000,51
cx_a439e2874e4ed3d9,4773025023107070003,47
cx_a44804f07df6c9c7,4825013200108730000,48
cx_a4560de1c597131e,3011013600107230000,30
cx_a457d0a5c362e40c,1277025037104130000,12
cx_a45fe7bb476534bf,1221010200101540001,12
cx_a4750a9063a43ee7,2823710600103690000,28
cx_a47eed1b74bd90db,2812510700102280001,28
cx_a4866289930f5652,1213011900102420000,12
cx_a4877f3a4d9bfeb1,2820010500107150000,28
cx_a4a70b30cbb886c3,1230011700104920000,12
cx_a4b0fd1ab7c8948c,4812125028100200001,48
cx_a4bc03ef33ead5f2,4421038033107690008,44
cx_a4d025f425e9fded,4715011500104400010,47
cx_a4d1557b2ef47ca6,1230012900111160000,12
cx_a4e306eb06b77821,5218010500106330000,52
cx_a4edf2db35aae7d4,2827510100105950005,28
cx_a4f0f554100ef030,2817710300100480014,28
cx_a4f18cf63415da60,5115025021100610000,51
cx_a4f95528b20546a2,4812313000101480000,48
cx_a4f98abaebc0d217,1227011500101270015,12
cx_a4fc3225ee642eb1,5011012200125820004,50
cx_a504aaf11462a44b,1213013400118150001,12
cx_a50fe7ebccee14a5,1215013300118000000,12
cx_a51fe048b11220fe,3117010100100590001,31
cx_a52f64434b8f4db4,4825012900103330003,48
cx_a5312ed092aad2a0,5271033026105460006,52
cx_a53212884a2e339d,1211015800111200000,12
cx_a535d1c18adb9a16,5011012300106410001,50
cx_a53a58ad9af547d8,1230012900100310001,12
cx_a541002194e896ca,2818510600101490000,28
cx_a542b49ed879a8a2,4729011100101300000,47
cx_a54b368db7a16903,2827510500102590002,28
cx_a550cacf028f6d75,4413110800102930021,44
cx_a55e126a9ebf6338,4311311300117590000,43
cx_a55fd4b84df69244,1233011700108820001,12
cx_a5708343f1677e5f,2815510300127480001,28
cx_a57aeb67bd092dc8,2820010900106510001,28
cx_a5835ffba7c96264,1221012100105970000,12
cx_a5a6c24d069e944c,3611010300107000001,36
cx_a5ab07473810c2f8,3014011500103350012,30
cx_a5af9edbb6651c49,5011012200107540004,50
cx_a5d37e7d43cbb746,2817710500101150001,28
cx_a5dc8354f873a8d9,5211113200107610000,52
cx_a5ef2507b4250979,4311311300106350000,43
cx_a5f6beb0e1a9a533,2815510100118870001,28
cx_a606a9497cf63efa,5271025324108730003,52
cx_a6095cedbfff4c09,4817012500104540004,48
cx_a60a2156f16f2e60,5214012200102540050,52
cx_a6206854ece10e0e,3611010600109400000,36
cx_a635085e283b5e0a,4420010300107070000,44
cx_a64286734490c5ae,5011010200100470001,50
cx_a657ba3b435984a5,4833025324108230000,48
cx_a65d438def0d9b93,4729025622104860000,47
cx_a6654e5a42d1cdad,4729025322110890000,47
cx_a665845ca1976be2,4812512800102820014,48
cx_a669a37dcc238f27,2818510500109290000,28
cx_a66d2d6cbeb12ebd,1275025022100070002,12
cx_a6933422c38d6d9b,1211010300119440000,12
cx_a694f77ddef96a33,4812313700100070003,48
cx_a69dc553e3e6025a,4812912400100260000,48
cx_a6a0c82d9174aebb,4882025022100720005,48
cx_a6bac4019b76a57b,3117010100111380001,31
cx_a6bcbaffccabb17a,5113011700114380002,51
cx_a6bfa17e6ef8e437,4415012000100010022,44
cx_a6c20e42e411f7fb,1233011600106540002,12
cx_a6d141526de26af4,4315011500112500000,43
cx_a6da63b097e4bb0c,4420011300105550014,44
cx_a6dbfa8e1ea554ee,5011010200101130000,50
cx_a6f124bc4a1c94b5,4427025333116290002,44
cx_a6f45cbd2a147fdb,4481025025107050000,44
cx_a6fae38a06d7accb,4824010900109200000,48
cx_a70c857406bd3da2,1213032022115020001,12
cx_a7107ec70631ae97,2817710200106270012,28
cx_a715dddd83d46e65,4420033025155170000,44
cx_a718b77a45784aa6,4413111300102040003,44
cx_a72493aa2baf3e11,4427039031113120000,44
cx_a72811c1f86be4dc,4831011000100540009,48
cx_a728a8d94f375a82,5175025022100530000,51
cx_a7371f32c5095bb4,2817710200106110004,28
cx_a73ae72c1e67e02f,1211010100109820025,12
cx_a749679bf2f21c81,1211015900110400000,12
cx_a7541505213337e4,1233010900110390005,12
cx_a759ecfcdc80a2ad,2823710700104770005,28
cx_a75a4f8b187f6800,4825010600103210000,48
cx_a7668eec5e50b57a,5213013400139630000,52
cx_a768b33c6b2961fd,5214012200108100000,52
cx_a778aa20949ccdb6,2771025021106900001,27
cx_a785dbb640067ee5,4719025331100440026,47
cx_a78982545bb63ff6,5213014400101000011,52
cx_a78d0e025362d534,4420036032118050000,44
cx_a799f5e2a2521c5e,3017011600115930000,30
cx_a7a3ee4498d21d06,4824031024103880001,48
cx_a7a6be1c86cba863,1233011700108830001,12
cx_a7b42f32d1bd71cb,4413111800105410000,44
cx_a7b79b5725c9b34d,1233011500107590003,12
cx_a7c2058cf87ebe43,4481036021102000001,44
cx_a7c884742efdc9bf,4413310800115030000,44
cx_a7cfdacca0f9b31b,4427010700118790000,44
cx_a7d0a78f319dec18,1230011100100120001,12
cx_a7d9f53394c1c432,5211311600107490014,52
cx_a7ea7239a0a00b40,4873025328108780002,48
cx_a7ef853badd263f9,4812710500101530005,48
cx_a819fbe7bf364817,4812513700100120003,48
cx_a81c681aedff44c9,5011025926111240000,50
cx_a8225d66e1a605c0,4713011400101000014,47
cx_a823734e5c30959a,4427038023100060003,44
cx_a83dda04ad9454bd,4425031024109710000,44
cx_a847bee24519773c,4477025322101170003,44
cx_a8518edf6716096d,3014011600100010253,30
cx_a85f73e0c327b0f1,5219010900101160003,52
cx_a8632ff52ad90376,4413310100101060017,44
cx_a8687646b67e4270,4311410500103350000,43
cx_a869ddfc093914e8,4471025028104680000,44
cx_a878599ee71c26a5,2827510200107270001,28
cx_a87ee46f5c5a535d,1224013000102680001,12
cx_a8b2ab5096325946,4831034025115230000,48
cx_a8d238518108f2f6,4817012000103150000,48
cx_a8d481e7a9c30a29,4715010800113070000,47
cx_a8e4e7e6ff8bfe3d,5211113700102860010,52
cx_a8e4ec5cb2e30f2b,4715025029101100005,47
cx_a90a4cbcc303b874,2671025027107970008,26
cx_a91134612c63254f,4311112400120850000,43
cx_a91d3c16c55e92f0,4817013700103000000,48
cx_a937be1c405ecb79,3120010600110700002,31
cx_a939ddb35aa65117,3611010700107640000,36
cx_a93e5169d62ab39b,4715012000100080000,47
cx_a93e5f1f315dc834,5211310300109510003,52
cx_a9418fef3998acfb,4831011400111400000,48
cx_a948104386dcc0d0,2817710200106270105,28
cx_a94dacad10f70cdc,3120010600106210000,31
cx_a95919cf04f462f0,4413310300109100000,44
cx_a95adb369d50f15b,4812125028100210007,48
cx_a9652f135769fe55,2815510300127450001,28
cx_a9676131cdf8f936,4785025021102980001,47
cx_a9693fdaad81b8c3,2823710100109550172,28
cx_a96e5a33876727fe,1233012000107760001,12
cx_a96e5cbe4d9b2bd8,4812310500103750000,48
cx_a972b66d625cc47a,5214011200100700001,52
cx_a983dccf56bffcab,4831010900100010000,48
cx_a984a5466c7f1620,5178025921105880003,51
cx_a98541d442c472ee,3120012600112360008,31
cx_a98b842b78537957,1211016000108160027,12
cx_a99563f945dce771,1281025622125320000,12
cx_a9a167432b7529a8,1215013300105280000,12
cx_a9a89405bc29de5d,2827511100101030002,28
cx_a9a96806e70657d4,4413310700119230000,44
cx_a9ad98ee5c34170d,3011011100102010000,30
cx_a9af9d22276ddb3f,3611025030100920000,36
cx_a9b69424c586f224,2817710500115560059,28
cx_a9c5e181453d189a,5113010700101860011,51
cx_a9c6b3af5134d500,1233011500107570005,12
cx_a9ce25a3e7f23fd0,4825010800101210001,48
cx_a9cebed16185cc69,4375025325124940000,43
cx_a9e425203db84be4,5213014400108660001,52
cx_a9ecc46519b02bd6,5115011000119830000,51
cx_aa074e24b13fcad6,1279025036103100001,12
cx_aa0f27682dc07547,1219010600117340000,12
cx_aa13dcd8b1449def,4817010200103600000,48
cx_aa16390aa8739da3,1224013200109560000,12
cx_aa1bffd4cbcd90ea,1213011700105430000,12
cx_aa1ee436a1b6a874,4413110900102670000,44
cx_aa2bda8a431c9322,2817710100104620000,28
cx_aa2c002e23b6c986,1227011500104900001,12
cx_aa2df44d90614eb0,2812513000100380005,28
cx_aa2fe27ce20eef3a,5214037027119530001,52
cx_aa326310a8f3eff8,4812313700100810000,48
cx_aa490f3bfa833040,2824511700104070000,28
cx_aa50c88a5c5fbb0c,4413111300104940000,44
cx_aa5e44629ab6a563,4812313600100900000,48
cx_aa678a9ba815a3da,1230011400109470001,12
cx_aa6bdaf512d31de7,4413325024104470002,44
cx_aa87b355d271619e,4825010900100070000,48
cx_aab28d8d209ce0e4,1283025028103360000,12
cx_aab4517d2ee6516e,3011010700102330000,30
cx_aab660edb45507d4,2820010100103420001,28
cx_aac8e54711614cbb,4715010800113090000,47
cx_aadceb0dfef6b323,1215013300115190001,12
cx_aae12329949293b1,1281033024100060000,12
cx_aae7b906a1c07c5b,5111012000100670013,51
cx_aaebbd6e0c957839,2629010900105610005,26
cx_aaee975396095bdb,5115011700106100000,51
cx_aaf08ded40d70107,1211016300105270000,12
cx_aaf54140bc2ae8af,2827511100101300004,28
cx_aafa3f7f4b164d61,4812915000112750001,48
cx_ab00c87d8098904c,2635010500111020009,26
cx_ab024373b28a9b85,1230010900107810001,12
cx_ab078fed8802c76b,3117010100111220000,31
cx_ab13a1ffe59f8988,3017010600106100000,30
cx_ab16f2b0822445d7,3011011400100330004,30
cx_ab25186f4203bcb9,1213013400102700000,12
cx_ab2a456e494ab888,3014010300101110012,30
cx_ab2c343cf7f9b39c,3111010300101860002,31
cx_ab32b8237131f254,5211312200101930000,52
cx_ab35160683eb8970,5211313100113590001,52
cx_ab496a018a238adb,5113025026117430000,51
cx_ab613600c2b1f3ac,4711125621109970000,47
cx_ab679997c948e358,4882025024101440002,48
cx_ab67ec1b77d54a0b,3114010900106500000,31
cx_ab6999a41c58384a,5011012200107320000,50
cx_ab6cd92cff34b3ee,4721010500120460000,47
cx_ab705f95e2273f16,3011011400100430001,30
cx_ab8d00e75fe75034,3117010700100060001,31
cx_ab9ac6bfbced6865,3017010400106410001,30
cx_abb6dae88cea5101,1215011200100590000,12
cx_abbaa562ab8f7055,4713012500105960000,47
cx_abc2e6ea98cf9287,1284035021104280012,12
cx_abcc74c1dc880f9c,2817710500116070000,28
cx_abd0f05ba3ee029a,5111031023109850000,51
cx_abdc1aaa92078ad3,5211310700105230009,52
cx_abe4e48f536aba33,5211113700105850004,52
cx_abf604ad4fea6e41,2820010300110450000,28
cx_ac42658dac0133b2,3017010500105930011,30
cx_ac471eecb8a4c414,1233012300110430000,12
cx_ac48c958ad2aae1d,5214011500101980002,52
cx_ac62006e0c14ee6f,3120010300108650000,31
cx_ac65b5324cb120bf,5113010600102050037,51
cx_ac685d96d3f49c59,1230010700114680000,12
cx_ac69a6f6a1b7b421,1213011800101140007,12
cx_ac6b975c5063c778,2711015400117480000,27
cx_ac6c60afbe082d75,2823710300101800469,28
cx_ac702be5623003e8,2820011000107560001,28
cx_ac7380c315f51d14,1227010500107050000,12
cx_ac76aa1839fe076b,2623010800105670000,26
cx_ac7b2f430c164079,2824510200100550001,28
cx_ac7c0d45fd3b5142,2671025027100350001,26
cx_ac887aa07f3f86ce,2824510200110850003,28
cx_ac91d12045ec013e,2820011000107490001,28
cx_ac9bcc11f022b8dd,2824510100100780001,28
cx_ac9c52491cd7f53f,1213011100108450000,12
cx_acbdb7298159ae5b,4413111800108890001,44
cx_acce23f235e8bcda,3114010100104610000,31
cx_acd886602567ec28,3120010500103460005,31
cx_ace7c043cde7cd9e,1211015900107130000,12
cx_aceb7a549dd010ff,3117010100100600001,31
cx_acefbcf31c577b02,3114010500113950013,31
cx_acf35e6dc8f352d2,5218010100109400000,52
cx_acf79f785e147d3c,2726010800104850001,27
cx_ad006605362a889e,5115025021115860000,51
cx_ad02ab4fb1ed994c,3171038030108460014,31
cx_ad065e9e092b8a94,1224012000112080005,12
cx_ad097f5341bfabc5,4413325333100020026,44
cx_ad0ba414ab953b0e,1219010600115920000,12
cx_ad0e03ea49b5a0f2,3017011200118090000,30
cx_ad0ea1e0cf6c0796,2650010400112570000,26
cx_ad138f1c97ddb6b5,4825012500108810002,48
cx_ad1efa8fef4ab2fe,5211113300108960001,52
cx_ad3e865939cfd4a4,5211312200113410000,52
cx_ad40a13834e4bcc9,5013010500101140007,50
cx_ad525f8ca03fec21,2717010300110830002,27
cx_ad57693d04a20630,3611011800108830139,36
cx_ad5b116aa0566304,5183025036100610000,51
cx_ad5d175706fed906,3020013200105160000,30
cx_ad6445b40f00280d,4717012200109230000,47
cx_ad75d987cc3a027c,4833031026114500004,48
cx_ad8114ef1dfb9ce2,2827511000100810022,28
cx_ad84a92d39499480,4711311700104200003,47
cx_ad8d5d268c24e442,4481025021106000000,44
cx_ada1b5731cad050c,1233010800102320006,12
cx_adafd7c973494a7a,1230011600101710000,12
cx_adb4f7040b347529,1230011300106080000,12
cx_adc433295e4ab912,5111012000108450000,51
cx_adc4787e8e9e0dcb,5113011300112030001,51
cx_adc5493103cfc75c,2620011800100690001,26
cx_add800f0f12dd301,4717013200100690009,47
cx_addf3c401f45798a,4831010800101420000,48
cx_ade3ce76df2a6063,5113011600117740004,51
cx_adecf99cadbdf893,4377025322105550000,43
cx_ae10ac154eb5ae06,4729025621102630001,47
cx_ae1550c8a6ee86d7,3111010900107920003,31
cx_ae19b1e1f143e530,1280025326116680001,12
cx_ae22a370d20b2da0,2720010300119590027,27
cx_ae2c22cabcb9f0d5,1278025023105950000,12
cx_ae2ce8c718bf926c,3020010600107220000,30
cx_ae375f22f738961a,2729011800101820000,27
cx_ae3da0f34bca6cc9,2823710300101910003,28
cx_ae483a13c08dbac6,1211016400112720000,12
cx_ae4931b338f51336,2729012000106820000,27
cx_ae4f19de0be68bf5,3020012000108530000,30
cx_ae512a2f0d23fff6,3114010400108510021,31
cx_ae603bd82b037fc4,4413310200113240000,44
cx_ae65d91b5ed46c0a,4413325626105910000,44
cx_ae672abdfeef83f9,4825013100112960000,48
cx_ae809e842afe1dba,4812125033100520000,48
cx_ae8f19dd0f9876d9,4817012600111370000,48
cx_ae9341ee959320d1,4313012200111660000,43
cx_ae93c82bd3175af5,4715010700101290003,47
cx_ae985beb60105d0b,4413111500105950000,44
cx_aea5563e0b0e29eb,3611010800100850001,36
cx_aea8080ad832f71a,3020012000110410000,30
cx_aeb05a018f1cd9bc,1233011900110120000,12
cx_aebc605007878484,3114010100104780001,31
cx_aed6c92835e44073,3014011500100100000,30
cx_aede09411ac9eb23,4790025027104300000,47
cx_aedfbe61847689bc,4375025025104800013,43
cx_aee1d553ddf501ee,2827511100101590001,28
cx_aee66e8a937e9fe3,1233011800111110000,12
cx_aeef9234da72dd96,5176036021101660003,51
cx_aef2b1c7caf7c9c5,3017011200109120000,30
cx_aefb94f656ad8ccf,5113010600104800000,51
cx_af035cb7a19b4abb,5013010300115450000,50
cx_af07255a353321cd,4827010400107550000,48
cx_af12676de01aa8e5,5172025024102220000,51
cx_af17cabba05bd592,4825010700114280004,48
cx_af2da62496063fb3,1213011300101530004,12
cx_af32e73563e12da7,4812710500100790009,48
cx_af48043f92b1e47c,1230010700114650000,12
cx_af4db402f2af1b9b,4711111600104690013,47
cx_af508185a1ac592c,1213031022112470000,12
cx_af60fa7f7adcda5a,2729010200108030044,27
cx_af67f81a7ef21134,2820010200102240002,28
cx_af69ae46c149e797,3171026521115550004,31
cx_af71becae2ebb0e8,4812125028100200013,48
cx_af73ac0e6f14edda,5111011400100010000,51
cx_af7c67ac78f26faa,4425031522104600000,44
cx_af7f504ab942e793,4427039022100360001,44
cx_af82e50a3ac5dfb3,4831010900108600000,48
cx_af84aa1e069e9d7f,1224011900117080000,12
cx_af88cd8eeeb1c286,5113011200127240000,51
cx_afa2f1972fd94c04,1230010500103400000,12
cx_afa65a95db23a389,4729025021104080001,47
cx_afb1f020c21446f4,2817710100100860001,28
cx_afbe23fa80eace1f,4313038526106560000,43
cx_afc89b7cb174eb11,4420025030100300006,44
cx_afd1fba583ab4998,2829010400113270001,28
cx_afe005e475561627,3014010300100340011,30
cx_afea2ffa27594072,4471025023103060000,44
cx_afee59c0fc900ccc,4825012500111670000,48
cx_b0021e48f3cb8028,1230011000108310000,12
cx_b00e9f8b8b31043e,4825010700104010000,48
cx_b0243396fccfa6b8,2647010200113250004,26
cx_b029c61157847cab,4427010400112510000,44
cx_b02fad172a783346,2635010400113610000,26
cx_b03efe8fe9351352,5119010100102290016,51
cx_b04bddfd91a0c4d2,5121010600107820000,51
cx_b0669984a624e9d2,3014011400105510000,30
cx_b068dbe5632911db,5213014300106090000,52
cx_b06c4f33a02cb842,4311410400102280000,43
cx_b071395a0b4b0395,4711111600109700000,47
cx_b0728585f61a03b9,3171025922105780000,31
cx_b072c03a31d783ac,2626010800101830003,26
cx_b074c339329f94ad,3011010200100720001,30
cx_b077d6c223c30131,4827010800105450004,48
cx_b079afcc6ba89390,4315011600106370007,43
cx_b07b069fc983a49f,5113033023115250000,51
cx_b07d19ac31a404cd,3017011000100270003,30
cx_b0882a7e5dc6e9b8,5214013400110710000,52
cx_b08e8cd763050db7,4373025021101530000,43
cx_b08fe5eaf1732e15,1227011500109850000,12
cx_b0930d12a6e3ed79,5211310400115610001,52
cx_b09abfd38c382f4a,3114010100115840000,31
cx_b09b715284f200ad,5214011400100020001,52
cx_b09da119ffa7f742,3120012400108180003,31
cx_b0a70d2324aef43e,3014010200108770000,30
cx_b0a892835d0bd2cc,1227011500100210000,12
cx_b0b96e53287eb8d5,4413311000103770010,44
cx_b0bc7db103cdbb2c,4825012800100600003,48
cx_b0db566074296401,4481025026102530001,44
cx_b0debe44c4493e30,1230010500101040008,12
cx_b0e5195f11f2e8c9,1211016000107710001,12
cx_b0ea79212b363c8f,1233010100115160000,12
cx_b10d6e889979db26,5214013400110380001,52
cx_b1115e32a3de022d,2818510200103520000,28
cx_b111ac55cb6bc9a3,5121010600106280001,51
cx_b114755950e85a85,2823710700101200080,28
cx_b11697cf02ad356b,4420041028101770002,44
cx_b11a9bd0c40c05a8,2824510300100300001,28
cx_b1205a5fb1727224,3611010700107300000,36
cx_b13182a30088406c,5117010600102480000,51
cx_b13b1cf0891524df,4717011000116060000,47
cx_b13c1259d64782e1,4885025021109700000,48
cx_b144f90e7e1b457e,4711312200104670001,47
cx_b153f40ad16ef870,1230012900105830006,12
cx_b154ee8dfe251c6c,1215031023100350031,12
cx_b15abf7b44329d86,3611010800122020001,36
cx_b16147205b0e4708,5211113200106630003,52
cx_b165ce12385fa58f,3171026223106960002,31
cx_b1683e35100cf1f8,3114010400107260003,31
cx_b169be42d3d46e65,2812510700102300006,28
cx_b1780f695f13035a,4311313800102950040,43
cx_b17aee6d4d4461ab,4421010200112590000,44
cx_b18772bbcc6ac520,4822011000107030000,48
cx_b18998b1da7e62e7,3114010100115350001,31
cx_b1a43fca0bc40205,5113011500116490000,51
cx_b1b0b588b0cc581d,3017011300102660000,30
cx_b1b0c8fadb7801e1,1230012700108190001,12
cx_b1c0584c2a99574e,4413310600104420000,44
cx_b1c7403ff8c2864e,4825010700115430000,48
cx_b1ced04eba6748b0,5214013400102400020,52
cx_b1cf62c98e79dc58,4729011600106720001,47
cx_b1d7528a4e29e166,2614010600101170001,26
cx_b1e72ac850b6fa96,2711015700101690011,27
cx_b1f13b795807da3a,4831010500113920000,48
cx_b1f2cf7da8654b2c,2623010500103380039,26
cx_b1f33ae8c105ecef,4421010200100710001,44
cx_b2135762c4dbfb7d,2729011400103580005,27
cx_b22e45a780731bcd,3611025030103960000,36
cx_b233b65f3a26184c,4817012000100750017,48
cx_b234fc9986c5a299,1224011800113370000,12
cx_b237e6b149be7518,1219010600113240001,12
cx_b249daedd68607f4,2829010800100740001,28
cx_b25e40b06a51ec66,4311112400102060001,43
cx_b26d2babecbf955f,5211310200104160000,52
cx_b271ed02f9ea8247,4833031027108550000,48
cx_b2788b8d831faca3,1233011700108840001,12
cx_b2911c9c0fa6d6ad,3611011100106400000,36
cx_b2a3ae147ad50168,2820010300109660000,28
cx_b2abad447f357462,5211311500104120000,52
cx_b2b83279af6281b5,2820010200106160006,28
cx_b2b953bde657a6ac,4311425331101600000,43
cx_b2ba7fcf1b20845a,3111011800101060003,31
cx_b2d010c2b9d0e004,5211312100103370000,52
cx_b2ebf05a2067e014,4376025021108110000,43
cx_b2f5a3a9b00d237b,3014011300101570000,30
cx_b3008edc56a99ef8,1230010200101410000,12
cx_b302e9bad32da978,4715011400113280000,47
cx_b30fc2f4b9d7f79a,4833011900100760002,48
cx_b313ad3245750280,4418010200107750001,44
cx_b324db547771cdea,2820010200105010000,28
cx_b329356208f12e46,4817013700102340000,48
cx_b32e5973163d4dab,3120012500114400000,31
cx_b3303dc35679b1b9,4825011900101930000,48
cx_b3394b6d3186fa63,2824510100106750000,28
cx_b339c68b9a82439c,4415012000106830000,44
cx_b3481ec161ba3238,2827511100101730001,28
cx_b355a967cc72c5ca,5213014400100450000,52
cx_b35898f85c105bc8,5111011800110870000,51
cx_b3837b8f7679ae84,3117010200108620002,31
cx_b38e9f95aa7d3ebc,5113010600101240000,51
cx_b39132e6a40626ec,3020013900106230000,30
cx_b394612e772416e1,4413310200114330000,44
cx_b3971bddd3e0d41f,2823710200106300000,28
cx_b39846fb9f2f90a4,2815510300129240000,28
cx_b39aeecb1c56307c,3020010100103940000,30
cx_b39d5959d4933e8a,4711312000106350000,47
cx_b3a165f1ebd1b850,3611010100108610000,36
cx_b3b3b26aa9d5d3a6,1217013400103740000,12
cx_b3b95d38581da41f,1233012300116930000,12
cx_b3d775f3d80bd286,5271025029112280003,52
cx_b3efffdfffa1b317,3120011800100730001,31
cx_b3fa983230f197a7,2726010100101030000,27
cx_b402f838cb9408cf,4315010300100630001,43
cx_b40ebd36f8418c58,1219010600118150001,12
cx_b41151928ff61ca0,1211015900110420000,12
cx_b4320947f809366b,4420041028101900001,44
cx_b446d178e29bd41b,4729010700108310001,47
cx_b449cb5f2d640477,4825012800110690000,48
cx_b44d57790f8fdc64,3111010800103850000,31
cx_b44d6e1312c02033,4421031021102240000,44
cx_b4521947662ef6ff,3611010800122020004,36
cx_b4526773982d4b96,4717011300102710005,47
cx_b45f7ba2d6111144,3017011300102180007,30
cx_b4630b514b2cef9c,1224011900108580003,12
cx_b46d5627f24b8130,2614010500104140001,26
cx_b4759210fec9eb16,5211310300109510002,52
cx_b4875c81c8e85172,4831010500102990001,48
cx_b48b57392f50ab61,4374525021106660006,43
cx_b4a26f6689ce13e1,2823710700101200046,28
cx_b4a5397efc6710f5,4812513400107320000,48
cx_b4a77be9f57de3fa,1230010800111460001,12
cx_b4a7b685beba5d3a,3611011400103110001,36
cx_b4f2e52e73612d7a,4812111600107140000,48
cx_b4ff26d22bb2520c,5272025021107680000,52
cx_b5008d0ccc43c979,4817044031101100001,48
cx_b50499ea6b36be77,1224012800106640006,12
cx_b50595d12daa2782,5213013200101000000,52
cx_b509b33906cc53db,1230010700110740006,12
cx_b5225114f0ed7825,4817010300101410001,48
cx_b52d3fa4f2f37668,1230010800113340000,12
cx_b533f574e74bb852,1227010400110650000,12
cx_b53692417f4c7db0,1230010900103180000,12
cx_b55579fa61ef8fc9,5013025030111150000,50
cx_b561d724c807f903,2812512500100270107,28
cx_b5661ff13bf06037,5211112600109830002,52
cx_b5666f26c2e68d52,1227011500109840000,12
cx_b573b3c93830f935,1221010300100960004,12
cx_b57ce0b678cf0fa2,2815510200116810002,28
cx_b57dea82488a8208,4427010700118750000,44
cx_b584802bff17114a,2820010300110440000,28
cx_b58772efd65ffba4,1233010900116160000,12
cx_b5a661c12671274e,4872025021105080001,48
cx_b5a7e3d9b016ce5a,4711311900106450000,47
cx_b5ae7af8b92f9443,1227010700108350000,12
cx_b5bf8bd48fcd2d8b,4420011300107360000,44
cx_b5c661307775587d,4725010500104060000,47
cx_b5d194ea72727743,1215012200100560014,12
cx_b5d693c6fb09620c,2823710300101800183,28
cx_b5e84d8072f16ba4,5211312100106260003,52
cx_b5f86541914a2d47,1230010800113490000,12
cx_b5fa2e7e9ad521b1,4719012100101490006,47
cx_b5fa68382874afd6,3611025024101400000,36
cx_b615a2f3fe252b43,5214012200107720000,52
cx_b61f41a20a88c1bb,2824510200109300000,28
cx_b628080e618c02f5,2829011000103160001,28
cx_b62ac5873b54cfc4,1233010900116070001,12
cx_b62e9c2df38be78d,1275025021100930001,12
cx_b63cd70ace7d1a58,3171026228114720001,31
cx_b6587034ec98201c,4413111100106090000,44
cx_b6629d50fcc117c7,5214011000100540000,52
cx_b66a63e81d7bcb16,1224011800113800000,12
cx_b66e2181e5965573,4311331034100820001,43
cx_b67fe1f21586abd4,4817010300101700000,48
cx_b6898c97eff3a2b2,4824031022100640018,48
cx_b698bb17b7c452cd,5113010500101180026,51
cx_b69c1a762861cda2,4812313000101470000,48
cx_b69de3eb5aeba38b,4711111400105660000,47
cx_b69e7fb6410d1d7e,1233012000107820001,12
cx_b6a4932e336786ec,3011011800101080003,30
cx_b6c877ecba97eff7,3017010300100390001,30
cx_b6dc8a0d8d91160f,2823710300101240023,28
cx_b6e501cd97141b45,5011011100100120001,50
cx_b6fb184a1cdcb1b3,5113011200127080000,51
cx_b6fde825678a56e0,5111011200103330000,51
cx_b703d4457bf49874,4713025932102000000,47
cx_b706f013bb63c95c,5119010100108460000,51
cx_b721221da7e449cf,5271025021108630006,52
cx_b7259e0bb57276ad,3017010400101240004,30
cx_b728ac59ba845aa8,5211114000101610001,52
cx_b72d404f25d1c28b,1217013400100030000,12
cx_b72f9680d5c34dda,2829010400112760002,28
cx_b74473e92f854bf0,4812532024102010000,48
cx_b7452adf663193ae,4315011100101980000,43
cx_b74d7dd2fd8374c1,4420025324117120000,44
cx_b751eb89d7ccd8fb,5211113700105850012,52
cx_b768fa4380ae5413,3611010100100590007,36
cx_b77242e149d5c89f,5214013400112100000,52
cx_b77b7306f1b635a9,2824510300100790000,28
cx_b790beaf0c68af32,5121010800114110146,51
cx_b798bf4af61e642d,4715010800112720000,47
cx_b79a4cc8d97e90e7,4420011300105780000,44
cx_b7a6cf3defec7946,1281025622115780000,12
cx_b7aa949efc2d5edc,5119010100106620000,51
cx_b7ac2f8cfb4ec335,4420011400101690001,44
cx_b7adf5936a10d805,3014010400102830000,30
cx_b7b0b247b484e773,4413310400112210000,44
cx_b7b391aec55758eb,4812710500101480003,48
cx_b7c93887f29119c2,3014011600102840168,30
cx_b7cf2ce490c33e8c,3111010200100930003,31
cx_b7d1e94b8828441d,1227010600107160011,12
cx_b7d33ed439e617a0,2714011000109900041,27
cx_b7e7461137745761,3017010800104230006,30
cx_b7f42cf9cef39398,3014010200103390055,30
cx_b7f90f0a1228f6ee,5011011100100090001,50
cx_b8043e6e8b3c2185,3020011700103760002,30
cx_b8084d16449bf95b,4311311300107620000,43
cx_b8158a1651e222b8,3171025622105750000,31
cx_b81a0dce21d0af25,5214011100111400000,52
cx_b81a49829f599697,2827510100105120002,28
cx_b82194d4b2fdb7a9,5011012200125850001,50
cx_b8424fc843b668da,3611011200107470000,36
cx_b844585306b97fdb,3017010200100590001,30
cx_b85111faa2e0188f,1213010400100080007,12
cx_b85625b4fee16e75,5113011200107000040,51
cx_b85beaaee5332cdb,4825012800100620010,48
cx_b8705525124c1561,4812916200104740000,48
cx_b8763e1fe42419df,1227011000105560000,12
cx_b87aefa734c53b0e,2629010600111600001,26
cx_b87dd442f6eb50f9,4719025625113910000,47
cx_b88daf7814a28bfc,3014011200107230000,30
cx_b89d6bced658e8fd,3017011400107620000,30
cx_b89e136ccb6456da,3611025034100260001,36
cx_b89f303dd25be927,2823710500104560008,28
cx_b89f72ba9223a262,5121010400106290000,51
cx_b8ac477e6c892077,3611011000105480000,36
cx_b8adc6426b650fee,4711325046100390001,47
cx_b8d128614ed13978,4713012600109440001,47
cx_b8d2d0cb1569d227,4785025022108830000,47
cx_b8d72b1504ce4358,5011013500107170003,50
cx_b8e26cdfc29b6dab,4413110800102590000,44
cx_b91c3292508cd090,4420033025113800000,44
cx_b91f15df4942cc93,4313011500101430003,43
cx_b931ea3424b31e05,3020011400104850000,30
cx_b93a7d1145f9f38c,2638010100102080000,26
cx_b93f26e0ed55607b,4420025324114860000,44
cx_b94d574b557825f5,5176036023125380000,51
cx_b94ee6c0a33fe895,1271025039103560000,12
cx_b957b69bfd5ffc05,1219010700113110000,12
cx_b95a8577c0bcdfb0,4833010700104370000,48
cx_b95ee634f781f09e,4420025331115410000,44
cx_b96c004393147b2d,2824510300109150001,28
cx_b97427969d0a1793,4711312200104390001,47
cx_b986957d05548a41,3011011600101570001,30
cx_b996858da397d0db,5271025627108760004,52
cx_b9a6bd36e07fa72e,1211015900110520000,12
cx_b9be2967ffb59203,1211015800107400000,12
cx_b9ec51c9dcf77f78,2827510600105390000,28
cx_b9fe97dfd56116bb,4833011400107140005,48
cx_ba11ebd28785521d,4413310700119140000,44
cx_ba1b5232790c593c,5211312100102920007,52
cx_ba1c9e53ace39ccb,2817710200106270078,28
cx_ba2059b8827acdac,5121011300106600000,51
cx_ba22fadab828e951,4873025321101410000,48
cx_ba298c0afd48d666,1215032028110920000,12
cx_ba29ef66954295b5,5113010800103330003,51
cx_ba33520d88c52e28,3111011800102900002,31
cx_ba376a6c7d561e46,5113011200118360000,51
cx_ba3e0057692a6e5a,4481025030105820000,44
cx_ba42f725d61568e9,5013010500103550001,50
cx_ba47b04ea0a13460,5013010500116740000,50
cx_ba4fe0a1a0e07b48,4717011000116250000,47
cx_ba574477b0835d79,2820010300100130000,28
cx_ba5cf321520cfe43,3611011100106860000,36
cx_ba5d66ee712e267f,4420025331112040000,44
cx_ba77a573e457cbc7,5013010500101470000,50
cx_ba845c7a7973a156,5113011500116450000,51
cx_ba9ef642d3055a67,5113010900110320006,51
cx_bab5e89d669d0945,4833033021100780032,48
cx_bab70a07207452de,4825010700114350000,48
cx_babedc09698873a9,1221012200102620001,12
cx_babff5a4365bae0d,1219010700110260000,12
cx_bad5b10a65bc3cda,2729011400103000001,27
cx_bae07f7d20d32002,4418010600103690000,44
cx_bae4533058d5acdd,2647010200105900006,26
cx_bae910d3861f2b63,4822034024115750000,48
cx_bb0802f443d3f988,1233011500107550000,12
cx_bb0e56a273e87cf4,2820010500106920000,28
cx_bb1fa95a0a4be96e,2829010500108100001,28
cx_bb20d60eedba1f47,3114010100109270006,31
cx_bb26fd99ca699dae,4833031024111660000,48
cx_bb3012d1fef322c5,4311311500107950000,43
cx_bb3b5ea559df8c95,2823710100105070002,28
cx_bb44518971fe78a7,5211112000100260001,52
cx_bb6074370c925975,5113011500118460005,51
cx_bb68d6a1a438c64c,1227011500104700000,12
cx_bb6d3db784506e4b,1221011900104430000,12
cx_bb7f779875b758b0,4812725023103520000,48
cx_bb82ed7dde11de18,4420011100104470000,44
cx_bb94f2076abb880f,5113010700115890003,51
cx_bbc133eb810a3d6d,3014011100101010001,30
cx_bbc83fd1f6c105b2,2812515000100020005,28
cx_bbd07756b803be2d,1217012800101930017,12
cx_bbe4f2514492d844,4725025021106080000,47
cx_bbeb8d3ea57f8459,4375025332103020000,43
cx_bbf18aa9448078df,4729025622107020000,47
cx_bc0bf1b04a31ca1e,4729012600102970000,47
cx_bc130eef0ff222ff,5211312200113110000,52
cx_bc154ff0f2745299,4311410600108520000,43
cx_bc17453bd17c8279,4812725025104700011,48
cx_bc27bb4911811c65,4713025332124350000,47
cx_bc3230b96dadd51c,5113010300102740004,51
cx_bc4e79c78f05e16b,4822011100110150001,48
cx_bc4f4897c7bc9fd5,4812313300100010000,48
cx_bc5134b111c03f25,5115011100110050253,51
cx_bc5d77842a59981c,5211113700107400001,52
cx_bc63678121a2b143,2647010200115900025,26
cx_bc753796d6c94a18,3111011100101570000,31
cx_bc79fba485f85c3c,4833025323112810000,48
cx_bc800a8d3742f130,2647010200108560003,26
cx_bc83f90e6ea1fd46,4833033021102440001,48
cx_bc8fdd441bdc2f76,4824025028114440000,48
cx_bc986442622d4c3d,1227010500100320001,12
cx_bc9d48e49e789380,4812311100104560017,48
cx_bca4452cb86795e9,3011011500100010000,30
cx_bcb03eb96032a2ad,5173033022105780000,51
cx_bcb336ee6e19763a,4413125033101340003,44
cx_bcbbb9d48aa50d82,3014011500103280050,30
cx_bcbf691691b33ab4,4421010900117270000,44
cx_bcd861f3c6afcaca,1233012400105030000,12
cx_bce50bfd2ac99ecf,5121010800115600000,51
cx_bcfb8920bbc8ed68,1279025021106840000,12
cx_bd0346986cb853c9,1276025021104050000,12
cx_bd18c710654523b7,3014011800104390014,30
cx_bd1a7edbddce2f98,5221010400110300000,52
cx_bd28f560eaea7785,4413310400113730000,44
cx_bd53812bfb5335e9,1224010600102600007,12
cx_bd5d9c11159cbe88,4374525032107220000,43
cx_bd5fea2083b64e60,5177025022107460006,51
cx_bd67af71b0116e85,4833025323112850000,48
cx_bd719fbdb1c55af9,4477025322103860000,44
cx_bd7600a8b45869e8,2829010500110630000,28
cx_bd763a6ad071f719,4825025027103570000,48
cx_bd935550c58cc5b7,4812916200104720000,48
cx_bd9f1d5a4772b494,1217011600110200000,12
cx_bdc5d31c52d35076,5221010400110480000,52
cx_bddae8f17257c148,5221011200104040020,52
cx_bddde53c56297862,1224013200102610001,12
cx_bdebb08f71b1545a,4481025326112710000,44
cx_bdf41e637b4c5c64,5211113300101800000,52
cx_bdfbf6a05da296a0,3111011100102070002,31
cx_be0120f5a1e6f10c,1215011500102550003,12
cx_be04667e3cdff9f1,3611010100141211002,36
cx_be2196f014c10fac,5182025022106200000,51
cx_be279b2ed7db1bd0,4420025331112110000,44
cx_be36371317d46d5b,5115013200103340000,51
cx_be445b2826e68b61,1211016100113310008,12
cx_be46b7ac589a2870,1224011900109030002,12
cx_be48d7c7a902bafd,2623011100101870001,26
cx_be5049b7d4f3ae79,4420041028102050001,44
cx_be597563c1ebf581,1285025021111540000,12
cx_be68b70ee83f1bb8,5214011600101380024,52
cx_be721b30fb9e502f,2771025628105210002,27
cx_be732fbe757db6e6,1233010200111380001,12
cx_be8db6f5c33a3a39,1224011500108990000,12
cx_be8e1e630ec5f278,3120012500101030008,31
cx_be936efe07c1b938,3020010600107210000,30
cx_be969099a463baea,4413310800114660000,44
cx_be984896f362c40a,2820010100115100000,28
cx_be9b054f35956efa,1233012300111160000,12
cx_be9caa8a70b4b20b,5175025023104820001,51
cx_bea7aa31cfc705df,2650010500101480028,26
cx_beab83b167ed942e,2632010300108610007,26
cx_beacc463b8a4d9cf,4812132024101080001,48
cx_beae2d3ef50a3f0a,1211016400113980000,12
cx_beb3da8049c00aa0,2818510300105320000,28
cx_beca59f0351fd5ae,5211312100101170000,52
cx_becfb349b50d06b3,4812515800100530000,48
cx_bed8b1aeab647754,4812131036109050024,48
cx_bedd44679bdf9b3f,1224012800110540000,12
cx_bee449076fd24f25,5172025023100430001,51
cx_bee547aa511d63c6,4822011000106970000,48
cx_bee814fd103bf574,5177025022107450001,51
cx_bee84cecd8c2e0ed,4311210900104470036,43
cx_beea67071e8b1a58,4311112000103180000,43
cx_bef367aa0efb7a5e,5213013400109030002,52
cx_bf043fd8df84127e,4825012900103340004,48
cx_bf0bd277eb42b01d,5218012200106480000,52
cx_bf2198e6750da773,1230012700108500004,12
cx_bf21c495e4671408,3017011100104020002,30
cx_bf22e21974aee912,5211311500107620000,52
cx_bf27ed7f56f63c10,3114010400116800000,31
cx_bf2c1b48b51f22ee,1230010700109760000,12
cx_bf386aa921e9e191,2620012100104230004,26
cx_bf3aa3d7eeee544d,1227010600105430009,12
cx_bf3bbf03fbefd380,5213013500105110006,52
cx_bf3f29f91b27b816,2823710100107990005,28
cx_bf401fc4fcf1f59e,4827010300109360000,48
cx_bf4e2ccd542e5bbc,2818510500109200001,28
cx_bf6ef403ca69069e,4728011000109080000,47
cx_bf7125da1f6e86ac,4785025623107640000,47
cx_bf8a32caff428941,2827510100106290001,28
cx_bf982289c4aaf72f,4831011400110590000,48
cx_bfae9ded279bcdca,4311112600100010000,43
cx_bfb08493e761b111,4824010400100830008,48
cx_bfbd5a57d9f69a60,5211114200114730002,52
cx_bfc0645cb2d4fca9,5211113300109530000,52
cx_bfc2e64fc72a3af7,4719012200106510000,47
cx_bfca3b5e18e013fa,4413310800107570000,44
cx_bfd755e6c8c6fb6d,2823710300102510002,28
cx_bfdb7bce13ed24c2,3017011300100190000,30
cx_bff41db9a0e47d39,3171025922106000000,31
cx_bff4c76188075382,4311210600112550000,43
cx_c014f8e31620e5d5,5117010100110770000,51
cx_c018813fcb3c7473,1233012000107760001,12
cx_c01be0cc2115afdb,3114010100115530000,31
cx_c02afc3c1e7a12ed,2644010400111310001,26
cx_c0439e0d5d90fab1,2820010300110420000,28
cx_c051e4d6b3355791,4817012500100280004,48
cx_c0541fb62e42ab3e,4413310200113230000,44
cx_c05e49af93cbe61d,4812514000100130001,48
cx_c063d2fc60d23ab0,5113011200127050000,51
cx_c06c0c5657a78c5a,4711111600104700006,47
cx_c07ba16d7a8ecf52,4812710600109850000,48
cx_c09df5e106ad246b,4812725027106470000,48
cx_c0a04c8ae482869c,2829011000103240009,28
cx_c0b7f2630547072b,4812131030101040001,48
cx_c0bfa5d4a667ec61,3017011600114200000,30
cx_c0e06e16f38a364d,5111012000105750004,51
cx_c0e3f72ff3fabf26,1227010600113200000,12
cx_c0ec997ecdd0de8d,4822010100101500002,48
cx_c0ee281f25023c98,5211310300104580000,52
cx_c0eebd5dacb060fe,2817710300100480002,28
cx_c0f7b0061829dd4c,5115037022103800000,51
cx_c0fc8c3058b05084,5176038025105000000,51
cx_c102a42c6f2447ba,4413125033101030004,44
cx_c112350c239082d2,4415011900106690000,44
cx_c113dfb4c1286c71,3017010600108350000,30
cx_c11d0f71c44ebbf4,2723011800103300000,27
cx_c12bd359ac0dfce8,1233010800102900032,12
cx_c133417e7f77a8f9,3023010800102840001,30
cx_c135cf603d2fbdfb,4719011000100010000,47
cx_c13c967713713a46,5211112800107450001,52
cx_c153cde4712629f4,4375035025110220000,43
cx_c166493cd06c2608,5214013400112150000,52
cx_c177e8ba3f5805cc,4719012100101490003,47
cx_c1829921602659fb,1284025023114220000,12
cx_c1ab990de963a91b,2823710100100650115,28
cx_c1b020dba68601dd,1215011300100010000,12
cx_c1b4e95342f34b6e,4311313400111950000,43
cx_c1d905562191bfd0,1230012700108170005,12
cx_c1e14cf217b2c2aa,5111012300110360000,51
cx_c1e15f471c86c15d,3020014400104130001,30
cx_c1e30c754c1b0a06,4719012800109050000,47
cx_c1f35f5eb0393e8b,4833033021102370001,48
cx_c1feaa065ed6b5f6,5183025036102630000,51
cx_c1ffc9cf8b41e69f,2817710500114870007,28
cx_c2021a9d222a203e,4812131028100060003,48
cx_c21630c384815d24,5113011300112010002,51
cx_c218ba058a3b4126,3171026228114760001,31
cx_c219bcf92de6ee8f,5211113300109560000,52
cx_c219fcadf0b92e00,4825012600101940001,48
cx_c21c6137edca70dd,1233010200107820000,12
cx_c2299d9abfe08797,4812725028105060000,48
cx_c22e90c8fa42cc6e,4315012100107290000,43
cx_c232cc4c3db50352,4413310400120630000,44
cx_c239c078440539a5,4413310500106970000,44
cx_c23dd3d98b2a8183,5111039021111380000,51
cx_c2404d483ff34cb3,5176038025101660018,51
cx_c251c8630fc46067,2824511800101800000,28
cx_c25ace807734c1ea,4831011300109200000,48
cx_c271f781f1062e5c,2817710500100130001,28
cx_c272b8a3b24feef7,2829011000108030001,28
cx_c27b5f4ca29e2c15,4812311000100350000,48
cx_c2838817bd7a101e,3611011000106820000,36
cx_c28395f9dda32738,4719012800109220000,47
cx_c28bc576f1d9fe59,4825012000103330001,48
cx_c294a95a1e185aae,5176038023100060002,51
cx_c29a4fb40d2e7806,4413325626100720041,44
cx_c2b33a02f6fd8e0f,1227011500111420012,12
cx_c2b757c154a3ddac,3020011700103440000,30
cx_c2c15bef678f0ab3,4311210900104470003,43
cx_c2d19eefd5f7e36e,2827510600100170009,28
cx_c2e818b6d6ceb39b,4311112400120630000,43
cx_c2ea85e75b2c6b4f,5175025022105430000,51
cx_c2ede45d1845bfd2,4376025021101490000,43
cx_c2eeb59065e64aca,4825010600104100000,48
cx_c30e3fa07620284f,3017011200113830000,30
cx_c312d30dbe2f166e,4311111900100330001,43
cx_c31a606ca059dcf6,1215032028100850000,12
cx_c33f363feed644ac,2812513200100080001,28
cx_c34118a900dab107,2818510500109380000,28
cx_c3426e8a763de761,3114010200102810001,31
cx_c36841544c5c4efc,5213015100135790001,52
cx_c37c4cf84e48d89e,4374525035100350000,43
cx_c380c9c1b88c057d,1230011700102800001,12
cx_c3893d74006338f3,2817710600100130007,28
cx_c38fded7257d2b42,5275025022102720000,52
cx_c395dae3b295a87e,3011011500101310001,30
cx_c399de473b1fc90b,5111011100101560001,51
cx_c39abe2a287e614b,2818510600100170005,28
cx_c3a6a5b484c20688,4418010500100480005,44
cx_c3ade0e2df6555aa,1211010200101870000,12
cx_c3ae333c2c4562ed,4825010900112600003,48
cx_c3aef2cf1bfedd9c,3171025032101840001,31
cx_c3b3ab5172857ff4,2723012200100030001,27
cx_c3b5a3a10bf4aa47,5011013700102920053,50
cx_c3ea5fae72a352df,4812131028112100000,48
cx_c40c8643e48deedd,4413111500105830000,44
cx_c421854db4793a9c,1211010400102220000,12
cx_c422c83619fc9429,4719011000100030000,47
cx_c42b6a15e58de0b6,2824510300104200000,28
cx_c448441d8b1b98cc,5113011400118500000,51
cx_c45188b05d6f5aa5,1211010300120220000,12
cx_c459e59fb60bcf44,4481025025107100000,44
cx_c462a16efa9a265f,4713036023104310002,47
cx_c468ca43f8802e92,4812131030101550001,48
cx_c469bf723be0d9b0,4413111100106040000,44
cx_c46bbe195af64eef,5271025626111580000,52
cx_c46bc139f7c6dc1f,1215013300116080000,12
cx_c47165b952bb5eed,2829010500110650002,28
cx_c47fc39d50dc1c76,4822011500102370000,48
cx_c48c5f208821efb9,4311425332105690000,43
cx_c4951b195a19d0a9,4413325322105330005,44
cx_c49bb325dfeae894,4817012600107410001,48
cx_c4a919a9269b142b,2818510600100180007,28
cx_c4ad74341904950a,4812512600101050001,48
cx_c4ae5168187f5d36,5211310300109180001,52
cx_c4b233a860ad7c0c,2815510300127090003,28
cx_c4c774531f359b7c,3114010400111280001,31
cx_c4e9962cc04e4b6d,4313037021100650001,43
cx_c4eb61b8fe37aaba,1230012800102090017,12
cx_c4f34a200f5b7fc3,2711014900100070001,27
cx_c503a49b75026226,4873025024102140002,48
cx_c50c7edc8d23b02a,4873035022110580001,48
cx_c515912825642439,1219010900113200041,12
cx_c5214e5c4a741eb9,3611025027104560000,36
cx_c52868c4739450c1,1224011900103500014,12
cx_c52d17b441b495b1,2629010600115360012,26
cx_c53ed7d24b2c03a0,5115011100111170000,51
cx_c5431e868ebd7cbd,3020014500102980000,30
cx_c546aa331c92a3e6,3120012000108950003,31
cx_c550f462101326bb,2823710500103870002,28
cx_c553c216bd4322cc,4728011000108700000,47
cx_c5573a8df934eb8d,5117010700104570000,51
cx_c56bee500607aae0,5211114100111920001,52
cx_c58d8976750a854c,4311210900100940002,43
cx_c5992c73c9602c10,1230013000106470000,12
cx_c5a15239410d8302,3020011100104660002,30
cx_c5a1f349ce9a8048,5274025021107270000,52
cx_c5a9ac86c8866fa0,1283025037109740000,12
cx_c5adbcd01d5dcfb1,3117010200101360000,31
cx_c5b65a502450f09a,2827511100101640001,28
cx_c5b687921766995c,3011011600105280000,30
cx_c5bd2624124e5e9c,4719012100101180000,47
cx_c5c2639d4a30a066,4833011400106530001,48
cx_c5cfd4081440330c,1215011400116290000,12
cx_c5ddcdfc66d1a74b,4420011200116230000,44
cx_c5e13d5c8803ee8e,3011010700103280000,30
cx_c5e20fdfd6b0c4f4,5221010100102820000,52
cx_c5e60c9872bfc4b1,4313011600110150000,43
cx_c6032330e0380359,5113010700117020000,51
cx_c60697e554ac0367,4413111400104440003,44
cx_c60bdf5861e726e3,2717010100102200001,27
cx_c611dab35652635b,5213014100108290001,52
cx_c61ee6fbaf79fa33,5013010600102990001,50
cx_c62b8831c7e3a85c,4723025026100180002,47
cx_c62c4150e9f81f25,1224010400100610002,12
cx_c646b2eed34b728f,3023012600100220002,30
cx_c649e1ac761eb42b,5271033024106450000,52
cx_c64e4e579cc990cc,2824510300104430002,28
cx_c6548abe0ce99f5b,3017010400106830000,30
cx_c673024e72810923,5011012900108110000,50
cx_c673082c2e157cc4,4817013700102960000,48
cx_c685a53d54744242,3020012000108740000,30
cx_c68aa01c224de505,1224012000112200003,12
cx_c6a10e3e3a1450b0,2820010300110370000,28
cx_c6a213702be25834,3611011000101510042,36
cx_c6aecc4fdc285433,2717010300106330029,27
cx_c6b04a139f674c60,1233010100104250002,12
cx_c6bd0670663cef7f,1233011200101520005,12
cx_c6ca09bae61f9abb,1279025036110050000,12
cx_c6d23a510f2d5bd9,2820011000106000001,28
cx_c6d53d08bdb1a507,2717010900114010000,27
cx_c6dc37f7ebbf0398,3114010100115380000,31
cx_c6dcf90a4bd623d7,4477025026103030007,44
cx_c6e5cbb4209c38a5,2815510300127080008,28
cx_c6ee69655fa70033,3017010800104180000,30
cx_c700317fd74078d1,1227011300105060000,12
cx_c700ed771387b17a,5115010100110430000,51
cx_c708cab08bb33a94,5113011100108180000,51
cx_c71bf7a7d4b04a29,2823710300103110126,28
cx_c71c3587aaec2bb8,3017011400107690002,30
cx_c720fd399ce1e361,4817012600103920000,48
cx_c72c0e3ed7ce9e23,5211113300107120001,52
cx_c73164cb2e56cbb6,4873025021104480000,48
cx_c736b25aeeb1b86a,3114010100115510000,31
cx_c736c938a6e63b9d,1211015800107660000,12
cx_c73992e4f5149f1b,5111012300110430000,51
cx_c73f5c85f7c2d317,4476025028100410000,44
cx_c73f6fe5a1b2decc,4415011900106190000,44
cx_c752cf7c2ed8ba31,4825033024102310001,48
cx_c769260677c59a46,2818510600100330001,28
cx_c771d5dee1204a0b,4311325030106210004,43
cx_c7771c423c558020,4413111600109050000,44
cx_c77eb108a263ba15,5211312200101970002,52
cx_c79827662fd48105,4477025023102780002,44
cx_c7a26605d578ab42,2829010400110990003,28
cx_c7bab1296ed2a6dd,4825012500108000003,48
cx_c7bc92bbf375319c,3114010400118740000,31
cx_c7c61bdfb8b5a88b,5211113300108890007,52
cx_c7c9275e85374d2c,4480025031102850078,44
cx_c7d41d9b5431b849,5123010600101450000,51
cx_c7d6baf9872b27a0,1227011100106790000,12
cx_c7dcfd03ac471ecf,5111012400107270002,51
cx_c7e4dceee9594aa0,2824510100106770000,28
cx_c7e78076edd3bc9d,1213012000109280000,12
cx_c7fe6f215de5a221,2714010100102350001,27
cx_c8052b929c318297,1227011500110430000,12
cx_c8080fdba4bd2252,4420010300101340001,44
cx_c81134026d1b0727,4413310800118110000,44
cx_c819cd9e903b1b8c,4482525021104130001,44
cx_c82a684cf7e8d6a5,3611011500103780004,36
cx_c8318124a06d04a8,3611025030101670000,36
cx_c83b4982b75711a4,2827510200109940000,28
cx_c84e0bdf6810eda9,1213011700108570000,12
cx_c850a1f75a565cad,4413111400105780000,44
cx_c8513de0b87fe751,5214012500104280002,52
cx_c852c57f5caff2cb,1213013100103520002,12
cx_c860929662155b22,5213014400101550010,52
cx_c86a834e73f2fee1,1233010800106120000,12
cx_c86a8d022a3c2be5,4825012900103330006,48
cx_c86f40ba47ff4575,3020011500104640000,30
cx_c871471e00ca5324,3120010800109400006,31
cx_c87cd4a194c38258,4415011900106710000,44
cx_c8844d3c74e4d562,3023010100106350001,30
cx_c88611c552c87bb0,4817025023111390001,48
cx_c88eaa4154df824b,3017010800104260001,30
cx_c89dfc18d7c92b3f,4413310700106570000,44
cx_c8a2d288ba08b237,1219010700102850005,12
cx_c8d0fc7f2869a33b,2818510600101910004,28
cx_c8d5613044d75deb,5211312200101930003,52
cx_c8e82960b347f58a,4822010800103600000,48
cx_c8e8a09104510e8b,2671025321104750000,26
cx_c8e8abb99a3004a1,1227011500104690005,12
cx_c8fa258a4d408ada,1233011900113040000,12
cx_c8fa98701847a240,5211312100108710000,52
cx_c9097b53d117788f,4831010500103700001,48
cx_c909e8c417811958,4313011900105080039,43
cx_c90c433ca1abae18,5011011700161420013,50
cx_c90cdd1f2877dd93,4812511800103210000,48
cx_c91b8c3023ab3f83,4427010100110960000,44
cx_c92196ef9ed857e0,1224011900109280002,12
cx_c92775fad64d0744,1230010700114740000,12
cx_c92cd90887b8bbc1,2717010100101970002,27
cx_c92fa1153996caa1,3020012100106880000,30
cx_c931b1f487e1513e,4833012000112200000,48
cx_c94f32dd8202876f,2823710500104540004,28
cx_c95ade2c2238d916,2820011000106020001,28
cx_c96b56b070ea95f8,5214011400101110001,52
cx_c980e3ef51bdbe3b,5211313100112900002,52
cx_c98c79d4c63ff1af,5218010300101100000,52
cx_c98f23cc8a13de81,4415012100102590000,44
cx_c9b04fb51ce5509f,3114010800109120000,31
cx_c9d8e10ecde786ea,1230010500100140002,12
cx_c9e145ae802f4091,2829010400110270003,28
cx_c9f4b18bbb06281a,1227011000106040000,12
cx_c9f67f55da3b77c6,1233010700107820000,12
cx_ca06dd36141a6a59,4812312300100330008,48
cx_ca1514a8471703eb,5213014400108330001,52
cx_ca1926675f72f5f1,5175025024105050011,51
cx_ca1f717871cae420,2817710500116140000,28
cx_ca32155ca30e7f3e,3611010300106640102,36
cx_ca353b24be474bfe,4711311800100130003,47
cx_ca38abff57ca9bbc,4817010300102330000,48
cx_ca469ff82eda522c,1224012800110480000,12
cx_ca4998c36085e0f7,4375025330110520000,43
cx_ca4ca7aafa4545a1,4817012900102690013,48
cx_ca52e35e577709dd,3017011100103380001,30
cx_ca65715acac242d1,4480025625109470002,44
cx_ca663648a759b0fa,4729025326101260006,47
cx_ca68feadf859b881,2815510300127080001,28
cx_ca73215bee3e96df,5113011200110370002,51
cx_ca88714fe6c9da83,3014011600101410000,30
cx_ca8b8b0c0b8ea759,4413310200114350000,44
cx_ca907eee2b9c04a4,4425010100100760001,44
cx_caa5abfe9764664c,1215010900108120000,12
cx_caabf29618d9a219,5211313900107790000,52
cx_cabd4e9d4ce3f917,5119010100108480000,51
cx_cac532cf5b50977a,4713012400102730001,47
cx_cad61fb4c06ed3e2,3017011600111370000,30
cx_cae059cc66772d32,1219010600119120000,12
cx_cae8eeb18c9fdc89,1230013100103390000,12
cx_caeab27b552e35e9,5113010700117210000,51
cx_caed1ec96c132dc0,2614012400101230015,26
cx_caf1a21c46db564c,3114010200102680000,31
cx_caf4dc9d251b06e1,1230012800103550000,12
cx_caf53b3e7a317477,5211312200112960000,52
cx_caf7d3c0bfac82ce,2711010300100880000,27
cx_cb137bf61ff3ab26,4711312100113500000,47
cx_cb22f2458ee57268,3017010400105840000,30
cx_cb234d311db15bf6,4313011800117590000,43
cx_cb42667c6d32f05e,4723010200101160000,47
cx_cb427ffd4131ce68,5211312100106050004,52
cx_cb51d3f2623c7d8d,4421011000100740001,44
cx_cb56ab68491f57da,3114010800104620001,31
cx_cb5ef54bfc2bfd6f,3011011400104520001,30
cx_cb654c1dbc1754f7,4427010100102830000,44
cx_cb68e06a205115bf,2635010500105870001,26
cx_cb72950088a85ef8,2824510200109540030,28
cx_cb7905ca0cb1c100,3017011600109840000,30
cx_cb8186fd29ee3a25,4420011300105760001,44
cx_cb8484d0e610fda8,5271025324108640005,52
cx_cb8e27c338eccc5f,1224013000102400010,12
cx_cb8f71fd9b82ec56,4825012800100610001,48
cx_cb92cad5a8140e10,5221010200106050000,52
cx_cb932e183ae880a4,5213013400107690004,52
cx_cba756d0aa3c127e,4817012600108970000,48
cx_cbb13d6810084ff7,4471039023107120008,44
cx_cbb23da43ab5e0c0,4420011300106250000,44
cx_cbb3617042736899,2818510400104550000,28
cx_cbbb3ee88ab3b54e,1227010400102840000,12
cx_cbbf90e6e6cc6b4a,4822011600103520000,48
cx_cbc63c434fc245dd,4375037027110910000,43
cx_cbca8521fdb3ec76,3011010200103530000,30
cx_cbd04b88d80d33b7,4423010900111050000,44
cx_cbd8a776e32ddacc,4874025321108170001,48
cx_cbdd1495c90f6254,4812310500103550000,48
cx_cbdda292fb0bd33f,4413325333104670000,44
cx_cbea4300c23decfb,1233012700110230000,12
cx_cbecf00f748ac84c,4482525033102810001,44
cx_cbeeb40afe422926,1213013100104270000,12
cx_cbfd9fb5202799bd,3017011600109990000,30
cx_cc15021f30820138,3014010200101590005,30
cx_cc20eb6c0ade9751,3017011200111190000,30
cx_cc2255a91f259b52,4812310300103910010,48
cx_cc26b4868658d778,4421010200112740000,44
cx_cc28761db3c19b19,4481025025100950001,44
cx_cc2a1f86bcbfe5e2,4377025322103400007,43
cx_cc2e553e08180d18,5111012500100220002,51
cx_cc301d1f8aec30ba,1233011500107640005,12
cx_cc3107c6b0adab6c,2823710500102210007,28
cx_cc3619e62d1afbd3,2632010200115540004,26
cx_cc5788d6f215f87c,5115011000119820000,51
cx_cc68cc7c9c066eaa,5115012100107110000,51
cx_cc77f513423c50be,4812310600106010001,48
cx_cc790f94d399066b,1215031022119650000,12
cx_cc7cce2e07b7f2d2,2820011000105770000,28
cx_cc864ae8fe11207d,5121010300104680019,51
cx_cc882e2f2f8d0f62,4729010500102920000,47
cx_cc8c12a61f7e1464,3017010600100530001,30
cx_cc9dd307a72e6e08,4825012500111650001,48
cx_cca2e6d54037f7ef,1227011400100620027,12
cx_ccadb370f6d91f3f,3114010800109370000,31
cx_cccf5d1346c7991c,1224012800110580000,12
cx_ccd7bfdbaa4dd4f2,1215031022120390000,12
cx_ccde7a69df2e55c4,5013011600101920000,50
cx_cce1a8134b6a12ef,3014011300101750000,30
cx_cced3f0ed3c0d618,3611010700107280000,36
cx_ccf85c42a4989695,4812725028105050001,48
cx_cd30bbf96e98bf0c,4711125629108590021,47
cx_cd435670a02a3363,4713037026110200002,47
cx_cd465621ac92486e,5011013000117890002,50
cx_cd4b6b24336cae8a,4420033026108840000,44
cx_cd5422ac66a7be40,4882025022102170004,48
cx_cd65fd6ccf5004f6,4783034034100530000,47
cx_cd670ba79af0b3d3,2829010900106330001,28
cx_cd672d91ccbe880a,5211113300109410000,52
cx_cd68f5c1c2090d81,4831010900109780010,48
cx_cd7111dd64249207,5211311600107920000,52
cx_cd81991df05ddf21,3611010800122020005,36
cx_cd8ea1f2ecdc3969,4421034029109200000,44
cx_cd91374eeba8055c,4817010200101560001,48
cx_cd946190369813bd,1224012800107050001,12
cx_cd947a8d2c52d1f8,3011013600101900001,30
cx_cd9681dd7f67ad0c,3120010500104760004,31
cx_cd97b16146e999e0,4313010500103970000,43
cx_cda379805ba636c8,4311311300122200000,43
cx_cdb8c53530976675,2817710500112500000,28
cx_cdbe82ef051119ab,2823710700105000001,28
cx_cdcede11cc08e67a,4482535021102380000,44
cx_cddc226ecb250caa,4825011900101890000,48
cx_cddef9d7c6a20bac,5117010100110770002,51
cx_cdea6570999f43fb,4824010900109250000,48
cx_ce12081ba71aca1f,4477031030103140004,44
cx_ce16a8c28ab12d96,4785036034100740010,47
cx_ce1762211cd0f5b6,5111012000109100000,51
cx_ce1cc52571cf5295,1213013700108820000,12
cx_ce2944cd5d9f7260,2823710400102000000,28
cx_ce33104216225c7c,4421036021111290000,44
cx_ce4f4ae08d80cbf3,5011013100105500000,50
cx_ce5038bcd2b6accc,4377025029101490000,43
cx_ce56dc2bd2c96ce4,4825013200108460000,48
cx_ce5d49b2133c4e36,5211113700103060008,52
cx_ce6eff312d962d11,5213014400100450007,52
cx_ce783bc82e1d538d,2871025025111000000,28
cx_ce7c93b345994888,5111031022107850000,51
cx_ce81578aee7f06eb,4825013100113700000,48
cx_ce844079e40da3b9,3114010800105700001,31
cx_ce90c0ebe39ab789,3114010600101820001,31
cx_ce9298c69b3bfaa2,2820010500105370000,28
cx_cea99f69053141a2,2629010900103100001,26
cx_ceb6d472f0f49e4a,2829010400110670001,28
cx_ceb79756141f49c1,3020012000110310000,30
cx_cebbe138fd81107a,4413310200112920000,44
cx_cec587fcbc56f447,4313010700110670000,43
cx_cec7786e9a6af829,3017010500102250009,30
cx_cec9c05d3a8f6611,3114010400114010015,31
cx_ced2b3575d6d2810,5113011200109710008,51
cx_cef72fbfe18d7670,3023012600101410028,30
cx_cef8c065bce5a08c,1224010600100960001,12
cx_cf01f2d82b4d6c6e,2824510300108550002,28
cx_cf0ca8018e7698f2,3611011100106920000,36
cx_cf112b47953b54e3,4413111800106720000,44
cx_cf1bc52e5294ca74,3014011500103190001,30
cx_cf1e99e6eff71558,4723025021104100000,47
cx_cf203e5364454be8,3111011600101810000,31
cx_cf241e63d288f879,2818510600103960001,28
cx_cf27f944f07575eb,2818510100106450001,28
cx_cf2aff510f671a55,5211112900109620002,52
cx_cf3096ced8a75085,2632010400103570012,26
cx_cf30fdaa7ae74a6f,4427037022100750003,44
cx_cf335f92f7d273c8,1227010500104610001,12
cx_cf340ad21c83b2d5,4481025025107110000,44
cx_cf3b4d84b03a814c,2723011200100720002,27
cx_cf3be55d1c0ed759,1230012800106870000,12
cx_cf545275e78e4363,5011011600118900000,50
cx_cf5fdfa364bf5b2e,3171025331104010000,31
cx_cf6df02e1cabb839,2820011000106000009,28
cx_cf7fbdd4b6c7fbfa,4825010100111170000,48
cx_cf8510b35c9dd9f2,4420025324117250000,44
cx_cf888af6b094e9ee,1280025326116690001,12
cx_cf908d6d6a7c899d,4719012900105280000,47
cx_cf9be1279e6de801,1211015800108460000,12
cx_cf9e3e745d6f5a6e,2815510100118710001,28
cx_cfb574db8f93cb7a,1211010200118370000,12
cx_cfb66497c6e24382,4477025322103850000,44
cx_cfd0eb7dc45d3b1a,2647010100108900001,26
cx_cfd54482886046d8,1230012700108190002,12
cx_cfe9d97d39c2e0b9,4713025332118850000,47
cx_cfeb4fc09f275574,3114010400118770000,31
cx_cff323560a08f66d,4311332021102470001,43
cx_cffeec5985b31c1d,1227011400105560001,12
cx_cfff5ce0540ac9dd,4413111100103890051,44
cx_d0107022d6445025,1215013300116660000,12
cx_d01de2085c979376,3111010300100400009,31
cx_d01fe755dd19e344,4311210900106350000,43
cx_d03f03e39e4d19ca,2829010300106390000,28
cx_d042d6388e83cf69,2829010500101140000,28
cx_d046ef3e98f4a026,1215011400113450000,12
cx_d04d7105d29b6e43,4717013300109740000,47
cx_d06e5f8405e38c28,2820010500106760000,28
cx_d079afefdbf727b9,5117010200104490000,51
cx_d085a1a7748d7d6f,4420011200107120000,44
cx_d09957c5e9757590,2824510200108570003,28
cx_d09e89f2017f9cbd,1215012600109530002,12
cx_d0ac88d83f2603b7,2723012700102860004,27
cx_d0b07a4682a7b0bc,4723011300114700000,47
cx_d0b0a64e3aef6bee,5218010800100970004,52
cx_d0c27c745e00abc2,2824510300108630017,28
cx_d0c6b2ddace8aa3c,1230013000108630000,12
cx_d0c9326ec70cc104,5111011800109270000,51
cx_d0d7082765776b23,5011013600107920001,50
cx_d0dcd1234524c3f0,4377025622107650000,43
cx_d0e0a4cd21e8cf64,2638010100103230001,26
cx_d0e844019db61751,1230011700102140012,12
cx_d0eb3717e8fccc63,5115011000117480000,51
cx_d0ec42940a1b0ab7,4729025025102660000,47
cx_d0ff8fd43c3d3166,2815510200115980001,28
cx_d1004c0c5344315f,4825010100111000001,48
cx_d10577b7448866c7,3011011400101620011,30
cx_d11e0e8e70f72df1,5013025029124170000,50
cx_d127a84bf0d89df3,1227011000105260000,12
cx_d1287c38c06d0de1,3114010400111650003,31
cx_d130927789c68730,4812312700100650001,48
cx_d131d3fa483a7d87,3114010300107470001,31
cx_d13ffeed2e50ea37,1219010600115900000,12
cx_d14ad98ddbc40a05,5218010400101000000,52
cx_d150419ddabef884,1211010200117100000,12
cx_d157114fee893fe0,2817710500102040002,28
cx_d1595782bc875e86,4480025625111680000,44
cx_d15f27a3307279f7,2823710200101820095,28
cx_d165b986b0b3e8ab,4413310800106870000,44
cx_d166fdfe83310f78,4413310700112820000,44
cx_d16a94a2a6509522,3171025922106460000,31
cx_d179ff077fc8e2d8,1278025021102320000,12
cx_d18824dc97043271,4812513700100280001,48
cx_d18a8615f9754ee6,3017011200109570000,30
cx_d18c42ac0d1f6f33,1213011900100430003,12
cx_d1976d2829cc1413,2815510300127870002,28
cx_d199a9e1b86818b3,3611010600109760000,36
cx_d1a17c951a76557a,4420025330102120000,44
cx_d1a8ddd780522782,2827510400107010001,28
cx_d1af15c9f32f23d3,1233011200107840000,12
cx_d1afadeda5b910eb,3011011400100250001,30
cx_d1b2787394adaa16,5214011100106100001,52
cx_d1b30419cb74f4f7,4715012000104150000,47
cx_d1b70c3caa061072,2729011400103600003,27
cx_d1c685e8b7c890a5,4421010900104640000,44
cx_d1cc475830c889f8,5115011000103570000,51
cx_d1d4e218a53ec29e,1213013400118530000,12
cx_d1dcb9320d7231a5,5119011200102190001,51
cx_d1ee331baad9697e,2812513300100340001,28
cx_d200c764d796f91b,4719012800109050001,47
cx_d21a916ec32fbaa2,4825013000110510000,48
cx_d227d9337b33ea4d,4413310700103800027,44
cx_d239cbb49da96fec,3111010300101860003,31
cx_d23a8682f4cff772,1219025023100190000,12
cx_d24fcc345a3a6b25,4311325032105620008,43
cx_d253b956f8453129,4311111700103440000,43
cx_d25c16c7e82801bc,3111010300104600072,31
cx_d25d24eccadfea8e,1211010200103260010,12
cx_d264de25bb014e59,2714010100101810001,27
cx_d265387fe6821bd6,5214012300107440000,52
cx_d26f28dd47db6942,2827510600103410013,28
cx_d274771246d7c668,4812913900113340000,48
cx_d2789cfefdf9fa77,1211016000108160017,12
cx_d2894b454274328d,5214012100107650035,52
cx_d29bea347724639c,3011010500104960000,30
cx_d2aaa337f3626eca,4719025628111160000,47
cx_d2ad063228f0bea8,4773025022105360001,47
cx_d2adb20bd40d1035,4719011200105990000,47
cx_d2adc52dc1d6f85e,4719010100110350007,47
cx_d2c3438f0de58503,5211112700103270012,52
cx_d2c5d76a3f7aa8ca,3011010500105560000,30
cx_d2c9c12d2c9abc13,5213014600110100000,52
cx_d2cf59c3668020fc,3120010500101400002,31
cx_d2d7666fb8b4295d,1227011000105300000,12
cx_d2f1c3fe6cb5cda4,4728011000106600000,47
cx_d2f4d3d954c7ee8c,2829010400108200001,28
cx_d2f7b2dedd895cee,4719011000100620000,47
cx_d308489e3c5c5646,2820010100111420021,28
cx_d3138d51b90d0dfb,4711312200106540001,47
cx_d316daecba565ce1,5213014500100590059,52
cx_d31f4e60f4eb32ab,5113010500103280001,51
cx_d324e8a0bde83e0e,1281025024110390000,12
cx_d3358b59a0ece172,2818510600100200022,28
cx_d33c014204bada8d,2823710200104060003,28
cx_d33cb8eafb640bbf,4711125622102030003,47
cx_d34c944952878939,2729011300105670001,27
cx_d35097ce6722c205,2829010400113350003,28
cx_d35bb3ae8ecbcec8,3017011100104100002,30
cx_d367febdfd8ac26a,4817012500107070001,48
cx_d371dbda26db1100,1219025023100890005,12
cx_d392a61560e6f3fa,4315012500100090000,43
cx_d39acf9fcfadd93e,4481025326108400000,44
cx_d3aba40c11942a63,3017011300102180000,30
cx_d3b88874a1559d2b,2824510300108540004,28
cx_d3c72e094872cf6c,5117011800101550000,51
cx_d3c72e5af27b1d01,5214011000101740000,52
cx_d3c7d2a57363861c,5221010400110800001,52
cx_d3c9027b2c8b9ab9,4418010500111160000,44
cx_d3c9e1ccf73e057f,3020011100106760004,30
cx_d3dbfafffa6d74a6,4775025022102550000,47
cx_d3e483ab2a7f3538,4413325325100010003,44
cx_d3f84fcabec25ad9,2820010300100050397,28
cx_d3fdb7686a8f8310,2818510600103970011,28
cx_d4067f0a0ba6a451,3171025922102990001,31
cx_d418708c55af72a2,1230010800111610001,12
cx_d423a41c7b6fdfcd,2623010200101910957,26
cx_d43b338e1fd575df,3120012300110540000,31
cx_d43f212131c1a23e,4711325047104540000,47
cx_d443a5dea1c561be,1224010600104170009,12
cx_d4449378e84dbf2a,5113010600103760000,51
cx_d44c033e1539d0a6,5178025624110280097,51
cx_d44d028f3b8a3caa,4822011100103560129,48
cx_d4502acfc9d0fdb8,5011012200137790005,50
cx_d461015c3142db3e,4423025030100110002,44
cx_d475677c555fa9c8,1213012000104800000,12
cx_d47b8ef22c6ef591,5211311500105940006,52
cx_d47fd651704c2c9d,4717013200100770015,47
cx_d487f472a0e2127b,2812513500100070235,28
cx_d490d17b20e0551f,5113010700108940000,51
cx_d49248bc4a91acba,2817710500100320001,28
cx_d497547dc16f4eb1,2726010800105410002,27
cx_d49c91237795ff49,3611010200105980000,36
cx_d49fd3a8d444efbe,1219011000107170000,12
cx_d4aa8cf708942569,1233012300110460000,12
cx_d4bd5824dad56419,2818510600103970005,28
cx_d4c0586df0366887,2824510200109530005,28
cx_d4c171d6e8e18359,4380025026106820000,43
cx_d4cb8732ba4583b6,1224011600108710000,12
cx_d4ce8f09fccd6676,4427039025103300000,44
cx_d4d2dee46071e6ff,4715010800103940009,47
cx_d4d62100cc845700,1221013000100140000,12
cx_d4d6ad97c37e696f,4415010700107710000,44
cx_d4d773707be8697c,1224011800112280001,12
cx_d4d9486e05995379,1276025023102430000,12
cx_d4df863c1a72af6f,2771026229126480000,27
cx_d4f90a1b3c82f5dc,4729010600101660000,47
cx_d4fd4d657449ca59,2827510700103020001,28
cx_d508ec6c3f984b72,5115037022103810000,51
cx_d528d83b389990eb,5119010100108440000,51
cx_d5336211b8f11151,5113010600102050151,51
cx_d533ac4b0204faae,4413310300111150000,44
cx_d54b9fecee4657ef,4413310200115230000,44
cx_d556d73663ce32f7,5213014200100580036,52
cx_d5645bd04ee02fdc,5214012700103130000,52
cx_d56737c425fae8b5,4374025028108900000,43
cx_d57d89eb57154b96,4418010500110080000,44
cx_d59e5d8b853d3379,1274025324133800000,12
cx_d5a0ad5b9c2c8095,1227010800102670000,12
cx_d5b2eed8be9386b6,4812710700104480001,48
cx_d5b384eca02960eb,3011011000105390000,30
cx_d5bb64ac0a093368,1219011000108250000,12
cx_d5bd16f71d913d31,4817011800101760001,48
cx_d5c45c31a0bb3423,5211113300103120006,52
cx_d5cf83f97567259e,5117011000100050082,51
cx_d5d15286a2d65a4f,2820011000105630003,28
cx_d5d894875d7bc4f8,1224013000107700000,12
cx_d5deb661aac15dd9,4711125321100570005,47
cx_d5f09b81cdec0a36,2823710700104960002,28
cx_d60a180075bdc469,3111010300103290000,31
cx_d61b496a6fabcf99,4315010900102370019,43
cx_d62465ac01a8e89c,3611039021100240000,36
cx_d62c7a562ad63b41,1233010900115720001,12
cx_d636e0f73290d2f2,5113010600108480001,51
cx_d637ad5f82d602da,5011010400110110003,50
cx_d639147e3470ef71,4413310200107170000,44
cx_d6424eee08a7d14f,5271025021102970010,52
cx_d64f8ee79937245f,4887025024102410000,48
cx_d64ff32ac9cd3094,4413111300100620001,44
cx_d653f0321556b764,4418010400119630000,44
cx_d6552fcc300b4c36,5113033023115370000,51
cx_d65dab441d005bca,1276025031110700000,12
cx_d669dc509b272bd0,3171025623107940000,31
cx_d671476cc63662be,5211310300109510007,52
cx_d67417fd074b229b,1233011800112850000,12
cx_d67a856b7a0a85c7,4825013000104480008,48
cx_d6802af0bfeac802,4812710300106600015,48
cx_d68987fdde69defd,2647010200101370015,26
cx_d68b6fa8b99d6e29,4413111500103340000,44
cx_d68c07237654596b,4420010300101500003,44
cx_d6980736888d36dc,4889025021104280001,48
cx_d6982043a7a6ed66,4713011400129350000,47
cx_d699498c4fc2fe79,5211313200110750000,52
cx_d6ffbc5517a6f230,2827511000100300102,28
cx_d7025e4f5fb7cfc4,3111011800104490016,31
cx_d703e1cc06790d50,3020011200106000002,30
cx_d708263e3f3402ea,1276025033101020000,12
cx_d70ff629a777b824,4719011500105030002,47
cx_d719eb1055e3f986,4831036021108320003,48
cx_d71f27559153ef95,4418010500114230000,44
cx_d727b505072b1288,4785025324100310002,47
cx_d727fd9d9ccf8f35,2820010300109830001,28
cx_d72a4d1cac0ff601,4817041027107680000,48
cx_d72c6e36c3ee66c1,2817710500116380000,28
cx_d741780900729182,2629010600106300001,26
cx_d7447c811e5a876a,2824510200100180013,28
cx_d745384fb4057d49,1281025024110400000,12
cx_d748682fd5138427,4812512800103200000,48
cx_d753b37f23cb4a5f,5211112900107650001,52
cx_d76540af208a3b70,1215010800108960000,12
cx_d765f26a1a8f6be5,2823710200106420000,28
cx_d7790712731f9a14,1215011000101910001,12
cx_d77c7b26de68c7bb,5115037022100110000,51
cx_d7800b66ced54a8c,4825025026116110002,48
cx_d787db03477c09d7,4420025324111620000,44
cx_d798315d6400eac3,4729011100102220000,47
cx_d7984cdfd36afd71,3611010400131020002,36
cx_d799043f25052124,1211016400111740000,12
cx_d7a360f592d13329,5219010800100920004,52
cx_d7a5ba451b3d389c,1215032028102010001,12
cx_d7af81693780e817,3111010300107760000,31
cx_d7c703d6f1427ffe,4711132024104180000,47
cx_d7da7698236ae917,2823710400103920001,28
cx_d7dc8e93c26b675f,4833031024112330000,48
cx_d7dd7a93fd703456,3114010800108360001,31
cx_d7deaae018e7d73d,1233010900115720002,12
cx_d7e03d9d5fcd153c,4420010200101560024,44
cx_d7eec5aae72a6037,1227011500101280000,12
cx_d7ef8d8aad4b3391,5271025333108190014,52
cx_d7ff3427ebf4f0c9,4313010700111910000,43
cx_d80577173f782cc4,3611010100108580000,36
cx_d8365de61e756b92,4817012600103260000,48
cx_d83808238167e368,4423011000106430000,44
cx_d839e32b9f8a7562,5211112900107610002,52
cx_d83a5dcb45c3503b,4413310800107410000,44
cx_d844772b24b48f6c,1227010800102940018,12
cx_d8491e47b75eda44,4812511800106460000,48
cx_d857b89c154fe143,1276025023102300000,12
cx_d8599364bb9b4e1a,3120010800111360000,31
cx_d86bf34c37600cc2,4812110400101440002,48
cx_d871e9554fee253e,1279025036105670000,12
cx_d877b906ca854954,1221012600106360031,12
cx_d887dd6a644a08a9,5117011800107510000,51
cx_d899d0d2f2ea43af,2723011200102010003,27
cx_d89c35f312622bf7,3017011200113880000,30
cx_d8a654452789dc24,4413110900102090000,44
cx_d8b0ed71c721bb31,2820011000107650001,28
cx_d8b2804ea0285f3f,4825010700114390001,48
cx_d8be360188d9e8fe,4380025327113350000,43
cx_d8dab293d8b72bc8,3017011200115090000,30
cx_d907afe6cc17b07b,5211313100113670001,52
cx_d90a506301775385,4831010500111010000,48
cx_d90e168d9236b43e,5214011400103030001,52
cx_d90ea07653b23678,4812914000106560000,48
cx_d90f3cc7adb0a07d,5115010100110390000,51
cx_d913e9920d7ae565,2824510300103820001,28
cx_d91a58ca03a60a9f,3017011600113940000,30
cx_d91fae92eb3742ed,2812510100101220000,28
cx_d91fe72a209bf067,4420010100100740005,44
cx_d923e4858ef5a77b,5219010300100010000,52
cx_d945511dd60792c4,5013011600101950000,50
cx_d94d070d99563456,5121010800112170001,51
cx_d9528377d3a5281f,3611011600100060004,36
cx_d9575a10a3273649,4812532023102920000,48
cx_d9614560a4fd6650,2820010300110430000,28
cx_d971c961ef97e29e,5211312200113380000,52
cx_d97638f75c10558e,4822011100109800001,48
cx_d987a31b4178b15c,5218010500106360000,52
cx_d98fa894ac03e2b3,2623010600102500076,26
cx_d999e4baa3e68ea8,4833012000115890000,48
cx_d9a7c22ae937967a,4413310400113200000,44
cx_d9ab222d9673e1b3,5211112000107970000,52
cx_d9af61b5f4cf0542,3611011400101760000,36
cx_d9b2bd6f5754b208,1233011400114900000,12
cx_d9b8c3828e442209,5214012100107640004,52
cx_d9c1bd7fae1609c2,5123010600100990007,51
cx_d9c34219f2af2e5b,2827510100105120001,28
cx_d9d5fa94b1f0ecb0,4825032024115310000,48
cx_d9f1ca60e4c7ef2d,4812112400100270000,48
cx_d9f28d58b5e54742,3114010900105370001,31
cx_d9fe76946911f9cb,2818510500109610000,28
cx_da0873c902773ab1,4421025021115500000,44
cx_da0c122075664726,5279025021112220000,52
cx_da0cad396455fe55,1211010200102920000,12
cx_da16f4b42eb1b0fd,4725010900100010005,47
cx_da2e388c63817cf4,4719010800104180000,47
cx_da380de3061d0ca0,4313033531106510000,43
cx_da57f51d6a015071,4420010300101400004,44
cx_da6195e401f0a353,4415010700102420002,44
cx_da71f410c6c27afa,3114010500101190001,31
cx_da7e31b57c994b19,4822011700104100001,48
cx_da823ef88cc2501d,4315012000101980003,43
cx_da8687ef0c68d5a5,3120010500103940001,31
cx_da917ee5f52afb8e,5280025022106300000,52
cx_da9b4442b557af9f,2824510100100240049,28
cx_daa233430fe2147b,5214010800102020000,52
cx_daa6e5027165a2c1,3611010700107370000,36
cx_daad60ed32ed826c,2829010500110260001,28
cx_dab7c36adcb0ed35,2820011000101110007,28
cx_dacb797184ce903d,4481025025103240001,44
cx_dad8c87cf76b5172,4413125036100090006,44
cx_dadc4f020c563b9c,2820010300111130000,28
cx_dade32e0bca9a7de,5013032021129560000,50
cx_daec5c2802ee6186,5119010100100740003,51
cx_daf52076dadcdc96,4812313000101420000,48
cx_daf732e08f505429,5115012100102450005,51
cx_db053795d6eafdf4,2824510300105800000,28
cx_db0d999b177f317d,4481025021107710000,44
cx_db2702893497d2f1,1280025326116790001,12
cx_db2e1182b186b186,4311313800100750032,43
cx_db380625c35ed8e8,1213012200102840000,12
cx_db38f2075b85df30,1233010800102900046,12
cx_db3e5f831b644834,4413310700113610000,44
cx_db3edc0c470e5a1c,4311310400105560003,43
cx_db46ad83adf308fa,4717012900103450000,47
cx_db478ad0a36765fa,4311210600112610000,43
cx_db4999eb7c25f5ef,4427025342106900000,44
cx_db4e1f3c879a0501,4476025031101130000,44
cx_db5e05fefeb90efe,5011012300104260001,50
cx_db5ec6718afa46b7,1281025023109990000,12
cx_db805f2714183fdc,4833011900101170001,48
cx_db82e09ecf8f3556,4885037024100030000,48
cx_db96d11b2217348c,1215011000107560000,12
cx_dba15b498867ce0c,3114010400105690002,31
cx_dbc1352cfca0ab42,2820010200109350000,28
cx_dbfa5ccd7a18c231,2820010300108490000,28
cx_dc0876b906c467c0,1224013300105060000,12
cx_dc15ec49e1c1945a,3611011400102970001,36
cx_dc173de2e7fe1731,4413111800109880000,44
cx_dc184b4019160477,4725010500100780000,47
cx_dc1bf931c60514e4,4817012000101040003,48
cx_dc21ca5cd522b4bf,4729012600106590001,47
cx_dc2a745fa9d5b532,3017011300102220000,30
cx_dc2bcf7beaea3a15,5211113700105850000,52
cx_dc39d50e47d1341b,3120010900100010005,31
cx_dc41c6e72b6be88a,3114010500113300001,31
cx_dc4dc9e9b8ebf249,3020011100106920006,30
cx_dc553ee164c0b101,4812313300100160000,48
cx_dc6960bb5178f629,1224013000108090000,12
cx_dc6bcca9d796b2e9,2820010300100050326,28
cx_dc6f6156e9e4ce1b,5121010600109610001,51
cx_dc7c2892f236d4e6,3611010900121010003,36
cx_dc8d9057151f0e95,4825011900106920000,48
cx_dc8f630321183fa4,3120012500114860000,31
cx_dc933361704aa3aa,1233011900113060000,12
cx_dc98e34f19040af1,4482525021100920001,44
cx_dcadf7fd619d340b,4311410300115020000,43
cx_dcbe9b3f0f2f5e55,4812112900101230002,48
cx_dcc89dbdfd3e3597,3011011400107050000,30
cx_dcda5198794018b0,3011011500101940003,30
cx_dce4699b1e552b22,5214011400100480004,52
cx_dcfb8f46d8436c32,1215031022120040000,12
cx_dcfdd5317ca3ac6e,4812312400100230000,48
cx_dd18221db128a19b,5214013400111980000,52
cx_dd1f4175349e8ba4,4311311300107660000,43
cx_dd233b76f78e1589,2820010900106300001,28
cx_dd4986eb78906bfe,2817710100100850016,28
cx_dd49cda4c55ce75f,4790025330113970000,47
cx_dd54a23e62953c44,4711312100115740001,47
cx_dd62decfbf9bc6b9,1224011600108640000,12
cx_dd63d31b92462284,4421037025107290009,44
cx_dd69b8b7673b26ca,4825033021107870001,48
cx_dd77df14d03ae8aa,3017010300101790030,30
cx_dd80f63152949ab1,1224011900117010000,12
cx_dd8242e78a2ea443,4420025329114780000,44
cx_dd8ac9f0b86cebc3,2824510700104320005,28
cx_dd92537de5dcf4eb,2638010100110160001,26
cx_dd99db5e45d03b20,1213013400116430000,12
cx_ddb313a55b9ae2e4,2824510100101010005,28
cx_ddb6b81423461ffc,5111039021111350000,51
cx_ddb6c12fa38046d8,4822034024102920035,48
cx_ddb8da53d9f4cb38,3020012700103810042,30
cx_ddbb87976358f218,2827510800102090000,28
cx_ddc18d19135d9952,4729010600105700000,47
cx_ddcbb1d9426505af,1233011800112700000,12
cx_ddcbd9238a13b7f3,3023011000100180021,30
cx_ddd7ebf87c66c230,3117010700106610000,31
cx_dde0938f6b7e9090,1211016400110960000,12
cx_de0bc04e87cc37a3,5211114100113640000,52
cx_de13d26f856296ed,1219010800110900000,12
cx_de1bab219835bd7c,4311410300124550000,43
cx_de20894774c2e25f,4831010500100010000,48
cx_de2d992304616c46,4822011100110230002,48
cx_de3e960a11d99125,5214012300106530001,52
cx_de4a24e6babfaf2e,4711311500102520000,47
cx_de5293cff9a0e557,4824025021102130000,48
cx_de54017e0d55cdf9,2820010300110430000,28
cx_de63b9e4799f9b10,4415010900100560005,44
cx_de6aff6803819b78,4817013200106200001,48
cx_de71687a2a1f8231,1215031023106540000,12
cx_de7bf9b6385d04a1,1215013300101610010,12
cx_de7edcb40638b2c0,1227010800104700001,12
cx_de9359c037688462,2827511000100300004,28
cx_de9ec0c45fbe4242,3120012500113380000,31
cx_dea1af7e8159e0de,2829010300100430002,28
cx_dec232074168ad80,1213012000107970000,12
cx_dec5bfd3894ce0e6,5211312300112310000,52
cx_ded16b540007909c,3023010800101880000,30
cx_ded284ef64eae96c,3023011500100450002,30
cx_def4f7cd9bb90272,4812131028100030013,48
cx_defd1447eef2754a,3020011100106620001,30
cx_defde2bcf709c398,3111011700106120038,31
cx_df1200d1a04c8c6d,2823710700105000001,28
cx_df1595b41f6cade4,3020011700102830004,30
cx_df21a351da4defe7,5277025021109470000,52
cx_df396f95a0fa273a,4833011900105890003,48
cx_df42e6ee43b905bf,5183025026100870007,51
cx_df4900467e47c427,4785025321108300047,47
cx_df4bbf16e83f8e49,4825012500108050001,48
cx_df52a5a0b7a9fb48,1233011900110640000,12
cx_df5593b0c4d94a49,4824032024109290000,48
cx_df5d8f460eb0818b,2818510600101000000,28
cx_df6adb2775bad6da,4719025628100020000,47
cx_df77b5a4b03cb047,4729025024102780000,47
cx_df81e292a537ac6b,3020011500104380016,30
cx_df82c52ed56f764a,4420010100119280000,44
cx_df8aa9e5e2cb321f,4711311500101140001,47
cx_df91f4a8ae717614,2647010200115730000,26
cx_df94e65c8ee57f11,4421025030105960000,44
cx_df9a88cdfd8ad43f,3011011800102790001,30
cx_df9dab7adec9a4d2,4785036028100540000,47
cx_dfafe02a1b61211f,4812515800100590000,48
cx_dfb7d61bb1731230,4311311500107570000,43
cx_dfbc0378ad4a9401,4377036021104650005,43
cx_dfbfb613c007d72c,4313010700109060000,43
cx_dfd2b72a2705d8bc,4311325031115310000,43
cx_dfd4a293e0f305ec,5011011200101170000,50
cx_dff2f2d731503017,4413310400110800000,44
cx_e0031cf3ae8db7f9,3611010900103630232,36
cx_e00aab74a7addf50,5211114100113830000,52
cx_e02561480121ca99,5214011100110530001,52
cx_e03571e49c874b0e,4374525027109210000,43
cx_e0390765acd96f3e,4311313800108230000,43
cx_e042cc6f326f08b7,2818510500109280000,28
cx_e06d738b1dce392b,4711125622101610178,47
cx_e070be0af22aca1f,4817013700101950000,48
cx_e074088fa02aa25a,5213014100108120000,52
cx_e07c99e4c93b188f,4812725028100370000,48
cx_e0805861c218434c,4785025623110870000,47
cx_e096e6f12909f0d4,4812515800100470000,48
cx_e099cad64f012a90,4825012800100610008,48
cx_e0a192aa2f8077c8,2820010200104070000,28
cx_e0a3377754ac7ac6,4711311900106130000,47
cx_e0bcce86194d684a,5113011400118630000,51
cx_e0c49e70e38614f4,4812313500100630000,48
cx_e0ca2c273016df16,4812914000104930000,48
cx_e0cefe666d9099f1,2818510600100300002,28
cx_e0d69429059c0c24,4785025324100310001,47
cx_e0e835d5e640778b,4719010900101700001,47
cx_e0ebaceb288e9a9f,5011010900104810003,50
cx_e0fda01afe8381f4,1230012800109300000,12
cx_e10183efc99a26e0,5211310600106900000,52
cx_e10b923640231cf1,2829010300109220002,28
cx_e10ed479e51678b1,2829010100101730003,28
cx_e11474ac11199f90,5211112900107610001,52
cx_e132ebdfd84f4c8c,5214013400110400001,52
cx_e13876ae3b9cc83f,4827010300112300000,48
cx_e148131b20d0ac09,4827010400105520001,48
cx_e148539bfc3e0701,2820011000105630003,28
cx_e171c62846cf0781,4729011100102550087,47
cx_e175fd9358e682de,3020011100106400003,30
cx_e17a1ea7541c371d,3171025622102660002,31
cx_e17df98dd6c886e7,2817710200105570001,28
cx_e1a81095f01e0f72,1230011400100590020,12
cx_e1b987f3d836e202,5115011700106040000,51
cx_e1bde725d0f19c56,4723010200101290000,47
cx_e1ed8ccb2ada5c11,5013010500115570001,50
cx_e1f636e0d57bdb3e,4833025323112710001,48
cx_e1fa1818140d1e02,2823710600101710005,28
cx_e201982df1be058a,2818510100106380001,28
cx_e2113ae78581832d,5213014600115740000,52
cx_e2274100dd0865ce,1273025030104580006,12
cx_e236f4b1b9bc458a,4822010900111270000,48
cx_e238963627198441,5211310300105000001,52
cx_e24632182fa223a0,5011013000119090000,50
cx_e256a0a03cc3be9f,4825012700113330000,48
cx_e25d81fe3e7be6ad,1211010300112610000,12
cx_e2749a2c15a57890,2820011000106330001,28
cx_e28b35a4e7b6a001,1213013000104350000,12
cx_e28d27e7877afadb,1230011500110030000,12
cx_e28d2f69aa8c9fce,2818510200104420000,28
cx_e2b0eff3b4fff2e9,1274025324115140000,12
cx_e2b59379c039f7cf,4481025025101030001,44
cx_e2b6f210168c4418,4721010400107060003,47
cx_e2b773969eb4c90b,4421010700109620000,44
cx_e2c02d069ee3be24,3171025927102040001,31
cx_e2d82f4f669443f0,4413310400100280000,44
cx_e2dc245578eec36b,4729012600106500001,47
cx_e2dc42005d525b42,4713012500100660000,47
cx_e2e882efa4f043eb,4420010100106170001,44
cx_e2fe9f53ebac1ad9,2729011300104920002,27
cx_e300936202bb7d88,1233011800108550009,12
cx_e306dd01aafe8c32,4812310500103560000,48
cx_e312126cc5747e81,1224010400100610003,12
cx_e31832483608195c,4817011900106450034,48
cx_e31cf646a46c6e0a,5211114100100700000,52
cx_e3440ad6bddd961b,5211312200112800000,52
cx_e34ae909021edc5b,2817710200106490000,28
cx_e34e6167b7e43c64,4315011500111630001,43
cx_e352443f88ac4cce,2823710300102740005,28
cx_e35367d4b97db876,1233010700105600000,12
cx_e355fac62f75b61d,4311210600113860000,43
cx_e35a335cad27ce1f,4729025324100710001,47
cx_e37d272946a36c33,4715011200101230000,47
cx_e37e552ab9afddbb,2818510300106350000,28
cx_e37e96f5c0ba5566,4812111600105290000,48
cx_e3848e9c55f4db9e,4729011800105720002,47
cx_e385770060c32098,2818510300105350002,28
cx_e3890093594002d1,5111031022109840000,51
cx_e3a66cfa312f184d,4831011400109870001,48
cx_e3aaf0c43d4956c7,4728011000108680000,47
cx_e3bb5db2097cd574,4719010300102240000,47
cx_e3be3847871c4947,4812311000101430007,48
cx_e3c801d221ad306e,4831011000110800000,48
cx_e3cc16ac3f711c0f,4729010700108290001,47
cx_e3d9386439abf580,5273025021111900001,52
cx_e3dcb2aaba35291f,2623010100100120006,26
cx_e3ed6fcfac92f8ee,1276025030103000000,12
cx_e3f6c0cb1d72ab8a,4824010200100830001,48
cx_e40156d3fb0dcb72,3017011300103120001,30
cx_e40307f62b9ad2ed,2617010300101200000,26
cx_e41560736b21e389,2820011000105990001,28
cx_e42008b3aa0471cc,4812313000100930000,48
cx_e42fb69a203ef40f,4817012200116670000,48
cx_e4406d9a43b457b2,3611011100101510042,36
cx_e448c1ad81a4997f,2818510100103480141,28
cx_e4494e6708ca3f0e,4793025021103700000,47
cx_e44c02b9371de160,4311311400124560000,43
cx_e44e8b01a4ffc389,4717014000102590001,47
cx_e45c524184046102,2817710300100360010,28
cx_e464b42bbb07b1c6,1233011900110580000,12
cx_e47035604bf168da,2723012600102140047,27
cx_e48cd3540f8d56bc,4812511900101000008,48
cx_e492ec438e43af67,5113025022115430000,51
cx_e4936455e461f5cd,4711125321103330003,47
cx_e494cf8f92326a80,4423010900112620000,44
cx_e49dc92bae0287a4,1227010600112400001,12
cx_e4a2e58d6102f563,1224011800113370003,12
cx_e4b8597b62443e57,1224011900108580002,12
cx_e4d066de9c8ddf1a,1230013100111300000,12
cx_e4d0caac099a870b,4827010200113900000,48
cx_e4d8a4add9468ae2,5213010400100150001,52
cx_e4e09bc3bf97e202,3114010900106770006,31
cx_e4e447b36a185cf1,4822010700100100000,48
cx_e4e96b2e0a310351,5211113300102920000,52
cx_e50c867b6ec2b027,5211112800108500000,52
cx_e515a40a6134394c,4817011900103040004,48
cx_e523a7c8ebcce11a,1233012500105470000,12
cx_e541402d63d1af26,5211112700103290000,52
cx_e56667847b6a2b89,2829010400112720004,28
cx_e574b2e915c41da1,3611011400100430005,36
cx_e578b1d65f6d25b2,4413310500106960000,44
cx_e57957f890d3a522,2823710500104450005,28
cx_e57d4d7ce3e7e60d,4812511900100710002,48
cx_e583a2c5f1b655b8,4311210900106130000,43
cx_e58824c5249f6e8f,4715012000107710000,47
cx_e5949a8ef42030be,4812916400113370003,48
cx_e5979c2807b20725,1230010700114750000,12
cx_e59f85db6c68569c,4413325035104660005,44
cx_e5a03c4277a8e5ab,4812112900101250000,48
cx_e5a0a1fb31d75b6b,4713012400111630000,47
cx_e5a4de6218146bed,3017011200110830000,30
cx_e5a96f9e73f6fe4f,4313011000104080012,43
cx_e5ac69c962f96a2b,1233010400107090002,12
cx_e5d94968e2ece9d6,2829010900106610001,28
cx_e5d9dfb2de1c9227,4790025330111200000,47
cx_e5daf461782ce53f,4833031026114480002,48
cx_e5e3f16251d67969,3171025922102590005,31
cx_e5fe2f176aefddb2,4313010700109050000,43
cx_e5fec76892619b7f,4413310400105260001,44
cx_e603482d5b6005aa,4715011400110500000,47
cx_e60af9dc0185400c,5219011800101470003,52
cx_e60e13346515d57c,1230013000105490000,12
cx_e631be6833944b6c,4719011600100200001,47
cx_e636cc5bd8fea40b,2817710100103620019,28
cx_e6503c834eaa2c2b,3120010500104860001,31
cx_e660368fc6b7a5ff,3114010400119190000,31
cx_e66b5ffcaca09923,2827511100101050147,28
cx_e67189bb70d76bce,4413111800108610000,44
cx_e67307bc307c44d1,1221010900101000011,12
cx_e6844b6386a1e33b,1230010800107450000,12
cx_e68aeb89ba454151,2829010500110820003,28
cx_e69706e52863c5f7,2817710100101590001,28
cx_e6a552c1a3a2ad32,1221012600101470001,12
cx_e6a5cbeb80192946,5221010200100340000,52
cx_e6acfe1b52a962d8,4825025026100330002,48
cx_e6bebc5f5d39d48c,5211310200111680002,52
cx_e6ca1f0110d05765,2818510300105820000,28
cx_e6d15544c367a3e4,2823710300100700008,28
cx_e6d488e9502d304b,1224013000107380002,12
cx_e6dfe7efa3bef9b7,5115011700106020000,51
cx_e6ffe3fe5e6f2027,4482525021100920001,44
cx_e70b33d6c53a1f4e,1227011500111430036,12
cx_e70c1b25ea8b4b82,3011011700100160001,30
cx_e7143600a1d0b7b3,4817011900105340002,48
cx_e7147c5b132364a6,5178025021107730000,51
cx_e71e465a9cbd0481,5218010100109180001,52
cx_e7259fb6f374bb4a,2824510300108570005,28
cx_e7310c95e73dccdd,4833010700104360000,48
cx_e73379b7efc66b88,5113011500118680001,51
cx_e73bd2da641fed32,1280025329121860000,12
cx_e73f13292a141e2f,1213013300100080001,12
cx_e7563353845d17e6,4711125622101760002,47
cx_e7600385c16ec4b0,1211015800107400000,12
cx_e77278c8f3d9c2d3,4421010700104160001,44
cx_e78fb3574291478a,4423010400100660002,44
cx_e793aeaef1aae07a,2823710300101240023,28
cx_e796caf1667accec,5113010700114780004,51
cx_e796e70987067bbe,4825012500108060009,48
cx_e7aed6265b0ba0b1,5117012300101100000,51
cx_e7b39c997361de2c,1276025035106010000,12
cx_e7b67e0d646cec15,4375025025104500000,43
cx_e7c40bb3bd8ef921,4311311400134040000,43
cx_e7c95123ad76d8d5,4423025331112010000,44
cx_e7cc68c42ab28933,2823710700104770000,28
cx_e7d62d3a79561ec7,4711311800100340001,47
cx_e7e07c1516d5f4e4,1227012000104440000,12
cx_e802c3874e2ff49f,2653010500103370000,26
cx_e817498e0a33a490,4423010400102740043,44
cx_e81c6ecc31c446aa,4480025021105180000,44
cx_e81d78665bb4d647,5013010500101390011,50
cx_e82ae940e5b27e2e,5113010700110260026,51
cx_e839e3e881861d8e,5271025021117610000,52
cx_e8453f8cecaec733,4427010600115620000,44
cx_e846a6b6ecdecd60,5113011700119640007,51
cx_e8757731de1bbba8,4421036021111230000,44
cx_e87f37eb214a8c37,5211113200105700015,52
cx_e88a2eeca068dae7,3111011000102150000,31
cx_e8900168a56cfd51,4729012600103100000,47
cx_e89969b71e4c7c89,4831010500115750000,48
cx_e8bc28f4b6d9d32a,1276025031110720000,12
cx_e8cd614cd195cfae,1230011700101780007,12
cx_e8e095c4c73fd549,4721010100105130003,47
cx_e8f3f5c5b81076e9,2818510600100300001,28
cx_e910fec38cec0ab8,2829010300100240001,28
cx_e932f9c8ff08c01b,4812914200101140000,48
cx_e94da9bdc0bbdfe8,4421010900117180000,44
cx_e94ef67daddbbe8f,3120010300102330000,31
cx_e96cf7c1dd4c75e6,5213014200100520001,52
cx_e96fda4b9e31f268,2823710600103690000,28
cx_e971ca53e77e9244,4420036032117970000,44
cx_e976a201c021849c,5211113300109660000,52
cx_e99bdc238369be20,1213012000100080008,12
cx_e9a66b4dddc194c8,2723010600103050004,27
cx_e9a686205b22ccad,1233010800106100000,12
cx_e9abc51a78e20a44,4311311700104820000,43
cx_e9ad15d6399d1de2,4377025631100660005,43
cx_e9b7476d7291b49d,5111012400102830015,51
cx_e9b7d83bc72499ce,4888025026110970000,48
cx_e9bf72f63c1e940c,4711125321100570007,47
cx_e9cde5ebbcd3a5b8,5013010300115340000,50
cx_e9e463a523169b6a,5211113700103050010,52
cx_e9f6b273e534dc1b,3111011400106170000,31
cx_ea111c37bdf3dae3,4311210700103350000,43
cx_ea215c4586ad5bd7,2817710500116060000,28
cx_ea275b7e032baff4,4776025021100940000,47
cx_ea2e9e32323a2c9e,1224011800101370004,12
cx_ea32d68eba4e32d4,4413111100106060000,44
cx_ea4201d173648b25,5113010600108470005,51
cx_ea42cb604f6c4054,4888025023109940001,48
cx_ea45a239950739d1,1221012600106630000,12
cx_ea45a28e5c918cd0,3014011600100010003,30
cx_ea57f746b3f89c60,4812725028100070000,48
cx_ea5a5f4f86e052d2,5213014100108290002,52
cx_ea6d7520f674d22d,4717013600103340004,47
cx_ea79c61e011b39fe,1274025026106470004,12
cx_ea7dbca3b6762edf,3017011400106430000,30
cx_ea90e25de7c01919,5214012700103040000,52
cx_eab47a8518addce7,1211010300119250000,12
cx_eab4a10d1bd2fcba,2818510600101550001,28
cx_eaba61e4c6913b53,4827036022113260001,48
cx_eac6a8630bcf6881,3017010500105940006,30
cx_eacac2de610c47e4,3014011400103930000,30
cx_ead65e05e08b192a,5113010300102730001,51
cx_eadd7977cf31907c,5211310300107820000,52
cx_eb02fb1392fddf95,5211311500104230005,52
cx_eb1060e23344eda8,3023010200100300001,30
cx_eb1793aa83c487e8,4812914000106620000,48
cx_eb1b5b50a5858907,5113011200101450016,51
cx_eb1eb76ad83f0800,1221011100106710000,12
cx_eb3073ddbb5b3e45,5214011300102220014,52
cx_eb35f44ccc7a2323,5113010700114510000,51
cx_eb365e4aa2d90f86,4413310600105500000,44
cx_eb372a16874de60a,5211312300103740004,52
cx_eb454e35fa831346,4812513400107080002,48
cx_eb5335a27a7423b8,5211312100103080001,52
cx_eb5c30a198f41670,2824510400101780000,28
cx_eb9dad926ec1f26d,2871025025106670000,28
cx_eb9f65b6c2e1e0ac,2823710700104970001,28
cx_eba041dfb678eae5,2614010400102120000,26
cx_eba3fbff65718b55,2815510300127430005,28
cx_eba5d4bdbbb7c2b4,1224012800110630000,12
cx_eba61da3b288d119,5211311600107310004,52
cx_ebaa08791ea28e78,4817012500100330016,48
cx_ebaf3677df4f8831,3014010200102840004,30
cx_ebb796eee3c3bfbe,5214013400110380000,52
cx_ebc8facf94e72635,2638010100102180032,26
cx_ebccd554804b857d,5113010700117110000,51
cx_ebd33e0a2a133baa,2824510400102030000,28
cx_ebd44d307c5020f5,4812914400107440000,48
cx_ebe352a221f3a707,2723010300101620011,27
cx_ebe7df6fd8bd1f23,2829010900106490001,28
cx_ebef3a79ac70a894,3011011700100560001,30
cx_ebf11284c0f7bd8f,1215012600109510000,12
cx_ebfa4a63fea09715,1233010800108770000,12
cx_ebfe40526aaa2d32,4311112400129420073,43
cx_ec010b0c572cf8c0,4413111600109200000,44
cx_ec02cd25b7cfbe33,1233010400108260001,12
cx_ec0425dd4ff63bf6,4817012600107970000,48
cx_ec086c1f3d7d4f18,2726010800105560000,27
cx_ec1238e457c363db,1224011900109280001,12
cx_ec53b4705ec81ebb,4831010600107850001,48
cx_ec5ebf386d9b60cb,1230011600106370000,12
cx_ec64c2ea3e3816ad,1230011500108550009,12
cx_ec7826d7829514aa,1230010900102520000,12
cx_ec7d3e2d560e8835,4812313500100660000,48
cx_ec80a4b4d5d571e5,4825012800105830007,48
cx_ec9200b06df07d6b,1224011800109040000,12
cx_ec926f87793beeaa,3120010300109630000,31
cx_ec983cb31054be36,1285025022110130000,12
cx_ec9dff08030b696f,4717013600105160005,47
cx_eca4abfd95158e92,4831010600108780001,48
cx_ecc339b46239799b,2827510800101090055,28
cx_ecc5059433facb8b,2829010500110240000,28
cx_eccb6f5bb595562e,4725010200100630000,47
cx_ecdc4f1999fc7d39,1213013000107270000,12
cx_ece4ac37500b0f56,4421037030102190002,44
cx_ecefbd6fc4305e4b,4315011300100040000,43
cx_ecf1640f69b904e7,3020014400106630000,30
cx_ecf725a7a15ea6d9,1211015900110320000,12
cx_ed07215b15670f5b,1217013400100010000,12
cx_ed08213a82a7f2f2,4825010900107050001,48
cx_ed088ab48eb273d2,1230010700104030006,12
cx_ed10b240048ea198,2823710400102360005,28
cx_ed15304ce21a5409,1230012700108190003,12
cx_ed2707ca9225d602,5013011200120590007,50
cx_ed2752facc8e9687,2818510600100020003,28
cx_ed4ea665ad8f85ae,3111010800106890000,31
cx_ed51a8b717308aff,5011011100100090001,50
cx_ed55da7520e95055,1233010100109480004,12
cx_ed56e2ab3d276b0b,5011010200101130004,50
cx_ed5e8ea9ab8243e8,4711311700100660001,47
cx_ed68f73379fee95b,1224012800110960000,12
cx_ed70ec8dc68c8a2e,4812313100100220007,48
cx_ed770289a6b28231,3114010500105780001,31
cx_ed8a7ab0d323106b,1233011400109080000,12
cx_ed8d8e7c172b8553,4833031026114480005,48
cx_ed8f97bfa6f31cdf,5113011700120470005,51
cx_ed946f756b766b0f,4413110700105590015,44
cx_eda1ce70c677988d,4833031024112170000,48
cx_eda97c0245b136bc,3120012500106390001,31
cx_edad0b709cae84a7,4313038526106860000,43
cx_edc51c62d1e89791,2823710100106080003,28
cx_edd1f3020ba99946,2726011300108590001,27
cx_edd74ccb9254b86a,1224011800100210007,12
cx_ede352364e7351db,1211016400110970000,12
cx_ede42c5e7c7c8622,5111011200107010000,51
cx_edf58271ac8e3b10,4831010800100050000,48
cx_edfc5dad4a6153c7,5121010100101800001,51
cx_ee037a0b6f681376,3114010500113710001,31
cx_ee0a9df7079e24e9,3020011100106070004,30
cx_ee2383ab5cc10200,3014010300100010095,30
cx_ee31851ed65ea5fd,4715012000104160000,47
cx_ee354988ddfddc45,5121010800115680000,51
cx_ee467a7cc5d5dcfa,4831011300109430000,48
cx_ee49c22cc434f269,4420025324106320000,44
cx_ee71b2392063b21d,4481025025101290020,44
cx_ee7bd02c9a747771,4481035031102880000,44
cx_ee83ab00baac20b8,5272025022103870005,52
cx_ee83e08f82672ea1,4413111600102280022,44
cx_ee852fb1b27f9e1f,4471025024102920000,44
cx_ee915add59f6db85,4311210100103580005,43
cx_ee96c12737f03303,4420041025104980000,44
cx_ee9ab35f967aef79,5279025030109890000,52
cx_eeaa0d9670e7fdfb,4719012100101180005,47
cx_eeaaced84b91fabd,5113011200127310000,51
cx_eec8beb77f01da3f,1276025024104050003,12
cx_eecd5e080211f60f,4719012000110870000,47
cx_eedc7c34d839d6a0,1227010800102410000,12
cx_eef999724447a1db,3020013900106160000,30
cx_ef0600596a183caf,5111012300110310000,51
cx_ef0c26ccd719da2c,4413111400105260000,44
cx_ef255e044f14104d,1219025022101370002,12
cx_ef3f7d50bb9dc16e,3014011200100120001,30
cx_ef4a06fdd335cd34,1211015800111150006,12
cx_ef5efe592c554c7b,4721010500102540000,47
cx_ef62b881449c0603,4311112100104250000,43
cx_ef71a2f8ad8d7d0e,1233011600106940116,12
cx_ef772be7976c7f02,4374025031106210001,43
cx_efb7062b7f4e5eed,2818510500109420000,28
cx_efbb7a44830fb5ca,4311112400120830000,43
cx_efbc33f44f6640ec,4872025021102380000,48
cx_efc1415e5eb8dd32,4713012400105620002,47
cx_efcdedfab33230bb,3611011400103810000,36
cx_efd2b3c5a963da48,5214011600102150000,52
cx_efe75d2e56f7ff9b,2820010200109170002,28
cx_efe907bdc0299479,4480025625113720000,44
cx_eff03e864de89ba6,1230011300105870000,12
cx_eff09b782f657390,5211113700107050006,52
cx_eff8187bc204eb19,4831037024112380000,48
cx_f00f1e64c4c2dc07,2818510200103530000,28
cx_f019719a68bdc957,2820011000105810001,28
cx_f01ad96a14319617,4711325023101980000,47
cx_f0225328e4e6777f,5113011100103330048,51
cx_f02b0e0a4f11d458,1219025035116870001,12
cx_f045b2dd516a6696,5115037022100120000,51
cx_f055e20806da8d70,3020012200103930003,30
cx_f0566ad1572e4252,1224011800112280000,12
cx_f0589643c350db99,4711325049104240000,47
cx_f05cc0138d3582cf,5211113300109550000,52
cx_f069f9c10d14c470,2626010400101330003,26
cx_f0753265cbb1e055,3111011700111080000,31
cx_f07976aedccf1a40,3114010400111820007,31
cx_f07c10511868fde6,4311112000103170000,43
cx_f09e7ca43f6f5b3b,4888025024105610000,48
cx_f0a49871da277e58,3611010900121010002,36
cx_f0a554a4c3cb50b9,1233012300116860000,12
cx_f0adebd8414350b9,4420033026108920000,44
cx_f0b4fb385a66bddb,5111012100105090000,51
cx_f0b8139f7cf4e15b,4833010200106050001,48
cx_f0bc6d1c2ef6821b,4831010900109590008,48
cx_f0bd0eabd97f5c6e,2824510300108610001,28
cx_f0c785850d2e1547,1277025037105290001,12
cx_f0d19d0348621cce,4413310200114380000,44
cx_f0d65ad89ebf5da2,5211313900104590001,52
cx_f0d6a1c086fff6f9,4785025623100290001,47
cx_f0dfd23e1fae2b15,1233012000108020000,12
cx_f0e0b10528314535,4315011100103500000,43
cx_f0f2ce4e87f00b1f,5213013400109070001,52
cx_f0ffc354116f5cb6,1233011800112720000,12
cx_f1047877e41d4459,3111011100100260000,31
cx_f10accb1174023b9,3011013900100300000,30
cx_f10e389c9591997e,4711311400103100000,47
cx_f1122f46025c17b7,5173025021106070000,51
cx_f113c8fca6cf4e01,5181032021105460007,51
cx_f1156a3167675d41,4812512500100010000,48
cx_f118ea7e8552a01a,5119010100102000013,51
cx_f13adc847330d992,5121010600108980000,51
cx_f1404af7712719a9,4719011800107760000,47
cx_f144a79bc1ee1904,4833025323112720004,48
cx_f14e75be7424c6ac,4427010400112260000,44
cx_f163ae7db1f9dca0,4413110300101120017,44
cx_f17471b15c1c1500,3611011300101040002,36
cx_f1782c0dd4019929,2820010300110050000,28
cx_f17da345f32af449,4717013300107400001,47
cx_f194b38a6d698eb9,1227010800103880000,12
cx_f19b4e098c7e48fc,4812311100101280000,48
cx_f19be2f2e1a6873c,2824510100100990011,28
cx_f1ae744f4786f4d5,5117011000101110001,51
cx_f1b941517f26b5b0,4711312100113500001,47
cx_f1c7fe5fa3efd7b8,2823710100106630031,28
cx_f1cb6b13b75baf6e,5113011700120470004,51
cx_f1d5e016982ad781,4711111700106640001,47
cx_f1de88d0f2267faf,2823710700105010001,28
cx_f1e8d822f015a066,4377025321106620000,43
cx_f1f434858803deea,5180025021105730000,51
cx_f20352c5a52c1eef,4833011200100080001,48
cx_f20505c7e2225663,4311425332105610000,43
cx_f207cf74d3fc05e0,2820010700105710001,28
cx_f20ad68996fbf724,2824510200109310028,28
cx_f20f0ca40065e4c2,4884025029117000000,48
cx_f20f85218c8c7f03,4711325047108060005,47
cx_f2171fe5596ad2d2,2823710700105020008,28
cx_f21d792e5e08d456,5117010100111010000,51
cx_f220ac4bfa9b305a,2815510100118710005,28
cx_f227f9ad69f9856b,5115011600107580000,51
cx_f22b598b74741388,5219012100102750000,52
cx_f22c740f63b3f4aa,4711125631105810000,47
cx_f237616a77f00b6e,4833012000115800002,48
cx_f241ed583a230744,4719025625117900000,47
cx_f2498881b12d4dad,2817710200106640000,28
cx_f255b94c1c99181d,5213010600109000040,52
cx_f2753208677de3bb,3120012500114910003,31
cx_f2758bdc6349b7c1,5115012500105060009,51
cx_f27ed5325b2d9691,4825012800112670000,48
cx_f28107b07a796b73,5211112500102900003,52
cx_f2850b591d1c42a2,5213014400101550006,52
cx_f28e2663d588464b,4729025622107090000,47
cx_f2920c36eeed8b6a,5011012900109020000,50
cx_f2a09246d18ce386,5213014400101090006,52
cx_f2a684cee1ad9ffa,3114010400112410005,31
cx_f2b86146a7bd89b6,4420025324114870000,44
cx_f2c03465e56e7d62,5113011600117130002,51
cx_f2c10170ff2a5666,4719025332118460000,47
cx_f2c34887022e560a,4420041022105790009,44
cx_f2c9005b8afb3148,4719011400107920007,47
cx_f2dec035b9f489d2,3611025024100110001,36
cx_f2f0fb76b9713770,4812310600106010007,48
cx_f2f6b5234094937a,5111012300111310000,51
cx_f2f771deee1b4011,4812313000101470000,48
cx_f2f900a88f5ff796,1274025024116800000,12
cx_f2f95c59693edd73,5115011700101300000,51
cx_f2fffca9825c8d3b,2823710300103060003,28
cx_f3060151a77f4ffb,1276025021100700005,12
cx_f30877d5f00cb325,5111012000104810000,51
cx_f30cada702ee3e15,4817012200114260000,48
cx_f30d073353d2761d,4812513400107380000,48
cx_f310722ba6041ba0,3111011200107680000,31
cx_f327c6b219f7a866,3120010300105420022,31
cx_f32ee8936100a7a1,1211015900101520080,12
cx_f3340c57e7a14ccb,3611010800122010003,36
cx_f3388a11d52fc80e,2829010300110030001,28
cx_f33da1b373366736,4833025323112760001,48
cx_f34b952c4f492fe1,5218039030107920046,52
cx_f3500c2a1cd01df4,4421010700106970007,44
cx_f3579cfef694fd1b,4711312200114570000,47
cx_f35de011c7cccb99,4482525027107380000,44
cx_f36c82b200249581,1233012700111400000,12
cx_f37eec40e523dca3,1213011900104890001,12
cx_f3861ac5151a3b47,4480039022106530002,44
cx_f38dce6c18d3e03f,5179025025105780000,51
cx_f397e11856b6e4aa,5214011100101380000,52
cx_f3981d52dbfa67d7,4413310700121000000,44
cx_f39b4b7952148964,3114010600115640001,31
cx_f3a360eec16ed0bc,1230010900110580003,12
cx_f3a858aceea70fe6,3023010800102800002,30
cx_f3a8ec06a1456edd,4711312000110450000,47
cx_f3ab3f49e0e284b3,1233012300113060000,12
cx_f3b7caeb64af94f0,5013011200117250000,50
cx_f3bd431153fbbe00,2818510300105820002,28
cx_f3be21bc8729556d,4375025330110910000,43
cx_f3bf5caff7d6ce77,4315012000101340000,43
cx_f3c2b3fe7cb328a0,3111011800105650001,31
cx_f3c5e368911a8947,5213011400101200000,52
cx_f3c91a62a00c68dc,3011011400100280006,30
cx_f3ceb62873d080f2,1224011800105310001,12
cx_f3d3fca6101dea42,3114010400118730000,31
cx_f3dd44b2dac17375,2829010900104730005,28
cx_f3fb393f54619319,1224011900108570000,12
cx_f40522c1489faf00,1227011500101720000,12
cx_f4093a44e3604681,5113011000108060001,51
cx_f4162e26d5e04759,5176038024102860004,51
cx_f421069117c4e6e0,4825010400104550002,48
cx_f4246e997da23721,5211312200101970012,52
cx_f425b5626f372eda,1233012700111460000,12
cx_f430e072c8c0b40b,1224011800108790000,12
cx_f43138f26b5cfd6f,4413310200107170000,44
cx_f435ef940e6244bc,4427010100103100010,44
cx_f4435f2261a67584,3611011200114030000,36
cx_f44acf0a7819d016,4729011700108930000,47
cx_f45ea1e4e514aabf,2815510300130840001,28
cx_f46f2c804cd87feb,2820010300110480000,28
cx_f471e06d19cbbf94,4827010400100150001,48
cx_f479b7966725671b,4375025028108800000,43
cx_f496d4e0d2fe6aba,2818510500109170000,28
cx_f497fcdb5eb4cfd6,4375037027104080003,43
cx_f49b00d8fca2d1a4,5119010100104030005,51
cx_f4ba8f506a61b8fa,3120010500104300001,31
cx_f4be1ef9ed06bf22,3611011000100030081,36
cx_f4c0f6bd6af69b0b,2824511000106130000,28
cx_f4c43e2003252ddf,4311210600112610000,43
cx_f4c69f1dba59b95e,3120010600112760000,31
cx_f4cbd3f39e34609c,1224013100108200000,12
cx_f4cd05f8ca5d4c0c,2817710200106270457,28
cx_f4cd2d02dbfd2311,4711311400103050001,47
cx_f4cf8bf956ccea59,1224011800100960000,12
cx_f4e2f40ad4a0dba9,1278031022108880001,12
cx_f4e327bd88d6e630,5213014500108570000,52
cx_f4f5f91b6e0bbb7a,4812311100104560021,48
cx_f4fb590b56e6711d,1227010500106960000,12
cx_f503f68e5dddef7b,2653010400105260002,26
cx_f5079672e2c3622b,5111012300109450000,51
cx_f50ff78d381acc86,4831010600112650005,48
cx_f516fcf92f4ba397,5280025023103470000,52
cx_f51c4762896344c4,4420010300101400007,44
cx_f53c33a62c9dea21,4812515200100020000,48
cx_f545c41ea6835e32,1233011500107650002,12
cx_f54e56e5712f7f9c,4825012600101560001,48
cx_f5616b84158f8ab2,4825012400106840000,48
cx_f56aa8c866e462ea,4812513400107040001,48
cx_f5870761f75315f7,2726010300100960009,27
cx_f58aefcfaf8818a2,4482525021109360000,44
cx_f59229d859572f7a,5213013400107710000,52
cx_f5957ea3c1c22f71,5115011100104220003,51
cx_f59be8788c315fc7,5115010100110370000,51
cx_f59d0ccf79a70957,5183025026100610001,51
cx_f5c078d114901713,3111011100102570000,31
cx_f5db46e77dd7310d,4311112600106530000,43
cx_f5e000a2e8475422,1227010700108390000,12
cx_f5e42293bb958bc7,5214012200107630000,52
cx_f5ed0c3cd0c4a85d,4420025326103570001,44
cx_f5f300a3e7ad08a0,4711111600109900000,47
cx_f5f5c2b5c24d03aa,4413311100107620000,44
cx_f5f6fa325d792ed4,2817710500108300000,28
cx_f609f0425c8e1f91,5211310300105740000,52
cx_f613d0a65096970b,3611010900109160000,36
cx_f61ce78eb4288cba,5113011000112150000,51
cx_f62e88aed6314d9d,4374525032107200000,43
cx_f630c3b40a2e78ef,4427010200103550003,44
cx_f639e86e428b06da,4311111900100720000,43
cx_f63f4356d2641555,3017010100106160000,30
cx_f655ffb2136eaad1,3020012000110330000,30
cx_f661a4ee57278667,5013010500102010000,50
cx_f689ba813ca8d965,2817710200106470000,28
cx_f6953a7648b16e8f,4711311200100530015,47
cx_f69c3b3fdffecfcf,5011011400123330000,50
cx_f6a80332dae2ba58,5011012200107540000,50
cx_f6a9e51004d783ed,1224011800108910002,12
cx_f6b03bcbbf575644,1219025000104840028,12
cx_f6c7068e9bdea391,5111012400108730000,51
cx_f6cb3c4ab9676d84,5111012000108990000,51
cx_f6d915a1dd6fd0ad,4311311500100900008,43
cx_f6df367ee191f819,4413310600105430000,44
cx_f6e566b495ca5b67,5173025022105180000,51
cx_f6ed206358cc3762,5218025027106610000,52
cx_f6fe60d7f6c756f4,1227010700108710000,12
cx_f703075fa0a0bacb,1211015900109730000,12
cx_f71d0501dcfc0f72,3017010400106410000,30
cx_f7208e278b68a19a,3020011400105290000,30
cx_f72096fe2fadd8bb,4729025321108680000,47
cx_f73740ea5c03563e,1280025329121790001,12
cx_f747507e424273aa,1233010900116200000,12
cx_f74a43b972432771,4711132022103660005,47
cx_f74dc637e5375538,2823710100100650007,28
cx_f74ece129fd2e06c,4785025021107770034,47
cx_f75e31a0bf93ca5d,3114010800108320003,31
cx_f764bab3596a733d,1215010900109720000,12
cx_f765f2fa6ad72c0d,4729011600106690000,47
cx_f78c6653811ea383,1227011000105970000,12
cx_f78c7158492c1494,5117010100109420000,51
cx_f79e87207dc6b6f0,4413111600108730000,44
cx_f7a646892d26b168,1215013300116110000,12
cx_f7a82178eb782c48,4833033021105050000,48
cx_f7c3317e2d88df8c,4833011200106450018,48
cx_f7c3f72b6c250678,2829010300109280017,28
cx_f7cccce0f2b657c9,5117011100103340001,51
cx_f7ce4561e8f83f29,5113033023114930000,51
cx_f7e16ba38aa2a7b8,4825013000104480009,48
cx_f7e30e9081480597,4372025023101830000,43
cx_f7e5958d11b37778,5182033021104760000,51
cx_f7eb1a4017dff43e,4812512800104780000,48
cx_f7ecdad8cc040f55,2827510800102060000,28
cx_f7f15e13c219dfc7,3017011300103110001,30
cx_f7f93aaef1a2748a,2827510800105320000,28
cx_f7fa525da23cc8e5,2629010900102950001,26
cx_f8025dd2b1c126f3,4420011200104800003,44
cx_f80a48419985ed3b,5115012100106100000,51
cx_f816ad0d5ca61cf9,2827510800105880000,28
cx_f81edcf637e15001,4812710600106940001,48
cx_f845a31e92163596,1213011900104960001,12
cx_f853ac84ef0bac77,4427032021117330000,44
cx_f85f07615d277e7a,1224010400100610000,12
cx_f85f5b886fd25dc4,2818510100102710017,28
cx_f8628d642774db93,5176038024103040006,51
cx_f86d4380300dc31f,3120010700103810001,31
cx_f872cd919de999b9,5221010400110320000,52
cx_f873a79b5e62a685,1230011300105290000,12
cx_f886ad9c782e8250,4825012800100620004,48
cx_f88edd47b5db6979,5113011300111820000,51
cx_f8976f24b9ad95c4,4480025026106290000,44
cx_f89fadf1e8e6171a,3114010100115390000,31
cx_f8b9339a4b274813,5183025028104490001,51
cx_f8ba2447e9522270,1230010700114610000,12
cx_f8beaf270da39d6b,5113011700119930003,51
cx_f8bfb10f074cc21f,5211310600106840000,52
cx_f8cb1844230274f5,4713025921113930000,47
cx_f8cd145e29268f1d,3011011400100880001,30
cx_f8d0437edc20ecc6,2827511100101050145,28
cx_f8d10c616ae283fa,5214013400110690000,52
cx_f8da4879fb1360f4,4812510100107470000,48
cx_f8dc1c5b8a5b5175,2824510100105560000,28
cx_f8e0356cff6e8aac,5011012200125830001,50
cx_f8eb4e7416caea80,5280025023102580001,52
cx_f8f19ae7ac2a88ce,4311311500118570001,43
cx_f8fd81ec121c79ec,5214012200107680001,52
cx_f9101bc04a5dfbeb,4719012700106170000,47
cx_f924a08929da70a2,2824510100100330002,28
cx_f92a6a8cd73352ac,2829010400111130001,28
cx_f934ea29a7212e58,4817012000100720000,48
cx_f9354e11af95413c,4723010200103780001,47
cx_f942a54d28fa60de,4373025034100160000,43
cx_f94800b4ac1fabef,4717012200109220000,47
cx_f953e4674c3088ae,3171025032101850006,31
cx_f9550e5c601e37ef,2818510500109320000,28
cx_f960696be22c1333,5211311400108530001,52
cx_f96101265e178144,1273025023105750000,12
cx_f963042fb687e4f3,5280025024106260004,52
cx_f97a99265e452ec9,1211016400111030000,12
cx_f97d21f193a397d5,2827510700103040001,28
cx_f98a26bfca12dd7b,1230011200109200000,12
cx_f98a9e8264b0a54f,2824510300109120004,28
cx_f9cb5b2995d53c3e,4831010600105270004,48
cx_f9d418f9c2db14ed,3611011100101100000,36
cx_f9d9550eeb80d976,4831010800100320000,48
cx_f9e1bb36da13eb7d,2824510300100410001,28
cx_f9e226d817e171b4,4311332025102650000,43
cx_f9e6a301bc3fbc88,3020011100106210002,30
cx_f9e808130c7e319e,5213014200100530001,52
cx_f9f0e0753bac4961,1233010800100970001,12
cx_f9fc71af09dfdd86,4825012500111570001,48
cx_f9fcacb3608d3f21,4719011000100400000,47
cx_f9fe9e29bbf97781,4311112600108250000,43
cx_fa082d035fc55761,2771025628102440000,27
cx_fa14822e91acf23f,5115010100110440000,51
cx_fa15622314b0416d,1230010700114630000,12
cx_fa3737efe06359e4,1233010900115720005,12
cx_fa49604cbe201e64,4717012600101240001,47
cx_fa4a7d4bcec9b672,4824010400101580019,48
cx_fa53d8cb2ae1969a,5111031023109880000,51
cx_fa67ef1b4a533a61,2829011000107920001,28
cx_fa79d23929ca94f2,4711125621108930015,47
cx_fa810af962838847,4713013400110120000,47
cx_fa82d806e670b381,1230010100108360000,12
cx_fa8600384807b909,2823710100107560421,28
cx_fa918e46bf26dd03,4831011000100720000,48
cx_fa91a560da7213b0,4420025329115920000,44
cx_fa91f5b0b967fb65,4377025622100790005,43
cx_fa928fca20088cc2,4825010600104290000,48
cx_fa9290e46933ab40,4719010800104170000,47
cx_fa96c698614a890e,4413310700112890000,44
cx_fa9f2b7b91c316fb,2818510500109250007,28
cx_fa9f3df6b9f8a262,3120012500114710000,31
cx_faa21e304d104fc0,2817710400105570001,28
cx_faace440ab188dac,4833011400108600000,48
cx_fab7bbe6a5a1a491,5221010200106530000,52
cx_fac3b3754fdfdb52,4375025321100430000,43
cx_fac4e53d0c407194,1230012900100020007,12
cx_facb5e67d00d9256,4418010100102880036,44
cx_facd8486bafd3fd5,2714011100108770001,27
cx_faf4225211de239b,4373025034100020003,43
cx_faf4b87176f5a040,2824510600102140002,28
cx_faf5f5120b99b73f,4311310500101770000,43
cx_faf623439cd4f4c0,4825025026117050000,48
cx_fafa34df13947140,4377037021104050016,43
cx_fb1364b807bb9e49,4715011400105150000,47
cx_fb154d8e1bfbd00c,2824510700104320003,28
cx_fb1870ac32bab063,1221012500109040000,12
cx_fb1ba2b7f6c2397a,5213013400139430000,52
cx_fb1fe1468a3ce345,4822034024115780000,48
cx_fb26c850e20f98aa,5213013800110170000,52
cx_fb3910ccb0254c94,5113010600100260000,51
cx_fb42e53023383241,3114010800105940010,31
cx_fb42f3227a59d288,2818510300105350002,28
cx_fb474b687079f34f,4812313600100930000,48
cx_fb56271cda47faa5,1230010800111470001,12
cx_fb5cab9fa228b07c,2720010100104740001,27
cx_fb60e99bd1af476b,3171026228114770001,31
cx_fb61c866fb9c20c7,4833031026103000000,48
cx_fb65a7fc2d6ef19f,4831010900109590009,48
cx_fb94128d3cd17cc4,4311311300115500000,43
cx_fb951d83b0425e51,5214011200101700001,52
cx_fb9c9b212f0255e0,4482525022106450000,44
cx_fba1ca854e97629e,1230013100102960000,12
cx_fbb1523675fc160b,4420025331115390000,44
cx_fbd22af7ea460fcc,5221010400111280000,52
cx_fbd8bbb0a685d4e9,4711325026102290003,47
cx_fbe3709508a44695,4375037027100730000,43
cx_fc15b4fcb1bcf4f7,5183035024109870000,51
cx_fc1e40af7eb4dba1,4413310800115150000,44
cx_fc248f8a00495f52,5214012100107650023,52
cx_fc277910f01581aa,3017010500102850003,30
cx_fc28aca761954c4b,4711312000107530000,47
cx_fc38a6397b3cd1fc,4413125033101660036,44
cx_fc3b5c5f65dda7be,1213011700111030000,12
cx_fc43385a63d1b85e,1215013300118820000,12
cx_fc4afc6a2de3620c,4812313100100130000,48
cx_fc5526923de764a4,2818510100101180044,28
cx_fc60d91f7721150e,4825025026116110003,48
cx_fc64f2652cfc9d78,3114010100105690004,31
cx_fc696a4c0f7e62ed,2820010100114850000,28
cx_fc843d1b6f71112a,4812515900106080000,48
cx_fc93d53bf14cdad5,5113011500117900000,51
cx_fc9551a356e25f87,4311112400129420160,43
cx_fca0f1d3929267a8,2818510400104510000,28
cx_fca7cacb8e5595b2,2823710700104940001,28
cx_fcad0312895edbdc,5211114000106540002,52
cx_fcb2c459b65f24ec,3114010100108280003,31
cx_fccd93e7c14c7519,4311210200101800001,43
cx_fccef67d1bcdd5b1,4827010200104370001,48
cx_fce55cf0b2492780,5211310700115640000,52
cx_fce8240ae9a4091e,3014011600103720002,30
cx_fcf017f9c15b67b1,2632010400103590001,26
cx_fcfa2e11318d28e4,5219010800101460001,52
cx_fd0d373dfb073e7b,4833025323108000000,48
cx_fd0ea2d8d1e77f68,1233010700105550000,12
cx_fd19a083ade5a24a,2820010500106950000,28
cx_fd2423ce8c7632c0,5211114200115400002,52
cx_fd3092909aa1922d,5211313000105820001,52
cx_fd377c3fa3021dd5,3020011100106240002,30
cx_fd3c68a698a68667,2823710100107580031,28
cx_fd3e9b5d3f3f0201,4825012000103330000,48
cx_fd50997bd6073eb3,4719025331104470000,47
cx_fd513b672a38b3e9,2824510300101400002,28
cx_fd5d7afb43f9f74b,4420011400102050001,44
cx_fd61e8dfb30bc656,5113010600108470003,51
cx_fd62c73c660f744a,5219011700106380000,52
cx_fd65c037089d66d2,5218010300101830011,52
cx_fd7384853cb7e20e,1281025622125310000,12
cx_fd76d141c909197e,3114010200101910001,31
cx_fd781a74f515fbad,4315011200114690000,43
cx_fd823035aec09bb2,4374525032107620000,43
cx_fd8bd046ce2b4a6a,3117010700103500001,31
cx_fd9ee49b2437ff75,2824510200100360000,28
cx_fda3b7d1d0868534,4373025037104440000,43
cx_fda8447e45f7642a,4420025329116060000,44
cx_fdabacc9232dbc7c,5211310600103590000,52
cx_fdb3fcda9385fcda,3020012700103910000,30
cx_fdc0ece410f75619,4817010200101830001,48
cx_fdd03f9030ce0700,4833010200105530001,48
cx_fdf7551f9e8c2f18,1219025030108920000,12
cx_fe00e40d1487a9e8,4311311700105030000,43
cx_fe0b32de5b8ed44d,5211112700101540000,52
cx_fe0f0f2a4a1b67fb,4717010900102770000,47
cx_fe1caf173d6a884b,3014010500104020001,30
cx_fe516cc013aae6d4,5011010900127060001,50
cx_fe56fc554b78b449,4817012100102190091,48
cx_fe5b72dacfb3a5c0,1233010100109180003,12
cx_fe5f2749145e1bb2,3017010600106360000,30
cx_fe803a00f2923bba,5111012400106940001,51
cx_fe8367b29c246dcf,3611025030103930000,36
cx_fe8f71b66693028a,2820010300108440001,28
cx_fe9141afa7da08a4,1230013000106790000,12
cx_fe950320f2cb7f23,4313011800104210007,43
cx_fe9b7c3df641a9ea,1213031022111170000,12
cx_feaba075f0cd5507,4427025334108870000,44
cx_fecdce3924ba2395,5213012800100450004,52
cx_fef1eaab0d076266,5113011000101110047,51
cx_ff100f7283dae257,4311210600112000000,43
cx_ff1b693b30cda039,2824510200109750009,28
cx_ff27b21333afe72b,1230011600107550022,12
cx_ff2eed160554d61c,4825012800100640001,48
cx_ff378c57194bba85,2823710600103690000,28
cx_ff5bfb7908fc19fd,2824510100100240003,28
cx_ff5ce63ef4e08964,4824025022100410001,48
cx_ff5f0a9d16a72f1c,4413325629102420005,44
cx_ff676d31068e159a,1215011200100280001,12
cx_ff71419c8b4be8e1,1219010700111650010,12
cx_ff72f2591bcdd475,2729012200100780003,27
cx_ff9435752d3aea6a,5213014600113490000,52
cx_ff98c4f8d7dcf8b5,1224012000111660007,12
cx_ff9af27557e71c26,3014011600100010046,30
cx_ffa1d1fa7ae73fa4,1230011500108690006,12
cx_ffaf5cd08a3d8541,2823710700104770002,28
cx_ffb09506e9c64c29,5111012400108130000,51
cx_ffb58d51f63443dd,4713012400108930000,47
cx_ffbb8498cc25a525,4717012200108770000,47
cx_ffc5475d48b2900b,1233012300111220000,12
cx_ffd9ebd0ab3101d0,2820010900106290001,28
cx_fff49c038685a119,4825012400104080002,48
