complex_id,apt_name,sigungu,coord_status,reb_status,our_pnu_key,our_jibun_addr
cx_0000802f1c42d195,"sg타워",중랑구,NO_MATCH,EXACT_JIBUN_ADDRESS,112601020001280010,"서울 중랑구 상봉동 128-10"
cx_00061802cdff3cdc,"힐스테이트상도프레스티지",동작구,NO_MATCH,EXACT_PARCEL,115901020005330000,"서울 동작구 상도동 533"
cx_0018ab93a67a00b2,"markhills",동작구,NO_MATCH,EXACT_JIBUN_ADDRESS,115901050001720008,"서울 동작구 흑석동 172-8"
cx_001b6dbe1fb7bbaa,"현대홈타운",강동구,NO_MATCH,EXACT_PARCEL,117401070004000000,"서울 강동구 암사동 400"
cx_0022ba909cdf80cf,"성지하우스",관악구,NO_MATCH,EXACT_JIBUN_ADDRESS,116201020006260011,"서울 관악구 신림동 626-11"
cx_00273cad5221a64a,"선우쉐르빌",구로구,NO_MATCH,EXACT_JIBUN_ADDRESS,115301090002110001,"서울 구로구 궁동 211-1"
cx_003619d40a7f6583,"서초지웰",서초구,NO_MATCH,EXACT_JIBUN_ADDRESS,116501080014580006,"서울 서초구 서초동 1458-6"
cx_004078590a07321d,"동부센트레빌",성북구,NO_MATCH,EXACT_PARCEL,112901030006330000,"서울 성북구 돈암동 633"
cx_0041cfd994dc0cd0,"옥수삼성",성동구,NO_MATCH,EXACT_PARCEL,112001130002500000,"서울 성동구 옥수동 250"
cx_004c0f19728c5c7c,"쌍용",도봉구,NO_MATCH,EXACT_PARCEL,113201070008070000,"서울 도봉구 창동 807"
cx_0074b35c6bca6137,"삼흥",종로구,NO_MATCH,EXACT_JIBUN_ADDRESS,111101740006380045,"서울 종로구 창신동 638-45"
cx_007f311446966396,"대성효창",용산구,NO_MATCH,EXACT_JIBUN_ADDRESS,111701190000050258,"서울 용산구 효창동 5-258"
cx_00886cccd757df9c,"홍제원그린뷰아파트",서대문구,NO_MATCH,EXACT_JIBUN_ADDRESS,114101110001570003,"서울 서대문구 홍제동 157-3"
cx_009479e3b5c21988,"어반허브서울스테이션(urbanhubseoulstation)",용산구,NO_MATCH,EXACT_JIBUN_ADDRESS,111701080001000001,"서울 용산구 서계동 100-1"
cx_00b1656f00a37a6c,"반포힐스테이트",서초구,NO_MATCH,EXACT_JIBUN_ADDRESS,116501070000160006,"서울 서초구 반포동 16-6"
cx_00b2a8e1482be12f,"동방",강동구,NO_MATCH,EXACT_JIBUN_ADDRESS,117401080004070002,"서울 강동구 성내동 407-2"
cx_00baaa91c3085fa8,"용두아파트",동대문구,NO_MATCH,EXACT_JIBUN_ADDRESS,112301020000390446,"서울 동대문구 용두동 39-446"
cx_00d6763a231997f9,"현대플라티앙2",용산구,NO_MATCH,EXACT_JIBUN_ADDRESS,111701320000010014,"서울 용산구 동빙고동 1-14"
cx_00dbb01fb440d612,"신동아아파트(1차)",서초구,NO_MATCH,NO_MATCH,116501080013330000,"서울 서초구 서초동 1333"
cx_00e090b6407013ab,"신일해피트리",강북구,NO_MATCH,EXACT_PARCEL,113051010013580000,"서울 강북구 미아동 1358"
cx_00e3aded39b94194,"(743-33)",구로구,NO_MATCH,EXACT_JIBUN_ADDRESS,115301020007430033,"서울 구로구 구로동 743-33"
cx_00fa816d47332a11,"삼성그린101동",동작구,NO_MATCH,EXACT_JIBUN_ADDRESS,115901070001800026,"서울 동작구 사당동 180-26"
cx_0101e6b280d42112,"길음뉴타운2단지푸르지오",성북구,NO_MATCH,MULTI_RECORD_SAME_PARCEL,112901340012800000,"서울 성북구 길음동 1280"
cx_01102d6d47e63118,"롯데캐슬헤론",서초구,NO_MATCH,EXACT_JIBUN_ADDRESS,116501010007540001,"서울 서초구 방배동 754-1"
cx_0111aee17f914cd3,"목동대림",양천구,NO_MATCH,MULTI_RECORD_SAME_PARCEL,114701020004050000,"서울 양천구 목동 405"
cx_0118168189afffaf,"현진아파트",도봉구,NO_MATCH,EXACT_JIBUN_ADDRESS,113201070002540005,"서울 도봉구 창동 254-5"
cx_011d09c356c0acd7,"은하아파트",양천구,NO_MATCH,EXACT_JIBUN_ADDRESS,114701030001400023,"서울 양천구 신월동 140-23"
cx_01210eca6e2ee4cc,"마곡수명산파크2단지",강서구,NO_MATCH,EXACT_PARCEL,115001060007410000,"서울 강서구 내발산동 741"
cx_013b7cb67d85f608,"백운한비치ⅱ",금천구,NO_MATCH,EXACT_PARCEL,115451030010180000,"서울 금천구 시흥동 1018"
cx_013bfc6baa047f60,"도시그린빌라",종로구,NO_MATCH,EXACT_JIBUN_ADDRESS,111101750001810121,"서울 종로구 숭인동 181-121"
cx_014d00d6c5f8bb9e,"신도림아르디에",구로구,NO_MATCH,EXACT_PARCEL,115301010006950000,"서울 구로구 신도림동 695"
cx_0150f117825323ce,"삼성아트빌(715-32)",관악구,NO_MATCH,EXACT_JIBUN_ADDRESS,116201020007150032,"서울 관악구 신림동 715-32"
cx_015ee99e1bdda66f,"우방아파트",성북구,NO_MATCH,EXACT_PARCEL,112901380003120000,"서울 성북구 장위동 312"
cx_016721d1bffdbdb2,"신반포6",서초구,NO_MATCH,NO_MATCH,116501060000740002,"서울 서초구 잠원동 74-2"
cx_017398cc9873eff8,"기아하이츠빌",관악구,NO_MATCH,EXACT_JIBUN_ADDRESS,116201030010530004,"서울 관악구 남현동 1053-4"
cx_01799f6c9c0c06ed,"주암",성북구,NO_MATCH,EXACT_PARCEL,112901010002860000,"서울 성북구 성북동 286"
cx_018046f12e2f03a6,"그랜드",구로구,NO_MATCH,EXACT_PARCEL,115301060003230000,"서울 구로구 고척동 323"
cx_018806cc9fb6e2e0,"신구드림하우스",서초구,NO_MATCH,NO_MATCH,116501010009630016,"서울 서초구 방배동 963-16"
cx_019508a9ebcb4a00,"방학지음재힐스",도봉구,NO_MATCH,EXACT_JIBUN_ADDRESS,113201060007170002,"서울 도봉구 방학동 717-2"
cx_019b28227c455a53,"삼성",중랑구,NO_MATCH,EXACT_JIBUN_ADDRESS,112601040001610004,"서울 중랑구 묵동 161-4"
cx_019b3fbe56815f11,"대명아파트",노원구,NO_MATCH,NO_MATCH,113501030002700071,"서울 노원구 공릉동 270-71"
cx_019cfd03228aaa9e,"동부센트레빌",강서구,NO_MATCH,EXACT_PARCEL,115001090008700000,"서울 강서구 방화동 870"
cx_01a01c194bce0a20,"휴먼스타빌",강남구,NO_MATCH,EXACT_JIBUN_ADDRESS,116801040000050025,"서울 강남구 청담동 5-25"
cx_01aefa6c239af67f,"dk밸리뷰시티",서초구,NO_MATCH,EXACT_JIBUN_ADDRESS,116501080015840006,"서울 서초구 서초동 1584-6"
cx_01b2c37ed1e02431,"성원상떼빌",중랑구,NO_MATCH,EXACT_PARCEL,112601010015150000,"서울 중랑구 면목동 1515"
cx_01bad8410daff884,"포렛힐",서초구,NO_MATCH,EXACT_JIBUN_ADDRESS,116501010008030004,"서울 서초구 방배동 803-4"
cx_01c0dbf7da85cc41,"창신쌍용2",종로구,NO_MATCH,EXACT_PARCEL,111101740007030000,"서울 종로구 창신동 703"
cx_01c33322f9f5f00c,"후암맨션",용산구,NO_MATCH,EXACT_JIBUN_ADDRESS,111701010000010020,"서울 용산구 후암동 1-20"
cx_01c5b2fb53e06027,"시원트레벨",영등포구,NO_MATCH,MULTI_RECORD_SAME_PARCEL,115601320005070000,"서울 영등포구 신길동 507"
cx_01c69913a2b3e585,"북한강(성원)",용산구,NO_MATCH,EXACT_PARCEL,111701290004220000,"서울 용산구 이촌동 422"
cx_01d89c141f86b0f4,"근상프리즘(957-1)",강서구,NO_MATCH,EXACT_JIBUN_ADDRESS,115001030009570001,"서울 강서구 화곡동 957-1"
cx_01db55db391c7225,"신주아파트b",도봉구,NO_MATCH,EXACT_JIBUN_ADDRESS,113201060006950021,"서울 도봉구 방학동 695-21"
cx_01e8ea7544ceffa0,"삼호그린(346-19)",강서구,NO_MATCH,EXACT_JIBUN_ADDRESS,115001030003460019,"서울 강서구 화곡동 346-19"
cx_01f243c38e5ae9c6,"강산빌라트",양천구,NO_MATCH,EXACT_JIBUN_ADDRESS,114701020007580001,"서울 양천구 목동 758-1"
cx_01fb422add36e9c5,"신내",중랑구,NO_MATCH,EXACT_PARCEL,112601040000130000,"서울 중랑구 묵동 13"
cx_01fd48fb77143f57,"미아에스하임",강북구,NO_MATCH,EXACT_PARCEL,113051010013730000,"서울 강북구 미아동 1373"
cx_01feeea2fcfb89f6,"마곡중앙하이츠아파트",강서구,NO_MATCH,EXACT_PARCEL,115001090008520000,"서울 강서구 방화동 852"
cx_0208853f4c4c3b3e,"센트럴파크아파트",강서구,NO_MATCH,EXACT_JIBUN_ADDRESS,115001030009000047,"서울 강서구 화곡동 900-47"
cx_020b58b065aff3e7,"태승훼미리2",강서구,NO_MATCH,MULTI_RECORD_SAME_PARCEL,115001060006850000,"서울 강서구 내발산동 685"
cx_021fb106bcd398c3,"우성아파트2",도봉구,NO_MATCH,EXACT_PARCEL,113201060005080000,"서울 도봉구 방학동 508"
cx_022bdfc83b2e13a0,"신내6대주",중랑구,NO_MATCH,EXACT_PARCEL,112601060006500000,"서울 중랑구 신내동 650"
cx_02314be6d5712bc6,"마곡엠밸리9단지",강서구,NO_MATCH,EXACT_PARCEL,115001050007440000,"서울 강서구 마곡동 744"
cx_024dc87da85ec918,"청원다미소",중랑구,NO_MATCH,EXACT_JIBUN_ADDRESS,112601030002860022,"서울 중랑구 중화동 286-22"
cx_02535d4a8b1b6823,"구로아트빌라4동(806-33)",구로구,NO_MATCH,EXACT_JIBUN_ADDRESS,115301020008060033,"서울 구로구 구로동 806-33"
cx_026cad617b3a239b,"위례캐스빌",송파구,NO_MATCH,EXACT_JIBUN_ADDRESS,117101040001040001,"서울 송파구 송파동 104-1"
cx_026eb8813d5f1a90,"lig5차",관악구,NO_MATCH,EXACT_JIBUN_ADDRESS,116201020002330011,"서울 관악구 신림동 233-11"
cx_0271ef95a6ce5e60,"상계주공9(고층)",노원구,NO_MATCH,EXACT_PARCEL,113501050006700000,"서울 노원구 상계동 670"
cx_0276fe98811f6b51,"공덕파크자이",마포구,NO_MATCH,EXACT_PARCEL,114401020004760000,"서울 마포구 공덕동 476"
cx_02786b4ea6ff6113,"두원빌드피아(510-3)",양천구,NO_MATCH,EXACT_JIBUN_ADDRESS,114701030005100003,"서울 양천구 신월동 510-3"
cx_027e85f77a9eb5e7,"세림리오빌",광진구,NO_MATCH,EXACT_PARCEL,112151030006590000,"서울 광진구 구의동 659"
cx_027fd36d246b79d3,"(794-22)",구로구,NO_MATCH,EXACT_JIBUN_ADDRESS,115301020007940022,"서울 구로구 구로동 794-22"
cx_02807af7d759e808,"세진",양천구,NO_MATCH,EXACT_JIBUN_ADDRESS,114701030000200028,"서울 양천구 신월동 20-28"
cx_02870887feec7b9e,"현대홈타운스위트103",송파구,NO_MATCH,EXACT_JIBUN_ADDRESS,117101110001980003,"서울 송파구 방이동 198-3"
cx_0289dad383030c83,"용산큐브",용산구,NO_MATCH,EXACT_JIBUN_ADDRESS,111701220000240004,"서울 용산구 문배동 24-4"
cx_02904e5aeb9e11de,"럭키(462)",강남구,NO_MATCH,MULTI_RECORD_SAME_PARCEL,116801180004620000,"서울 강남구 도곡동 462"
cx_0292f10df205df20,"블루힐",강서구,NO_MATCH,EXACT_JIBUN_ADDRESS,115001030003920057,"서울 강서구 화곡동 392-57"
cx_02a11fb82ff864ec,"공덕아이파크",마포구,NO_MATCH,EXACT_PARCEL,114401030001740000,"서울 마포구 신공덕동 174"
cx_02a357bf56a0420b,"오금그랑밸리",송파구,NO_MATCH,EXACT_JIBUN_ADDRESS,117101120000710008,"서울 송파구 오금동 71-8"
cx_02a8935685f2753b,"한국개나리",동작구,NO_MATCH,EXACT_PARCEL,115901080005040000,"서울 동작구 대방동 504"
cx_02acb3b4096c20a8,"화이트타운",용산구,NO_MATCH,EXACT_JIBUN_ADDRESS,111701190000050045,"서울 용산구 효창동 5-45"
cx_02cf244f3429ec17,"효창팰리스2차",용산구,NO_MATCH,EXACT_JIBUN_ADDRESS,111701190000050049,"서울 용산구 효창동 5-49"
cx_02d43e11d15ba140,"목동2차아이파크",양천구,NO_MATCH,EXACT_JIBUN_ADDRESS,114701020007580002,"서울 양천구 목동 758-2"
cx_02d46a6106c0e6b0,"현대10차(201,202동)",강남구,NO_MATCH,EXACT_PARCEL,116801100004360000,"서울 강남구 압구정동 436"
cx_02d8e414a0dc5f24,"청원주택",구로구,NO_MATCH,EXACT_JIBUN_ADDRESS,115301020007790037,"서울 구로구 구로동 779-37"
cx_02d9b5ea6216d4b6,"용산파크e-편한세상",용산구,NO_MATCH,EXACT_PARCEL,111701250004170000,"서울 용산구 한강로2가 417"
cx_02dffbb75a7fd603,"신성수정",은평구,NO_MATCH,EXACT_PARCEL,113801090003580000,"서울 은평구 신사동 358"
cx_02e5c9223b4680c6,"센트럴큐브",성동구,NO_MATCH,EXACT_JIBUN_ADDRESS,112001010000120047,"서울 성동구 상왕십리동 12-47"
cx_02e64e5ce67673a6,"고덕골든빌(102동)",중랑구,NO_MATCH,EXACT_JIBUN_ADDRESS,112601040001680016,"서울 중랑구 묵동 168-16"
cx_02ee76373b7c7cb6,"도곡그린빌",강남구,NO_MATCH,MULTI_RECORD_SAME_PARCEL,116801180009550000,"서울 강남구 도곡동 955"
cx_02f70a8814aac1b6,"구로궁전빌리지(771-42)",구로구,NO_MATCH,EXACT_JIBUN_ADDRESS,115301020007710042,"서울 구로구 구로동 771-42"
cx_02facccab6bb6e6e,"이지마루종로",종로구,NO_MATCH,EXACT_JIBUN_ADDRESS,111101620001260002,"서울 종로구 효제동 126-2"
cx_02fcd2af306682a1,"래미안포레카운티",성북구,NO_MATCH,MULTI_RECORD_SAME_PARCEL,112901380003220000,"서울 성북구 장위동 322"
cx_030b9c9b8245eb8d,"진흥아르미",광진구,NO_MATCH,EXACT_JIBUN_ADDRESS,112151010002520008,"서울 광진구 중곡동 252-8"
cx_03175a85d61224a5,"임광",강서구,NO_MATCH,EXACT_JIBUN_ADDRESS,115001020005620005,"서울 강서구 등촌동 562-5"
cx_031ff4f20904760b,"풍림",강남구,NO_MATCH,EXACT_JIBUN_ADDRESS,116801050001290020,"서울 강남구 삼성동 129-20"
cx_0320fd9e007e1f8c,"은마",강남구,NO_MATCH,EXACT_PARCEL,116801060003160000,"서울 강남구 대치동 316"
cx_032512f866e636ec,"삼동",양천구,NO_MATCH,EXACT_JIBUN_ADDRESS,114701030001090001,"서울 양천구 신월동 109-1"
cx_032e633e56c1014e,"효성하이타운아파트",도봉구,NO_MATCH,EXACT_PARCEL,113201060007390000,"서울 도봉구 방학동 739"
cx_033786b8ad5f7d75,"보라매e편한세상",동작구,NO_MATCH,EXACT_PARCEL,115901090007200000,"서울 동작구 신대방동 720"
cx_033b4ac5219a933c,"주성파크뷰",송파구,NO_MATCH,EXACT_JIBUN_ADDRESS,117101080000560006,"서울 송파구 문정동 56-6"
cx_033e2e19e3c45cbe,"삼종레이빌101동",양천구,NO_MATCH,EXACT_JIBUN_ADDRESS,114701030005190012,"서울 양천구 신월동 519-12"
cx_0353dc5bb867c1c2,"구산",은평구,NO_MATCH,EXACT_JIBUN_ADDRESS,113801050001990025,"서울 은평구 구산동 199-25"
cx_035907e6b74a22c0,"센트럴",노원구,NO_MATCH,EXACT_JIBUN_ADDRESS,113501050013730002,"서울 노원구 상계동 1373-2"
cx_0360b703d110b0da,"해오름",마포구,NO_MATCH,EXACT_JIBUN_ADDRESS,114401230004000002,"서울 마포구 망원동 400-2"
cx_0361f6df6713973b,"대명하이빌102동",구로구,NO_MATCH,EXACT_JIBUN_ADDRESS,115301090001840006,"서울 구로구 궁동 184-6"
cx_0366f500a2607f20,"삼성아파트",송파구,NO_MATCH,EXACT_JIBUN_ADDRESS,117101060000530005,"서울 송파구 삼전동 53-5"
cx_0375a86407a3f21f,"방배아트자이",서초구,NO_MATCH,EXACT_PARCEL,116501010032780000,"서울 서초구 방배동 3278"
cx_037850afe004aef6,"연세리버빌",강남구,NO_MATCH,EXACT_JIBUN_ADDRESS,116801040001020007,"서울 강남구 청담동 102-7"
cx_038a39feed832d81,"수유벽산2차",강북구,NO_MATCH,EXACT_PARCEL,113051030006480000,"서울 강북구 수유동 648"
cx_038a6cd957d4b9c7,"미라보(성림)",노원구,NO_MATCH,EXACT_PARCEL,113501050013200000,"서울 노원구 상계동 1320"
cx_039805c1aba9d7d0,"하나세인스톤3차",구로구,NO_MATCH,EXACT_JIBUN_ADDRESS,115301020000460004,"서울 구로구 구로동 46-4"
cx_039d8309d4ebbaf2,"한티(933-0)",강남구,NO_MATCH,MULTI_RECORD_SAME_PARCEL,116801060009330000,"서울 강남구 대치동 933"
cx_03ac185750c7ed77,"리치캐슬아파트",종로구,NO_MATCH,EXACT_JIBUN_ADDRESS,111101700000330085,"서울 종로구 명륜1가 33-85"
cx_03b339ecdc63e7ea,"남구로역동일센타시아",구로구,NO_MATCH,EXACT_PARCEL,115301030007790000,"서울 구로구 가리봉동 779"
cx_03b5caaf5e8b298e,"고척파크푸르지오",구로구,NO_MATCH,EXACT_PARCEL,115301060003390000,"서울 구로구 고척동 339"
cx_03c24c2d91c7fd1f,"역삼이안애비",강남구,NO_MATCH,EXACT_JIBUN_ADDRESS,116801010007770049,"서울 강남구 역삼동 777-49"
cx_03cadc9ddc6d8c1e,"동북아스위트힐(리버리치빌)",광진구,NO_MATCH,EXACT_PARCEL,112151040001180000,"서울 광진구 광장동 118"
cx_03e0959eec3d8057,"(807-1)",구로구,NO_MATCH,EXACT_JIBUN_ADDRESS,115301020008070001,"서울 구로구 구로동 807-1"
cx_03e50ace7161e660,"예명",송파구,NO_MATCH,EXACT_JIBUN_ADDRESS,117101050002530002,"서울 송파구 석촌동 253-2"
cx_03e521ac4843257b,"시흥(817-29)",금천구,NO_MATCH,EXACT_JIBUN_ADDRESS,115451030008170029,"서울 금천구 시흥동 817-29"
cx_03e789e16461e7d8,"리치",도봉구,NO_MATCH,EXACT_JIBUN_ADDRESS,113201070006610088,"서울 도봉구 창동 661-88"
cx_03ee5bf586b57e8e,"알파임하우스1",강남구,NO_MATCH,EXACT_JIBUN_ADDRESS,116801070006490005,"서울 강남구 신사동 649-5"
cx_03f50b69620a49c0,"동원베네스트",강동구,NO_MATCH,EXACT_PARCEL,117401070006700000,"서울 강동구 암사동 670"
cx_03f659a7b733b18e,"e산이랑",관악구,NO_MATCH,EXACT_JIBUN_ADDRESS,116201030006020153,"서울 관악구 남현동 602-153"
cx_03f685cce4393150,"동일하이빌뉴시티",성북구,NO_MATCH,EXACT_PARCEL,112901360002300000,"서울 성북구 하월곡동 230"
cx_0404274c20500c85,"신성",은평구,NO_MATCH,EXACT_JIBUN_ADDRESS,113801090001550001,"서울 은평구 신사동 155-1"
cx_041292b1f079eab3,"위산일리온시티",은평구,NO_MATCH,EXACT_JIBUN_ADDRESS,113801070001100001,"서울 은평구 응암동 110-1"
cx_041a417c2bdcdaff,"예촌bc",관악구,NO_MATCH,EXACT_JIBUN_ADDRESS,116201030010720047,"서울 관악구 남현동 1072-47"
cx_041b686d4a0fe569,"현대",중구,NO_MATCH,EXACT_PARCEL,111401620008400000,"서울 중구 신당동 840"
cx_041fb347f32a4459,"대백세인트빌",서초구,NO_MATCH,EXACT_JIBUN_ADDRESS,116501070000870005,"서울 서초구 반포동 87-5"
cx_04229bd21427419b,"성산e동",구로구,NO_MATCH,EXACT_JIBUN_ADDRESS,115301020008010026,"서울 구로구 구로동 801-26"
cx_0423b643b33112c0,"태천해오름101동",강동구,NO_MATCH,EXACT_PARCEL,117401010003550000,"서울 강동구 명일동 355"
cx_0426962552d7b323,"신성미소시티",강남구,NO_MATCH,EXACT_JIBUN_ADDRESS,116801060009040010,"서울 강남구 대치동 904-10"
cx_0427db0e71c98411,"엠엑스아뜨리에빌아파트",강동구,NO_MATCH,EXACT_JIBUN_ADDRESS,117401050003610014,"서울 강동구 길동 361-14"
cx_042955f1e0d49a1d,"은하",강서구,NO_MATCH,EXACT_JIBUN_ADDRESS,115001030010390002,"서울 강서구 화곡동 1039-2"
cx_042d4be3ff02fdc7,"삼성그린(205)",동작구,NO_MATCH,MULTI_RECORD_SAME_PARCEL,115901070002050000,"서울 동작구 사당동 205"
cx_04320a6d0be23ded,"청계벽산메가트리움",동대문구,NO_MATCH,EXACT_PARCEL,112301050009990000,"서울 동대문구 답십리동 999"
cx_0437b90c48668f9e,"대우멤버스카운티(102동)",강남구,NO_MATCH,EXACT_JIBUN_ADDRESS,116801050000980009,"서울 강남구 삼성동 98-9"
cx_043c0e4c4a8ea9c9,"(749-21)",구로구,NO_MATCH,EXACT_JIBUN_ADDRESS,115301020007490021,"서울 구로구 구로동 749-21"
cx_04560d46f1c29956,"센시티16",동대문구,NO_MATCH,EXACT_JIBUN_ADDRESS,112301050004880018,"서울 동대문구 답십리동 488-18"
cx_045b3608e450689c,"평화그린",동작구,NO_MATCH,EXACT_PARCEL,115901030005050000,"서울 동작구 상도1동 505"
cx_046a130dc255246a,"새진3차",관악구,NO_MATCH,EXACT_JIBUN_ADDRESS,116201010016180027,"서울 관악구 봉천동 1618-27"
cx_046faad0885c5f31,"아크로리버",광진구,NO_MATCH,EXACT_JIBUN_ADDRESS,112151030005890010,"서울 광진구 구의동 589-10"
cx_04909e9f1838a549,"오륜하이츠",강동구,NO_MATCH,EXACT_JIBUN_ADDRESS,117401080004430024,"서울 강동구 성내동 443-24"
cx_04a07ee54077972d,"윌턴빌",서초구,NO_MATCH,EXACT_JIBUN_ADDRESS,116501070001030001,"서울 서초구 반포동 103-1"
cx_04a453b6ca3d373c,"dmcsk뷰아이파크포레",은평구,NO_MATCH,EXACT_PARCEL,113801010004190000,"서울 은평구 수색동 419"
cx_04ae8cb93ae0c3b9,"(66-3)",서초구,NO_MATCH,EXACT_JIBUN_ADDRESS,116501020000660003,"서울 서초구 양재동 66-3"
cx_04b01504ce39ef71,"정산(102동)",강동구,NO_MATCH,EXACT_JIBUN_ADDRESS,117401070004410002,"서울 강동구 암사동 441-2"
cx_04b870c4cd22ed69,"강변현대",송파구,NO_MATCH,EXACT_JIBUN_ADDRESS,117101030002990001,"서울 송파구 풍납동 299-1"
cx_04df929e77333462,"보람더하임",용산구,NO_MATCH,EXACT_PARCEL,111701290004350000,"서울 용산구 이촌동 435"
cx_04e35eb2cb2d5589,"신마곡벽산블루밍",강서구,NO_MATCH,EXACT_PARCEL,115001090009040000,"서울 강서구 방화동 904"
cx_04e6e3e2993a3113,"상기",성동구,NO_MATCH,EXACT_JIBUN_ADDRESS,112001100005000007,"서울 성동구 금호동2가 500-7"
cx_04f2c995d236c997,"두이노블레스",동작구,NO_MATCH,EXACT_JIBUN_ADDRESS,115901030004410002,"서울 동작구 상도1동 441-2"
cx_04fef3c47cbd0ab4,"신세계",금천구,NO_MATCH,MULTI_RECORD_SAME_PARCEL,115451030008230000,"서울 금천구 시흥동 823"
cx_051c23654c229686,"등촌파밀리에더클래식201동",강서구,NO_MATCH,EXACT_PARCEL,115001020007230000,"서울 강서구 등촌동 723"
cx_0525e6637ae1c5ec,"창동역블루핀1동",도봉구,NO_MATCH,EXACT_JIBUN_ADDRESS,113201070007430028,"서울 도봉구 창동 743-28"
cx_0526b3f05d1534d5,"도원빌",강동구,NO_MATCH,EXACT_JIBUN_ADDRESS,117401060004460004,"서울 강동구 둔촌동 446-4"
cx_0527a0e04e3831fe,"현대테라하임101동",서초구,NO_MATCH,EXACT_JIBUN_ADDRESS,116501020000110120,"서울 서초구 양재동 11-120"
cx_0529f56600cb245f,"중앙하이츠",강서구,NO_MATCH,EXACT_PARCEL,115001040014670000,"서울 강서구 가양동 1467"
cx_0535cb875916c0b0,"현대(고려)아파트",노원구,NO_MATCH,EXACT_JIBUN_ADDRESS,113501030005900001,"서울 노원구 공릉동 590-1"
cx_05449de8edc18a4d,"레오",구로구,NO_MATCH,EXACT_JIBUN_ADDRESS,115301070003040012,"서울 구로구 개봉동 304-12"
cx_05497fef6901049f,"67디벨리움",노원구,NO_MATCH,EXACT_JIBUN_ADDRESS,113501030006700007,"서울 노원구 공릉동 670-7"
cx_0550fc2e78f2d9cc,"거성푸르뫼2",구로구,NO_MATCH,EXACT_JIBUN_ADDRESS,115301070000600082,"서울 구로구 개봉동 60-82"
cx_05573e7622d2a1d0,"한화꿈에그린thefirst",노원구,NO_MATCH,EXACT_PARCEL,113501060006060000,"서울 노원구 중계동 606"
cx_0559c7e5d3fbb329,"우장산태승훼미리",강서구,NO_MATCH,EXACT_JIBUN_ADDRESS,115001060006710028,"서울 강서구 내발산동 671-28"
cx_055cb985e428bb28,"서진프라자아파트",노원구,NO_MATCH,EXACT_JIBUN_ADDRESS,113501030004920003,"서울 노원구 공릉동 492-3"
cx_055d4ad11302f025,"심미",양천구,NO_MATCH,EXACT_JIBUN_ADDRESS,114701010009160015,"서울 양천구 신정동 916-15"
cx_055e18ad3a5b7cf8,"(717-39)",구로구,NO_MATCH,EXACT_JIBUN_ADDRESS,115301020007170039,"서울 구로구 구로동 717-39"
cx_055fefb48bd8d928,"우리스페이스(113-28)",은평구,NO_MATCH,EXACT_JIBUN_ADDRESS,113801070001130028,"서울 은평구 응암동 113-28"
cx_056964e5526f7c92,"메트로",강남구,NO_MATCH,EXACT_JIBUN_ADDRESS,116801060009010051,"서울 강남구 대치동 901-51"
cx_056f6c312f58677f,"sm이로빌3차(358-18)",동대문구,NO_MATCH,EXACT_JIBUN_ADDRESS,112301060003580018,"서울 동대문구 장안동 358-18"
cx_05750f52b480a2e6,"강서센트레빌3차(894-0)",강서구,NO_MATCH,EXACT_PARCEL,115001090008940000,"서울 강서구 방화동 894"
cx_057d9a064487808e,"광남캐스빌(510-1)",강동구,NO_MATCH,EXACT_JIBUN_ADDRESS,117401080005100001,"서울 강동구 성내동 510-1"
cx_057e93adc14d9157,"반포루이캐슬",서초구,NO_MATCH,MULTI_RECORD_SAME_PARCEL,116501070005500000,"서울 서초구 반포동 550"
cx_0585775c20fd2cf9,"하이파크",관악구,NO_MATCH,EXACT_JIBUN_ADDRESS,116201030010790003,"서울 관악구 남현동 1079-3"
cx_058ba2ee362c947f,"비콘드림힐(602)",노원구,NO_MATCH,EXACT_PARCEL,113501060006020000,"서울 노원구 중계동 602"
cx_058d1ab795601eda,"반포미도2차아파트",서초구,NO_MATCH,EXACT_JIBUN_ADDRESS,116501070000600005,"서울 서초구 반포동 60-5"
cx_05a1ee77980d4f3d,"순화동더샵",중구,NO_MATCH,EXACT_PARCEL,111401680001510000,"서울 중구 순화동 151"
cx_05ad0f7576c1f370,"세양청마루",마포구,NO_MATCH,EXACT_PARCEL,114401110004510000,"서울 마포구 신수동 451"
cx_05bed606ed3a4d00,"parkpalaceii",양천구,NO_MATCH,EXACT_JIBUN_ADDRESS,114701020005580007,"서울 양천구 목동 558-7"
cx_05c80b71092d82ab,"위하우스아파트",강서구,NO_MATCH,EXACT_JIBUN_ADDRESS,115001030009160002,"서울 강서구 화곡동 916-2"
cx_05cc94c73f2a6ccf,"cj나인파크",용산구,NO_MATCH,EXACT_JIBUN_ADDRESS,111701220000240006,"서울 용산구 문배동 24-6"
cx_05e084694031f177,"캠퍼스드림오피스텔",동대문구,NO_MATCH,EXACT_JIBUN_ADDRESS,112301090003360032,"서울 동대문구 휘경동 336-32"
cx_05f1cec8cd50bbe1,"대경아르체",서대문구,NO_MATCH,EXACT_PARCEL,114101190004880000,"서울 서대문구 북가좌동 488"
cx_060b60dbd1b52d4a,"빌드아르떼apt",도봉구,NO_MATCH,EXACT_JIBUN_ADDRESS,113201050001030085,"서울 도봉구 쌍문동 103-85"
cx_060ca34c0c222149,"방주기픈샘",양천구,NO_MATCH,EXACT_PARCEL,114701030010300000,"서울 양천구 신월동 1030"
cx_060d94895dc98ca2,"글로리안(a)",중구,NO_MATCH,EXACT_JIBUN_ADDRESS,111401620004320986,"서울 중구 신당동 432-986"
cx_061b5496a7655a61,"(770-40)",구로구,NO_MATCH,EXACT_JIBUN_ADDRESS,115301020007700040,"서울 구로구 구로동 770-40"
cx_061cf62877b2f5a7,"한솔",영등포구,NO_MATCH,EXACT_PARCEL,115601300000990000,"서울 영등포구 양평동6가 99"
cx_06290cb2f8b75c80,"방배아크빌",서초구,NO_MATCH,EXACT_JIBUN_ADDRESS,116501010008480001,"서울 서초구 방배동 848-1"
cx_0629c941b40024ee,"대성골드클래스",송파구,NO_MATCH,EXACT_PARCEL,117101140000500000,"서울 송파구 마천동 50"
cx_0635fa39a56a8f3f,"문정동아",송파구,NO_MATCH,EXACT_PARCEL,117101080000150000,"서울 송파구 문정동 15"
cx_0637523a09690e57,"대림벽산(363)",노원구,NO_MATCH,MULTI_RECORD_SAME_PARCEL,113501060003630000,"서울 노원구 중계동 363"
cx_06396cc264ca478b,"801-9",구로구,NO_MATCH,EXACT_JIBUN_ADDRESS,115301020008010009,"서울 구로구 구로동 801-9"
cx_063e4d48aca1a165,"대치하나빌",강남구,NO_MATCH,EXACT_JIBUN_ADDRESS,116801060010150006,"서울 강남구 대치동 1015-6"
cx_063ea5f6dbfa6186,"한백다솜",관악구,NO_MATCH,EXACT_JIBUN_ADDRESS,116201030010710040,"서울 관악구 남현동 1071-40"
cx_06418d33355a58ac,"백련산파크자이",은평구,NO_MATCH,EXACT_PARCEL,113801070007660000,"서울 은평구 응암동 766"
cx_065039f5e97007ae,"현대아파트1동~3동",강남구,NO_MATCH,EXACT_PARCEL,116801180009610000,"서울 강남구 도곡동 961"
cx_06519ce80a4b7ae4,"약수맨션",동작구,NO_MATCH,EXACT_JIBUN_ADDRESS,115901020002110001,"서울 동작구 상도동 211-1"
cx_0653cbbd6f274390,"월드컵아이파크(666-0)",마포구,NO_MATCH,EXACT_PARCEL,114401250006660000,"서울 마포구 성산동 666"
cx_065614190b1a3d00,"윌쏘나슈트",용산구,NO_MATCH,EXACT_JIBUN_ADDRESS,111701310006570107,"서울 용산구 한남동 657-107"
cx_0663b545d352556a,"현대빌리지",서초구,NO_MATCH,EXACT_JIBUN_ADDRESS,116501080016420004,"서울 서초구 서초동 1642-4"
cx_0663ef6586c9adf0,"렉스빌",서초구,NO_MATCH,EXACT_JIBUN_ADDRESS,116501010008470025,"서울 서초구 방배동 847-25"
cx_06684c6b0bd7e706,"스위트캐슬레지던스",강남구,NO_MATCH,MULTI_RECORD_SAME_PARCEL,116801080000550000,"서울 강남구 논현동 55"
cx_066b60f484134295,"우장산신일해피트리",강서구,NO_MATCH,EXACT_PARCEL,115001060007630000,"서울 강서구 내발산동 763"
cx_0676463cbfcf4d43,"청우",양천구,NO_MATCH,EXACT_JIBUN_ADDRESS,114701010008810006,"서울 양천구 신정동 881-6"
cx_067c6d13046899d4,"인택",송파구,NO_MATCH,EXACT_PARCEL,117101080001140000,"서울 송파구 문정동 114"
cx_068561c800b5def9,"공덕프로포즈ⅱ",마포구,NO_MATCH,EXACT_JIBUN_ADDRESS,114401030000150080,"서울 마포구 신공덕동 15-80"
cx_0687dde9777650b9,"인텍스빌",송파구,NO_MATCH,EXACT_JIBUN_ADDRESS,117101110001300019,"서울 송파구 방이동 130-19"
cx_068ec06d4b95e9b3,"로얄팰리스",강남구,NO_MATCH,EXACT_JIBUN_ADDRESS,116801010006330022,"서울 강남구 역삼동 633-22"
cx_0698910c1ef2f302,"한강아남",광진구,NO_MATCH,EXACT_PARCEL,112151050008300000,"서울 광진구 자양동 830"
cx_069cbf333222cc25,"더샵반포리버파크",서초구,NO_MATCH,EXACT_JIBUN_ADDRESS,116501070001140001,"서울 서초구 반포동 114-1"
cx_06a3ffe89a6091bf,"이편한세상강동에코포레",강동구,NO_MATCH,EXACT_PARCEL,117401050004770000,"서울 강동구 길동 477"
cx_06a4612c14f264cd,"마곡한진해모로",강서구,NO_MATCH,EXACT_PARCEL,115001090005790000,"서울 강서구 방화동 579"
cx_06ad812b4bedad86,"엘르빌2",마포구,NO_MATCH,EXACT_JIBUN_ADDRESS,114401240002540001,"서울 마포구 연남동 254-1"
cx_06b849cc46a2f230,"지오베르크",용산구,NO_MATCH,EXACT_JIBUN_ADDRESS,111701220000170001,"서울 용산구 문배동 17-1"
cx_06bb694787c782ab,"성도아트빌",중랑구,NO_MATCH,EXACT_JIBUN_ADDRESS,112601050002020016,"서울 중랑구 망우동 202-16"
cx_06c1e34a05008760,"왕자상가아파트",양천구,NO_MATCH,EXACT_JIBUN_ADDRESS,114701020007360003,"서울 양천구 목동 736-3"
cx_06cd5601389ac68f,"우남푸르미아",구로구,NO_MATCH,EXACT_PARCEL,115301090002900000,"서울 구로구 궁동 290"
cx_06dbe563bf01f3fd,"뚝섬현대",성동구,NO_MATCH,EXACT_JIBUN_ADDRESS,112001140000130157,"서울 성동구 성수동1가 13-157"
cx_06ed96c920b423e5,"형인허브빌101동(417-3)",동대문구,NO_MATCH,EXACT_JIBUN_ADDRESS,112301060004170003,"서울 동대문구 장안동 417-3"
cx_06fe942295f6b1eb,"독산현대",금천구,NO_MATCH,EXACT_JIBUN_ADDRESS,115451020002930010,"서울 금천구 독산동 293-10"
cx_06ff8e070c0168a9,"반석블레스",동작구,NO_MATCH,EXACT_PARCEL,115901070011580000,"서울 동작구 사당동 1158"
cx_0703e14b0a542e15,"보라매갑을",관악구,NO_MATCH,EXACT_PARCEL,116201020017180000,"서울 관악구 신림동 1718"
cx_07154851a71087d8,"휴아름스튜디오",성북구,NO_MATCH,EXACT_JIBUN_ADDRESS,112901020000350022,"서울 성북구 성북동1가 35-22"
cx_07183cf62b263456,"브라운스톤남산",용산구,NO_MATCH,EXACT_PARCEL,111701010004580000,"서울 용산구 후암동 458"
cx_071d084bcf319f2c,"동문골드빌b동",성북구,NO_MATCH,EXACT_PARCEL,112901280003560000,"서울 성북구 보문동6가 356"
cx_0720911eadf0a518,"노블레스2(267-4)",강서구,NO_MATCH,EXACT_JIBUN_ADDRESS,115001010002670004,"서울 강서구 염창동 267-4"
cx_07291794a15cceca,"아크로비스타",서초구,NO_MATCH,EXACT_JIBUN_ADDRESS,116501080016850003,"서울 서초구 서초동 1685-3"
cx_072ca41ad92a55e5,"건우샹그리라",은평구,NO_MATCH,EXACT_JIBUN_ADDRESS,113801080000320035,"서울 은평구 역촌동 32-35"
cx_073255de4ae6cf4f,"주얼리",강서구,NO_MATCH,EXACT_JIBUN_ADDRESS,115001030003960017,"서울 강서구 화곡동 396-17"
cx_073ae72d6b094e56,"고흥",관악구,NO_MATCH,EXACT_JIBUN_ADDRESS,116201020015680021,"서울 관악구 신림동 1568-21"
cx_074874df02a2d592,"태승훼미리3차",강서구,NO_MATCH,EXACT_PARCEL,115001060007320000,"서울 강서구 내발산동 732"
cx_075cce06a7581f9d,"한남아이파크애비뉴",용산구,NO_MATCH,EXACT_PARCEL,111701310008280000,"서울 용산구 한남동 828"
cx_0761cae78219cf08,"성수우방2차아파트",성동구,NO_MATCH,EXACT_PARCEL,112001150002860000,"서울 성동구 성수동2가 286"
cx_07623fa142b2afb4,"보람아파트",강동구,NO_MATCH,EXACT_JIBUN_ADDRESS,117401090002870025,"서울 강동구 천호동 287-25"
cx_0764b4a35976fb22,"중앙아파트",금천구,NO_MATCH,EXACT_JIBUN_ADDRESS,115451020003330024,"서울 금천구 독산동 333-24"
cx_0765abfe53f79279,"리치팰리스",서초구,NO_MATCH,EXACT_JIBUN_ADDRESS,116501010008080008,"서울 서초구 방배동 808-8"
cx_07662a86d0e5b5f6,"대교",영등포구,NO_MATCH,EXACT_PARCEL,115601100000410000,"서울 영등포구 여의도동 41"
cx_076840b5afd6cfb8,"엘루크방배서리풀",서초구,NO_MATCH,EXACT_PARCEL,116501010032840000,"서울 서초구 방배동 3284"
cx_077428a6fa5c843a,"부영2",양천구,NO_MATCH,EXACT_JIBUN_ADDRESS,114701020009080028,"서울 양천구 목동 908-28"
cx_077bfa577e434760,"자양10차현대홈타운",광진구,NO_MATCH,EXACT_PARCEL,112151050007920000,"서울 광진구 자양동 792"
cx_078b7a770322b41e,"크라운빌",강북구,NO_MATCH,EXACT_JIBUN_ADDRESS,113051030001910028,"서울 강북구 수유동 191-28"
cx_0795301ebf98c883,"리마크빌구의",광진구,NO_MATCH,EXACT_PARCEL,112151030006830000,"서울 광진구 구의동 683"
cx_0799a0a20b3df8ed,"한승미메이드",서초구,NO_MATCH,EXACT_JIBUN_ADDRESS,116501080014270007,"서울 서초구 서초동 1427-7"
cx_07a2b750a50ed542,"(747-53)",구로구,NO_MATCH,EXACT_JIBUN_ADDRESS,115301020007470053,"서울 구로구 구로동 747-53"
cx_07aa7b71c9ca0805,"우찬현대(1260-4)",강남구,NO_MATCH,EXACT_JIBUN_ADDRESS,116801030012600004,"서울 강남구 개포동 1260-4"
cx_07ac4438db3c62ff,"정익제이원아파트(15-114)",은평구,NO_MATCH,EXACT_JIBUN_ADDRESS,113801060000150114,"서울 은평구 대조동 15-114"
cx_07b088014854bcb0,"청계천두산위브더제니스",중구,NO_MATCH,EXACT_JIBUN_ADDRESS,111401630000130001,"서울 중구 흥인동 13-1"
cx_07b09c1ae903a341,"미랜드프래임빌(101동)",중랑구,NO_MATCH,EXACT_JIBUN_ADDRESS,112601020001150031,"서울 중랑구 상봉동 115-31"
cx_07bf7afcf3b93823,"신원아침도시",서초구,NO_MATCH,EXACT_JIBUN_ADDRESS,116501010009870006,"서울 서초구 방배동 987-6"
cx_07caf64c556e85a7,"마포프레스티지자이",마포구,NO_MATCH,EXACT_PARCEL,114401090005320000,"서울 마포구 염리동 532"
cx_07d37191f5217dc8,"동진",성북구,NO_MATCH,EXACT_JIBUN_ADDRESS,112901350000100178,"서울 성북구 종암동 10-178"
cx_07eebe898a1f0a02,"보람쉬움",양천구,NO_MATCH,EXACT_JIBUN_ADDRESS,114701010009210011,"서울 양천구 신정동 921-11"
cx_07fe65bb13d22e0b,"답십리파크자이",동대문구,NO_MATCH,EXACT_PARCEL,112301050010140000,"서울 동대문구 답십리동 1014"
cx_07fee9ddfcc35f09,"송파파인타운11단지",송파구,NO_MATCH,EXACT_PARCEL,117101090008540000,"서울 송파구 장지동 854"
cx_08021a5c2fa8114f,"(750-6)",구로구,NO_MATCH,EXACT_JIBUN_ADDRESS,115301020007500006,"서울 구로구 구로동 750-6"
cx_08130f5d49e5525f,"블레스하임",마포구,NO_MATCH,EXACT_JIBUN_ADDRESS,114401030000130015,"서울 마포구 신공덕동 13-15"
cx_0813e19ae4596e39,"한솔빌라트",송파구,NO_MATCH,EXACT_JIBUN_ADDRESS,117101110001770004,"서울 송파구 방이동 177-4"
cx_081e0302146ece1d,"크래스빌",종로구,NO_MATCH,EXACT_JIBUN_ADDRESS,111101830000460001,"서울 종로구 평창동 46-1"
cx_08252adbb567ffe9,"대우유로카운티",동작구,NO_MATCH,EXACT_PARCEL,115901020004200000,"서울 동작구 상도동 420"
cx_08260622d1c217e3,"한영해시안",광진구,NO_MATCH,EXACT_PARCEL,112151050008580000,"서울 광진구 자양동 858"
cx_0828f7a37711fa2b,"자양9차현대홈타운",광진구,NO_MATCH,EXACT_PARCEL,112151050007900000,"서울 광진구 자양동 790"
cx_082b570b7a5d85d0,"삼각아파트c동",용산구,NO_MATCH,NO_MATCH,111701240002310023,"서울 용산구 한강로1가 231-23"
cx_082f6a06b8227d5b,"조성빌라",구로구,NO_MATCH,EXACT_JIBUN_ADDRESS,115301020008000002,"서울 구로구 구로동 800-2"
cx_08333079e2adb0b5,"(743-39)",구로구,NO_MATCH,EXACT_JIBUN_ADDRESS,115301020007430039,"서울 구로구 구로동 743-39"
cx_08383f694b4b2a85,"효창로즈",용산구,NO_MATCH,EXACT_JIBUN_ADDRESS,111701190000030004,"서울 용산구 효창동 3-4"
cx_08427927d32b0cdb,"한강로대우아이빌",용산구,NO_MATCH,EXACT_JIBUN_ADDRESS,111701250000020011,"서울 용산구 한강로2가 2-11"
cx_0842ee182f355c8d,"자양강변i-park",광진구,NO_MATCH,EXACT_PARCEL,112151050008090000,"서울 광진구 자양동 809"
cx_085e87d03702d423,"번동솔그린",강북구,NO_MATCH,EXACT_PARCEL,113051020001360000,"서울 강북구 번동 136"
cx_0861a9fbedbff507,"에스타워",강서구,NO_MATCH,EXACT_JIBUN_ADDRESS,115001030009000028,"서울 강서구 화곡동 900-28"
cx_086bf6aa9e2a0bd7,"대호강변",마포구,NO_MATCH,EXACT_JIBUN_ADDRESS,114401050001180003,"서울 마포구 용강동 118-3"
cx_0871dca044340cc5,"방원예뜨랑",동대문구,NO_MATCH,EXACT_PARCEL,112301060005560000,"서울 동대문구 장안동 556"
cx_08768ef00d449b62,"힐하우스",용산구,NO_MATCH,EXACT_JIBUN_ADDRESS,111701320000010030,"서울 용산구 동빙고동 1-30"
cx_087e05df7ba95140,"코오롱상가아파트",강동구,NO_MATCH,NO_MATCH,117401090004100100,"서울 강동구 천호동 410-100"
cx_08952703913113ba,"우성1",구로구,NO_MATCH,EXACT_JIBUN_ADDRESS,115301010003120017,"서울 구로구 신도림동 312-17"
cx_0899ab134cd16fc6,"태릉해링턴플레이스",노원구,NO_MATCH,EXACT_PARCEL,113501030007580000,"서울 노원구 공릉동 758"
cx_08a28ead4d0a64e1,"우정",동작구,NO_MATCH,EXACT_PARCEL,115901080005050000,"서울 동작구 대방동 505"
cx_08a5da1bfeaae405,"서초동프레스티지아파트",서초구,NO_MATCH,EXACT_JIBUN_ADDRESS,116501080013440004,"서울 서초구 서초동 1344-4"
cx_08aa131ceaa83421,"선데일",서초구,NO_MATCH,EXACT_JIBUN_ADDRESS,116501070006120115,"서울 서초구 반포동 612-115"
cx_08b6b738f2908bd1,"삼성동헤렌하우스2(82-4)",강남구,NO_MATCH,EXACT_JIBUN_ADDRESS,116801050000820004,"서울 강남구 삼성동 82-4"
cx_08c6a92c932dc5bd,"상암월드컵파크7단지",마포구,NO_MATCH,EXACT_PARCEL,114401270016600000,"서울 마포구 상암동 1660"
cx_08c84adde293fe01,"두산위브트레지움",용산구,NO_MATCH,EXACT_JIBUN_ADDRESS,111701290003010155,"서울 용산구 이촌동 301-155"
cx_08d526004d480f8c,"문래공원한신",영등포구,NO_MATCH,EXACT_JIBUN_ADDRESS,115601210000770002,"서울 영등포구 문래동3가 77-2"
cx_08d5a5ced3fcb438,"청암빌라트",강남구,NO_MATCH,EXACT_PARCEL,116801060006500000,"서울 강남구 대치동 650"
cx_08e2ec81025e846e,"제이드파크(382-2)",동대문구,NO_MATCH,EXACT_JIBUN_ADDRESS,112301060003820002,"서울 동대문구 장안동 382-2"
cx_08e3d33260b257a5,"영지아트빌라",서초구,NO_MATCH,EXACT_JIBUN_ADDRESS,116501010000010106,"서울 서초구 방배동 1-106"
cx_08e402afea3e4d17,"호반써밋양재",서초구,NO_MATCH,NO_MATCH,116501020000270000,"서울 서초구 양재동 27"
cx_08e707811278988f,"유한수목원",구로구,NO_MATCH,EXACT_JIBUN_ADDRESS,115301080001080076,"서울 구로구 오류동 108-76"
cx_08f718d718d8a522,"그레이스a동",서대문구,NO_MATCH,EXACT_JIBUN_ADDRESS,114101110001310018,"서울 서대문구 홍제동 131-18"
cx_090cc7382e4c8166,"테마빌2",은평구,NO_MATCH,EXACT_JIBUN_ADDRESS,113801090003380002,"서울 은평구 신사동 338-2"
cx_09152ca29d511683,"세영아파트",은평구,NO_MATCH,EXACT_JIBUN_ADDRESS,113801050003040001,"서울 은평구 구산동 304-1"
cx_093396b06f60a0f4,"래미안이문2차",동대문구,NO_MATCH,EXACT_PARCEL,112301100003110000,"서울 동대문구 이문동 311"
cx_09465fd5cd48a91f,"(718-16)경원주택",구로구,NO_MATCH,EXACT_JIBUN_ADDRESS,115301020007180016,"서울 구로구 구로동 718-16"
cx_0961823e1f9e7b89,"갑오빌라트",송파구,NO_MATCH,MULTI_RECORD_SAME_PARCEL,117101040000140000,"서울 송파구 송파동 14"
cx_0961d0d3d8eb77fa,"동삼빌라트",강동구,NO_MATCH,EXACT_PARCEL,117401050001070000,"서울 강동구 길동 107"
cx_096235a3f8a566aa,"삼각아파트",용산구,NO_MATCH,EXACT_JIBUN_ADDRESS,111701240002310024,"서울 용산구 한강로1가 231-24"
cx_096d1523c7fc03e3,"안암골벽산",동대문구,NO_MATCH,EXACT_PARCEL,112301030001530000,"서울 동대문구 제기동 153"
cx_098000cd557e1182,"강변힐스테이트",마포구,NO_MATCH,EXACT_PARCEL,114401120002220000,"서울 마포구 현석동 222"
cx_0983b59ad9993b6b,"목동센트럴아이파크위브1단지",양천구,NO_MATCH,EXACT_PARCEL,114701030010750000,"서울 양천구 신월동 1075"
cx_098488d110483e8a,"영등포그랑그루",영등포구,NO_MATCH,EXACT_PARCEL,115601050001030000,"서울 영등포구 영등포동4가 103"
cx_09953bf55f36eddc,"백두골드",강북구,NO_MATCH,EXACT_JIBUN_ADDRESS,113051030007100015,"서울 강북구 수유동 710-15"
cx_099b90d1f1c93ee6,"방배롯데캐슬oscar",서초구,NO_MATCH,EXACT_JIBUN_ADDRESS,116501010000010021,"서울 서초구 방배동 1-21"
cx_09a6f0d242545c4f,"코스모블루",관악구,NO_MATCH,EXACT_JIBUN_ADDRESS,116201010008630009,"서울 관악구 봉천동 863-9"
cx_09b2a976e8140e37,"쌍용스위닷홈(201동)",송파구,NO_MATCH,EXACT_JIBUN_ADDRESS,117101120000300002,"서울 송파구 오금동 30-2"
cx_09c13d8c86100186,"여의휴젠느",영등포구,NO_MATCH,EXACT_JIBUN_ADDRESS,115601080000940099,"서울 영등포구 영등포동7가 94-99"
cx_09c228ef50dc7ecc,"제일",구로구,NO_MATCH,EXACT_JIBUN_ADDRESS,115301020008060083,"서울 구로구 구로동 806-83"
cx_09c5a68a0e3a0354,"스위트빌(71-1)",광진구,NO_MATCH,EXACT_JIBUN_ADDRESS,112151030000710001,"서울 광진구 구의동 71-1"
cx_09f0fa01a0cd1b7d,"방배마에스트로",서초구,NO_MATCH,EXACT_JIBUN_ADDRESS,116501010008660010,"서울 서초구 방배동 866-10"
cx_09f3d4fba1cb4771,"장안솔렌시아6",동대문구,NO_MATCH,EXACT_JIBUN_ADDRESS,112301060004320012,"서울 동대문구 장안동 432-12"
cx_09f63f301629ab2a,"금호1",양천구,NO_MATCH,EXACT_PARCEL,114701020009340000,"서울 양천구 목동 934"
cx_09fa92d4d94b4037,"리베하임",서초구,NO_MATCH,EXACT_JIBUN_ADDRESS,116501010004880002,"서울 서초구 방배동 488-2"
cx_0a01ab089f8d70df,"반포서래월드메르디앙스칼라아파트b동",서초구,NO_MATCH,EXACT_JIBUN_ADDRESS,116501070005500027,"서울 서초구 반포동 550-27"
cx_0a03d56fdfcb58c1,"건우아트빌",서대문구,NO_MATCH,EXACT_JIBUN_ADDRESS,114101180003960022,"서울 서대문구 홍은동 396-22"
cx_0a08df08a53ff75a,"남현그린",관악구,NO_MATCH,EXACT_JIBUN_ADDRESS,116201030006020146,"서울 관악구 남현동 602-146"
cx_0a1059f407941230,"대림2",마포구,NO_MATCH,EXACT_PARCEL,114401230004970000,"서울 마포구 망원동 497"
cx_0a13d62a787b2a79,"e편한세상상도노빌리티",동작구,NO_MATCH,EXACT_PARCEL,115901020009030000,"서울 동작구 상도동 903"
cx_0a250a0f44ab9695,"유호루하스",은평구,NO_MATCH,EXACT_PARCEL,113801040005480000,"서울 은평구 갈현동 548"
cx_0a258c5b253488c1,"(807-19)",구로구,NO_MATCH,EXACT_JIBUN_ADDRESS,115301020008070019,"서울 구로구 구로동 807-19"
cx_0a2895b58782885d,"(771-2)",구로구,NO_MATCH,EXACT_JIBUN_ADDRESS,115301020007710002,"서울 구로구 구로동 771-2"
cx_0a3873611c3ddba8,"천우(401-25)",강서구,NO_MATCH,EXACT_JIBUN_ADDRESS,115001030004010025,"서울 강서구 화곡동 401-25"
cx_0a3a7e6ab5f9d39b,"삼익2차아파트",노원구,NO_MATCH,EXACT_PARCEL,113501030007540000,"서울 노원구 공릉동 754"
cx_0a3ccea98ea725fc,"칠산(185-2)",은평구,NO_MATCH,EXACT_JIBUN_ADDRESS,113801100001850002,"서울 은평구 증산동 185-2"
cx_0a414fc247de57d1,"한진로즈힐",강남구,NO_MATCH,EXACT_JIBUN_ADDRESS,116801080001050004,"서울 강남구 논현동 105-4"
cx_0a428427d0d819a8,"건영2차아파트",중랑구,NO_MATCH,EXACT_PARCEL,112601020000630000,"서울 중랑구 상봉동 63"
cx_0a42f255ea9fb73a,"선구",은평구,NO_MATCH,EXACT_JIBUN_ADDRESS,113801040004990018,"서울 은평구 갈현동 499-18"
cx_0a4b111927742183,"세종레디안",은평구,NO_MATCH,EXACT_JIBUN_ADDRESS,113801070005810003,"서울 은평구 응암동 581-3"
cx_0a4c321c1819baef,"우공팰리스102동",강서구,NO_MATCH,EXACT_JIBUN_ADDRESS,115001030010260013,"서울 강서구 화곡동 1026-13"
cx_0a4ce1cfd4b56054,"보람쉬움1",양천구,NO_MATCH,EXACT_JIBUN_ADDRESS,114701030004160001,"서울 양천구 신월동 416-1"
cx_0a5836dbfcd2fe89,"수명",양천구,NO_MATCH,EXACT_JIBUN_ADDRESS,114701030000120004,"서울 양천구 신월동 12-4"
cx_0a59cb3be4577fb2,"대림(36-1)",동작구,NO_MATCH,NO_MATCH,115901020000360001,"서울 동작구 상도동 36-1"
cx_0a5c9e5adb52dd73,"종로센트레빌",종로구,NO_MATCH,EXACT_JIBUN_ADDRESS,111101750000020001,"서울 종로구 숭인동 2-1"
cx_0a5fc31af82e012a,"양재테크노빌",서초구,NO_MATCH,EXACT_JIBUN_ADDRESS,116501020002860006,"서울 서초구 양재동 286-6"
cx_0a6b2e31c09f60f8,"우장산동문디이스트",강서구,NO_MATCH,EXACT_PARCEL,115001060007650000,"서울 강서구 내발산동 765"
cx_0a7f2a1549586980,"현대리노빌102동",동대문구,NO_MATCH,EXACT_JIBUN_ADDRESS,112301060003500006,"서울 동대문구 장안동 350-6"
cx_0a8a0bb4e67af39f,"청담우방아파트",강남구,NO_MATCH,MULTI_RECORD_SAME_PARCEL,116801040000430000,"서울 강남구 청담동 43"
cx_0a8d15cc824ab186,"삼성한아름",강서구,NO_MATCH,EXACT_JIBUN_ADDRESS,115001010002640027,"서울 강서구 염창동 264-27"
cx_0aad0755b7d0d350,"트라팰리스웨스턴에비뉴",양천구,NO_MATCH,MULTI_RECORD_SAME_PARCEL,114701020009620000,"서울 양천구 목동 962"
cx_0ab39c19b9467c32,"금호어울림(580-1)",중랑구,NO_MATCH,EXACT_JIBUN_ADDRESS,112601050005800001,"서울 중랑구 망우동 580-1"
cx_0ab48d1b1ebf7345,"청계천대성스카이렉스2",동대문구,NO_MATCH,EXACT_JIBUN_ADDRESS,112301020002550066,"서울 동대문구 용두동 255-66"
cx_0acdf4515f22f884,"진한연립",강서구,NO_MATCH,EXACT_JIBUN_ADDRESS,115001060006810016,"서울 강서구 내발산동 681-16"
cx_0ad25e554df169bc,"우민",서대문구,NO_MATCH,EXACT_JIBUN_ADDRESS,114101170001870122,"서울 서대문구 연희동 187-122"
cx_0ad546ebc8504858,"로얄하이츠",서초구,NO_MATCH,EXACT_JIBUN_ADDRESS,116501080014710005,"서울 서초구 서초동 1471-5"
cx_0adff439fef370ac,"청암3단지(582)",노원구,NO_MATCH,EXACT_PARCEL,113501060005820000,"서울 노원구 중계동 582"
cx_0ae2329bbef0feb6,"구의현대하이엘",광진구,NO_MATCH,EXACT_JIBUN_ADDRESS,112151050007790011,"서울 광진구 자양동 779-11"
cx_0ae5a33e19dc0ada,"젬스톤힐즈",동대문구,NO_MATCH,EXACT_JIBUN_ADDRESS,112301060003350007,"서울 동대문구 장안동 335-7"
cx_0af7415cbc1bd963,"세곡리엔파크(3단지)",강남구,NO_MATCH,EXACT_PARCEL,116801110005160000,"서울 강남구 세곡동 516"
cx_0af928e8fc092c66,"삼성",동작구,NO_MATCH,EXACT_PARCEL,115901070011400000,"서울 동작구 사당동 1140"
cx_0af942f5684629e9,"풍림아파트b",노원구,NO_MATCH,EXACT_PARCEL,113501030007270000,"서울 노원구 공릉동 727"
cx_0b05646223e70fba,"삼환나띠르빌(1002-9)",서초구,NO_MATCH,EXACT_JIBUN_ADDRESS,116501010010020009,"서울 서초구 방배동 1002-9"
cx_0b120f4cd065891a,"다청림(101동)",구로구,NO_MATCH,EXACT_JIBUN_ADDRESS,115301090001820004,"서울 구로구 궁동 182-4"
cx_0b1532f00b2550a1,"휴먼",마포구,NO_MATCH,EXACT_JIBUN_ADDRESS,114401240004780012,"서울 마포구 연남동 478-12"
cx_0b18c67d4fb33193,"건양하늘터",종로구,NO_MATCH,MULTI_RECORD_SAME_PARCEL,111101700000230000,"서울 종로구 명륜1가 23"
cx_0b2974529f065d97,"현대8(803동)",광진구,NO_MATCH,EXACT_PARCEL,112151040005690000,"서울 광진구 광장동 569"
cx_0b2b26095dea08c1,"성사1차풍림아파트101동",마포구,NO_MATCH,EXACT_PARCEL,114401250006000000,"서울 마포구 성산동 600"
cx_0b2bf83cf4fe5a2c,"세명",도봉구,NO_MATCH,EXACT_JIBUN_ADDRESS,113201070005530050,"서울 도봉구 창동 553-50"
cx_0b2d18ff66855195,"한남동동원베네스트",용산구,NO_MATCH,EXACT_JIBUN_ADDRESS,111701310005220001,"서울 용산구 한남동 522-1"
cx_0b2feba64f8954ea,"(792-103)",구로구,NO_MATCH,EXACT_JIBUN_ADDRESS,115301020007920103,"서울 구로구 구로동 792-103"
cx_0b446be90caa8fac,"mid그린(9동)",종로구,NO_MATCH,EXACT_JIBUN_ADDRESS,111101740006010006,"서울 종로구 창신동 601-6"
cx_0b4d1649393dcc17,"고려",마포구,NO_MATCH,EXACT_PARCEL,114401040005440000,"서울 마포구 도화동 544"
cx_0b67c338ecc419bf,"(743-35)",구로구,NO_MATCH,EXACT_JIBUN_ADDRESS,115301020007430035,"서울 구로구 구로동 743-35"
cx_0b6c8ece6258b3cd,"태양파크빌",서초구,NO_MATCH,EXACT_JIBUN_ADDRESS,116501020000080036,"서울 서초구 양재동 8-36"
cx_0b8563b499304e69,"동아빌라트1",서초구,NO_MATCH,EXACT_JIBUN_ADDRESS,116501080016780001,"서울 서초구 서초동 1678-1"
cx_0b8f739a63746c03,"봉천동",관악구,NO_MATCH,EXACT_JIBUN_ADDRESS,116201010006730082,"서울 관악구 봉천동 673-82"
cx_0b921551cb34f926,"예스빌",강서구,NO_MATCH,EXACT_JIBUN_ADDRESS,115001060006870002,"서울 강서구 내발산동 687-2"
cx_0b969c5b8cc0670e,"반포훼밀리빌",서초구,NO_MATCH,EXACT_JIBUN_ADDRESS,116501070000490006,"서울 서초구 반포동 49-6"
cx_0ba1d5f4c5f0863f,"롯데캐슬아이비",영등포구,NO_MATCH,EXACT_JIBUN_ADDRESS,115601100000430004,"서울 영등포구 여의도동 43-4"
cx_0bad8cc3b3089cda,"뉴월드(402-112)",은평구,NO_MATCH,EXACT_JIBUN_ADDRESS,113801070004020112,"서울 은평구 응암동 402-112"
cx_0bb2fa099f6c1261,"인우",양천구,NO_MATCH,EXACT_JIBUN_ADDRESS,114701020007710031,"서울 양천구 목동 771-31"
cx_0bb79eb92a0724c3,"청담스위트",강남구,NO_MATCH,EXACT_JIBUN_ADDRESS,116801040000340013,"서울 강남구 청담동 34-13"
cx_0bc1bfe8b0fb5fad,"한강1차대주피오레",마포구,NO_MATCH,EXACT_PARCEL,114401230005000000,"서울 마포구 망원동 500"
cx_0bc3a1528f13d467,"두온리치벨리",강북구,NO_MATCH,EXACT_JIBUN_ADDRESS,113051040000050005,"서울 강북구 우이동 5-5"
cx_0bc8e3e8318b1011,"염창1차보람더하임",강서구,NO_MATCH,EXACT_PARCEL,115001010003050000,"서울 강서구 염창동 305"
cx_0bd2789328fc72ed,"동은",강동구,NO_MATCH,EXACT_JIBUN_ADDRESS,117401010003430010,"서울 강동구 명일동 343-10"
cx_0bda9c33bf71c8b8,"경남2",구로구,NO_MATCH,EXACT_PARCEL,115301060003060000,"서울 구로구 고척동 306"
cx_0be3581490776d81,"청광(761-5)",서초구,NO_MATCH,EXACT_JIBUN_ADDRESS,116501010007610005,"서울 서초구 방배동 761-5"
cx_0beff53d5758a731,"문영마운틴(167-2)",은평구,NO_MATCH,EXACT_JIBUN_ADDRESS,113801100001670002,"서울 은평구 증산동 167-2"
cx_0bf6199306490fca,"서초예성그린캐슬",서초구,NO_MATCH,EXACT_JIBUN_ADDRESS,116501080016670002,"서울 서초구 서초동 1667-2"
cx_0bf6e2c391d05c18,"북한산푸르지오",은평구,NO_MATCH,EXACT_PARCEL,113801020002810000,"서울 은평구 녹번동 281"
cx_0c2636ab6e45199a,"비즈트위트블루",구로구,NO_MATCH,EXACT_JIBUN_ADDRESS,115301020001070004,"서울 구로구 구로동 107-4"
cx_0c2d636320faa19e,"한신타운",서초구,NO_MATCH,EXACT_JIBUN_ADDRESS,116501060000600004,"서울 서초구 잠원동 60-4"
cx_0c35acbb1d020c0a,"한강리치팰리스",강동구,NO_MATCH,EXACT_JIBUN_ADDRESS,117401070005160002,"서울 강동구 암사동 516-2"
cx_0c3ce83a1a89a44b,"서울숲성수현대",성동구,NO_MATCH,EXACT_JIBUN_ADDRESS,112001140006760005,"서울 성동구 성수동1가 676-5"
cx_0c3ed53e4fd9a702,"은천누리에뜰",관악구,NO_MATCH,EXACT_JIBUN_ADDRESS,116201010006220003,"서울 관악구 봉천동 622-3"
cx_0c44c201a28f8da8,"방배대우멤버스카운티301",서초구,NO_MATCH,EXACT_JIBUN_ADDRESS,116501010008410012,"서울 서초구 방배동 841-12"
cx_0c4644a9a8c6db31,"한일",강북구,NO_MATCH,EXACT_JIBUN_ADDRESS,113051010002580732,"서울 강북구 미아동 258-732"
cx_0c47498151a188e7,"신촌삼익",마포구,NO_MATCH,EXACT_PARCEL,114401110004500000,"서울 마포구 신수동 450"
cx_0c5a9301ad141397,"덕산홈타운",서초구,NO_MATCH,EXACT_JIBUN_ADDRESS,116501010004730014,"서울 서초구 방배동 473-14"
cx_0c61af63355f3361,"오류동푸르지오",구로구,NO_MATCH,EXACT_PARCEL,115301080003460000,"서울 구로구 오류동 346"
cx_0c69951106f0a5db,"동서1,2호(381-11)",강서구,NO_MATCH,EXACT_JIBUN_ADDRESS,115001030003810011,"서울 강서구 화곡동 381-11"
cx_0c6a862c84919fd7,"마포아이파크포레",마포구,NO_MATCH,EXACT_PARCEL,114401110004620000,"서울 마포구 신수동 462"
cx_0c75ebeb04738a96,"힐탑아파트4차(894-5)",금천구,NO_MATCH,EXACT_JIBUN_ADDRESS,115451020008940005,"서울 금천구 독산동 894-5"
cx_0c78ac1604608473,"미광",양천구,NO_MATCH,EXACT_JIBUN_ADDRESS,114701010008810016,"서울 양천구 신정동 881-16"
cx_0c7bbc9211e5e95a,"모델리안1",은평구,NO_MATCH,EXACT_JIBUN_ADDRESS,113801090000390021,"서울 은평구 신사동 39-21"
cx_0c7d59aef31440f6,"우성2차아파트(334-6)",동대문구,NO_MATCH,EXACT_JIBUN_ADDRESS,112301060003340006,"서울 동대문구 장안동 334-6"
cx_0c7fbd93b1634f0f,"포레나송파",송파구,NO_MATCH,EXACT_PARCEL,117101130006510000,"서울 송파구 거여동 651"
cx_0c96cb5f28195a80,"천호네스빌",강동구,NO_MATCH,EXACT_JIBUN_ADDRESS,117401090001700002,"서울 강동구 천호동 170-2"
cx_0ca759c5823aab1c,"다성팰리스",강동구,NO_MATCH,EXACT_JIBUN_ADDRESS,117401050003580003,"서울 강동구 길동 358-3"
cx_0cba7a82e7c8bf70,"이화에수풀",종로구,NO_MATCH,EXACT_JIBUN_ADDRESS,111101660001950010,"서울 종로구 연건동 195-10"
cx_0cbc5556a53caa56,"동원2",강동구,NO_MATCH,EXACT_JIBUN_ADDRESS,117401080004560008,"서울 강동구 성내동 456-8"
cx_0ccb733eba8e1db3,"흥화브라운빌",관악구,NO_MATCH,EXACT_PARCEL,116201030011320000,"서울 관악구 남현동 1132"
cx_0cd9cd667fa8b019,"상록파라브3차",동대문구,NO_MATCH,EXACT_JIBUN_ADDRESS,112301060004400003,"서울 동대문구 장안동 440-3"
cx_0ce204e9541985b7,"서강스카이빌",은평구,NO_MATCH,EXACT_JIBUN_ADDRESS,113801070001090003,"서울 은평구 응암동 109-3"
cx_0ce4a507b4d022c6,"우영",도봉구,NO_MATCH,EXACT_JIBUN_ADDRESS,113201080005560018,"서울 도봉구 도봉동 556-18"
cx_0ce5bedc802d1d4d,"정우상가맨션",마포구,NO_MATCH,EXACT_PARCEL,114401040005360000,"서울 마포구 도화동 536"
cx_0cecb3cec6836e83,"신사코아",은평구,NO_MATCH,EXACT_JIBUN_ADDRESS,113801090000090024,"서울 은평구 신사동 9-24"
cx_0cf8273d8262a3e2,"동진빌라(56-100)",강서구,NO_MATCH,EXACT_JIBUN_ADDRESS,115001030000560100,"서울 강서구 화곡동 56-100"
cx_0d025176f438375f,"공감대6차(384-1)",동대문구,NO_MATCH,EXACT_JIBUN_ADDRESS,112301060003840001,"서울 동대문구 장안동 384-1"
cx_0d06e23bdafe7f43,"한신",동대문구,NO_MATCH,EXACT_PARCEL,112301070000600000,"서울 동대문구 청량리동 60"
cx_0d0afb1b88d4595f,"삼부아파트102동",강남구,NO_MATCH,MULTI_RECORD_SAME_PARCEL,116801050000990000,"서울 강남구 삼성동 99"
cx_0d0c9e37930c8f07,"더트루엘마곡hq",강서구,NO_MATCH,EXACT_PARCEL,115001080013980000,"서울 강서구 공항동 1398"
cx_0d1949e18a45857d,"목화",용산구,NO_MATCH,EXACT_JIBUN_ADDRESS,111701090000840003,"서울 용산구 청파동1가 84-3"
cx_0d19d7fe996b77e7,"역촌월드",은평구,NO_MATCH,EXACT_JIBUN_ADDRESS,113801080000190003,"서울 은평구 역촌동 19-3"
cx_0d235c93c0333a6f,"센츄리",구로구,NO_MATCH,EXACT_PARCEL,115301060003200000,"서울 구로구 고척동 320"
cx_0d28d93b801234e1,"한울밸리움",강서구,NO_MATCH,EXACT_JIBUN_ADDRESS,115001010002740018,"서울 강서구 염창동 274-18"
cx_0d293e979f7a9c71,"마젤란21",중랑구,NO_MATCH,EXACT_PARCEL,112601010015310000,"서울 중랑구 면목동 1531"
cx_0d2ebfc8f6f6a017,"성우",양천구,NO_MATCH,EXACT_JIBUN_ADDRESS,114701030004290001,"서울 양천구 신월동 429-1"
cx_0d3aa06062c08f6d,"올림픽파크포레온",강동구,NO_MATCH,NO_MATCH,117401060006330000,"서울 강동구 둔촌동 633"
cx_0d49270da7602865,"삼성",마포구,NO_MATCH,EXACT_PARCEL,114401040005500000,"서울 마포구 도화동 550"
cx_0d4cb84b63ea435a,"카나피아ⅱ",송파구,NO_MATCH,EXACT_JIBUN_ADDRESS,117101070000340001,"서울 송파구 가락동 34-1"
cx_0d5cf30875a44879,"정익제이원(4차)",은평구,NO_MATCH,EXACT_JIBUN_ADDRESS,113801030004840056,"서울 은평구 불광동 484-56"
cx_0d5d5cc1f222db09,"리버뷰신안인스빌1단지",영등포구,NO_MATCH,EXACT_PARCEL,115601220000670000,"서울 영등포구 문래동4가 67"
cx_0d6c84d62074c25b,"우정하이비전",관악구,NO_MATCH,EXACT_PARCEL,116201020017210000,"서울 관악구 신림동 1721"
cx_0d72e29eca9170af,"상암마젤란21",마포구,NO_MATCH,EXACT_PARCEL,114401230005130000,"서울 마포구 망원동 513"
cx_0d7852443e139815,"도화동현대",마포구,NO_MATCH,EXACT_PARCEL,114401040003570000,"서울 마포구 도화동 357"
cx_0d86d5fb9f976d78,"새진5차",관악구,NO_MATCH,EXACT_JIBUN_ADDRESS,116201010001800376,"서울 관악구 봉천동 180-376"
cx_0d8bf99d30a4587b,"신계",서대문구,NO_MATCH,EXACT_JIBUN_ADDRESS,114101180001500013,"서울 서대문구 홍은동 150-13"
cx_0d8d56c296840799,"우림메르디앙",금천구,NO_MATCH,EXACT_JIBUN_ADDRESS,115451030008820003,"서울 금천구 시흥동 882-3"
cx_0d972b015d6c46da,"경원",중랑구,NO_MATCH,EXACT_JIBUN_ADDRESS,112601060004490001,"서울 중랑구 신내동 449-1"
cx_0d98685fc0116b1a,"천왕이펜하우스5단지",구로구,NO_MATCH,MULTI_RECORD_SAME_PARCEL,115301110002770000,"서울 구로구 천왕동 277"
cx_0da6dedb168d08bf,"현대힐스테이트2단지",강남구,NO_MATCH,EXACT_PARCEL,116801050000500000,"서울 강남구 삼성동 50"
cx_0db7d98d8e162158,"민족통일mj캠퍼스경희대2차",동대문구,NO_MATCH,EXACT_JIBUN_ADDRESS,112301080000650039,"서울 동대문구 회기동 65-39"
cx_0db93040f020de3e,"신동아아파트(2차)",서초구,NO_MATCH,NO_MATCH,116501080013340001,"서울 서초구 서초동 1334-1"
cx_0dbbaf03bd12b77d,"대림서초리시온",서초구,NO_MATCH,EXACT_JIBUN_ADDRESS,116501080016710005,"서울 서초구 서초동 1671-5"
cx_0dbc7d0ae956cc3c,"임탑-b",강서구,NO_MATCH,EXACT_JIBUN_ADDRESS,115001030009250024,"서울 강서구 화곡동 925-24"
cx_0dbca4d9956eec65,"광남캐스빌(247-0)",강동구,NO_MATCH,EXACT_PARCEL,117401050002470000,"서울 강동구 길동 247"
cx_0dc40135adab33bf,"한솔아크로",관악구,NO_MATCH,EXACT_JIBUN_ADDRESS,116201030006020218,"서울 관악구 남현동 602-218"
cx_0dced2d8ac08ded5,"대명미르테",중랑구,NO_MATCH,EXACT_PARCEL,112601010015320000,"서울 중랑구 면목동 1532"
cx_0ddbf4cf296d4d0d,"용산e편한세상",용산구,NO_MATCH,EXACT_PARCEL,111701230000480000,"서울 용산구 신계동 48"
cx_0de1bbfaedc35d19,"천우네오젠102동",강서구,NO_MATCH,EXACT_JIBUN_ADDRESS,115001020006370032,"서울 강서구 등촌동 637-32"
cx_0df51304c9850e97,"한신오페라하우스",강남구,NO_MATCH,EXACT_JIBUN_ADDRESS,116801040000350047,"서울 강남구 청담동 35-47"
cx_0e11c7e956dcbdc3,"상지리츠빌(73-10)",서초구,NO_MATCH,EXACT_JIBUN_ADDRESS,116501070000730010,"서울 서초구 반포동 73-10"
cx_0e12978f8e8c0ad6,"북서울자이폴라리스(1단지)",강북구,NO_MATCH,NO_MATCH,113051010013740000,"서울 강북구 미아동 1374"
cx_0e1cc689e2ee5609,"종암에스케이",성북구,NO_MATCH,EXACT_JIBUN_ADDRESS,112901350001040001,"서울 성북구 종암동 104-1"
cx_0e2d1ece18841501,"쌍용대치아파트1동,2동,3동,5동,6동",강남구,NO_MATCH,EXACT_PARCEL,116801060000660000,"서울 강남구 대치동 66"
cx_0e2e49badafb6ffc,"한일시티타워(우성아트빌)",강동구,NO_MATCH,EXACT_JIBUN_ADDRESS,117401050003850006,"서울 강동구 길동 385-6"
cx_0e342e95cd39eb6c,"애플타운",강남구,NO_MATCH,NO_MATCH,116801080000160042,"서울 강남구 논현동 16-42"
cx_0e343b57e44c5434,"한울뉴타운",서대문구,NO_MATCH,EXACT_JIBUN_ADDRESS,114101190004180022,"서울 서대문구 북가좌동 418-22"
cx_0e37b852cd4bc9eb,"드림스빌",강동구,NO_MATCH,EXACT_JIBUN_ADDRESS,117401080005080002,"서울 강동구 성내동 508-2"
cx_0e38758981afcf10,"삼정코아",강서구,NO_MATCH,EXACT_JIBUN_ADDRESS,115001090005670004,"서울 강서구 방화동 567-4"
cx_0e39c708ff842008,"청송빌라",구로구,NO_MATCH,EXACT_JIBUN_ADDRESS,115301020007400001,"서울 구로구 구로동 740-1"
cx_0e3aae06cc59cd61,"현대3",강서구,NO_MATCH,EXACT_PARCEL,115001010002910000,"서울 강서구 염창동 291"
cx_0e4b01effb38043f,"한림101동",마포구,NO_MATCH,EXACT_JIBUN_ADDRESS,114401250001990053,"서울 마포구 성산동 199-53"
cx_0e553e9a88efab32,"문래현대5차",영등포구,NO_MATCH,EXACT_JIBUN_ADDRESS,115601230000230001,"서울 영등포구 문래동5가 23-1"
cx_0e57e50e85d6f27b,"크라운빌",마포구,NO_MATCH,EXACT_JIBUN_ADDRESS,114401230004180005,"서울 마포구 망원동 418-5"
cx_0e5df57716ca97a8,"대원그린아파트",도봉구,NO_MATCH,EXACT_JIBUN_ADDRESS,113201060004440031,"서울 도봉구 방학동 444-31"
cx_0e5f9a36010cde30,"brunnen청담",강남구,NO_MATCH,EXACT_JIBUN_ADDRESS,116801040001140009,"서울 강남구 청담동 114-9"
cx_0e67778044bf0d96,"르네상스빌",송파구,NO_MATCH,EXACT_PARCEL,117101120000450000,"서울 송파구 오금동 45"
cx_0e6aa86b799fa74b,"동아하이빌14차",강북구,NO_MATCH,EXACT_JIBUN_ADDRESS,113051010001920016,"서울 강북구 미아동 192-16"
cx_0e6f617e12f36da9,"수유역두산위브2",강북구,NO_MATCH,MULTI_RECORD_SAME_PARCEL,113051020004110000,"서울 강북구 번동 411"
cx_0e8ef344470d79bf,"남산롯데캐슬아이리스",중구,NO_MATCH,EXACT_PARCEL,111401210002080000,"서울 중구 회현동1가 208"
cx_0e8feb8c90d5f5b6,"자선메르시안(164-17)",은평구,NO_MATCH,EXACT_JIBUN_ADDRESS,113801100001640017,"서울 은평구 증산동 164-17"
cx_0e9aa40962d86a22,"건영아파트",노원구,NO_MATCH,EXACT_JIBUN_ADDRESS,113501030004040003,"서울 노원구 공릉동 404-3"
cx_0e9b336afdfdc797,"광화문스페이스본(106동)",종로구,NO_MATCH,EXACT_JIBUN_ADDRESS,111101150000090001,"서울 종로구 사직동 9-1"
cx_0ea628a1655284a1,"동보수목원",구로구,NO_MATCH,EXACT_JIBUN_ADDRESS,115301120000160033,"서울 구로구 항동 16-33"
cx_0ec615f7d3e0eb5e,"순복음(초원)",영등포구,NO_MATCH,EXACT_JIBUN_ADDRESS,115601100000110001,"서울 영등포구 여의도동 11-1"
cx_0ec833d1e2cb4f12,"대림e-편한세상",강서구,NO_MATCH,EXACT_PARCEL,115001090008740000,"서울 강서구 방화동 874"
cx_0ed5fac6ca5f0664,"브라운스톤역삼",강남구,NO_MATCH,EXACT_JIBUN_ADDRESS,116801010007470005,"서울 강남구 역삼동 747-5"
cx_0ed9e836268de87e,"보라매코오롱하늘채",동작구,NO_MATCH,EXACT_PARCEL,115901080005090000,"서울 동작구 대방동 509"
cx_0edbdf43bb1afcae,"삼보",도봉구,NO_MATCH,EXACT_JIBUN_ADDRESS,113201050004600008,"서울 도봉구 쌍문동 460-8"
cx_0ee005bf8a7c7e24,"n-suite101동(1511-6)",서초구,NO_MATCH,EXACT_JIBUN_ADDRESS,116501080015110006,"서울 서초구 서초동 1511-6"
cx_0ee4b62245c968f8,"강변현대하이엘",광진구,NO_MATCH,MULTI_RECORD_SAME_PARCEL,112151030005470000,"서울 광진구 구의동 547"
cx_0ef11620fa057e42,"현대2차",송파구,NO_MATCH,EXACT_PARCEL,117101130000440000,"서울 송파구 거여동 44"
cx_0f023978ace46d64,"서초아크빌",서초구,NO_MATCH,EXACT_JIBUN_ADDRESS,116501080015680001,"서울 서초구 서초동 1568-1"
cx_0f09c388524b29c7,"청담삼익아파트",강남구,NO_MATCH,NO_MATCH,116801040001340015,"서울 강남구 청담동 134-15"
cx_0f0e408be0edb651,"자양하늘채베르",광진구,NO_MATCH,EXACT_PARCEL,112151050008620000,"서울 광진구 자양동 862"
cx_0f14e6ce88b726bc,"프리우스",서초구,NO_MATCH,EXACT_JIBUN_ADDRESS,116501010008460001,"서울 서초구 방배동 846-1"
cx_0f214ae87287c72f,"한강삼성",마포구,NO_MATCH,EXACT_PARCEL,114401060001380000,"서울 마포구 토정동 138"
cx_0f25966d704c6736,"(749-5)",구로구,NO_MATCH,EXACT_JIBUN_ADDRESS,115301020007490005,"서울 구로구 구로동 749-5"
cx_0f2ada6eab70d941,"풍성애뜨란아파트",강서구,NO_MATCH,EXACT_JIBUN_ADDRESS,115001020006540079,"서울 강서구 등촌동 654-79"
cx_0f3b881675399640,"미소가",용산구,NO_MATCH,EXACT_JIBUN_ADDRESS,111701010000550024,"서울 용산구 후암동 55-24"
cx_0f5c1990ae4659de,"신월",양천구,NO_MATCH,EXACT_JIBUN_ADDRESS,114701030002300002,"서울 양천구 신월동 230-2"
cx_0f64ef6eef7e9468,"개포주공1단지",강남구,NO_MATCH,NO_MATCH,116801030001410000,"서울 강남구 개포동 141"
cx_0f85277237372a7e,"화성(401-1)",동대문구,NO_MATCH,EXACT_JIBUN_ADDRESS,112301060004010001,"서울 동대문구 장안동 401-1"
cx_0f975bea0035f505,"상계불암대림",노원구,NO_MATCH,EXACT_PARCEL,113501050012890000,"서울 노원구 상계동 1289"
cx_0f984bab3de1059b,"성재",강서구,NO_MATCH,EXACT_JIBUN_ADDRESS,115001030009380025,"서울 강서구 화곡동 938-25"
cx_0fa441bba737f814,"노블레스아파트",강서구,NO_MATCH,EXACT_JIBUN_ADDRESS,115001010002660003,"서울 강서구 염창동 266-3"
cx_0fb0b832f2ef227b,"두산",노원구,NO_MATCH,EXACT_PARCEL,113501050011100000,"서울 노원구 상계동 1110"
cx_0fb1fd9790e01006,"현대이스트빌",강남구,NO_MATCH,EXACT_JIBUN_ADDRESS,116801010007280045,"서울 강남구 역삼동 728-45"
cx_0fbdbc6b82f7cef1,"장미(466-0)",마포구,NO_MATCH,EXACT_PARCEL,114401220004660000,"서울 마포구 합정동 466"
cx_0fbf84ff63c84e4b,"우신",광진구,NO_MATCH,EXACT_JIBUN_ADDRESS,112151030002080052,"서울 광진구 구의동 208-52"
cx_0fcf63fed517bb73,"청담파라곤ⅱ1단지",강남구,NO_MATCH,EXACT_JIBUN_ADDRESS,116801040001020001,"서울 강남구 청담동 102-1"
cx_0fd28c7cf0c53554,"한신(792-29)",구로구,NO_MATCH,EXACT_JIBUN_ADDRESS,115301020007920029,"서울 구로구 구로동 792-29"
cx_0fd3a04396fcef4e,"리치힐103동(992-0)",금천구,NO_MATCH,MULTI_RECORD_SAME_PARCEL,115451020009920000,"서울 금천구 독산동 992"
cx_0fd64a96bc965ab0,"건영장미아파트",노원구,NO_MATCH,EXACT_PARCEL,113501030007440000,"서울 노원구 공릉동 744"
cx_0fd89f8d2d21665e,"아크로리버뷰신반포",서초구,NO_MATCH,EXACT_PARCEL,116501060001590000,"서울 서초구 잠원동 159"
cx_0fe565e589824ca7,"theherren",서초구,NO_MATCH,EXACT_JIBUN_ADDRESS,116501010008120001,"서울 서초구 방배동 812-1"
cx_0feb5ca10ea0a296,"밤섬리오팰리스",마포구,NO_MATCH,EXACT_JIBUN_ADDRESS,114401150003530004,"서울 마포구 상수동 353-4"
cx_0ff6e40ce249ef12,"은평뉴타운제각말푸르지오(5-2단지)",은평구,NO_MATCH,EXACT_PARCEL,113801140001550000,"서울 은평구 진관동 155"
cx_0ff90b9c4b1a713d,"보아스힐(701-4)",서초구,NO_MATCH,EXACT_JIBUN_ADDRESS,116501070007010004,"서울 서초구 반포동 701-4"
cx_0fffbb27174c910f,"쌍용예가",동작구,NO_MATCH,EXACT_PARCEL,115901010003320000,"서울 동작구 노량진동 332"
cx_10017f3f618fde65,"연세",은평구,NO_MATCH,EXACT_JIBUN_ADDRESS,113801090000110022,"서울 은평구 신사동 11-22"
cx_100378ff0f5bcb9c,"리치힐(976-6)",금천구,NO_MATCH,EXACT_JIBUN_ADDRESS,115451020009760006,"서울 금천구 독산동 976-6"
cx_10084c0d4d9695c1,"백상앨리츠",관악구,NO_MATCH,NO_MATCH,116201010015190003,"서울 관악구 봉천동 1519-3"
cx_101a2527ad9e2628,"예건타워빌",강동구,NO_MATCH,EXACT_JIBUN_ADDRESS,117401050003850001,"서울 강동구 길동 385-1"
cx_1024a29b283a86b4,"삼성타운",은평구,NO_MATCH,EXACT_PARCEL,113801060002310000,"서울 은평구 대조동 231"
cx_102a96d52101c7c0,"래미안장안",동대문구,NO_MATCH,EXACT_JIBUN_ADDRESS,112301060003540002,"서울 동대문구 장안동 354-2"
cx_1035dfbe3ff6a5ad,"도곡스타빌",강남구,NO_MATCH,EXACT_JIBUN_ADDRESS,116801180005140003,"서울 강남구 도곡동 514-3"
cx_103ca1ba4bc6c48b,"동민맥스빌b동",강남구,NO_MATCH,EXACT_JIBUN_ADDRESS,116801060009380013,"서울 강남구 대치동 938-13"
cx_1040780e1716f0b1,"knp",강동구,NO_MATCH,EXACT_JIBUN_ADDRESS,117401010003360012,"서울 강동구 명일동 336-12"
cx_1047a442244835f1,"시안헤븐스테이",송파구,NO_MATCH,EXACT_JIBUN_ADDRESS,117101070001770010,"서울 송파구 가락동 177-10"
cx_1067bbc695ef9dde,"삼익아파트.상가동",중랑구,NO_MATCH,EXACT_PARCEL,112601030004380000,"서울 중랑구 중화동 438"
cx_1068fcd91fc4b2de,"(740-56)",구로구,NO_MATCH,EXACT_JIBUN_ADDRESS,115301020007400056,"서울 구로구 구로동 740-56"
cx_106ebd37cc1c09fc,"오륜파크빌",송파구,NO_MATCH,EXACT_JIBUN_ADDRESS,117101120000290005,"서울 송파구 오금동 29-5"
cx_1071757de33f91de,"영등포메이준2011",영등포구,NO_MATCH,EXACT_JIBUN_ADDRESS,115601090000510001,"서울 영등포구 영등포동8가 51-1"
cx_1073ffb29488b9b2,"휘경sk뷰",동대문구,NO_MATCH,EXACT_PARCEL,112301090003720000,"서울 동대문구 휘경동 372"
cx_10746e2e98dfc837,"한솔캐스빌",도봉구,NO_MATCH,EXACT_JIBUN_ADDRESS,113201050001280002,"서울 도봉구 쌍문동 128-2"
cx_10784b6d08492bc7,"진도2차",금천구,NO_MATCH,EXACT_PARCEL,115451020011330000,"서울 금천구 독산동 1133"
cx_108a8489ef7fca8a,"동원그린",서초구,NO_MATCH,EXACT_JIBUN_ADDRESS,116501020003620006,"서울 서초구 양재동 362-6"
cx_109bfaa1dc072c60,"신원",서대문구,NO_MATCH,EXACT_JIBUN_ADDRESS,114101170001630030,"서울 서대문구 연희동 163-30"
cx_10a1254c6833a090,"청암",서초구,NO_MATCH,EXACT_JIBUN_ADDRESS,116501010009800045,"서울 서초구 방배동 980-45"
cx_10a6a2766b2dad3a,"(743-37)",구로구,NO_MATCH,EXACT_JIBUN_ADDRESS,115301020007430037,"서울 구로구 구로동 743-37"
cx_10affa27039712c5,"호암아펙스",강동구,NO_MATCH,EXACT_JIBUN_ADDRESS,117401080004550003,"서울 강동구 성내동 455-3"
cx_10b541996463c8e2,"용산롯데캐슬센터포레",용산구,NO_MATCH,EXACT_PARCEL,111701190002870000,"서울 용산구 효창동 287"
cx_10b5cae916f1092f,"한신3차",노원구,NO_MATCH,EXACT_PARCEL,113501050004580000,"서울 노원구 상계동 458"
cx_10b6c8f5bef1cac6,"수정빌라트(56-45)",동작구,NO_MATCH,EXACT_JIBUN_ADDRESS,115901020000560045,"서울 동작구 상도동 56-45"
cx_10b7c85ba9d20b4d,"진흥펠리체",은평구,NO_MATCH,EXACT_JIBUN_ADDRESS,113801070001040025,"서울 은평구 응암동 104-25"
cx_10b9b6bee08fefec,"신수동르끌레브아파트",마포구,NO_MATCH,EXACT_JIBUN_ADDRESS,114401110004000001,"서울 마포구 신수동 400-1"
cx_10cf0e1fc836ac1d,"민족통일mj캠퍼스외대",동대문구,NO_MATCH,EXACT_JIBUN_ADDRESS,112301100003290001,"서울 동대문구 이문동 329-1"
cx_10d1fea8a9764e46,"풍원팰리스",강서구,NO_MATCH,EXACT_JIBUN_ADDRESS,115001030009250005,"서울 강서구 화곡동 925-5"
cx_10d9ebf70cf46b64,"skview",구로구,NO_MATCH,EXACT_JIBUN_ADDRESS,115301010004320001,"서울 구로구 신도림동 432-1"
cx_10da0889e4a3d2eb,"동원",양천구,NO_MATCH,EXACT_JIBUN_ADDRESS,114701020006430007,"서울 양천구 목동 643-7"
cx_10df42ad5ee4fe47,"cj빌리지",서초구,NO_MATCH,MULTI_RECORD_SAME_PARCEL,116501060000630000,"서울 서초구 잠원동 63"
cx_10e1694869b60529,"드림캐시아2",은평구,NO_MATCH,EXACT_JIBUN_ADDRESS,113801070001090022,"서울 은평구 응암동 109-22"
cx_10f29ebdd4ad9fd6,"한우리",은평구,NO_MATCH,EXACT_JIBUN_ADDRESS,113801040003270054,"서울 은평구 갈현동 327-54"
cx_10f781edfbce5a66,"그랜빌캐슬",강남구,NO_MATCH,EXACT_JIBUN_ADDRESS,116801180001900003,"서울 강남구 도곡동 190-3"
cx_10f8ab561584ed2d,"한신",도봉구,NO_MATCH,EXACT_JIBUN_ADDRESS,113201080000300001,"서울 도봉구 도봉동 30-1"
cx_10fa11931111dfce,"광남",중랑구,NO_MATCH,EXACT_PARCEL,112601060007990000,"서울 중랑구 신내동 799"
cx_110025cb829fc6ce,"한성쉐르빌",도봉구,NO_MATCH,EXACT_JIBUN_ADDRESS,113201050000880017,"서울 도봉구 쌍문동 88-17"
cx_111452c80da1ef97,"월곡갑을명가",성북구,NO_MATCH,EXACT_PARCEL,112901360002270000,"서울 성북구 하월곡동 227"
cx_11150ee5510b9ad2,"한솔애리즈",강동구,NO_MATCH,EXACT_JIBUN_ADDRESS,117401080004050009,"서울 강동구 성내동 405-9"
cx_1119329f1b040196,"휴먼아파트a",관악구,NO_MATCH,EXACT_JIBUN_ADDRESS,116201010016440026,"서울 관악구 봉천동 1644-26"
cx_112438e4326c9b9b,"태영그린(917-16)",강서구,NO_MATCH,EXACT_JIBUN_ADDRESS,115001030009170016,"서울 강서구 화곡동 917-16"
cx_11284443abdb9efd,"대양",은평구,NO_MATCH,NO_MATCH,113801040002810208,"서울 은평구 갈현동 281-208"
cx_112f8daddf691e64,"상진아파트",동작구,NO_MATCH,EXACT_JIBUN_ADDRESS,115901020003230004,"서울 동작구 상도동 323-4"
cx_11383786e553d871,"칠성(977-2)",금천구,NO_MATCH,EXACT_JIBUN_ADDRESS,115451030009770002,"서울 금천구 시흥동 977-2"
cx_113945c5f5854b29,"남경에버빌(343-47)",강서구,NO_MATCH,EXACT_JIBUN_ADDRESS,115001030003430047,"서울 강서구 화곡동 343-47"
cx_114704e1cf46cfa5,"삼익아파트",강동구,NO_MATCH,EXACT_JIBUN_ADDRESS,117401090002880005,"서울 강동구 천호동 288-5"
cx_114dabcf9363d075,"충무로엘크루메크로시티2차",중구,NO_MATCH,EXACT_JIBUN_ADDRESS,111401330000360002,"서울 중구 충무로5가 36-2"
cx_116f653326a8bcd1,"공릉1단지아파트",노원구,NO_MATCH,EXACT_PARCEL,113501030007080000,"서울 노원구 공릉동 708"
cx_11776b7df4a705a4,"프리젠트빌",성북구,NO_MATCH,NO_MATCH,112901340009980000,"서울 성북구 길음동 998"
cx_11793fec6aea2f6b,"흑석한강푸르지오",동작구,NO_MATCH,EXACT_PARCEL,115901050003360000,"서울 동작구 흑석동 336"
cx_117ae6f3f84d0122,"염광(5,8,10,11동)",중랑구,NO_MATCH,EXACT_JIBUN_ADDRESS,112601050001780080,"서울 중랑구 망우동 178-80"
cx_117fc606bb38cff0,"동해아파트",양천구,NO_MATCH,EXACT_JIBUN_ADDRESS,114701020004050293,"서울 양천구 목동 405-293"
cx_11845f78355f49c2,"형제",중랑구,NO_MATCH,MULTI_RECORD_SAME_PARCEL,112601010012780000,"서울 중랑구 면목동 1278"
cx_118eeb9e9f56a04b,"휘경동일하이빌",동대문구,NO_MATCH,EXACT_PARCEL,112301090003650000,"서울 동대문구 휘경동 365"
cx_119a43dc50831d67,"정릉힐스테이트3차",성북구,NO_MATCH,EXACT_PARCEL,112901330010310000,"서울 성북구 정릉동 1031"
cx_11a3782e9ca771bb,"벽산솔렌스힐",마포구,NO_MATCH,EXACT_PARCEL,114401110004570000,"서울 마포구 신수동 457"
cx_11aa54f6b7fdc2ee,"(749-44)",구로구,NO_MATCH,EXACT_JIBUN_ADDRESS,115301020007490044,"서울 구로구 구로동 749-44"
cx_11bfee587e851981,"강서타워",강서구,NO_MATCH,EXACT_JIBUN_ADDRESS,115001030000420011,"서울 강서구 화곡동 42-11"
cx_11c6e2e9d3543f3f,"청수대아파트",노원구,NO_MATCH,EXACT_JIBUN_ADDRESS,113501030002700047,"서울 노원구 공릉동 270-47"
cx_11c89e302ed372aa,"현대4",강남구,NO_MATCH,EXACT_PARCEL,116801140006140000,"서울 강남구 일원동 614"
cx_11da2b243b1bde27,"석계역한일노벨리아시티",성북구,NO_MATCH,EXACT_JIBUN_ADDRESS,112901380000080002,"서울 성북구 장위동 8-2"
cx_11e0fb75f61a06f8,"금강아미움(101동)",관악구,NO_MATCH,EXACT_JIBUN_ADDRESS,116201010015220028,"서울 관악구 봉천동 1522-28"
cx_11e2f75b034bc58d,"현대그린",강서구,NO_MATCH,EXACT_JIBUN_ADDRESS,115001030008950006,"서울 강서구 화곡동 895-6"
cx_11ef279d385d0026,"갤러리빌",강서구,NO_MATCH,EXACT_JIBUN_ADDRESS,115001030000240539,"서울 강서구 화곡동 24-539"
cx_11f9646f0d2aca9b,"한마음(796-72)",구로구,NO_MATCH,EXACT_JIBUN_ADDRESS,115301020007960072,"서울 구로구 구로동 796-72"
cx_120c0ba39beac4fa,"대성스카이렉스",종로구,NO_MATCH,EXACT_PARCEL,111101290001100000,"서울 종로구 견지동 110"
cx_1214d3200dabd4c1,"베스젠빌",강남구,NO_MATCH,MULTI_RECORD_SAME_PARCEL,116801010006330000,"서울 강남구 역삼동 633"
cx_12178b5b41527aa3,"그린빌라트",서초구,NO_MATCH,EXACT_JIBUN_ADDRESS,116501080014880005,"서울 서초구 서초동 1488-5"
cx_12292553911aaf0f,"현대리버빌2지구",송파구,NO_MATCH,EXACT_PARCEL,117101030002610000,"서울 송파구 풍납동 261"
cx_1246e4f0426af7af,"엠브이아파트",서초구,NO_MATCH,EXACT_PARCEL,116501070000460000,"서울 서초구 반포동 46"
cx_1250e9b65c37d498,"해가온팰리스아파트",성북구,NO_MATCH,EXACT_JIBUN_ADDRESS,112901350000030301,"서울 성북구 종암동 3-301"
cx_126f0a1a972fd28a,"풍안주택",구로구,NO_MATCH,EXACT_JIBUN_ADDRESS,115301020007990018,"서울 구로구 구로동 799-18"
cx_1272b5504c6629b9,"현재트윈빌",은평구,NO_MATCH,EXACT_JIBUN_ADDRESS,113801040005420001,"서울 은평구 갈현동 542-1"
cx_1275d26b52b0ce3c,"진넥스베르디엠",송파구,NO_MATCH,EXACT_JIBUN_ADDRESS,117101070001660010,"서울 송파구 가락동 166-10"
cx_127a78f751cd9334,"역삼동골든베리힐",강남구,NO_MATCH,EXACT_JIBUN_ADDRESS,116801010006670001,"서울 강남구 역삼동 667-1"
cx_1284644492301c15,"명남뉴아파트",은평구,NO_MATCH,EXACT_JIBUN_ADDRESS,113801080000720004,"서울 은평구 역촌동 72-4"
cx_1293d84a4059ff03,"강남자곡힐스테이트",강남구,NO_MATCH,EXACT_PARCEL,116801120006190000,"서울 강남구 자곡동 619"
cx_1294037fb2bc31d7,"방화3차우림필유",강서구,NO_MATCH,EXACT_JIBUN_ADDRESS,115001090005460001,"서울 강서구 방화동 546-1"
cx_12972a649a5f5e31,"삼성다빈치(917-14)",강서구,NO_MATCH,EXACT_JIBUN_ADDRESS,115001030009170014,"서울 강서구 화곡동 917-14"
cx_129bed1efcc7f969,"경남아너스빌",양천구,NO_MATCH,EXACT_PARCEL,114701010013070000,"서울 양천구 신정동 1307"
cx_12a598be15c6bc88,"래미안웰스트림",마포구,NO_MATCH,EXACT_PARCEL,114401120002250000,"서울 마포구 현석동 225"
cx_12a8ada64abf15ab,"광진코지웰",광진구,NO_MATCH,EXACT_JIBUN_ADDRESS,112151070001130001,"서울 광진구 화양동 113-1"
cx_12a9e346f95d1999,"왕십리금호어울림",성동구,NO_MATCH,EXACT_PARCEL,112001050008200000,"서울 성동구 마장동 820"
cx_12aacee2481e9b73,"동일",중랑구,NO_MATCH,EXACT_JIBUN_ADDRESS,112601010003760005,"서울 중랑구 면목동 376-5"
cx_12abf94b6d145d21,"비버리힐",서대문구,NO_MATCH,EXACT_JIBUN_ADDRESS,114101100000010422,"서울 서대문구 북아현동 1-422"
cx_12b97b34dfffbe6f,"욱현(208-1)",광진구,NO_MATCH,EXACT_JIBUN_ADDRESS,112151030002080001,"서울 광진구 구의동 208-1"
cx_12bec3bba3ef44f1,"현대리버빌",마포구,NO_MATCH,EXACT_JIBUN_ADDRESS,114401230004600015,"서울 마포구 망원동 460-15"
cx_12cab38d9bb5c072,"월드",마포구,NO_MATCH,EXACT_JIBUN_ADDRESS,114401250000490003,"서울 마포구 성산동 49-3"
cx_12d84c407613d981,"성인아파트",강동구,NO_MATCH,EXACT_JIBUN_ADDRESS,117401090000320002,"서울 강동구 천호동 32-2"
cx_12f3c3f75f1eed70,"동우아파트",광진구,NO_MATCH,EXACT_JIBUN_ADDRESS,112151030000310009,"서울 광진구 구의동 31-9"
cx_13006da6c89dc962,"강일리버파크3단지",강동구,NO_MATCH,EXACT_PARCEL,117401100006740000,"서울 강동구 강일동 674"
cx_1304dc03bf3263e6,"롯데캐슬리버파크시그니쳐",광진구,NO_MATCH,NO_MATCH,112151050008630000,"서울 광진구 자양동 863"
cx_130a415887034e72,"포렛빌",서초구,NO_MATCH,EXACT_JIBUN_ADDRESS,116501010008450005,"서울 서초구 방배동 845-5"
cx_130a64bff0f4033a,"태산",양천구,NO_MATCH,EXACT_JIBUN_ADDRESS,114701030005200008,"서울 양천구 신월동 520-8"
cx_1312292f2f31557c,"세이지움개봉",구로구,NO_MATCH,EXACT_PARCEL,115301070005030000,"서울 구로구 개봉동 503"
cx_131559fb3afe170d,"롯데캐슬파크",성동구,NO_MATCH,EXACT_PARCEL,112001150008350000,"서울 성동구 성수동2가 835"
cx_131e40f1b76da877,"신한토탈",동작구,NO_MATCH,EXACT_PARCEL,115901080000410000,"서울 동작구 대방동 41"
cx_1323b4cbe3edf961,"한강대우트럼프월드3",용산구,NO_MATCH,EXACT_JIBUN_ADDRESS,111701280000650230,"서울 용산구 한강로3가 65-230"
cx_132410abdcafe0ff,"거성",구로구,NO_MATCH,EXACT_JIBUN_ADDRESS,115301070002700080,"서울 구로구 개봉동 270-80"
cx_1328ffa425f99365,"마곡엠밸리10단지",강서구,NO_MATCH,EXACT_PARCEL,115001050007470000,"서울 강서구 마곡동 747"
cx_132d5dd21e39254a,"월계센트럴아이파크",노원구,NO_MATCH,MULTI_RECORD_SAME_PARCEL,113501020009510000,"서울 노원구 월계동 951"
cx_13384507b7765fe3,"청송",양천구,NO_MATCH,EXACT_JIBUN_ADDRESS,114701030010070011,"서울 양천구 신월동 1007-11"
cx_13425bb9d0bbf3c5,"하이캐슬",관악구,NO_MATCH,EXACT_JIBUN_ADDRESS,116201010017180006,"서울 관악구 봉천동 1718-6"
cx_13499fc86e8b501a,"신수동성원",마포구,NO_MATCH,EXACT_PARCEL,114401110001900000,"서울 마포구 신수동 190"
cx_134a31edbcb1738e,"타워",은평구,NO_MATCH,EXACT_JIBUN_ADDRESS,113801050003080005,"서울 은평구 구산동 308-5"
cx_134dd8b76faab7e0,"신성미소지움",중랑구,NO_MATCH,EXACT_PARCEL,112601010015270000,"서울 중랑구 면목동 1527"
cx_13700276d9837c89,"은하",서대문구,NO_MATCH,EXACT_JIBUN_ADDRESS,114101170001050004,"서울 서대문구 연희동 105-4"
cx_13758ccf914a13df,"건영",동작구,NO_MATCH,EXACT_PARCEL,115901020004140000,"서울 동작구 상도동 414"
cx_13782d5829297868,"대치우성아파트1동,2동,3동,5동,6동,7동",강남구,NO_MATCH,EXACT_PARCEL,116801060000630000,"서울 강남구 대치동 63"
cx_1379177e895bbd8d,"프라임2",중구,NO_MATCH,EXACT_JIBUN_ADDRESS,111401620004322837,"서울 중구 신당동 432-2837"
cx_13864fe02b39805e,"라온미브아파트",양천구,NO_MATCH,EXACT_JIBUN_ADDRESS,114701030001380002,"서울 양천구 신월동 138-2"
cx_138d6339efd5b074,"뉴엠빌라트",강남구,NO_MATCH,EXACT_JIBUN_ADDRESS,116801010006350009,"서울 강남구 역삼동 635-9"
cx_1393ed6e00acb1f8,"삼정",서초구,NO_MATCH,EXACT_JIBUN_ADDRESS,116501070005770046,"서울 서초구 반포동 577-46"
cx_1394df50da4b6a36,"매봉삼성",강남구,NO_MATCH,EXACT_PARCEL,116801180009660000,"서울 강남구 도곡동 966"
cx_139ad138fdf66beb,"마곡나루경남아파트",강서구,NO_MATCH,EXACT_PARCEL,115001050015770000,"서울 강서구 마곡동 1577"
cx_13a2d6202a0d9fa3,"목화수목원아파트101동",구로구,NO_MATCH,EXACT_JIBUN_ADDRESS,115301080001080040,"서울 구로구 오류동 108-40"
cx_13a74d2fbb97a1dd,"관악미래가",관악구,NO_MATCH,EXACT_JIBUN_ADDRESS,116201010001480129,"서울 관악구 봉천동 148-129"
cx_13aa66f2018b6043,"썬앤빌",구로구,NO_MATCH,EXACT_JIBUN_ADDRESS,115301080000340013,"서울 구로구 오류동 34-13"
cx_13aaf3b14fba5b0b,"현대(289-5)",노원구,NO_MATCH,EXACT_JIBUN_ADDRESS,113501020002890005,"서울 노원구 월계동 289-5"
cx_13b274190c1c0025,"노블스위트",강남구,NO_MATCH,MULTI_RECORD_SAME_PARCEL,116801010007470000,"서울 강남구 역삼동 747"
cx_13d2d1ee46077210,"e-푸른가동",중랑구,NO_MATCH,EXACT_JIBUN_ADDRESS,112601020001360011,"서울 중랑구 상봉동 136-11"
cx_13d4e494e1475359,"서원파인뷰(102동)",송파구,NO_MATCH,EXACT_JIBUN_ADDRESS,117101050002240003,"서울 송파구 석촌동 224-3"
cx_13d67c132a7795c7,"현대(고덕)",강동구,NO_MATCH,EXACT_PARCEL,117401010000560000,"서울 강동구 명일동 56"
cx_13dbc0e97416bb1b,"네스코",서초구,NO_MATCH,EXACT_JIBUN_ADDRESS,116501010009560008,"서울 서초구 방배동 956-8"
cx_13dfc9b4a1d24c97,"팔라이스타워",강서구,NO_MATCH,EXACT_JIBUN_ADDRESS,115001030009190002,"서울 강서구 화곡동 919-2"
cx_13e0eb74ea8acd91,"역삼동우정에쉐르1",강남구,NO_MATCH,EXACT_JIBUN_ADDRESS,116801010008260029,"서울 강남구 역삼동 826-29"
cx_13e1256cd191573d,"세방하이빌2",강남구,NO_MATCH,EXACT_JIBUN_ADDRESS,116801010007710014,"서울 강남구 역삼동 771-14"
cx_13e9f244ff36896a,"목동성원(926-8)",양천구,NO_MATCH,EXACT_JIBUN_ADDRESS,114701020009260008,"서울 양천구 목동 926-8"
cx_13f16f3f14eb42b1,"신이모닝빌",양천구,NO_MATCH,EXACT_JIBUN_ADDRESS,114701010009820001,"서울 양천구 신정동 982-1"
cx_13f565d1be471fb0,"미주",서대문구,NO_MATCH,EXACT_JIBUN_ADDRESS,114101180002740059,"서울 서대문구 홍은동 274-59"
cx_13ffdefbb1afcef2,"효성",중랑구,NO_MATCH,EXACT_JIBUN_ADDRESS,112601010001770056,"서울 중랑구 면목동 177-56"
cx_140e5eea9ae1f2f0,"래디앙",서대문구,NO_MATCH,EXACT_JIBUN_ADDRESS,114101160005110005,"서울 서대문구 창천동 511-5"
cx_14130c0ccad5f38c,"천왕이펜하우스2단지",구로구,NO_MATCH,EXACT_JIBUN_ADDRESS,115301110002790002,"서울 구로구 천왕동 279-2"
cx_14148d7e7c075c84,"진주",송파구,NO_MATCH,NO_MATCH,117101020000200004,"서울 송파구 신천동 20-4"
cx_1419f5252a74bda5,"더클래스",중랑구,NO_MATCH,EXACT_JIBUN_ADDRESS,112601020000850004,"서울 중랑구 상봉동 85-4"
cx_1421645f22422a24,"강남그린",구로구,NO_MATCH,EXACT_JIBUN_ADDRESS,115301090001780013,"서울 구로구 궁동 178-13"
cx_1426abb6a7724b96,"태영",마포구,NO_MATCH,EXACT_JIBUN_ADDRESS,114401230004220011,"서울 마포구 망원동 422-11"
cx_142c8428e95dacff,"계명(849-7)",강서구,NO_MATCH,EXACT_JIBUN_ADDRESS,115001030008490007,"서울 강서구 화곡동 849-7"
cx_143a56adac7dd3ba,"초안1",노원구,NO_MATCH,EXACT_PARCEL,113501020009230000,"서울 노원구 월계동 923"
cx_14450c4a4cdb7fa2,"동양하우징(899-4)",강서구,NO_MATCH,EXACT_JIBUN_ADDRESS,115001030008990004,"서울 강서구 화곡동 899-4"
cx_144e6d70f209e1f3,"도곡더써밋타워",강남구,NO_MATCH,EXACT_JIBUN_ADDRESS,116801180009540017,"서울 강남구 도곡동 954-17"
cx_144e8f135c134b4e,"상지리츠빌카일룸(65-4)",강남구,NO_MATCH,EXACT_JIBUN_ADDRESS,116801050000650004,"서울 강남구 삼성동 65-4"
cx_1454e4e614b447a8,"골든카운티",강남구,NO_MATCH,EXACT_JIBUN_ADDRESS,116801050000050003,"서울 강남구 삼성동 5-3"
cx_145556e03118838b,"형우럭스빌",강남구,NO_MATCH,EXACT_JIBUN_ADDRESS,116801050000640009,"서울 강남구 삼성동 64-9"
cx_14594153d4bfe662,"베라체캠퍼스",동대문구,NO_MATCH,EXACT_JIBUN_ADDRESS,112301080003460018,"서울 동대문구 회기동 346-18"
cx_145ff7c33b9cbe3f,"흑석한강센트레빌ⅱ",동작구,NO_MATCH,EXACT_PARCEL,115901050003390000,"서울 동작구 흑석동 339"
cx_1464204140e9f99f,"신주아파트(102동)",강동구,NO_MATCH,EXACT_JIBUN_ADDRESS,117401090003170003,"서울 강동구 천호동 317-3"
cx_14654a4e795ad099,"길음뉴타운4단지(e편한세상)",성북구,NO_MATCH,EXACT_PARCEL,112901340012810000,"서울 성북구 길음동 1281"
cx_1474d89bfa9f4e37,"태성1",용산구,NO_MATCH,EXACT_JIBUN_ADDRESS,111701310006440002,"서울 용산구 한남동 644-2"
cx_147ed95615b63c0f,"대우트럼프월드ii",영등포구,NO_MATCH,EXACT_PARCEL,115601100000480000,"서울 영등포구 여의도동 48"
cx_148901b18e682288,"사당롯데캐슬2차",동작구,NO_MATCH,EXACT_PARCEL,115901070011490000,"서울 동작구 사당동 1149"
cx_148b0e97c93c79ca,"관악산대창센시티",관악구,NO_MATCH,EXACT_PARCEL,116201030011370000,"서울 관악구 남현동 1137"
cx_14a2755cd9adca24,"(780-97)",구로구,NO_MATCH,EXACT_JIBUN_ADDRESS,115301020007800097,"서울 구로구 구로동 780-97"
cx_14a4892fc54b488d,"대성1,2호(379-57,가동)",강서구,NO_MATCH,EXACT_JIBUN_ADDRESS,115001030003790057,"서울 강서구 화곡동 379-57"
cx_14abc78dd5da2438,"부강쉘브르",노원구,NO_MATCH,EXACT_JIBUN_ADDRESS,113501060000900030,"서울 노원구 중계동 90-30"
cx_14af97a215663c2e,"금호어울림",중랑구,NO_MATCH,EXACT_PARCEL,112601040003860000,"서울 중랑구 묵동 386"
cx_14b95eeec13f7171,"한원힐트리움아레나",도봉구,NO_MATCH,EXACT_JIBUN_ADDRESS,113201060007250009,"서울 도봉구 방학동 725-9"
cx_14bf01d1ab1afb92,"프리빌리지",강남구,NO_MATCH,EXACT_JIBUN_ADDRESS,116801010007230016,"서울 강남구 역삼동 723-16"
cx_14c4291e86b9dc97,"홍익",강서구,NO_MATCH,EXACT_JIBUN_ADDRESS,115001060006730007,"서울 강서구 내발산동 673-7"
cx_14ca9bb389ae16ca,"(806-14)",구로구,NO_MATCH,EXACT_JIBUN_ADDRESS,115301020008060014,"서울 구로구 구로동 806-14"
cx_14e87392a6bf16d3,"킹스매너",종로구,NO_MATCH,EXACT_JIBUN_ADDRESS,111101180001100015,"서울 종로구 내수동 110-15"
cx_14ebe156ca0a90dd,"샘터마을",강남구,NO_MATCH,EXACT_PARCEL,116801140007180000,"서울 강남구 일원동 718"
cx_14fa507ce8086607,"현대까르띠에710",강남구,NO_MATCH,EXACT_PARCEL,116801010007100000,"서울 강남구 역삼동 710"
cx_15051b476d3ac70b,"롯데1차",강서구,NO_MATCH,EXACT_PARCEL,115001060007280000,"서울 강서구 내발산동 728"
cx_150f9a3fbb9d7326,"푸른숲",은평구,NO_MATCH,EXACT_JIBUN_ADDRESS,113801070002360007,"서울 은평구 응암동 236-7"
cx_1510e19cc18f9dd9,"에버그린",강남구,NO_MATCH,EXACT_JIBUN_ADDRESS,116801030001660004,"서울 강남구 개포동 166-4"
cx_15146fabcc5151c3,"인왕",서대문구,NO_MATCH,EXACT_JIBUN_ADDRESS,114101110001040001,"서울 서대문구 홍제동 104-1"
cx_151d1800b15576dd,"동구햇살아파트",강동구,NO_MATCH,EXACT_PARCEL,117401090005670000,"서울 강동구 천호동 567"
cx_151e598a61a0cb6a,"양천벽산블루밍2단지",양천구,NO_MATCH,EXACT_PARCEL,114701030010270000,"서울 양천구 신월동 1027"
cx_151fc05e35eaaf0a,"(717-15)경원주택5동",구로구,NO_MATCH,EXACT_JIBUN_ADDRESS,115301020007170015,"서울 구로구 구로동 717-15"
cx_151fd843b50eb508,"천호롯데아파트",강동구,NO_MATCH,EXACT_JIBUN_ADDRESS,117401090000550004,"서울 강동구 천호동 55-4"
cx_152a3400661bb66c,"목동벨로스주상복합",양천구,NO_MATCH,EXACT_JIBUN_ADDRESS,114701020006140008,"서울 양천구 목동 614-8"
cx_1532f41dcd386c5f,"하늘애",영등포구,NO_MATCH,EXACT_PARCEL,115601320011190000,"서울 영등포구 신길동 1119"
cx_15379a7eccc0cdff,"홍익아파트",강서구,NO_MATCH,EXACT_PARCEL,115001090008610000,"서울 강서구 방화동 861"
cx_15379ad6e55fcb9a,"청솔101동",강서구,NO_MATCH,EXACT_JIBUN_ADDRESS,115001060006730002,"서울 강서구 내발산동 673-2"
cx_1544d659fc608fde,"브라운스톤동선",성북구,NO_MATCH,EXACT_PARCEL,112901100001200000,"서울 성북구 동소문동7가 120"
cx_1548cd3f1f62a847,"진명비베레",노원구,NO_MATCH,EXACT_JIBUN_ADDRESS,113501030003950007,"서울 노원구 공릉동 395-7"
cx_154d82de945dc63b,"묵동포레시타",중랑구,NO_MATCH,EXACT_PARCEL,112601040003930000,"서울 중랑구 묵동 393"
cx_15529891ae436bff,"동신주택",성북구,NO_MATCH,EXACT_JIBUN_ADDRESS,112901360000700004,"서울 성북구 하월곡동 70-4"
cx_155ef42fe4ae7ee8,"마곡엠밸리7단지",강서구,NO_MATCH,EXACT_JIBUN_ADDRESS,115001050007430004,"서울 강서구 마곡동 743-4"
cx_1584f50a35804bb0,"영화아이닉스",구로구,NO_MATCH,EXACT_PARCEL,115301070004880000,"서울 구로구 개봉동 488"
cx_1586efb67eac7732,"삼천리",영등포구,NO_MATCH,EXACT_PARCEL,115601270000240000,"서울 영등포구 양평동3가 24"
cx_159626f808ec4c7e,"방배리치빌",서초구,NO_MATCH,EXACT_JIBUN_ADDRESS,116501010004740009,"서울 서초구 방배동 474-9"
cx_159b935cbced4ef3,"우성3",영등포구,NO_MATCH,EXACT_PARCEL,115601320046560000,"서울 영등포구 신길동 4656"
cx_15a0c69a7f5ba8c2,"월드",구로구,NO_MATCH,EXACT_PARCEL,115301020012620000,"서울 구로구 구로동 1262"
cx_15a16cdf1f568e01,"하림빌라트",종로구,NO_MATCH,EXACT_PARCEL,111101750004730000,"서울 종로구 숭인동 473"
cx_15a4c5df2ef9dd46,"(246-11)",광진구,NO_MATCH,EXACT_JIBUN_ADDRESS,112151020002460011,"서울 광진구 능동 246-11"
cx_15a5d68e0019a2aa,"포제스한강",광진구,NO_MATCH,EXACT_PARCEL,112151040005830000,"서울 광진구 광장동 583"
cx_15aea7bc8b5830bf,"노블레스빌2",마포구,NO_MATCH,EXACT_JIBUN_ADDRESS,114401240002490003,"서울 마포구 연남동 249-3"
cx_15af71cd754bb050,"천호e-편한세상",강동구,NO_MATCH,EXACT_JIBUN_ADDRESS,117401090003330055,"서울 강동구 천호동 333-55"
cx_15b0439114535286,"양천벽산블루밍3단지",양천구,NO_MATCH,EXACT_PARCEL,114701030010480000,"서울 양천구 신월동 1048"
cx_15d701e894d513dd,"이에스에이아파트1",도봉구,NO_MATCH,EXACT_JIBUN_ADDRESS,113201060007180007,"서울 도봉구 방학동 718-7"
cx_15e3e1deef2e658c,"빌라일두오모",서초구,NO_MATCH,EXACT_JIBUN_ADDRESS,116501010008000001,"서울 서초구 방배동 800-1"
cx_160a606cd34de6c3,"한강밤섬자이",마포구,NO_MATCH,EXACT_PARCEL,114401160001010000,"서울 마포구 하중동 101"
cx_160ec0e9f1e29982,"정우아파트",중랑구,NO_MATCH,EXACT_JIBUN_ADDRESS,112601020002690007,"서울 중랑구 상봉동 269-7"
cx_161998bd0786ef70,"자양2현대",광진구,NO_MATCH,EXACT_PARCEL,112151050007610000,"서울 광진구 자양동 761"
cx_16393083d1e86dff,"대호프레조빌",서초구,NO_MATCH,EXACT_JIBUN_ADDRESS,116501080016040019,"서울 서초구 서초동 1604-19"
cx_1640948f8776be78,"월튼파크뷰2차",동대문구,NO_MATCH,EXACT_JIBUN_ADDRESS,112301060003370002,"서울 동대문구 장안동 337-2"
cx_16789953b82a460f,"신설동역대우아이빌1",동대문구,NO_MATCH,EXACT_JIBUN_ADDRESS,112301020002360001,"서울 동대문구 용두동 236-1"
cx_16829c7828dd775f,"(770-16)",구로구,NO_MATCH,EXACT_JIBUN_ADDRESS,115301020007700016,"서울 구로구 구로동 770-16"
cx_1694b2fa28d19753,"울트라멤버스",용산구,NO_MATCH,EXACT_JIBUN_ADDRESS,111701190000050127,"서울 용산구 효창동 5-127"
cx_16994d5540dcb42a,"성우2차아파트",동작구,NO_MATCH,EXACT_JIBUN_ADDRESS,115901020003750005,"서울 동작구 상도동 375-5"
cx_169c4d249e34afce,"상도두산위브",동작구,NO_MATCH,EXACT_PARCEL,115901020005290000,"서울 동작구 상도동 529"
cx_169d4363ee2fa539,"나인빌",서초구,NO_MATCH,EXACT_JIBUN_ADDRESS,116501010008000003,"서울 서초구 방배동 800-3"
cx_16a0574f162ee730,"새진7차",관악구,NO_MATCH,EXACT_JIBUN_ADDRESS,116201010001800380,"서울 관악구 봉천동 180-380"
cx_16a7535505767ad9,"초우레디안아트빌",은평구,NO_MATCH,EXACT_JIBUN_ADDRESS,113801020001000032,"서울 은평구 녹번동 100-32"
cx_16bd810ded83ea27,"극동",중랑구,NO_MATCH,MULTI_RECORD_SAME_PARCEL,112601030000190000,"서울 중랑구 중화동 19"
cx_16bfb738f653a613,"강국",양천구,NO_MATCH,EXACT_JIBUN_ADDRESS,114701030000240005,"서울 양천구 신월동 24-5"
cx_16c9eb0387f7036d,"백운",강북구,NO_MATCH,EXACT_JIBUN_ADDRESS,113051020004610001,"서울 강북구 번동 461-1"
cx_16d561c84b0e1c28,"상암월드컵파크3단지",마포구,NO_MATCH,EXACT_PARCEL,114401270016430000,"서울 마포구 상암동 1643"
cx_16e0f151d71fdb0b,"팔라이스아파트먼트(915-8)",강서구,NO_MATCH,EXACT_JIBUN_ADDRESS,115001030009150008,"서울 강서구 화곡동 915-8"
cx_16e1b51d4421b3b5,"충림예하임",서대문구,NO_MATCH,EXACT_PARCEL,114101020004770000,"서울 서대문구 충정로3가 477"
cx_16e734d7cc7cbcac,"훼밀리",강북구,NO_MATCH,EXACT_JIBUN_ADDRESS,113051030005190010,"서울 강북구 수유동 519-10"
cx_16f8e9fe66f0caa7,"시티프라디움더강남101동",강남구,NO_MATCH,EXACT_PARCEL,116801010009000000,"서울 강남구 역삼동 900"
cx_16f97596afc97f01,"장충레지던스",중구,NO_MATCH,EXACT_JIBUN_ADDRESS,111401430001060001,"서울 중구 장충동1가 106-1"
cx_1700b4e47aa74c48,"오페라하우스west",용산구,NO_MATCH,EXACT_JIBUN_ADDRESS,111701310006650002,"서울 용산구 한남동 665-2"
cx_1708e8e17e153093,"리벨루스(804-1)",서초구,NO_MATCH,EXACT_JIBUN_ADDRESS,116501010008040001,"서울 서초구 방배동 804-1"
cx_170ac152c21e31c4,"봉천우성",관악구,NO_MATCH,EXACT_PARCEL,116201010017060000,"서울 관악구 봉천동 1706"
cx_170b89991c43b4e4,"삼익그린뷰",동작구,NO_MATCH,EXACT_PARCEL,115901070011500000,"서울 동작구 사당동 1150"
cx_1719ed2f160659c2,"sm벨리체",은평구,NO_MATCH,EXACT_JIBUN_ADDRESS,113801080000020038,"서울 은평구 역촌동 2-38"
cx_171eb66d49d8336d,"케이씨씨",동작구,NO_MATCH,EXACT_PARCEL,115901070011530000,"서울 동작구 사당동 1153"
cx_1720d257bf4c46c4,"천지홈타운",은평구,NO_MATCH,EXACT_JIBUN_ADDRESS,113801040004150040,"서울 은평구 갈현동 415-40"
cx_173a1902061f2a56,"청광아트빌라12",서초구,NO_MATCH,EXACT_JIBUN_ADDRESS,116501070000780001,"서울 서초구 반포동 78-1"
cx_173d05de13d58065,"뉴파인",강서구,NO_MATCH,EXACT_JIBUN_ADDRESS,115001030004000042,"서울 강서구 화곡동 400-42"
cx_175359dbbad8319f,"강동밀레니얼중흥s-클래스",강동구,NO_MATCH,NO_MATCH,117401090004230200,"서울 강동구 천호동 423-200"
cx_175926b8e4772a6c,"유진스웰",광진구,NO_MATCH,EXACT_PARCEL,112151040001210000,"서울 광진구 광장동 121"
cx_176372c29038cb0d,"라봄성동",성동구,NO_MATCH,EXACT_PARCEL,112001050008360000,"서울 성동구 마장동 836"
cx_1769e8961395cec9,"서림올림피아드",송파구,NO_MATCH,EXACT_JIBUN_ADDRESS,117101110001260012,"서울 송파구 방이동 126-12"
cx_176eac21c7cf2927,"새울(139-37)",도봉구,NO_MATCH,EXACT_JIBUN_ADDRESS,113201050001390037,"서울 도봉구 쌍문동 139-37"
cx_177260dba326ef47,"(1546-0)",중구,NO_MATCH,EXACT_PARCEL,111401650015460000,"서울 중구 황학동 1546"
cx_178549d13eb17790,"청정(b)",광진구,NO_MATCH,EXACT_JIBUN_ADDRESS,112151050000240031,"서울 광진구 자양동 24-31"
cx_17916db7afbd5c98,"연희궁그린빌라트",서대문구,NO_MATCH,MULTI_RECORD_SAME_PARCEL,114101170000470000,"서울 서대문구 연희동 47"
cx_1793024fbbd80c67,"성대아파트",동작구,NO_MATCH,EXACT_JIBUN_ADDRESS,115901020002630002,"서울 동작구 상도동 263-2"
cx_179d6ac2f01a6488,"이너스삼성",영등포구,NO_MATCH,EXACT_PARCEL,115601250002690000,"서울 영등포구 양평동1가 269"
cx_17a56598d937fd46,"한양1",도봉구,NO_MATCH,EXACT_JIBUN_ADDRESS,113201050003880033,"서울 도봉구 쌍문동 388-33"
cx_17b35bfb88fc9a32,"목화103",금천구,NO_MATCH,EXACT_JIBUN_ADDRESS,115451020009740002,"서울 금천구 독산동 974-2"
cx_17b880ab59355976,"(796-39)중앙빌라",구로구,NO_MATCH,EXACT_JIBUN_ADDRESS,115301020007960039,"서울 구로구 구로동 796-39"
cx_17bf3f67cc01583f,"동일스카이시티3차",동대문구,NO_MATCH,EXACT_JIBUN_ADDRESS,112301080000600223,"서울 동대문구 회기동 60-223"
cx_17ccafbc27241d63,"삼성청담공원아파트",강남구,NO_MATCH,EXACT_PARCEL,116801040000600000,"서울 강남구 청담동 60"
cx_17cd43dee90b44b0,"동서울오네뜨",강동구,NO_MATCH,EXACT_JIBUN_ADDRESS,117401050003390001,"서울 강동구 길동 339-1"
cx_17cde7b0b3b4dda2,"한서2차apt",강서구,NO_MATCH,EXACT_JIBUN_ADDRESS,115001060007160002,"서울 강서구 내발산동 716-2"
cx_17cfd02c1bfa4966,"sk청암대(64-1)",용산구,NO_MATCH,EXACT_JIBUN_ADDRESS,111701160000640001,"서울 용산구 청암동 64-1"
cx_17d131013645ef77,"오륜아크로빌",강동구,NO_MATCH,EXACT_JIBUN_ADDRESS,117401080004400027,"서울 강동구 성내동 440-27"
cx_17d98f74c0e60a53,"상지리츠빌4a",강남구,NO_MATCH,MULTI_RECORD_SAME_PARCEL,116801040001140000,"서울 강남구 청담동 114"
cx_17e23153750a852b,"그레이스3차",마포구,NO_MATCH,EXACT_JIBUN_ADDRESS,114401220003760005,"서울 마포구 합정동 376-5"
cx_17e5d4cda85c9ecc,"창동현대4차",도봉구,NO_MATCH,EXACT_PARCEL,113201070008180000,"서울 도봉구 창동 818"
cx_17f614c027832609,"(745-57)",구로구,NO_MATCH,EXACT_JIBUN_ADDRESS,115301020007450057,"서울 구로구 구로동 745-57"
cx_17fd8c675d127e2a,"강변힐하우스",광진구,NO_MATCH,EXACT_JIBUN_ADDRESS,112151030005960001,"서울 광진구 구의동 596-1"
cx_18053ad4504de3df,"파라다이스빌(40-0)",송파구,NO_MATCH,EXACT_PARCEL,117101110000400000,"서울 송파구 방이동 40"
cx_180b5dc77fad5989,"807-41",구로구,NO_MATCH,EXACT_JIBUN_ADDRESS,115301020008070041,"서울 구로구 구로동 807-41"
cx_18104fb812c9c20f,"두영이지안101동",마포구,NO_MATCH,EXACT_JIBUN_ADDRESS,114401220003570003,"서울 마포구 합정동 357-3"
cx_181872ccaebe421b,"삼웅아파트1동",성동구,NO_MATCH,EXACT_JIBUN_ADDRESS,112001050007780001,"서울 성동구 마장동 778-1"
cx_181f263fd604aac3,"송파시그니처롯데캐슬",송파구,NO_MATCH,EXACT_PARCEL,117101130006970000,"서울 송파구 거여동 697"
cx_182063eb8dbfd04f,"쌍용스윗닷홈",용산구,NO_MATCH,EXACT_PARCEL,111701280000890000,"서울 용산구 한강로3가 89"
cx_1822002d8ad7cc21,"(748-5)",구로구,NO_MATCH,EXACT_JIBUN_ADDRESS,115301020007480005,"서울 구로구 구로동 748-5"
cx_1823245e94f5cc44,"광정",서초구,NO_MATCH,EXACT_JIBUN_ADDRESS,116501020000070017,"서울 서초구 양재동 7-17"
cx_182613340d187a94,"신동아4",강동구,NO_MATCH,EXACT_PARCEL,117401050000920000,"서울 강동구 길동 92"
cx_182f676e197bc1b2,"그린플러스구로해담채2",구로구,NO_MATCH,EXACT_JIBUN_ADDRESS,115301020001040006,"서울 구로구 구로동 104-6"
cx_18327738e65dd20f,"보라매길성그랑프리텔",영등포구,NO_MATCH,EXACT_PARCEL,115601320004960000,"서울 영등포구 신길동 496"
cx_18328f83e91cd259,"문래금호어울림",영등포구,NO_MATCH,EXACT_PARCEL,115601210000970000,"서울 영등포구 문래동3가 97"
cx_18340c9f2dcf68f4,"남양구르미아파트",은평구,NO_MATCH,EXACT_JIBUN_ADDRESS,113801030004790010,"서울 은평구 불광동 479-10"
cx_1837e074cb67b2bb,"주공5",강동구,NO_MATCH,NO_MATCH,117401030001310000,"서울 강동구 상일동 131"
cx_183963573f59af87,"킴스빌리지",서초구,NO_MATCH,EXACT_JIBUN_ADDRESS,116501060000710012,"서울 서초구 잠원동 71-12"
cx_184168a1d3886450,"(743-10)",구로구,NO_MATCH,EXACT_JIBUN_ADDRESS,115301020007430010,"서울 구로구 구로동 743-10"
cx_184559f5d03b20b0,"우성(102동)",강동구,NO_MATCH,EXACT_JIBUN_ADDRESS,117401080003860006,"서울 강동구 성내동 386-6"
cx_185c3a1ab281b871,"월성빌라트",강남구,NO_MATCH,EXACT_JIBUN_ADDRESS,116801050000910016,"서울 강남구 삼성동 91-16"
cx_18621d544922345e,"영화빌리지",은평구,NO_MATCH,EXACT_JIBUN_ADDRESS,113801060000060025,"서울 은평구 대조동 6-25"
cx_1866a25d04944324,"현대성우주상복합아파트",서초구,NO_MATCH,EXACT_JIBUN_ADDRESS,116501080013160015,"서울 서초구 서초동 1316-15"
cx_187a1e672cd23e09,"강동",강서구,NO_MATCH,EXACT_JIBUN_ADDRESS,115001030000290079,"서울 강서구 화곡동 29-79"
cx_187f4120625211fd,"리버뷰신안인스빌2단지",영등포구,NO_MATCH,EXACT_PARCEL,115601220000680000,"서울 영등포구 문래동4가 68"
cx_1884eecf1917e5d4,"독산오르페움타워",금천구,NO_MATCH,MULTI_RECORD_SAME_PARCEL,115451020009890000,"서울 금천구 독산동 989"
cx_188658779cb4ec34,"새티스2",서초구,NO_MATCH,EXACT_JIBUN_ADDRESS,116501080014720021,"서울 서초구 서초동 1472-21"
cx_1890cd323cec6c8b,"공감대(378-3)",동대문구,NO_MATCH,EXACT_JIBUN_ADDRESS,112301060003780003,"서울 동대문구 장안동 378-3"
cx_1898f86878b197f3,"휘경미소지움",동대문구,NO_MATCH,EXACT_PARCEL,112301090001060000,"서울 동대문구 휘경동 106"
cx_18ad2083fb0c7a2d,"대림",강남구,NO_MATCH,EXACT_PARCEL,116801180009600000,"서울 강남구 도곡동 960"
cx_18b6276bb62fb4c1,"동서아파트(313-32)",구로구,NO_MATCH,EXACT_JIBUN_ADDRESS,115301070003130032,"서울 구로구 개봉동 313-32"
cx_18baecdd761ca07f,"반포이안애1차",서초구,NO_MATCH,EXACT_JIBUN_ADDRESS,116501070000990002,"서울 서초구 반포동 99-2"
cx_18bc11747052bfa4,"송파레이크파크호반써밋ⅰ",송파구,NO_MATCH,EXACT_PARCEL,117101130005970000,"서울 송파구 거여동 597"
cx_18bdeeff7d4408fd,"목동신시가지8",양천구,NO_MATCH,EXACT_PARCEL,114701010003140000,"서울 양천구 신정동 314"
cx_18c3b2cfa1639fab,"강남서해그랑블",강남구,NO_MATCH,EXACT_JIBUN_ADDRESS,116801010007960029,"서울 강남구 역삼동 796-29"
cx_18c40b3062b1a12c,"한화진넥스빌",강남구,NO_MATCH,EXACT_JIBUN_ADDRESS,116801010007060020,"서울 강남구 역삼동 706-20"
cx_18c87ce5c575cbf8,"상지리츠빌4차(843-11)",서초구,NO_MATCH,EXACT_JIBUN_ADDRESS,116501010008430011,"서울 서초구 방배동 843-11"
cx_18d053e93efd9b30,"서초우방유쉘",서초구,NO_MATCH,EXACT_JIBUN_ADDRESS,116501080015600009,"서울 서초구 서초동 1560-9"
cx_18d5f5a90ead5289,"월드",은평구,NO_MATCH,EXACT_JIBUN_ADDRESS,113801080000570039,"서울 은평구 역촌동 57-39"
cx_18d6396a8ea408fd,"대흥동세양",마포구,NO_MATCH,EXACT_PARCEL,114401080008020000,"서울 마포구 대흥동 802"
cx_18d85e66e9db55d2,"e편한세상서울대입구2단지",관악구,NO_MATCH,EXACT_JIBUN_ADDRESS,116201010017300001,"서울 관악구 봉천동 1730-1"
cx_18d85e8409170ad3,"레디앙스",동작구,NO_MATCH,EXACT_JIBUN_ADDRESS,115901070002380006,"서울 동작구 사당동 238-6"
cx_18df00979e2fcc7c,"연세힐하우스(ⅱ)",강남구,NO_MATCH,EXACT_JIBUN_ADDRESS,116801040001020005,"서울 강남구 청담동 102-5"
cx_18e2eb1b4950b796,"정호백경",동작구,NO_MATCH,EXACT_JIBUN_ADDRESS,115901020001810002,"서울 동작구 상도동 181-2"
cx_18e4b96c06d12f59,"용산더프라임",용산구,NO_MATCH,EXACT_PARCEL,111701120000410000,"서울 용산구 원효로1가 41"
cx_18e93198f7f4e0c0,"청솔숲속마을102동",강서구,NO_MATCH,EXACT_PARCEL,115001060007380000,"서울 강서구 내발산동 738"
cx_18efd919294047dc,"쌍용스윗닷홈",동작구,NO_MATCH,EXACT_PARCEL,115901020004180000,"서울 동작구 상도동 418"
cx_18f6072582b1dd33,"신원아침도시(1420)",서초구,NO_MATCH,EXACT_JIBUN_ADDRESS,116501080014200018,"서울 서초구 서초동 1420-18"
cx_18f6823cd579b363,"예성그린캐슬1차",관악구,NO_MATCH,EXACT_JIBUN_ADDRESS,116201030010840001,"서울 관악구 남현동 1084-1"
cx_18fa9fda705ce542,"나이스홈",은평구,NO_MATCH,EXACT_JIBUN_ADDRESS,113801060000060018,"서울 은평구 대조동 6-18"
cx_18fb97fdd7fb55ca,"대성",구로구,NO_MATCH,EXACT_JIBUN_ADDRESS,115301020007990001,"서울 구로구 구로동 799-1"
cx_18ffd2c6439405f2,"아름채",서대문구,NO_MATCH,EXACT_JIBUN_ADDRESS,114101110001580013,"서울 서대문구 홍제동 158-13"
cx_190260d3b24b8698,"우솔마을서초리슈빌s아파트",서초구,NO_MATCH,EXACT_PARCEL,116501030007640000,"서울 서초구 우면동 764"
cx_190689a2564fcd34,"대방홈타운",동작구,NO_MATCH,EXACT_JIBUN_ADDRESS,115901080003770001,"서울 동작구 대방동 377-1"
cx_190a0696700f7125,"솔렌시아3(85-1)",중랑구,NO_MATCH,EXACT_JIBUN_ADDRESS,112601020000850001,"서울 중랑구 상봉동 85-1"
cx_190b3cad0f08ec10,"한가람",용산구,NO_MATCH,EXACT_PARCEL,111701290004040000,"서울 용산구 이촌동 404"
cx_190d46331ffb81dd,"한강이레",광진구,NO_MATCH,EXACT_JIBUN_ADDRESS,112151050005910013,"서울 광진구 자양동 591-13"
cx_19113891405c2f94,"북아현4차",서대문구,NO_MATCH,EXACT_JIBUN_ADDRESS,114101100001890024,"서울 서대문구 북아현동 189-24"
cx_191722be51fa48b8,"현대팰리스",영등포구,NO_MATCH,EXACT_JIBUN_ADDRESS,115601030000280138,"서울 영등포구 영등포동2가 28-138"
cx_1927fb21966b19ce,"미영(101)",서초구,NO_MATCH,EXACT_JIBUN_ADDRESS,116501020000060029,"서울 서초구 양재동 6-29"
cx_192c63fe2b07f65c,"한솔",성북구,NO_MATCH,EXACT_JIBUN_ADDRESS,112901370000240051,"서울 성북구 상월곡동 24-51"
cx_19313fb2ddece893,"청솔샤르망1001동",강서구,NO_MATCH,EXACT_JIBUN_ADDRESS,115001060006760023,"서울 강서구 내발산동 676-23"
cx_19360f230e73bfb9,"(740-33)",구로구,NO_MATCH,EXACT_JIBUN_ADDRESS,115301020007400033,"서울 구로구 구로동 740-33"
cx_193ede01bff114da,"서울숲행당푸르지오",성동구,NO_MATCH,EXACT_PARCEL,112001070003760000,"서울 성동구 행당동 376"
cx_19426a4bcb4e9681,"연우",서대문구,NO_MATCH,EXACT_JIBUN_ADDRESS,114101170001870118,"서울 서대문구 연희동 187-118"
cx_1943f97fda3f7c26,"두산위브",서초구,NO_MATCH,EXACT_JIBUN_ADDRESS,116501060000760002,"서울 서초구 잠원동 76-2"
cx_19480bb297c9f18d,"더샾오데움(104동)",서초구,NO_MATCH,EXACT_JIBUN_ADDRESS,116501080014720001,"서울 서초구 서초동 1472-1"
cx_1948275080452b7c,"골드아트빌",서초구,NO_MATCH,EXACT_JIBUN_ADDRESS,116501010008640007,"서울 서초구 방배동 864-7"
cx_1948cbebd7ee90c2,"상림마을6단지푸르지오(615~621동)bl1-6",은평구,NO_MATCH,EXACT_PARCEL,113801140000010000,"서울 은평구 진관동 1"
cx_195464cadae03c47,"신월동금용",양천구,NO_MATCH,EXACT_JIBUN_ADDRESS,114701030005330001,"서울 양천구 신월동 533-1"
cx_195822872c5e0521,"정광아파트",서초구,NO_MATCH,EXACT_JIBUN_ADDRESS,116501070001070019,"서울 서초구 반포동 107-19"
cx_196339171143f4c4,"메세나폴리스",마포구,NO_MATCH,EXACT_PARCEL,114401200004900000,"서울 마포구 서교동 490"
cx_196cf51db1c25c4d,"왕십리지웰",성동구,NO_MATCH,EXACT_PARCEL,112001020010640000,"서울 성동구 하왕십리동 1064"
cx_196d45b718ab36d6,"와이센트럴시티상봉",중랑구,NO_MATCH,EXACT_PARCEL,112601020005040000,"서울 중랑구 상봉동 504"
cx_19826e4913692de4,"숭인한양leeps",종로구,NO_MATCH,EXACT_JIBUN_ADDRESS,111101750014210002,"서울 종로구 숭인동 1421-2"
cx_198d949b6444bfad,"힐스빌",송파구,NO_MATCH,MULTI_RECORD_SAME_PARCEL,117101040001040000,"서울 송파구 송파동 104"
cx_1999fb2c21a3126d,"청솔아파트",은평구,NO_MATCH,EXACT_JIBUN_ADDRESS,113801020000710008,"서울 은평구 녹번동 71-8"
cx_19a39c0be75b8bf0,"해태그린피아빌라트",송파구,NO_MATCH,EXACT_JIBUN_ADDRESS,117101110001800008,"서울 송파구 방이동 180-8"
cx_19b2086f057ce6c9,"(744-19)",구로구,NO_MATCH,EXACT_JIBUN_ADDRESS,115301020007440019,"서울 구로구 구로동 744-19"
cx_19b4c1d13d7754bd,"하이캐슬101동",관악구,NO_MATCH,EXACT_JIBUN_ADDRESS,116201010015950014,"서울 관악구 봉천동 1595-14"
cx_19b854fe81c3b055,"방배5차상지리츠빌",서초구,NO_MATCH,EXACT_JIBUN_ADDRESS,116501010007970022,"서울 서초구 방배동 797-22"
cx_19d860b6f1691a0a,"장안삼성쉐르빌",동대문구,NO_MATCH,EXACT_JIBUN_ADDRESS,112301060003710001,"서울 동대문구 장안동 371-1"
cx_19d9693261a12e27,"삼호아파트",송파구,NO_MATCH,MULTI_RECORD_SAME_PARCEL,117101130001360000,"서울 송파구 거여동 136"
cx_19ebbba4cec13471,"글로벌팰리스",동대문구,NO_MATCH,EXACT_JIBUN_ADDRESS,112301060004150010,"서울 동대문구 장안동 415-10"
cx_19f7235df4298af2,"북한산현대힐스테이트3차아파트",은평구,NO_MATCH,EXACT_PARCEL,113801030006410000,"서울 은평구 불광동 641"
cx_19fb1af67a6fb43f,"합정한강아파트",마포구,NO_MATCH,EXACT_PARCEL,114401220004740000,"서울 마포구 합정동 474"
cx_19fc6f061f1fb6ec,"상우",구로구,NO_MATCH,EXACT_PARCEL,115301070004730000,"서울 구로구 개봉동 473"
cx_19ffc2c6d678204e,"대운행복",마포구,NO_MATCH,EXACT_JIBUN_ADDRESS,114401220003890016,"서울 마포구 합정동 389-16"
cx_1a2c240016121207,"금강kcc",동작구,NO_MATCH,EXACT_PARCEL,115901060003310000,"서울 동작구 동작동 331"
cx_1a30834175a024c1,"마곡엠밸리8단지",강서구,NO_MATCH,EXACT_PARCEL,115001050007410000,"서울 강서구 마곡동 741"
cx_1a385bd1afcbe682,"(794-12)",구로구,NO_MATCH,EXACT_JIBUN_ADDRESS,115301020007940012,"서울 구로구 구로동 794-12"
cx_1a487928f1df4791,"더갤러리테라스",관악구,NO_MATCH,EXACT_JIBUN_ADDRESS,116201010001000020,"서울 관악구 봉천동 100-20"
cx_1a4ac2b14e22cd90,"신화아트벨리2차",관악구,NO_MATCH,EXACT_JIBUN_ADDRESS,116201020005870097,"서울 관악구 신림동 587-97"
cx_1a5b41b83d64e057,"우성캐릭터199",강남구,NO_MATCH,EXACT_JIBUN_ADDRESS,116801180004670024,"서울 강남구 도곡동 467-24"
cx_1a5e4a40c23c1d96,"서초한양수자인",서초구,NO_MATCH,EXACT_JIBUN_ADDRESS,116501080013440002,"서울 서초구 서초동 1344-2"
cx_1a6a9094ba681b71,"강서",용산구,NO_MATCH,EXACT_JIBUN_ADDRESS,111701290001930005,"서울 용산구 이촌동 193-5"
cx_1a7e26cb26295a70,"에벤에셀빌라트",강남구,NO_MATCH,EXACT_JIBUN_ADDRESS,116801010006850019,"서울 강남구 역삼동 685-19"
cx_1a83edacc6617a18,"광남캐스빌a",마포구,NO_MATCH,EXACT_JIBUN_ADDRESS,114401230004650034,"서울 마포구 망원동 465-34"
cx_1a94b6c5ab01fb63,"그린나래",영등포구,NO_MATCH,EXACT_JIBUN_ADDRESS,115601180002510002,"서울 영등포구 도림동 251-2"
cx_1a9b84f63342e271,"통일102동(597-24)",강서구,NO_MATCH,EXACT_JIBUN_ADDRESS,115001090005970024,"서울 강서구 방화동 597-24"
cx_1aa06bd6dca5e6d9,"(803-29)",구로구,NO_MATCH,EXACT_JIBUN_ADDRESS,115301020008030029,"서울 구로구 구로동 803-29"
cx_1aa909b0ddc00f4e,"디안(89-77)",은평구,NO_MATCH,EXACT_JIBUN_ADDRESS,113801060000890077,"서울 은평구 대조동 89-77"
cx_1aacf2b891b7498d,"흑석리버파크자이",동작구,NO_MATCH,EXACT_PARCEL,115901050003430000,"서울 동작구 흑석동 343"
cx_1abd03cec7ac761e,"삼익파크맨션",강동구,NO_MATCH,EXACT_PARCEL,117401050000530000,"서울 강동구 길동 53"
cx_1abebb0037c68ed6,"신성그랜드타워",광진구,NO_MATCH,EXACT_JIBUN_ADDRESS,112151010002310001,"서울 광진구 중곡동 231-1"
cx_1acaee7b35829809,"(743-60)",구로구,NO_MATCH,EXACT_JIBUN_ADDRESS,115301020007430060,"서울 구로구 구로동 743-60"
cx_1acd345b8f3412ba,"강동lg자이",강동구,NO_MATCH,EXACT_PARCEL,117401050004740000,"서울 강동구 길동 474"
cx_1acf06028479423e,"태솔타운",강북구,NO_MATCH,EXACT_JIBUN_ADDRESS,113051030000770009,"서울 강북구 수유동 77-9"
cx_1ad0dcad612bf5ce,"정릉힐스테이트",성북구,NO_MATCH,EXACT_PARCEL,112901330010250000,"서울 성북구 정릉동 1025"
cx_1ad2a98c0ced0e94,"평화빌라",구로구,NO_MATCH,EXACT_JIBUN_ADDRESS,115301020007490051,"서울 구로구 구로동 749-51"
cx_1ade8f79e5f778aa,"동도아카데미하우스3차",서대문구,NO_MATCH,EXACT_JIBUN_ADDRESS,114101170000750001,"서울 서대문구 연희동 75-1"
cx_1ae1f289b59d5de9,"금호",강서구,NO_MATCH,EXACT_JIBUN_ADDRESS,115001030010390003,"서울 강서구 화곡동 1039-3"
cx_1af8fd675662e2d8,"광남벨라스2차",마포구,NO_MATCH,EXACT_JIBUN_ADDRESS,114401200004580022,"서울 마포구 서교동 458-22"
cx_1afae0b90f2dd803,"명진",은평구,NO_MATCH,EXACT_JIBUN_ADDRESS,113801070003600015,"서울 은평구 응암동 360-15"
cx_1afd1bc22009db6e,"삼성보라매옴니타워",동작구,NO_MATCH,EXACT_JIBUN_ADDRESS,115901090003950062,"서울 동작구 신대방동 395-62"
cx_1b03d3b7cbdf8df1,"초원",중구,NO_MATCH,EXACT_JIBUN_ADDRESS,111401620004320479,"서울 중구 신당동 432-479"
cx_1b0af8f3d0788466,"라온프라이빗",중랑구,NO_MATCH,EXACT_PARCEL,112601010015440000,"서울 중랑구 면목동 1544"
cx_1b12e925f8dc9b50,"상수동월드메르디앙",마포구,NO_MATCH,EXACT_PARCEL,114401150003630000,"서울 마포구 상수동 363"
cx_1b16c0f2e2aea01b,"예그리나(1동)",송파구,NO_MATCH,EXACT_JIBUN_ADDRESS,117101080000680015,"서울 송파구 문정동 68-15"
cx_1b1ba11a486aaf28,"태천",강동구,NO_MATCH,EXACT_JIBUN_ADDRESS,117401080004200009,"서울 강동구 성내동 420-9"
cx_1b285dfa96613ca8,"철우",용산구,NO_MATCH,EXACT_JIBUN_ADDRESS,111701280000650500,"서울 용산구 한강로3가 65-500"
cx_1b2860f25cee34c5,"서강",서대문구,NO_MATCH,EXACT_JIBUN_ADDRESS,114101110003540006,"서울 서대문구 홍제동 354-6"
cx_1b2bf47cd50738f7,"비욘디에",서초구,NO_MATCH,MULTI_RECORD_SAME_PARCEL,116501010007640000,"서울 서초구 방배동 764"
cx_1b2ca5e6d726b38c,"자선메르시안101동(123-26)",은평구,NO_MATCH,EXACT_JIBUN_ADDRESS,113801070001230026,"서울 은평구 응암동 123-26"
cx_1b2ded5d954b2074,"브라운스톤서울",중구,NO_MATCH,EXACT_PARCEL,111401710003550000,"서울 중구 중림동 355"
cx_1b33b2633dbcd157,"은평서해그랑블",은평구,NO_MATCH,EXACT_PARCEL,113801050005480000,"서울 은평구 구산동 548"
cx_1b3515e3124de441,"두리",광진구,NO_MATCH,EXACT_JIBUN_ADDRESS,112151010001350013,"서울 광진구 중곡동 135-13"
cx_1b3851bed2e9e293,"송파레이크힐",송파구,NO_MATCH,EXACT_PARCEL,117101130006060000,"서울 송파구 거여동 606"
cx_1b3aeb6cc370c537,"대명하이빌(103동)",구로구,NO_MATCH,EXACT_JIBUN_ADDRESS,115301090001780007,"서울 구로구 궁동 178-7"
cx_1b3f137a00080f3b,"마이다스힐빌라트",강남구,NO_MATCH,EXACT_JIBUN_ADDRESS,116801010007280006,"서울 강남구 역삼동 728-6"
cx_1b4ca25e804bd5aa,"(797-43)",구로구,NO_MATCH,EXACT_JIBUN_ADDRESS,115301020007970043,"서울 구로구 구로동 797-43"
cx_1b591aa5c1416796,"한백e",강서구,NO_MATCH,EXACT_JIBUN_ADDRESS,115001030009150006,"서울 강서구 화곡동 915-6"
cx_1b5beff6a1510662,"나인원한남",용산구,NO_MATCH,EXACT_PARCEL,111701310008290000,"서울 용산구 한남동 829"
cx_1b5e6d7f5ff719aa,"개나리4",강남구,NO_MATCH,EXACT_PARCEL,116801010007120000,"서울 강남구 역삼동 712"
cx_1b74071103eab177,"가락현대투웰브(101동)",송파구,NO_MATCH,EXACT_JIBUN_ADDRESS,117101070001980009,"서울 송파구 가락동 198-9"
cx_1b80cc675b526d51,"강남웅진베어스빌",강남구,NO_MATCH,EXACT_JIBUN_ADDRESS,116801010008380010,"서울 강남구 역삼동 838-10"
cx_1b81730546125100,"신반포청구",서초구,NO_MATCH,EXACT_JIBUN_ADDRESS,116501060000630002,"서울 서초구 잠원동 63-2"
cx_1b92142c91baeb36,"우원그린빌",구로구,NO_MATCH,EXACT_JIBUN_ADDRESS,115301020001100009,"서울 구로구 구로동 110-9"
cx_1b9bcfeb30a10a27,"개포자이",강남구,NO_MATCH,EXACT_JIBUN_ADDRESS,116801030000120002,"서울 강남구 개포동 12-2"
cx_1ba0226555be6c4a,"우평",서초구,NO_MATCH,EXACT_JIBUN_ADDRESS,116501010008650019,"서울 서초구 방배동 865-19"
cx_1ba2dda1d513b91d,"강동파크빌",강동구,NO_MATCH,EXACT_JIBUN_ADDRESS,117401090004500038,"서울 강동구 천호동 450-38"
cx_1ba32b1669ecc806,"(743-18)",구로구,NO_MATCH,EXACT_JIBUN_ADDRESS,115301020007430018,"서울 구로구 구로동 743-18"
cx_1ba467aaea8d23f0,"솔빛",은평구,NO_MATCH,EXACT_JIBUN_ADDRESS,113801080000470031,"서울 은평구 역촌동 47-31"
cx_1ba86135992de8bb,"청솔",양천구,NO_MATCH,EXACT_JIBUN_ADDRESS,114701030004460002,"서울 양천구 신월동 446-2"
cx_1baa5ad947ea0bcf,"궁전",서초구,NO_MATCH,EXACT_JIBUN_ADDRESS,116501070000650001,"서울 서초구 반포동 65-1"
cx_1bab1cae500c9447,"광남벨라스2동",마포구,NO_MATCH,EXACT_JIBUN_ADDRESS,114401210002000004,"서울 마포구 동교동 200-4"
cx_1bb16add90ef40b8,"동아하이빌아파트",강동구,NO_MATCH,EXACT_JIBUN_ADDRESS,117401090002170132,"서울 강동구 천호동 217-132"
cx_1bb9437cdd280767,"승윤노블리안",구로구,NO_MATCH,EXACT_PARCEL,115301020012890000,"서울 구로구 구로동 1289"
cx_1bc393d4290d8d94,"강남한신휴플러스6단지",강남구,NO_MATCH,EXACT_PARCEL,116801130003650000,"서울 강남구 율현동 365"
cx_1bc447a13b836415,"스타파크아파트",광진구,NO_MATCH,EXACT_JIBUN_ADDRESS,112151030000800037,"서울 광진구 구의동 80-37"
cx_1bd495653e18cf1c,"비버리힐즈",서초구,NO_MATCH,EXACT_JIBUN_ADDRESS,116501070006120028,"서울 서초구 반포동 612-28"
cx_1bd79d0c9d53e9bd,"로마아트빌",양천구,NO_MATCH,EXACT_JIBUN_ADDRESS,114701010011480007,"서울 양천구 신정동 1148-7"
cx_1bdfc83a7d8869d1,"우장산숲아이파크",강서구,NO_MATCH,EXACT_PARCEL,115001030011730000,"서울 강서구 화곡동 1173"
cx_1be328cee4adb862,"청솔샤르망1002동",강서구,NO_MATCH,EXACT_JIBUN_ADDRESS,115001060006750009,"서울 강서구 내발산동 675-9"
cx_1be56955fb608e6d,"우암센스뷰",강북구,NO_MATCH,EXACT_JIBUN_ADDRESS,113051030002290050,"서울 강북구 수유동 229-50"
cx_1becf336ee8d7d1d,"송파파인타운3단지",송파구,NO_MATCH,EXACT_PARCEL,117101090008490000,"서울 송파구 장지동 849"
cx_1bed25858b2a06e7,"내이처해밀",영등포구,NO_MATCH,EXACT_PARCEL,115601020001450000,"서울 영등포구 영등포동1가 145"
cx_1bf84fc64f5e9ec8,"삼성풍림2차아파트",강남구,NO_MATCH,MULTI_RECORD_SAME_PARCEL,116801050001040000,"서울 강남구 삼성동 104"
cx_1c06aa7277908001,"청옥",성북구,NO_MATCH,EXACT_JIBUN_ADDRESS,112901330007160117,"서울 성북구 정릉동 716-117"
cx_1c12f24fd3265cda,"방주기픈샘2",양천구,NO_MATCH,EXACT_PARCEL,114701030010470000,"서울 양천구 신월동 1047"
cx_1c1d18a1e69bec3f,"행복한세상",양천구,NO_MATCH,EXACT_JIBUN_ADDRESS,114701030000290007,"서울 양천구 신월동 29-7"
cx_1c2122f9d1d437e6,"삼환바우스",서초구,NO_MATCH,EXACT_JIBUN_ADDRESS,116501080016770011,"서울 서초구 서초동 1677-11"
cx_1c23d7ed884080df,"세모하이츠(a)",중랑구,NO_MATCH,EXACT_JIBUN_ADDRESS,112601010001320063,"서울 중랑구 면목동 132-63"
cx_1c244e7305d12c44,"반포자이",서초구,NO_MATCH,EXACT_JIBUN_ADDRESS,116501070000200043,"서울 서초구 반포동 20-43"
cx_1c2b64d679c1faa9,"신성아파트101동",강남구,NO_MATCH,MULTI_RECORD_SAME_PARCEL,116801070006220000,"서울 강남구 신사동 622"
cx_1c3abb2f9293f515,"광남푸른마을",마포구,NO_MATCH,EXACT_JIBUN_ADDRESS,114401200003810004,"서울 마포구 서교동 381-4"
cx_1c58b5197bd43f23,"부강쉐르빌",강북구,NO_MATCH,EXACT_JIBUN_ADDRESS,113051030002810051,"서울 강북구 수유동 281-51"
cx_1c6a4fba47075b6f,"씨엠아파트",노원구,NO_MATCH,EXACT_JIBUN_ADDRESS,113501030005680006,"서울 노원구 공릉동 568-6"
cx_1c6c51c15fceca6a,"한백고은",구로구,NO_MATCH,EXACT_JIBUN_ADDRESS,115301080000060001,"서울 구로구 오류동 6-1"
cx_1c7444f223868734,"태솔타운3차",동대문구,NO_MATCH,EXACT_JIBUN_ADDRESS,112301060003670011,"서울 동대문구 장안동 367-11"
cx_1c7ae93703c2335b,"중앙하이츠",서대문구,NO_MATCH,MULTI_RECORD_SAME_PARCEL,114101110003420000,"서울 서대문구 홍제동 342"
cx_1c9c3a4a679e97d4,"연리지",은평구,NO_MATCH,EXACT_JIBUN_ADDRESS,113801080000360037,"서울 은평구 역촌동 36-37"
cx_1cac712441152266,"루컴즈힐서리풀",서초구,NO_MATCH,EXACT_JIBUN_ADDRESS,116501080014960006,"서울 서초구 서초동 1496-6"
cx_1cb6819d63059502,"해담채3",구로구,NO_MATCH,EXACT_JIBUN_ADDRESS,115301020001040003,"서울 구로구 구로동 104-3"
cx_1cb84a11c22cb193,"용암한신",용산구,NO_MATCH,EXACT_JIBUN_ADDRESS,111701020000470005,"서울 용산구 용산동2가 47-5"
cx_1cba408bc3b796c6,"우림필유",구로구,NO_MATCH,EXACT_PARCEL,115301080003480000,"서울 구로구 오류동 348"
cx_1cc19edab11d4dd7,"목동신시가지3",양천구,NO_MATCH,EXACT_PARCEL,114701020009030000,"서울 양천구 목동 903"
cx_1cd2e952f40e8134,"동순미",도봉구,NO_MATCH,EXACT_PARCEL,113201050006420000,"서울 도봉구 쌍문동 642"
cx_1cd81de0c6409604,"삼익(2단지)",구로구,NO_MATCH,EXACT_PARCEL,115301060003310000,"서울 구로구 고척동 331"
cx_1cdb022cc87982b4,"동승",송파구,NO_MATCH,EXACT_JIBUN_ADDRESS,117101060001640005,"서울 송파구 삼전동 164-5"
cx_1cdbe84969d7f4c8,"신송타워",강서구,NO_MATCH,EXACT_JIBUN_ADDRESS,115001020006620003,"서울 강서구 등촌동 662-3"
cx_1cdc01f5e467f9ca,"동성",동대문구,NO_MATCH,EXACT_JIBUN_ADDRESS,112301090003080110,"서울 동대문구 휘경동 308-110"
cx_1cee18237c0558c8,"폭포동4단지힐스테이트(423~425동)bl3-10",은평구,NO_MATCH,EXACT_PARCEL,113801140001320000,"서울 은평구 진관동 132"
cx_1cf00b434b2e77f9,"율창(885-1)",강서구,NO_MATCH,EXACT_JIBUN_ADDRESS,115001030008850001,"서울 강서구 화곡동 885-1"
cx_1d1250ac5a067121,"우신",은평구,NO_MATCH,EXACT_JIBUN_ADDRESS,113801050000250053,"서울 은평구 구산동 25-53"
cx_1d127e906639ff17,"현대",관악구,NO_MATCH,EXACT_JIBUN_ADDRESS,116201020002550189,"서울 관악구 신림동 255-189"
cx_1d32efc40a63b9fa,"압구정화이트빌",강남구,NO_MATCH,EXACT_JIBUN_ADDRESS,116801070005910011,"서울 강남구 신사동 591-11"
cx_1d35f8e0c81136b1,"신부파스카빌",관악구,NO_MATCH,EXACT_JIBUN_ADDRESS,116201010004660001,"서울 관악구 봉천동 466-1"
cx_1d3c3a3a3872bf76,"sm해그린12차",강동구,NO_MATCH,EXACT_JIBUN_ADDRESS,117401050000970006,"서울 강동구 길동 97-6"
cx_1d3f217f8f810594,"덕산",종로구,NO_MATCH,EXACT_JIBUN_ADDRESS,111101740006390050,"서울 종로구 창신동 639-50"
cx_1d4271c32b4871e8,"참존1차(419-3)",마포구,NO_MATCH,EXACT_JIBUN_ADDRESS,114401230004190003,"서울 마포구 망원동 419-3"
cx_1d4665bbed6451ce,"상무",동작구,NO_MATCH,NO_MATCH,115901020002830137,"서울 동작구 상도동 283-137"
cx_1d478eefbded17b6,"임탑(364)101동",은평구,NO_MATCH,EXACT_PARCEL,113801090003640000,"서울 은평구 신사동 364"
cx_1d53b82e56716ab3,"아름빌",송파구,NO_MATCH,EXACT_JIBUN_ADDRESS,117101080000810001,"서울 송파구 문정동 81-1"
cx_1d5416da4894c53b,"현대1",강남구,NO_MATCH,EXACT_PARCEL,116801060009920000,"서울 강남구 대치동 992"
cx_1d54f9f868e5ac99,"예지펠리스아파트",강서구,NO_MATCH,EXACT_JIBUN_ADDRESS,115001020006370015,"서울 강서구 등촌동 637-15"
cx_1d58536b732e3a69,"해찬행복드림",금천구,NO_MATCH,EXACT_JIBUN_ADDRESS,115451010001530009,"서울 금천구 가산동 153-9"
cx_1d6f58cce54e5860,"장미",양천구,NO_MATCH,EXACT_JIBUN_ADDRESS,114701010009170010,"서울 양천구 신정동 917-10"
cx_1d7779bd3f620f32,"보람하이빌",관악구,NO_MATCH,EXACT_JIBUN_ADDRESS,116201010001000519,"서울 관악구 봉천동 100-519"
cx_1d7d49aecb378757,"한백힐",구로구,NO_MATCH,EXACT_JIBUN_ADDRESS,115301080000090003,"서울 구로구 오류동 9-3"
cx_1d82365c09497c51,"암사e편한세상",강동구,NO_MATCH,EXACT_JIBUN_ADDRESS,117401070004220026,"서울 강동구 암사동 422-26"
cx_1d87b874c45662ce,"뉴월드",은평구,NO_MATCH,EXACT_JIBUN_ADDRESS,113801090003380007,"서울 은평구 신사동 338-7"
cx_1d936d2f82a7d13b,"낙성대현대아파트",관악구,NO_MATCH,EXACT_JIBUN_ADDRESS,116201010001790058,"서울 관악구 봉천동 179-58"
cx_1da122e03f051da8,"대림e-편한세상",성동구,NO_MATCH,MULTI_RECORD_SAME_PARCEL,112001070003470000,"서울 성동구 행당동 347"
cx_1da3bb6a97fb9da3,"왕십리kcc스위첸",성동구,NO_MATCH,EXACT_PARCEL,112001020010020000,"서울 성동구 하왕십리동 1002"
cx_1dacbf874dd73733,"(1617-21)",서초구,NO_MATCH,EXACT_JIBUN_ADDRESS,116501080016170021,"서울 서초구 서초동 1617-21"
cx_1db8690333dfdee9,"동국화이트빌a동",양천구,NO_MATCH,EXACT_JIBUN_ADDRESS,114701010008790018,"서울 양천구 신정동 879-18"
cx_1dbd29b448a57b9b,"밀라텔쉐르빌",서초구,NO_MATCH,EXACT_JIBUN_ADDRESS,116501080013160031,"서울 서초구 서초동 1316-31"
cx_1dc1ae5eb9ba8b4a,"브라운스톤금호",성동구,NO_MATCH,EXACT_PARCEL,112001120015070000,"서울 성동구 금호동4가 1507"
cx_1dc296a8904c845e,"강남한솔",강남구,NO_MATCH,EXACT_JIBUN_ADDRESS,116801010007940019,"서울 강남구 역삼동 794-19"
cx_1dcc519c78db8456,"송파자연채",송파구,NO_MATCH,EXACT_JIBUN_ADDRESS,117101140000320001,"서울 송파구 마천동 32-1"
cx_1dcefe1b67c7d455,"한신휴1차",영등포구,NO_MATCH,EXACT_JIBUN_ADDRESS,115601330008870001,"서울 영등포구 대림동 887-1"
cx_1df5778e2e2869a8,"원흥타운",강서구,NO_MATCH,EXACT_JIBUN_ADDRESS,115001030010870005,"서울 강서구 화곡동 1087-5"
cx_1dfafff7ea5f7dbd,"산호",용산구,NO_MATCH,EXACT_JIBUN_ADDRESS,111701180001180016,"서울 용산구 원효로4가 118-16"
cx_1dfeb91c7ca26b2f,"동아빌라트2",서초구,NO_MATCH,EXACT_JIBUN_ADDRESS,116501080016780002,"서울 서초구 서초동 1678-2"
cx_1dfee9c393937fea,"가락쌍용(2차)",송파구,NO_MATCH,EXACT_JIBUN_ADDRESS,117101070000210006,"서울 송파구 가락동 21-6"
cx_1e07f48b4a05c1ad,"도곡푸르지오102동",강남구,NO_MATCH,EXACT_JIBUN_ADDRESS,116801180009490002,"서울 강남구 도곡동 949-2"
cx_1e1f04de349e8a94,"광덕파크빌아파트",노원구,NO_MATCH,EXACT_PARCEL,113501030007520000,"서울 노원구 공릉동 752"
cx_1e203a076f6a970d,"인정",동작구,NO_MATCH,EXACT_PARCEL,115901070001960000,"서울 동작구 사당동 196"
cx_1e2c38339d922d49,"신금호",성동구,NO_MATCH,EXACT_JIBUN_ADDRESS,112001090001280005,"서울 성동구 금호동1가 128-5"
cx_1e3734fe3a301146,"계명(1075-31)",강서구,NO_MATCH,EXACT_JIBUN_ADDRESS,115001030010750031,"서울 강서구 화곡동 1075-31"
cx_1e3ad1ed11c4664a,"구의자이르네",광진구,NO_MATCH,EXACT_PARCEL,112151030006710000,"서울 광진구 구의동 671"
cx_1e3be77b95a534eb,"원남",송파구,NO_MATCH,EXACT_JIBUN_ADDRESS,117101050002820012,"서울 송파구 석촌동 282-12"
cx_1e4f972e453539e5,"우성",양천구,NO_MATCH,EXACT_PARCEL,114701020002000000,"서울 양천구 목동 200"
cx_1e543d43246bdd91,"길훈로즈빌",양천구,NO_MATCH,EXACT_PARCEL,114701010012970000,"서울 양천구 신정동 1297"
cx_1e61c55d94b53129,"방배갤러리",서초구,NO_MATCH,EXACT_JIBUN_ADDRESS,116501010008060003,"서울 서초구 방배동 806-3"
cx_1e7776a2c58e3544,"(747-33)",구로구,NO_MATCH,EXACT_JIBUN_ADDRESS,115301020007470033,"서울 구로구 구로동 747-33"
cx_1e888ab4a0bb62a8,"목동노블레스",양천구,NO_MATCH,EXACT_PARCEL,114701020009450000,"서울 양천구 목동 945"
cx_1e9004b52b7981bf,"주공7",노원구,NO_MATCH,EXACT_JIBUN_ADDRESS,113501060003630001,"서울 노원구 중계동 363-1"
cx_1eb363ef0267d13f,"라파예트",서초구,NO_MATCH,EXACT_JIBUN_ADDRESS,116501010000010043,"서울 서초구 방배동 1-43"
cx_1eb4e9000c125361,"새천년3차드림",은평구,NO_MATCH,EXACT_JIBUN_ADDRESS,113801050002200002,"서울 은평구 구산동 220-2"
cx_1eb718e31691fdd8,"서초동현대리츠빌",서초구,NO_MATCH,MULTI_RECORD_SAME_PARCEL,116501080013590000,"서울 서초구 서초동 1359"
cx_1eba44410c993319,"비젼(103)",서초구,NO_MATCH,EXACT_JIBUN_ADDRESS,116501020000160021,"서울 서초구 양재동 16-21"
cx_1ebc0fc1c10e3d7d,"노블스카이",광진구,NO_MATCH,EXACT_JIBUN_ADDRESS,112151050007690001,"서울 광진구 자양동 769-1"
cx_1ecbad16b1620b12,"신정두산위브",양천구,NO_MATCH,EXACT_PARCEL,114701030010550000,"서울 양천구 신월동 1055"
cx_1ece8c73607d44ea,"연세리버테라스",강남구,NO_MATCH,MULTI_RECORD_SAME_PARCEL,116801040001020000,"서울 강남구 청담동 102"
cx_1ecf0b275838a340,"힐탑트레져1동",용산구,NO_MATCH,EXACT_JIBUN_ADDRESS,111701310000010044,"서울 용산구 한남동 1-44"
cx_1ed7103887dc5c8b,"방배대우(562-1)",서초구,NO_MATCH,EXACT_JIBUN_ADDRESS,116501010005620001,"서울 서초구 방배동 562-1"
cx_1edaa714fdfeea2f,"미진",양천구,NO_MATCH,EXACT_JIBUN_ADDRESS,114701030005100007,"서울 양천구 신월동 510-7"
cx_1ee1c08dbdc63c49,"장위동동원베네스트",성북구,NO_MATCH,EXACT_JIBUN_ADDRESS,112901380000500050,"서울 성북구 장위동 50-50"
cx_1ee77c1824e3a45b,"우방",관악구,NO_MATCH,EXACT_PARCEL,116201020017150000,"서울 관악구 신림동 1715"
cx_1ee839a125ad7fd8,"백조",도봉구,NO_MATCH,MULTI_RECORD_SAME_PARCEL,113201050007240000,"서울 도봉구 쌍문동 724"
cx_1ee8cbc6164a6176,"현대(5차)(재건축)",송파구,NO_MATCH,NO_MATCH,117101070001610003,"서울 송파구 가락동 161-3"
cx_1ee98e4e1744ee9c,"센트레빌아스테리움시그니처",은평구,NO_MATCH,NO_MATCH,113801080002370000,"서울 은평구 역촌동 237"
cx_1eec6e948c7b09fe,"소망",은평구,NO_MATCH,EXACT_JIBUN_ADDRESS,113801080000630002,"서울 은평구 역촌동 63-2"
cx_1eed4530c4f4bd17,"대림우성2",구로구,NO_MATCH,EXACT_PARCEL,115301020001200000,"서울 구로구 구로동 120"
cx_1f04c7630ed9ba5a,"현대2차",노원구,NO_MATCH,EXACT_PARCEL,113501050010780000,"서울 노원구 상계동 1078"
cx_1f055d3c9755d9af,"래미안서초3차",서초구,NO_MATCH,EXACT_JIBUN_ADDRESS,116501080014870145,"서울 서초구 서초동 1487-145"
cx_1f070f5d203e4487,"엘엔씨레반트",은평구,NO_MATCH,EXACT_JIBUN_ADDRESS,113801070000960041,"서울 은평구 응암동 96-41"
cx_1f083a9b0ccae766,"방배아이파크",서초구,NO_MATCH,EXACT_PARCEL,116501010032770000,"서울 서초구 방배동 3277"
cx_1f1368a2997b42b9,"세진아파트",양천구,NO_MATCH,EXACT_JIBUN_ADDRESS,114701030005180002,"서울 양천구 신월동 518-2"
cx_1f156aff56472875,"파크인-수",송파구,NO_MATCH,EXACT_JIBUN_ADDRESS,117101010002500005,"서울 송파구 잠실동 250-5"
cx_1f18865550a18372,"신사성원",은평구,NO_MATCH,EXACT_PARCEL,113801090003600000,"서울 은평구 신사동 360"
cx_1f229eec6bc6e7b8,"청담2차이-편한세상(201동,202동,203동)",강남구,NO_MATCH,EXACT_PARCEL,116801040000140000,"서울 강남구 청담동 14"
cx_1f358c26ac18d963,"순영웰라이빌",영등포구,NO_MATCH,EXACT_PARCEL,115601010006480000,"서울 영등포구 영등포동 648"
cx_1f5079b73cbb483a,"가양도시개발9-2단지",강서구,NO_MATCH,EXACT_PARCEL,115001040014900000,"서울 강서구 가양동 1490"
cx_1f5381bd25bb2451,"태남프라자",양천구,NO_MATCH,EXACT_JIBUN_ADDRESS,114701010009490003,"서울 양천구 신정동 949-3"
cx_1f55b499def5a296,"신원지벤스타6",서대문구,NO_MATCH,EXACT_JIBUN_ADDRESS,114101180003930003,"서울 서대문구 홍은동 393-3"
cx_1f562f23b17ea7b9,"쌍용스윗닷홈(401동)",송파구,NO_MATCH,EXACT_JIBUN_ADDRESS,117101120000310002,"서울 송파구 오금동 31-2"
cx_1f58bcfacfa8272f,"우진(72-5)",양천구,NO_MATCH,EXACT_JIBUN_ADDRESS,114701030000720005,"서울 양천구 신월동 72-5"
cx_1f5fba0978d92357,"삼환(101동)",강남구,NO_MATCH,EXACT_PARCEL,116801040000100000,"서울 강남구 청담동 10"
cx_1f6306688802afee,"벽산",동작구,NO_MATCH,EXACT_PARCEL,115901090007090000,"서울 동작구 신대방동 709"
cx_1f802394174d098f,"삼성로얄아파트",광진구,NO_MATCH,EXACT_JIBUN_ADDRESS,112151030000160026,"서울 광진구 구의동 16-26"
cx_1f840d8808a2b1dd,"삼전솔하임3차",성북구,NO_MATCH,EXACT_JIBUN_ADDRESS,112901360000880510,"서울 성북구 하월곡동 88-510"
cx_1f88ebf5fc5572ac,"아데나",관악구,NO_MATCH,EXACT_JIBUN_ADDRESS,116201020005340001,"서울 관악구 신림동 534-1"
cx_1f9a75b9238fcc24,"진성그린",서초구,NO_MATCH,EXACT_JIBUN_ADDRESS,116501080014690004,"서울 서초구 서초동 1469-4"
cx_1fa5ba6308ea66e5,"성일우리미",성북구,NO_MATCH,EXACT_PARCEL,112901030006370000,"서울 성북구 돈암동 637"
cx_1faa358d578cb0d4,"아람손프라자/비바빌",강남구,NO_MATCH,EXACT_JIBUN_ADDRESS,116801030011640007,"서울 강남구 개포동 1164-7"
cx_1faf170be2c0faeb,"백운",마포구,NO_MATCH,EXACT_JIBUN_ADDRESS,114401220004000020,"서울 마포구 합정동 400-20"
cx_1fb038afa3640e11,"동우",성북구,NO_MATCH,EXACT_JIBUN_ADDRESS,112901330007270007,"서울 성북구 정릉동 727-7"
cx_1fc9861013795c5b,"스카이",강서구,NO_MATCH,EXACT_JIBUN_ADDRESS,115001080000140010,"서울 강서구 공항동 14-10"
cx_1fc9e22f935f38d0,"성원(650)",영등포구,NO_MATCH,EXACT_PARCEL,115601330006500000,"서울 영등포구 대림동 650"
cx_1fcba11a760f1a91,"흥영",양천구,NO_MATCH,EXACT_JIBUN_ADDRESS,114701010009110004,"서울 양천구 신정동 911-4"
cx_1fde1808667a1d70,"n-suite102동(1511-3)",서초구,NO_MATCH,EXACT_JIBUN_ADDRESS,116501080015110003,"서울 서초구 서초동 1511-3"
cx_1fdea097d20f1805,"임광",서초구,NO_MATCH,EXACT_PARCEL,116501010010150000,"서울 서초구 방배동 1015"
cx_1ff3ad5a83c87508,"경남아너스빌",광진구,NO_MATCH,EXACT_JIBUN_ADDRESS,112151050006660028,"서울 광진구 자양동 666-28"
cx_2010e7f19d6944ab,"삼익플라주101동",영등포구,NO_MATCH,EXACT_PARCEL,115601270001040000,"서울 영등포구 양평동3가 104"
cx_20201d00b9891a89,"신부파스카5차",마포구,NO_MATCH,EXACT_PARCEL,114401230005180000,"서울 마포구 망원동 518"
cx_2026fc7ef969f6e7,"수유삼호",강북구,NO_MATCH,EXACT_PARCEL,113051030000630000,"서울 강북구 수유동 63"
cx_2028286b2a0c2bf7,"진성아파트",은평구,NO_MATCH,EXACT_JIBUN_ADDRESS,113801050003470001,"서울 은평구 구산동 347-1"
cx_2028d4d2ce28877b,"수유시그니티",강북구,NO_MATCH,EXACT_JIBUN_ADDRESS,113051030000870005,"서울 강북구 수유동 87-5"
cx_203ea0508cf1debe,"정심아파트",금천구,NO_MATCH,EXACT_JIBUN_ADDRESS,115451020001820001,"서울 금천구 독산동 182-1"
cx_2041167bc43d8626,"더-클라스(402-8)",서초구,NO_MATCH,EXACT_JIBUN_ADDRESS,116501020004020008,"서울 서초구 양재동 402-8"
cx_20439eebe9a38222,"마포아크로타워",마포구,NO_MATCH,EXACT_PARCEL,114401040005630000,"서울 마포구 도화동 563"
cx_204b2c244e87c9e8,"삼성리치빌1",강남구,NO_MATCH,EXACT_JIBUN_ADDRESS,116801050000520009,"서울 강남구 삼성동 52-9"
cx_204cacf0ecfab0f3,"대련",송파구,NO_MATCH,EXACT_JIBUN_ADDRESS,117101070001660015,"서울 송파구 가락동 166-15"
cx_204f0280087d2fea,"역산미르빌",은평구,NO_MATCH,EXACT_JIBUN_ADDRESS,113801080000370053,"서울 은평구 역촌동 37-53"
cx_2058ae3a53d3f59d,"길음뉴타운8단지(래미안)",성북구,NO_MATCH,EXACT_PARCEL,112901340012840000,"서울 성북구 길음동 1284"
cx_2063f9f4cb8b12d4,"서초에스케이뷰",서초구,NO_MATCH,EXACT_JIBUN_ADDRESS,116501080015210008,"서울 서초구 서초동 1521-8"
cx_2072dd2ad1cb212e,"송정",송파구,NO_MATCH,EXACT_JIBUN_ADDRESS,117101040001870005,"서울 송파구 송파동 187-5"
cx_207d910e55774200,"등촌파밀리에더클래식101동",강서구,NO_MATCH,EXACT_PARCEL,115001020007220000,"서울 강서구 등촌동 722"
cx_207e6333c70ac6a6,"상지리츠빌(1617-13)",서초구,NO_MATCH,EXACT_JIBUN_ADDRESS,116501080016170013,"서울 서초구 서초동 1617-13"
cx_2090fe565272547d,"삼안리치",도봉구,NO_MATCH,EXACT_JIBUN_ADDRESS,113201080005700010,"서울 도봉구 도봉동 570-10"
cx_209c131e82756e99,"현대파크빌",구로구,NO_MATCH,MULTI_RECORD_SAME_PARCEL,115301020001080000,"서울 구로구 구로동 108"
cx_209fe4c8b0c71532,"(745-40)",구로구,NO_MATCH,EXACT_JIBUN_ADDRESS,115301020007450040,"서울 구로구 구로동 745-40"
cx_20a5e7b7abc7e3da,"쉐라톤",은평구,NO_MATCH,EXACT_PARCEL,113801030004550000,"서울 은평구 불광동 455"
cx_20a6b1e892255c76,"삼성강변",마포구,NO_MATCH,EXACT_JIBUN_ADDRESS,114401220004000006,"서울 마포구 합정동 400-6"
cx_20ae36972605695f,"반포팰리스",서초구,NO_MATCH,EXACT_JIBUN_ADDRESS,116501070007280007,"서울 서초구 반포동 728-7"
cx_20bb5ba50cdcae74,"신명스카이뷰",성동구,NO_MATCH,EXACT_PARCEL,112001050008300000,"서울 성동구 마장동 830"
cx_20bd4e5ca54e77a9,"현대썬앤빌601",동대문구,NO_MATCH,EXACT_JIBUN_ADDRESS,112301060003730003,"서울 동대문구 장안동 373-3"
cx_20c0465fdd67565c,"수락파크",노원구,NO_MATCH,EXACT_JIBUN_ADDRESS,113501050010870004,"서울 노원구 상계동 1087-4"
cx_20cadc5babcd9ed0,"원명",동작구,NO_MATCH,EXACT_JIBUN_ADDRESS,115901020003350140,"서울 동작구 상도동 335-140"
cx_20cf26e067cc6ad7,"옥수",성동구,NO_MATCH,EXACT_PARCEL,112001130003060000,"서울 성동구 옥수동 306"
cx_20d97260455ec07f,"신월시영",양천구,NO_MATCH,EXACT_JIBUN_ADDRESS,114701030009870001,"서울 양천구 신월동 987-1"
cx_20e1e7b961d35100,"상지리츠빌9차",강남구,NO_MATCH,EXACT_JIBUN_ADDRESS,116801040001160010,"서울 강남구 청담동 116-10"
cx_20ed88866ca5ddde,"(797-25)",구로구,NO_MATCH,EXACT_JIBUN_ADDRESS,115301020007970025,"서울 구로구 구로동 797-25"
cx_20f6df78e3c0f1bf,"현대2",강남구,NO_MATCH,EXACT_PARCEL,116801030006540000,"서울 강남구 개포동 654"
cx_210ad2f124641d3e,"loft1487",서초구,NO_MATCH,EXACT_JIBUN_ADDRESS,116501080014870001,"서울 서초구 서초동 1487-1"
cx_211aaba1df7c03ec,"보영퍼팩트",마포구,NO_MATCH,EXACT_JIBUN_ADDRESS,114401250002400005,"서울 마포구 성산동 240-5"
cx_211c49cc36cfaeaa,"호반써밋a.dition",용산구,NO_MATCH,EXACT_PARCEL,111701250004290000,"서울 용산구 한강로2가 429"
cx_21271d0d8efb8de0,"프라이어팰리스",강동구,NO_MATCH,EXACT_PARCEL,117401070004130000,"서울 강동구 암사동 413"
cx_212a5a42add75293,"장안예원(418-4)",동대문구,NO_MATCH,EXACT_JIBUN_ADDRESS,112301060004180004,"서울 동대문구 장안동 418-4"
cx_212f63184595bf29,"대주파크빌",양천구,NO_MATCH,EXACT_PARCEL,114701030010280000,"서울 양천구 신월동 1028"
cx_213993e2aa67b6a4,"씨티2차(202동)",강남구,NO_MATCH,EXACT_JIBUN_ADDRESS,116801040001040013,"서울 강남구 청담동 104-13"
cx_21408cb1552b529a,"수락산늘푸른",노원구,NO_MATCH,EXACT_PARCEL,113501050013170000,"서울 노원구 상계동 1317"
cx_214baaa0aa248fe7,"충정솔레디움(101동)",서대문구,NO_MATCH,EXACT_JIBUN_ADDRESS,114101020000300017,"서울 서대문구 충정로3가 30-17"
cx_21550eba053d5b55,"한신트리플",서초구,NO_MATCH,EXACT_JIBUN_ADDRESS,116501010008160001,"서울 서초구 방배동 816-1"
cx_2159f94543f74a13,"강남한신휴플러스8단지",강남구,NO_MATCH,EXACT_PARCEL,116801130005130000,"서울 강남구 율현동 513"
cx_215e4e11e814eb16,"서울대벤처타운역푸르지오",관악구,NO_MATCH,NO_MATCH,116201020003160055,"서울 관악구 신림동 316-55"
cx_216cf2bc2180a739,"성북역신도브래뉴",노원구,NO_MATCH,EXACT_PARCEL,113501020009410000,"서울 노원구 월계동 941"
cx_217a2c85a4051961,"문영마운틴(167-1)",은평구,NO_MATCH,EXACT_JIBUN_ADDRESS,113801100001670001,"서울 은평구 증산동 167-1"
cx_217c953facb2187b,"공감대(390-1)",중랑구,NO_MATCH,EXACT_JIBUN_ADDRESS,112601010003900001,"서울 중랑구 면목동 390-1"
cx_2180382e33dd1c55,"삼광",서초구,NO_MATCH,EXACT_JIBUN_ADDRESS,116501070005770047,"서울 서초구 반포동 577-47"
cx_2182afecd8c89a81,"정동",중구,NO_MATCH,EXACT_JIBUN_ADDRESS,111401670000180001,"서울 중구 정동 18-1"
cx_2187c7fb3f29d7fd,"파크뷰",서초구,NO_MATCH,EXACT_JIBUN_ADDRESS,116501020003890002,"서울 서초구 양재동 389-2"
cx_21a21597522e6642,"필로스(193-45)",강남구,NO_MATCH,EXACT_JIBUN_ADDRESS,116801180001930045,"서울 강남구 도곡동 193-45"
cx_21a7f0c195572e4d,"케이엔피로얄",강동구,NO_MATCH,EXACT_JIBUN_ADDRESS,117401060005110002,"서울 강동구 둔촌동 511-2"
cx_21ad94fabe746c2e,"대림역대성스카이렉스",구로구,NO_MATCH,EXACT_JIBUN_ADDRESS,115301020001070001,"서울 구로구 구로동 107-1"
cx_21bf9a9a9bd02e1b,"대동아파트",노원구,NO_MATCH,EXACT_JIBUN_ADDRESS,113501030006040011,"서울 노원구 공릉동 604-11"
cx_21c291596152873a,"개나리",중랑구,NO_MATCH,EXACT_JIBUN_ADDRESS,112601050002130003,"서울 중랑구 망우동 213-3"
cx_21c5d78b28bdc767,"(743-31)",구로구,NO_MATCH,EXACT_JIBUN_ADDRESS,115301020007430031,"서울 구로구 구로동 743-31"
cx_21cc45aa34169fe5,"정산(101동)",강동구,NO_MATCH,EXACT_JIBUN_ADDRESS,117401070004410010,"서울 강동구 암사동 441-10"
cx_21d322e71461a42e,"해피존2",마포구,NO_MATCH,EXACT_JIBUN_ADDRESS,114401250000230001,"서울 마포구 성산동 23-1"
cx_21d354d371ee5c9f,"영일",영등포구,NO_MATCH,EXACT_JIBUN_ADDRESS,115601010006180083,"서울 영등포구 영등포동 618-83"
cx_21d8452ab8736643,"푸른솔아파트1동",강남구,NO_MATCH,EXACT_JIBUN_ADDRESS,116801050000040003,"서울 강남구 삼성동 4-3"
cx_21eedb6156d4ed57,"sm빌",강동구,NO_MATCH,EXACT_JIBUN_ADDRESS,117401050003800001,"서울 강동구 길동 380-1"
cx_21f77a0f8226128b,"잠실아이스페이스",송파구,NO_MATCH,EXACT_JIBUN_ADDRESS,117101020000110010,"서울 송파구 신천동 11-10"
cx_220441a7e79dd231,"마포경남아너스빌",마포구,NO_MATCH,EXACT_PARCEL,114401110004560000,"서울 마포구 신수동 456"
cx_220f0d8643a97760,"버넷하임1",종로구,NO_MATCH,MULTI_RECORD_SAME_PARCEL,111101750014210000,"서울 종로구 숭인동 1421"
cx_221449a7b5619611,"청솔103동",강서구,NO_MATCH,EXACT_JIBUN_ADDRESS,115001060006760026,"서울 강서구 내발산동 676-26"
cx_2223186483ebb002,"연흥",양천구,NO_MATCH,EXACT_JIBUN_ADDRESS,114701030005380004,"서울 양천구 신월동 538-4"
cx_2226f1745dad7dc6,"덕영드림",구로구,NO_MATCH,EXACT_PARCEL,115301020012820000,"서울 구로구 구로동 1282"
cx_223bab89d7a0ceba,"갑을명가",동작구,NO_MATCH,EXACT_PARCEL,115901070011510000,"서울 동작구 사당동 1151"
cx_223feeea0f131338,"당산디오빌",영등포구,NO_MATCH,EXACT_JIBUN_ADDRESS,115601150000110033,"서울 영등포구 당산동5가 11-33"
cx_224835f24048011d,"르트랑시망",종로구,NO_MATCH,EXACT_PARCEL,111101830001020000,"서울 종로구 평창동 102"
cx_2248dbd864b540d7,"신동아파밀리에",송파구,NO_MATCH,EXACT_JIBUN_ADDRESS,117101030002200002,"서울 송파구 풍납동 220-2"
cx_2266a8dd81591f63,"송파파인타운5단지",송파구,NO_MATCH,EXACT_PARCEL,117101090008450000,"서울 송파구 장지동 845"
cx_227aa83f46cec6d5,"서초드림하이츠",서초구,NO_MATCH,EXACT_JIBUN_ADDRESS,116501080016170026,"서울 서초구 서초동 1617-26"
cx_2291914a1d266df0,"프라임하우스(916-9)",강서구,NO_MATCH,EXACT_JIBUN_ADDRESS,115001030009160009,"서울 강서구 화곡동 916-9"
cx_229d61d0a0476608,"래미안에스티움",영등포구,NO_MATCH,EXACT_PARCEL,115601320049500000,"서울 영등포구 신길동 4950"
cx_229d8663230be535,"로얄패밀리아파트b동",서대문구,NO_MATCH,EXACT_JIBUN_ADDRESS,114101010000690060,"서울 서대문구 충정로2가 69-60"
cx_22a61d20c1e5e171,"아이쉐르빌",중랑구,NO_MATCH,EXACT_JIBUN_ADDRESS,112601010001260048,"서울 중랑구 면목동 126-48"
cx_22af632f7645e9ac,"현대안성타워",용산구,NO_MATCH,EXACT_JIBUN_ADDRESS,111701310007370028,"서울 용산구 한남동 737-28"
cx_22b216dbd2dc3ac9,"일신건영",구로구,NO_MATCH,EXACT_PARCEL,115301020012610000,"서울 구로구 구로동 1261"
cx_22b4ece2b897ddfa,"명지2차",서대문구,NO_MATCH,EXACT_JIBUN_ADDRESS,114101180002770095,"서울 서대문구 홍은동 277-95"
cx_22b833927d8c2cb4,"세왕네트빌",강서구,NO_MATCH,EXACT_JIBUN_ADDRESS,115001010002760012,"서울 강서구 염창동 276-12"
cx_22ba3bd97798b0b8,"원당",강서구,NO_MATCH,EXACT_JIBUN_ADDRESS,115001060006500001,"서울 강서구 내발산동 650-1"
cx_22bbe62f0d26e754,"백악관타워",광진구,NO_MATCH,EXACT_JIBUN_ADDRESS,112151010000930013,"서울 광진구 중곡동 93-13"
cx_22bf4481f07dbaa6,"로데오휘버스빌",양천구,NO_MATCH,EXACT_JIBUN_ADDRESS,114701010008930009,"서울 양천구 신정동 893-9"
cx_22c96483e578bfda,"한강자이에클라트",용산구,NO_MATCH,EXACT_JIBUN_ADDRESS,111701280000160085,"서울 용산구 한강로3가 16-85"
cx_22cfa1c5be70678b,"대우월드마크용산",용산구,NO_MATCH,EXACT_PARCEL,111701240000640000,"서울 용산구 한강로1가 64"
cx_22d006e4d9911e1d,"등촌동현대2차",강서구,NO_MATCH,EXACT_JIBUN_ADDRESS,115001020006550046,"서울 강서구 등촌동 655-46"
cx_22d493215b643cee,"삼부아그레빌",강남구,NO_MATCH,EXACT_JIBUN_ADDRESS,116801050000980011,"서울 강남구 삼성동 98-11"
cx_22ec3b398c837ad1,"월드메르디앙올림픽파크",강동구,NO_MATCH,EXACT_JIBUN_ADDRESS,117401060004350005,"서울 강동구 둔촌동 435-5"
cx_22f07b6d005e373d,"쌍용2",성북구,NO_MATCH,EXACT_PARCEL,112901330010170000,"서울 성북구 정릉동 1017"
cx_22f5f6a8ce708d68,"롯데캐슬프레지던트",마포구,NO_MATCH,EXACT_PARCEL,114401020004670000,"서울 마포구 공덕동 467"
cx_2301331cea1096b4,"씨티1차102동",강남구,NO_MATCH,NO_MATCH,116801040001060011,"서울 강남구 청담동 106-11"
cx_23039bd340e364ce,"대호드림빌(38-213)",용산구,NO_MATCH,EXACT_JIBUN_ADDRESS,111701210000380213,"서울 용산구 용문동 38-213"
cx_2308999f16aa2c2a,"에이원a동",강서구,NO_MATCH,EXACT_JIBUN_ADDRESS,115001030000460120,"서울 강서구 화곡동 46-120"
cx_230ea1d97ff4a69f,"주주베에이",은평구,NO_MATCH,EXACT_JIBUN_ADDRESS,113801060000090014,"서울 은평구 대조동 9-14"
cx_231b5ea022c13753,"목동금호베스트빌",양천구,NO_MATCH,EXACT_PARCEL,114701020005490000,"서울 양천구 목동 549"
cx_232c67e00e105b3b,"남산foresthouse",중구,NO_MATCH,EXACT_JIBUN_ADDRESS,111401620004321666,"서울 중구 신당동 432-1666"
cx_233505f10de13926,"강변한솔그라치아",영등포구,NO_MATCH,EXACT_JIBUN_ADDRESS,115601170001210041,"서울 영등포구 당산동 121-41"
cx_233c908878bcaf64,"삼성쉐르빌",양천구,NO_MATCH,EXACT_JIBUN_ADDRESS,114701010003180010,"서울 양천구 신정동 318-10"
cx_234354201ba5984d,"동훈cdi",관악구,NO_MATCH,EXACT_JIBUN_ADDRESS,116201020005510042,"서울 관악구 신림동 551-42"
cx_23472c4e1c8f180e,"마곡에이치밸리움",강서구,NO_MATCH,EXACT_PARCEL,115001060007640000,"서울 강서구 내발산동 764"
cx_235034e171dd98d8,"목동신시가지9",양천구,NO_MATCH,EXACT_PARCEL,114701010003120000,"서울 양천구 신정동 312"
cx_235984f0af2d8348,"힐타워",강남구,NO_MATCH,EXACT_JIBUN_ADDRESS,116801080000530001,"서울 강남구 논현동 53-1"
cx_2359b7c72c0a0ea3,"대원칸타빌",양천구,NO_MATCH,EXACT_JIBUN_ADDRESS,114701020008080005,"서울 양천구 목동 808-5"
cx_236453e663d9310a,"상지리츠빌(1호라인)",강남구,NO_MATCH,EXACT_JIBUN_ADDRESS,116801010007610009,"서울 강남구 역삼동 761-9"
cx_23776e852ad5d55d,"인성아트빌",중구,NO_MATCH,EXACT_JIBUN_ADDRESS,111401620004320502,"서울 중구 신당동 432-502"
cx_2378aaaa000c8c54,"대주파크빌",은평구,NO_MATCH,EXACT_PARCEL,113801090003680000,"서울 은평구 신사동 368"
cx_238a7f0411cb21d4,"세양(453-4)",강서구,NO_MATCH,EXACT_JIBUN_ADDRESS,115001030004530004,"서울 강서구 화곡동 453-4"
cx_238f45e588a134e6,"청성(877-0)",강서구,NO_MATCH,EXACT_PARCEL,115001090008770000,"서울 강서구 방화동 877"
cx_23a324c69d3097bd,"에덴빌라",구로구,NO_MATCH,EXACT_JIBUN_ADDRESS,115301020007800019,"서울 구로구 구로동 780-19"
cx_23a7f6e710130381,"광남캐스빌(512-5)",서대문구,NO_MATCH,EXACT_JIBUN_ADDRESS,114101160005120005,"서울 서대문구 창천동 512-5"
cx_23a98d90eaaae963,"넥서스빌",서대문구,NO_MATCH,EXACT_JIBUN_ADDRESS,114101180002770060,"서울 서대문구 홍은동 277-60"
cx_23b39b3f03fcdeb8,"남영시티빌",양천구,NO_MATCH,EXACT_JIBUN_ADDRESS,114701030004880003,"서울 양천구 신월동 488-3"
cx_23bfb2facf66055d,"가산양우내안에애플",금천구,NO_MATCH,EXACT_JIBUN_ADDRESS,115451010001410002,"서울 금천구 가산동 141-2"
cx_23c5ef1b106bf816,"태솔아파트3차",동대문구,NO_MATCH,EXACT_JIBUN_ADDRESS,112301060003460001,"서울 동대문구 장안동 346-1"
cx_23c6acd73dc60045,"대원",관악구,NO_MATCH,EXACT_JIBUN_ADDRESS,116201010015360004,"서울 관악구 봉천동 1536-4"
cx_23ccd222226d4c06,"효성a(923-17)",강서구,NO_MATCH,EXACT_JIBUN_ADDRESS,115001030009230017,"서울 강서구 화곡동 923-17"
cx_23e9c79f406edee8,"해동아파트b동(134-22)",송파구,NO_MATCH,EXACT_JIBUN_ADDRESS,117101110001340022,"서울 송파구 방이동 134-22"
cx_23f3fc556fbc0a4a,"현대8(801동,802동)",광진구,NO_MATCH,EXACT_PARCEL,112151040005650000,"서울 광진구 광장동 565"
cx_23f482e273d08bc4,"무악다온채",종로구,NO_MATCH,EXACT_JIBUN_ADDRESS,111101870000660001,"서울 종로구 무악동 66-1"
cx_23fd308d08c19e9c,"동양2차",동대문구,NO_MATCH,EXACT_PARCEL,112301090001170000,"서울 동대문구 휘경동 117"
cx_240447129ee9a96c,"대림강변타운",성동구,NO_MATCH,EXACT_PARCEL,112001080000150000,"서울 성동구 응봉동 15"
cx_2405249b2faa6e56,"은하수드림필",동대문구,NO_MATCH,EXACT_PARCEL,112301060005720000,"서울 동대문구 장안동 572"
cx_240602bf5d83b4d3,"욱현아파트",광진구,NO_MATCH,EXACT_JIBUN_ADDRESS,112151030000560022,"서울 광진구 구의동 56-22"
cx_241131a63a231b5b,"산호",은평구,NO_MATCH,EXACT_JIBUN_ADDRESS,113801050000210061,"서울 은평구 구산동 21-61"
cx_24129d7f2b24adbb,"은성드림존101동,102동",도봉구,NO_MATCH,EXACT_JIBUN_ADDRESS,113201070006030025,"서울 도봉구 창동 603-25"
cx_242f7380738126aa,"현대테라하임102동",서초구,NO_MATCH,EXACT_JIBUN_ADDRESS,116501020000110074,"서울 서초구 양재동 11-74"
cx_243a4c4d7d679989,"자선메르시안(162-20)",은평구,NO_MATCH,EXACT_JIBUN_ADDRESS,113801100001620020,"서울 은평구 증산동 162-20"
cx_243df963ba892275,"가야써니빌",중랑구,NO_MATCH,EXACT_PARCEL,112601050005760000,"서울 중랑구 망우동 576"
cx_24426e5ea2cab0b8,"반포미도",서초구,NO_MATCH,EXACT_JIBUN_ADDRESS,116501070000600004,"서울 서초구 반포동 60-4"
cx_244c4054199dedaf,"센트레빌아스테리움서울",용산구,NO_MATCH,EXACT_PARCEL,111701070000450000,"서울 용산구 동자동 45"
cx_244ed924d7a58ee7,"돈암동더샵아파트",성북구,NO_MATCH,EXACT_PARCEL,112901030006030000,"서울 성북구 돈암동 603"
cx_2454cde9571a6656,"대림역삼",강남구,NO_MATCH,EXACT_JIBUN_ADDRESS,116801010007610010,"서울 강남구 역삼동 761-10"
cx_24583dcd6d6174dd,"신반포4",서초구,NO_MATCH,EXACT_PARCEL,116501060000700000,"서울 서초구 잠원동 70"
cx_245c11f2bafeab1a,"그랑씨엘3차",서초구,NO_MATCH,EXACT_JIBUN_ADDRESS,116501010000010019,"서울 서초구 방배동 1-19"
cx_245e298265c2bcc8,"리버펠리스3동",강서구,NO_MATCH,EXACT_JIBUN_ADDRESS,115001010002570001,"서울 강서구 염창동 257-1"
cx_246116fa351f3449,"신사아이빌(522)",강남구,NO_MATCH,EXACT_PARCEL,116801070005220000,"서울 강남구 신사동 522"
cx_24660b8337fc0c2a,"보아스방배",서초구,NO_MATCH,EXACT_JIBUN_ADDRESS,116501010008310006,"서울 서초구 방배동 831-6"
cx_24676ba323d52c4f,"주공1단지",강북구,NO_MATCH,EXACT_PARCEL,113051020002420000,"서울 강북구 번동 242"
cx_2468523874a116f7,"래미안위브",동대문구,NO_MATCH,EXACT_PARCEL,112301050010030000,"서울 동대문구 답십리동 1003"
cx_246957c9d4358464,"브리앙뜨",송파구,NO_MATCH,EXACT_JIBUN_ADDRESS,117101080000630008,"서울 송파구 문정동 63-8"
cx_246c4cd4595cfd63,"캐슬렉스",서초구,NO_MATCH,EXACT_JIBUN_ADDRESS,116501010007990009,"서울 서초구 방배동 799-9"
cx_24842279e7527a4d,"초원",서대문구,NO_MATCH,EXACT_JIBUN_ADDRESS,114101180000080026,"서울 서대문구 홍은동 8-26"
cx_248615eab7e0cff2,"효자",종로구,NO_MATCH,EXACT_JIBUN_ADDRESS,111101080000050001,"서울 종로구 통인동 5-1"
cx_24887dfcfb3ac4e9,"한솔애리즈501동",강동구,NO_MATCH,MULTI_RECORD_SAME_PARCEL,117401080004380000,"서울 강동구 성내동 438"
cx_248a619ad5fdd972,"스마트트라움",동대문구,NO_MATCH,EXACT_JIBUN_ADDRESS,112301060003640007,"서울 동대문구 장안동 364-7"
cx_249daf98285c9072,"수정",강서구,NO_MATCH,EXACT_JIBUN_ADDRESS,115001030001660020,"서울 강서구 화곡동 166-20"
cx_249fd6b8776cf0cf,"한신아파트",강동구,NO_MATCH,MULTI_RECORD_SAME_PARCEL,117401090002370000,"서울 강동구 천호동 237"
cx_24a91f595b32e71e,"장안트윈b동",동대문구,NO_MATCH,EXACT_JIBUN_ADDRESS,112301060003060013,"서울 동대문구 장안동 306-13"
cx_24a939540b1a4d05,"모아아파트(103동)",은평구,NO_MATCH,EXACT_JIBUN_ADDRESS,113801060000090019,"서울 은평구 대조동 9-19"
cx_24a9f5c15f616fcc,"삼성펠리스",강남구,NO_MATCH,EXACT_JIBUN_ADDRESS,116801050001290005,"서울 강남구 삼성동 129-5"
cx_24b7a1502b9ac27e,"상계1차중앙하이츠",노원구,NO_MATCH,EXACT_PARCEL,113501050012790000,"서울 노원구 상계동 1279"
cx_24be140eeabca07e,"치현마을동일스위트리버",강서구,NO_MATCH,EXACT_PARCEL,115001090008800000,"서울 강서구 방화동 880"
cx_24d16e0f14106f1a,"e지브로",송파구,NO_MATCH,EXACT_JIBUN_ADDRESS,117101070000160021,"서울 송파구 가락동 16-21"
cx_24d67bc98477b00e,"방배아트e편한세상101",서초구,NO_MATCH,EXACT_JIBUN_ADDRESS,116501010004840002,"서울 서초구 방배동 484-2"
cx_24d799a99e74faef,"(257-516)",동대문구,NO_MATCH,NO_MATCH,112301100002570516,"서울 동대문구 이문동 257-516"
cx_24d8c13f249d7f9e,"부호(103동)",은평구,NO_MATCH,EXACT_JIBUN_ADDRESS,113801080000580041,"서울 은평구 역촌동 58-41"
cx_24dd585cfff6e5ec,"강일리버파크6단지",강동구,NO_MATCH,EXACT_PARCEL,117401100006840000,"서울 강동구 강일동 684"
cx_24df52c406ba7f4a,"장안동파크뷰",동대문구,NO_MATCH,EXACT_JIBUN_ADDRESS,112301060003020002,"서울 동대문구 장안동 302-2"
cx_24e852d9abeca90a,"제이빌",강남구,NO_MATCH,EXACT_JIBUN_ADDRESS,116801080001080002,"서울 강남구 논현동 108-2"
cx_2500b79bec7c8625,"하나세인스톤1차",구로구,NO_MATCH,EXACT_JIBUN_ADDRESS,115301020001100008,"서울 구로구 구로동 110-8"
cx_250e0b3d904c79fe,"트라움하임",성북구,NO_MATCH,EXACT_JIBUN_ADDRESS,112901200000690001,"서울 성북구 동선동5가 69-1"
cx_252012f91dcecc6b,"뉴월드(403-32)",은평구,NO_MATCH,EXACT_JIBUN_ADDRESS,113801070004030032,"서울 은평구 응암동 403-32"
cx_25317a0c323e8949,"프레스턴클레식",서초구,NO_MATCH,EXACT_JIBUN_ADDRESS,116501070006120049,"서울 서초구 반포동 612-49"
cx_2531ced94a4de651,"샤인팰리스",양천구,NO_MATCH,EXACT_JIBUN_ADDRESS,114701030000130003,"서울 양천구 신월동 13-3"
cx_2534f081bccabe83,"화신",서대문구,NO_MATCH,EXACT_JIBUN_ADDRESS,114101100000010078,"서울 서대문구 북아현동 1-78"
cx_2538c177710d18d6,"정원",강서구,NO_MATCH,EXACT_JIBUN_ADDRESS,115001030003550042,"서울 강서구 화곡동 355-42"
cx_2539dac507c6d50b,"로즈힐(1101-3)",강서구,NO_MATCH,EXACT_JIBUN_ADDRESS,115001030011010003,"서울 강서구 화곡동 1101-3"
cx_253c8135ae5dbe50,"삼환나띠르빌(1002-7)",서초구,NO_MATCH,EXACT_JIBUN_ADDRESS,116501010010020007,"서울 서초구 방배동 1002-7"
cx_253dbbb8e15554af,"한양",송파구,NO_MATCH,EXACT_JIBUN_ADDRESS,117101060000380019,"서울 송파구 삼전동 38-19"
cx_2540527e013e090d,"용산아이피아대주피오레",용산구,NO_MATCH,EXACT_JIBUN_ADDRESS,111701250000020185,"서울 용산구 한강로2가 2-185"
cx_254053cbcb4e13f3,"상계대림e편한세상",노원구,NO_MATCH,EXACT_PARCEL,113501050013010000,"서울 노원구 상계동 1301"
cx_25434ce364c8025a,"강남데시앙포레",강남구,NO_MATCH,EXACT_PARCEL,116801150007950000,"서울 강남구 수서동 795"
cx_2549a8b24ead8aa2,"스마트빌",도봉구,NO_MATCH,EXACT_JIBUN_ADDRESS,113201050000960039,"서울 도봉구 쌍문동 96-39"
cx_254f3efc331caeb7,"대우그린",도봉구,NO_MATCH,EXACT_PARCEL,113201070008140000,"서울 도봉구 창동 814"
cx_255ffbcf1558396a,"삼성동헤렌하우스2(82-1)",강남구,NO_MATCH,EXACT_JIBUN_ADDRESS,116801050000820001,"서울 강남구 삼성동 82-1"
cx_25606d1d5dee118e,"아이안",은평구,NO_MATCH,EXACT_JIBUN_ADDRESS,113801060000590020,"서울 은평구 대조동 59-20"
cx_25661e4cfe16ba01,"인왕산한신휴플러스",서대문구,NO_MATCH,EXACT_PARCEL,114101110004690000,"서울 서대문구 홍제동 469"
cx_2568536735b06df1,"신주",강동구,NO_MATCH,EXACT_JIBUN_ADDRESS,117401080003200001,"서울 강동구 성내동 320-1"
cx_25751809889b6922,"서초프레스턴",서초구,NO_MATCH,EXACT_JIBUN_ADDRESS,116501080015060046,"서울 서초구 서초동 1506-46"
cx_25802ccea6165736,"서강2차(2동)",서대문구,NO_MATCH,EXACT_JIBUN_ADDRESS,114101180001860025,"서울 서대문구 홍은동 186-25"
cx_259e003e8b1cf40f,"위너스힐(111-89)",광진구,NO_MATCH,EXACT_JIBUN_ADDRESS,112151070001110089,"서울 광진구 화양동 111-89"
cx_25c1d82fc2661b8e,"한솔애리즈202동",강동구,NO_MATCH,EXACT_JIBUN_ADDRESS,117401080004170001,"서울 강동구 성내동 417-1"
cx_25d23b6d2fd15e9b,"신구강변연가",마포구,NO_MATCH,EXACT_PARCEL,114401150003940000,"서울 마포구 상수동 394"
cx_25d9a7c1180cefaf,"대창센시티",동작구,NO_MATCH,EXACT_PARCEL,115901070011470000,"서울 동작구 사당동 1147"
cx_25dae694536b6865,"리치아르떼빌",강남구,NO_MATCH,EXACT_PARCEL,116801180001940000,"서울 강남구 도곡동 194"
cx_25ef58ead01d92bc,"(796-12)",구로구,NO_MATCH,EXACT_JIBUN_ADDRESS,115301020007960012,"서울 구로구 구로동 796-12"
cx_25f2f4e1315390c6,"아인리베(310-14)",동대문구,NO_MATCH,EXACT_JIBUN_ADDRESS,112301060003100014,"서울 동대문구 장안동 310-14"
cx_25fc98bd718a2a2b,"서울탑빌라트",송파구,NO_MATCH,EXACT_JIBUN_ADDRESS,117101110001260005,"서울 송파구 방이동 126-5"
cx_25ff2d1269d0b363,"아스테르아파트",중랑구,NO_MATCH,EXACT_JIBUN_ADDRESS,112601050005060022,"서울 중랑구 망우동 506-22"
cx_2617151db7f2482c,"효성네오인텔리안",강북구,NO_MATCH,EXACT_JIBUN_ADDRESS,113051020004180003,"서울 강북구 번동 418-3"
cx_26305b009843a548,"청량리역한양수자인그라시엘",동대문구,NO_MATCH,EXACT_PARCEL,112301020007980000,"서울 동대문구 용두동 798"
cx_263f89c91386b011,"기린",중구,NO_MATCH,EXACT_JIBUN_ADDRESS,111401620003330026,"서울 중구 신당동 333-26"
cx_26498eb7aec2b23a,"대성하이빌(b동)",동대문구,NO_MATCH,EXACT_JIBUN_ADDRESS,112301060001690054,"서울 동대문구 장안동 169-54"
cx_264c00cf71446aac,"에스케이허브젠",강남구,NO_MATCH,EXACT_JIBUN_ADDRESS,116801010008310045,"서울 강남구 역삼동 831-45"
cx_264d957047fff14d,"금호",구로구,NO_MATCH,EXACT_PARCEL,115301020000490000,"서울 구로구 구로동 49"
cx_2650e40c5daa25a1,"포레스트힐시티",동대문구,NO_MATCH,EXACT_JIBUN_ADDRESS,112301010001000026,"서울 동대문구 신설동 100-26"
cx_265cea6b09a9e437,"리버펠리스4동",강서구,NO_MATCH,EXACT_JIBUN_ADDRESS,115001010002570004,"서울 강서구 염창동 257-4"
cx_2665654c7899a253,"해피그린(171-31)",구로구,NO_MATCH,EXACT_JIBUN_ADDRESS,115301060001710031,"서울 구로구 고척동 171-31"
cx_2666dd16441143cb,"현대파크빌라트",송파구,NO_MATCH,EXACT_JIBUN_ADDRESS,117101110001900001,"서울 송파구 방이동 190-1"
cx_2667bed00b1f33e7,"신우",중랑구,NO_MATCH,EXACT_PARCEL,112601010015180000,"서울 중랑구 면목동 1518"
cx_267738efab4606e0,"(1-10)",성동구,NO_MATCH,NO_MATCH,112001070000010010,"서울 성동구 행당동 1-10"
cx_267ae9204ac8cc42,"미아한일유앤아이",강북구,NO_MATCH,EXACT_PARCEL,113051010013550000,"서울 강북구 미아동 1355"
cx_2684812f4c9da774,"신림큐브",관악구,NO_MATCH,EXACT_JIBUN_ADDRESS,116201020014210001,"서울 관악구 신림동 1421-1"
cx_268484532769d710,"계명아파트나동",강서구,NO_MATCH,EXACT_JIBUN_ADDRESS,115001030003430044,"서울 강서구 화곡동 343-44"
cx_268951fd172743da,"롯데캐슬클라시아",성북구,NO_MATCH,EXACT_PARCEL,112901340012890000,"서울 성북구 길음동 1289"
cx_268b1e150831c58f,"우성,현대아파트",구로구,NO_MATCH,EXACT_JIBUN_ADDRESS,115301060000760055,"서울 구로구 고척동 76-55"
cx_268ed99b23976f8a,"한성산장",은평구,NO_MATCH,EXACT_JIBUN_ADDRESS,113801050001690001,"서울 은평구 구산동 169-1"
cx_2690c6be2f70073d,"동아",서초구,NO_MATCH,EXACT_PARCEL,116501060001570000,"서울 서초구 잠원동 157"
cx_269b1bfa0ecc60b1,"이튼타워리버1차",광진구,NO_MATCH,EXACT_JIBUN_ADDRESS,112151050005100005,"서울 광진구 자양동 510-5"
cx_26adbb2acb5a2d3f,"태영데시앙",영등포구,NO_MATCH,EXACT_PARCEL,115601210000960000,"서울 영등포구 문래동3가 96"
cx_26b74f618e54fe35,"청량리신주",동대문구,NO_MATCH,EXACT_JIBUN_ADDRESS,112301070002050755,"서울 동대문구 청량리동 205-755"
cx_26c82b7807aece68,"선결",서대문구,NO_MATCH,EXACT_JIBUN_ADDRESS,114101190003780015,"서울 서대문구 북가좌동 378-15"
cx_26cc9477e4b4a4ab,"삼성산주공(주공3단지)",관악구,NO_MATCH,EXACT_PARCEL,116201020017140000,"서울 관악구 신림동 1714"
cx_26cd99d77b12a693,"황제팰리체(andpraspace)",강서구,NO_MATCH,EXACT_JIBUN_ADDRESS,115001030009150033,"서울 강서구 화곡동 915-33"
cx_26ced598e3e175ce,"레베빌(86-10)",서초구,NO_MATCH,EXACT_JIBUN_ADDRESS,116501070000860010,"서울 서초구 반포동 86-10"
cx_26d6c647ab58ebe7,"창방누리애",영등포구,NO_MATCH,EXACT_JIBUN_ADDRESS,115601020000400001,"서울 영등포구 영등포동1가 40-1"
cx_26e43b10bc6d45b7,"마포한강아이파크",마포구,NO_MATCH,EXACT_PARCEL,114401230005210000,"서울 마포구 망원동 521"
cx_26e4f1b182aab5aa,"평대보민아파트",강동구,NO_MATCH,EXACT_JIBUN_ADDRESS,117401090000260012,"서울 강동구 천호동 26-12"
cx_26e7afab2166c7cc,"목동가든스위트",양천구,NO_MATCH,EXACT_JIBUN_ADDRESS,114701020009070005,"서울 양천구 목동 907-5"
cx_26ef5f92650ce1e5,"하이존",강동구,NO_MATCH,MULTI_RECORD_SAME_PARCEL,117401050001060000,"서울 강동구 길동 106"
cx_26f7875f65d6e0f3,"훼미리(1-70)",서대문구,NO_MATCH,EXACT_JIBUN_ADDRESS,114101100000010070,"서울 서대문구 북아현동 1-70"
cx_26f8caacd84d524b,"롯데관악타워",동작구,NO_MATCH,EXACT_JIBUN_ADDRESS,115901090003950067,"서울 동작구 신대방동 395-67"
cx_27075aad5e8168fa,"당산2가현대홈타운",영등포구,NO_MATCH,EXACT_PARCEL,115601120001640000,"서울 영등포구 당산동2가 164"
cx_271339c044af8a26,"백련산힐스테이트1차",은평구,NO_MATCH,EXACT_PARCEL,113801070007590000,"서울 은평구 응암동 759"
cx_2716fa4fc0302516,"한아프라임101동",금천구,NO_MATCH,EXACT_JIBUN_ADDRESS,115451020001470076,"서울 금천구 독산동 147-76"
cx_2743775722a765b0,"힐튼빌리지2차",용산구,NO_MATCH,EXACT_JIBUN_ADDRESS,111701010002440088,"서울 용산구 후암동 244-88"
cx_2758f16aaf4583ea,"sod빌",용산구,NO_MATCH,EXACT_JIBUN_ADDRESS,111701320000010003,"서울 용산구 동빙고동 1-3"
cx_275af8364447654b,"그린",은평구,NO_MATCH,EXACT_JIBUN_ADDRESS,113801050000240077,"서울 은평구 구산동 24-77"
cx_275bbb1bb5514587,"신원빌라트",광진구,NO_MATCH,MULTI_RECORD_SAME_PARCEL,112151030005900000,"서울 광진구 구의동 590"
cx_275e075bae2295af,"삼호",구로구,NO_MATCH,EXACT_PARCEL,115301070004710000,"서울 구로구 개봉동 471"
cx_27614e5082fe1d61,"건양노블레스빌",노원구,NO_MATCH,EXACT_PARCEL,113501020009380000,"서울 노원구 월계동 938"
cx_276b5842d011d219,"동일하이빌",서초구,NO_MATCH,EXACT_JIBUN_ADDRESS,116501080015420001,"서울 서초구 서초동 1542-1"
cx_276c8193a6de94ee,"다울아크로빌",강서구,NO_MATCH,EXACT_JIBUN_ADDRESS,115001060007220019,"서울 강서구 내발산동 722-19"
cx_2771db1c157f311f,"(718-4)한진주택",구로구,NO_MATCH,EXACT_JIBUN_ADDRESS,115301020007180004,"서울 구로구 구로동 718-4"
cx_277bed3239a06fb3,"서울숲르씨엘",성동구,NO_MATCH,EXACT_PARCEL,112001120015550000,"서울 성동구 금호동4가 1555"
cx_2781c4c5b97b50c7,"이한센토빌(410-13)",동대문구,NO_MATCH,EXACT_JIBUN_ADDRESS,112301060004100013,"서울 동대문구 장안동 410-13"
cx_2784b1b22209102a,"월드크라운",중랑구,NO_MATCH,EXACT_JIBUN_ADDRESS,112601060006160001,"서울 중랑구 신내동 616-1"
cx_2785bf58567054e1,"신선",은평구,NO_MATCH,EXACT_JIBUN_ADDRESS,113801090000260020,"서울 은평구 신사동 26-20"
cx_2789f10476be4bb5,"초원드림빌",서대문구,NO_MATCH,EXACT_JIBUN_ADDRESS,114101110003350010,"서울 서대문구 홍제동 335-10"
cx_278beb5dbf9a057e,"골드마인(나동)",구로구,NO_MATCH,EXACT_JIBUN_ADDRESS,115301020003170213,"서울 구로구 구로동 317-213"
cx_27b03846c8bc6bf3,"한양",광진구,NO_MATCH,EXACT_PARCEL,112151050006950000,"서울 광진구 자양동 695"
cx_27b3ced5b1b753f1,"효성쥬얼리시티",종로구,NO_MATCH,EXACT_JIBUN_ADDRESS,111101570000480002,"서울 종로구 인의동 48-2"
cx_27b567709a54de37,"남산타운",중구,NO_MATCH,EXACT_PARCEL,111401620008440000,"서울 중구 신당동 844"
cx_27b7c6f829dd2ec1,"신영",중랑구,NO_MATCH,EXACT_PARCEL,112601010005380000,"서울 중랑구 면목동 538"
cx_27d29eed0ed671e1,"로얄",중구,NO_MATCH,EXACT_PARCEL,111401650010050000,"서울 중구 황학동 1005"
cx_27dc349a6d130ea8,"노블하우스1",송파구,NO_MATCH,EXACT_JIBUN_ADDRESS,117101120000090007,"서울 송파구 오금동 9-7"
cx_27dca36e4a495927,"한화오벨리스크",마포구,NO_MATCH,EXACT_PARCEL,114401040005550000,"서울 마포구 도화동 555"
cx_27e15bc630f6f575,"타워",중구,NO_MATCH,EXACT_JIBUN_ADDRESS,111401620002940012,"서울 중구 신당동 294-12"
cx_27f66e3d29896fe7,"현대아이파크",중랑구,NO_MATCH,EXACT_PARCEL,112601040003850000,"서울 중랑구 묵동 385"
cx_27f734523868385f,"삼성광나루",강동구,NO_MATCH,EXACT_PARCEL,117401070005080000,"서울 강동구 암사동 508"
cx_2804831ed574e54b,"목동성원",양천구,NO_MATCH,EXACT_JIBUN_ADDRESS,114701020007630001,"서울 양천구 목동 763-1"
cx_280af33ec5ac15fe,"금호1",도봉구,NO_MATCH,EXACT_JIBUN_ADDRESS,113201050001990001,"서울 도봉구 쌍문동 199-1"
cx_281b5af3317bb159,"예주유니츠",구로구,NO_MATCH,EXACT_PARCEL,115301060003350000,"서울 구로구 고척동 335"
cx_28221f7c1227cd22,"우장산에스케이뷰",강서구,NO_MATCH,EXACT_PARCEL,115001030011580000,"서울 강서구 화곡동 1158"
cx_282fc4a8ef5c43f3,"두산5",중랑구,NO_MATCH,EXACT_JIBUN_ADDRESS,112601010015220001,"서울 중랑구 면목동 1522-1"
cx_2832fc0c3ca84a78,"우성아파트",서초구,NO_MATCH,EXACT_JIBUN_ADDRESS,116501080013260017,"서울 서초구 서초동 1326-17"
cx_283e1fbd0f052efc,"일신건영휴먼빌아파트",성북구,NO_MATCH,EXACT_PARCEL,112901030005240000,"서울 성북구 돈암동 524"
cx_284f1b4fc08819ef,"코오롱2",강동구,NO_MATCH,EXACT_PARCEL,117401080005950000,"서울 강동구 성내동 595"
cx_2859ca69670d0a4f,"건양",구로구,NO_MATCH,EXACT_JIBUN_ADDRESS,115301070003040016,"서울 구로구 개봉동 304-16"
cx_285c7419741a4529,"동산빌라1동",구로구,NO_MATCH,EXACT_JIBUN_ADDRESS,115301020007920033,"서울 구로구 구로동 792-33"
cx_2865627e669493f2,"청담8차상지리츠빌",강남구,NO_MATCH,EXACT_JIBUN_ADDRESS,116801040001210014,"서울 강남구 청담동 121-14"
cx_286685122695912f,"고덕롯데캐슬베네루체",강동구,NO_MATCH,EXACT_PARCEL,117401030005140000,"서울 강동구 상일동 514"
cx_2868cf8489353def,"드림시드아파트",강서구,NO_MATCH,EXACT_JIBUN_ADDRESS,115001030009150039,"서울 강서구 화곡동 915-39"
cx_2868f136ed0c7468,"남청파인힐(101동)",중랑구,NO_MATCH,EXACT_PARCEL,112601010015260000,"서울 중랑구 면목동 1526"
cx_2873f51558161122,"다성이즈빌(437-22)",강동구,NO_MATCH,NO_MATCH,117401090004370022,"서울 강동구 천호동 437-22"
cx_287627c6d8ab327b,"한명딩크",은평구,NO_MATCH,EXACT_JIBUN_ADDRESS,113801080000240025,"서울 은평구 역촌동 24-25"
cx_287b9c4b33296385,"동일2차",서대문구,NO_MATCH,EXACT_JIBUN_ADDRESS,114101110003120237,"서울 서대문구 홍제동 312-237"
cx_288d3bfed6782af3,"센타폴리스",서대문구,NO_MATCH,EXACT_PARCEL,114101160003810000,"서울 서대문구 창천동 381"
cx_288f10c94a494722,"태헌(신월프라자)",양천구,NO_MATCH,EXACT_PARCEL,114701030001280000,"서울 양천구 신월동 128"
cx_2896e8cd5d6be71d,"창덕아파트",용산구,NO_MATCH,EXACT_JIBUN_ADDRESS,111701300002520001,"서울 용산구 이태원동 252-1"
cx_28a5d796ef4d52cc,"호정타워",금천구,NO_MATCH,MULTI_RECORD_SAME_PARCEL,115451020010690000,"서울 금천구 독산동 1069"
cx_28adb8ff6d9c7aa2,"하이펠리스",금천구,NO_MATCH,EXACT_JIBUN_ADDRESS,115451010001430003,"서울 금천구 가산동 143-3"
cx_28b1a94fb088cb65,"염리삼성래미안",마포구,NO_MATCH,EXACT_PARCEL,114401090005200000,"서울 마포구 염리동 520"
cx_28b234ca08e7b950,"삼화에코빌1차",영등포구,NO_MATCH,EXACT_JIBUN_ADDRESS,115601330007390004,"서울 영등포구 대림동 739-4"
cx_28b8fccafd8e521d,"주미",용산구,NO_MATCH,EXACT_JIBUN_ADDRESS,111701360002600006,"서울 용산구 보광동 260-6"
cx_28ba7a96aadf404a,"장자울아파트",강남구,NO_MATCH,EXACT_JIBUN_ADDRESS,116801070005930021,"서울 강남구 신사동 593-21"
cx_28c2635142173de3,"신도림현대",구로구,NO_MATCH,EXACT_PARCEL,115301020005600000,"서울 구로구 구로동 560"
cx_28c984cfe18f22d5,"청하아파트a동",도봉구,NO_MATCH,EXACT_JIBUN_ADDRESS,113201070005810004,"서울 도봉구 창동 581-4"
cx_28d01b48349aab36,"마곡루나플라체",강서구,NO_MATCH,EXACT_PARCEL,115001020007250000,"서울 강서구 등촌동 725"
cx_28d71d9cac633258,"주공2",동작구,NO_MATCH,MULTI_RECORD_SAME_PARCEL,115901080005030000,"서울 동작구 대방동 503"
cx_28d740cf543691db,"르가든5차",서초구,NO_MATCH,EXACT_JIBUN_ADDRESS,116501010007980011,"서울 서초구 방배동 798-11"
cx_28d8d744cd1aef63,"리베르떼-빌(libertville)",서대문구,NO_MATCH,EXACT_JIBUN_ADDRESS,114101170000370001,"서울 서대문구 연희동 37-1"
cx_28d9b0fddb32bc61,"대동황실",관악구,NO_MATCH,NO_MATCH,116201010016990010,"서울 관악구 봉천동 1699-10"
cx_28e80326c563f2e5,"원팰리스",강남구,NO_MATCH,EXACT_JIBUN_ADDRESS,116801180009520014,"서울 강남구 도곡동 952-14"
cx_28f1550dfd5e6a4c,"주남헤븐107동",양천구,NO_MATCH,EXACT_JIBUN_ADDRESS,114701030002030020,"서울 양천구 신월동 203-20"
cx_28f9cb7a8c582348,"방화동2차태승훼미리",강서구,NO_MATCH,EXACT_PARCEL,115001090008850000,"서울 강서구 방화동 885"
cx_28fa6516fa6773ce,"낙원연립재건축조합아파트",강서구,NO_MATCH,EXACT_JIBUN_ADDRESS,115001060007080014,"서울 강서구 내발산동 708-14"
cx_2903b6e9ae9608c9,"세민hipark",은평구,NO_MATCH,EXACT_JIBUN_ADDRESS,113801020000830051,"서울 은평구 녹번동 83-51"
cx_29050293847c2bba,"우남",은평구,NO_MATCH,EXACT_PARCEL,113801040005400000,"서울 은평구 갈현동 540"
cx_290be027d454f545,"상림마을8단지롯데캐슬(810~820동)bl1-1",은평구,NO_MATCH,EXACT_PARCEL,113801140000190000,"서울 은평구 진관동 19"
cx_29101255e206b361,"우리유앤미",서대문구,NO_MATCH,EXACT_PARCEL,114101020004660000,"서울 서대문구 충정로3가 466"
cx_2913c411511755e1,"인우(281-236)",은평구,NO_MATCH,NO_MATCH,113801040002810236,"서울 은평구 갈현동 281-236"
cx_2915d4adb93d18cf,"신현(102동)",종로구,NO_MATCH,EXACT_JIBUN_ADDRESS,111101020000060011,"서울 종로구 신교동 6-11"
cx_2917c4ffcc9fe5c2,"마곡우림1차아파트",강서구,NO_MATCH,EXACT_PARCEL,115001090008730000,"서울 강서구 방화동 873"
cx_2923bd96a0506e96,"대림빌라",구로구,NO_MATCH,EXACT_JIBUN_ADDRESS,115301020008070002,"서울 구로구 구로동 807-2"
cx_29269216990c5af1,"현대맨션",서초구,NO_MATCH,EXACT_JIBUN_ADDRESS,116501010010250002,"서울 서초구 방배동 1025-2"
cx_2931a91cff2fa07e,"주공17단지",도봉구,NO_MATCH,EXACT_PARCEL,113201070000380000,"서울 도봉구 창동 38"
cx_293f04340d1d246b,"청원파크빌",강동구,NO_MATCH,EXACT_PARCEL,117401060000900000,"서울 강동구 둔촌동 90"
cx_29458d183c97042a,"새천년구산2차",은평구,NO_MATCH,EXACT_JIBUN_ADDRESS,113801050002130004,"서울 은평구 구산동 213-4"
cx_29487b497ca82926,"명남태봉",은평구,NO_MATCH,EXACT_JIBUN_ADDRESS,113801100002020007,"서울 은평구 증산동 202-7"
cx_2948d70618fccb58,"엠제이더퍼스트홍대",마포구,NO_MATCH,EXACT_JIBUN_ADDRESS,114401200003710007,"서울 마포구 서교동 371-7"
cx_294de6b8cac20810,"초원",관악구,NO_MATCH,EXACT_PARCEL,116201020017120000,"서울 관악구 신림동 1712"
cx_2953cb1180c4d841,"로얄훼미리아파트a동",서대문구,NO_MATCH,EXACT_JIBUN_ADDRESS,114101010000690023,"서울 서대문구 충정로2가 69-23"
cx_296e8eaae3949265,"논현파라곤",강남구,NO_MATCH,EXACT_JIBUN_ADDRESS,116801080002410001,"서울 강남구 논현동 241-1"
cx_29723c8cf0515c9e,"상진",양천구,NO_MATCH,EXACT_JIBUN_ADDRESS,114701010008790006,"서울 양천구 신정동 879-6"
cx_297dadfa7809abcb,"예청",은평구,NO_MATCH,EXACT_JIBUN_ADDRESS,113801080000360014,"서울 은평구 역촌동 36-14"
cx_29896e1d09ede798,"개포한신",강남구,NO_MATCH,EXACT_JIBUN_ADDRESS,116801140006150001,"서울 강남구 일원동 615-1"
cx_298a8633f66e9c4d,"장원빌라트",서초구,NO_MATCH,EXACT_JIBUN_ADDRESS,116501070001110001,"서울 서초구 반포동 111-1"
cx_298bf119aafdfaf7,"용산동아파트",용산구,NO_MATCH,EXACT_PARCEL,111701300006690000,"서울 용산구 이태원동 669"
cx_299845c2fbaaf6a4,"새진(1619-27)",관악구,NO_MATCH,EXACT_JIBUN_ADDRESS,116201010016190027,"서울 관악구 봉천동 1619-27"
cx_299d5590e46a10e6,"다경하이빌",강북구,NO_MATCH,EXACT_JIBUN_ADDRESS,113051030001770002,"서울 강북구 수유동 177-2"
cx_29a764cb255bfb84,"(750-7)",구로구,NO_MATCH,EXACT_JIBUN_ADDRESS,115301020007500007,"서울 구로구 구로동 750-7"
cx_29ac0a898ce7e03c,"한서1차",강서구,NO_MATCH,EXACT_JIBUN_ADDRESS,115001060007160005,"서울 강서구 내발산동 716-5"
cx_29b5f40fd5790c82,"킴스타워",중랑구,NO_MATCH,EXACT_JIBUN_ADDRESS,112601010006370002,"서울 중랑구 면목동 637-2"
cx_29b8d5c1d91c8a54,"57-0",서초구,NO_MATCH,NO_MATCH,116501060000570000,"서울 서초구 잠원동 57"
cx_29c3e3f8128290fd,"이형원앙",양천구,NO_MATCH,EXACT_JIBUN_ADDRESS,114701030005160007,"서울 양천구 신월동 516-7"
cx_29d7debdefb88434,"조광",양천구,NO_MATCH,EXACT_JIBUN_ADDRESS,114701030005580001,"서울 양천구 신월동 558-1"
cx_29dc903b7dec5aa6,"신세계(697-5)",강서구,NO_MATCH,EXACT_JIBUN_ADDRESS,115001060006970005,"서울 강서구 내발산동 697-5"
cx_29ddaf0c516259b1,"비즈트위트레드",구로구,NO_MATCH,EXACT_JIBUN_ADDRESS,115301020001040008,"서울 구로구 구로동 104-8"
cx_29e4e692147f7cab,"노블레스",관악구,NO_MATCH,EXACT_JIBUN_ADDRESS,116201010009050010,"서울 관악구 봉천동 905-10"
cx_29ebcb107e55c260,"태승훼미리4차",강서구,NO_MATCH,EXACT_PARCEL,115001090008910000,"서울 강서구 방화동 891"
cx_29ed208b333e89dd,"전자타운한신(a)",용산구,NO_MATCH,EXACT_PARCEL,111701280000820000,"서울 용산구 한강로3가 82"
cx_29f1d465ab6ea68b,"청담동삼성1차(101동)",강남구,NO_MATCH,EXACT_PARCEL,116801040000330000,"서울 강남구 청담동 33"
cx_2a1177edff5ee864,"빌리브디에이블",마포구,NO_MATCH,EXACT_PARCEL,114401100001290000,"서울 마포구 노고산동 129"
cx_2a13123b732ec37a,"하늘애",은평구,NO_MATCH,EXACT_JIBUN_ADDRESS,113801080000430004,"서울 은평구 역촌동 43-4"
cx_2a21151c43561386,"한일써너스빌",중랑구,NO_MATCH,EXACT_JIBUN_ADDRESS,112601020000810005,"서울 중랑구 상봉동 81-5"
cx_2a2c350dff677ca7,"한인트윈빌",서대문구,NO_MATCH,EXACT_JIBUN_ADDRESS,114101170007170029,"서울 서대문구 연희동 717-29"
cx_2a3a6c382def5454,"건양(346-33)",구로구,NO_MATCH,EXACT_JIBUN_ADDRESS,115301070003460033,"서울 구로구 개봉동 346-33"
cx_2a3d1de793214e1f,"가화(424-59)나동",강서구,NO_MATCH,EXACT_JIBUN_ADDRESS,115001030004240059,"서울 강서구 화곡동 424-59"
cx_2a4f0ff515e2af6b,"효성빌라청담101(a동)",강남구,NO_MATCH,MULTI_RECORD_SAME_PARCEL,116801040001010000,"서울 강남구 청담동 101"
cx_2a513c1e23c5084a,"(791-16)",구로구,NO_MATCH,EXACT_JIBUN_ADDRESS,115301020007910016,"서울 구로구 구로동 791-16"
cx_2a5b2d5124218c3d,"지에스타워",서초구,NO_MATCH,EXACT_JIBUN_ADDRESS,116501080016750010,"서울 서초구 서초동 1675-10"
cx_2a615f4949129380,"광남캐스빌",광진구,NO_MATCH,EXACT_JIBUN_ADDRESS,112151030006200006,"서울 광진구 구의동 620-6"
cx_2a63b94ef2f5fdb3,"한진",구로구,NO_MATCH,EXACT_PARCEL,115301070004780000,"서울 구로구 개봉동 478"
cx_2a7186352b8f4a2d,"청하아파트b동",도봉구,NO_MATCH,EXACT_JIBUN_ADDRESS,113201070005810074,"서울 도봉구 창동 581-74"
cx_2a7b90b8eefe2ad9,"아스하임",광진구,NO_MATCH,EXACT_JIBUN_ADDRESS,112151070000170016,"서울 광진구 화양동 17-16"
cx_2a81eb0a965d1b35,"한양수자인",도봉구,NO_MATCH,EXACT_PARCEL,113201080006570000,"서울 도봉구 도봉동 657"
cx_2a84123bd2a64f3f,"경지arium",강동구,NO_MATCH,EXACT_JIBUN_ADDRESS,117401050004130011,"서울 강동구 길동 413-11"
cx_2a866320ec860dc4,"히페리온리버팰리스",성동구,NO_MATCH,EXACT_JIBUN_ADDRESS,112001180000670005,"서울 성동구 송정동 67-5"
cx_2a89752cbe911850,"관악위버폴리스",관악구,NO_MATCH,EXACT_JIBUN_ADDRESS,116201010008590017,"서울 관악구 봉천동 859-17"
cx_2a9c296a879579da,"성북좋은",성북구,NO_MATCH,EXACT_JIBUN_ADDRESS,112901010001790096,"서울 성북구 성북동 179-96"
cx_2a9e7be6a86b5aee,"노보빌아파트",송파구,NO_MATCH,EXACT_JIBUN_ADDRESS,117101040001800007,"서울 송파구 송파동 180-7"
cx_2ab42b95a4ba9fad,"베누시아",서초구,NO_MATCH,EXACT_JIBUN_ADDRESS,116501020000170033,"서울 서초구 양재동 17-33"
cx_2abe92f1a31f81c0,"중계센트럴파크",노원구,NO_MATCH,EXACT_PARCEL,113501050013220000,"서울 노원구 상계동 1322"
cx_2ac677b19134e7c0,"서초쌍용플래티넘",서초구,NO_MATCH,EXACT_JIBUN_ADDRESS,116501080014450013,"서울 서초구 서초동 1445-13"
cx_2ac9546421099c40,"힐스테이트서울숲리버",성동구,NO_MATCH,MULTI_RECORD_SAME_PARCEL,112001120015530000,"서울 성동구 금호동4가 1553"
cx_2acaf86a49fe8f77,"송촌",강서구,NO_MATCH,EXACT_JIBUN_ADDRESS,115001010002640018,"서울 강서구 염창동 264-18"
cx_2ad485434ee2087c,"대림타운",양천구,NO_MATCH,EXACT_JIBUN_ADDRESS,114701030005580009,"서울 양천구 신월동 558-9"
cx_2ad519c8d30db3bc,"선릉역풍림아이원레몬",강남구,NO_MATCH,EXACT_JIBUN_ADDRESS,116801060008900054,"서울 강남구 대치동 890-54"
cx_2add8af41cfff6ff,"청명에버아트2차",동대문구,NO_MATCH,EXACT_JIBUN_ADDRESS,112301060003820004,"서울 동대문구 장안동 382-4"
cx_2addbcdaa50e35a6,"라이프미성",은평구,NO_MATCH,EXACT_PARCEL,113801030002480000,"서울 은평구 불광동 248"
cx_2af0fe52619a2325,"예인하우스",마포구,NO_MATCH,EXACT_JIBUN_ADDRESS,114401270000340051,"서울 마포구 상암동 34-51"
cx_2b008e03d2c74b4e,"서광아침의빛",동대문구,NO_MATCH,EXACT_PARCEL,112301060005770000,"서울 동대문구 장안동 577"
cx_2b15c369521f5e11,"해모로",마포구,NO_MATCH,EXACT_PARCEL,114401140004430000,"서울 마포구 창전동 443"
cx_2b1b724a3423fb84,"역삼동칼라",강남구,NO_MATCH,EXACT_JIBUN_ADDRESS,116801010006070017,"서울 강남구 역삼동 607-17"
cx_2b1f3357c2388205,"신현대12차",강남구,NO_MATCH,EXACT_PARCEL,116801100004340000,"서울 강남구 압구정동 434"
cx_2b21139d0947e637,"삼익4차플라주",양천구,NO_MATCH,EXACT_PARCEL,114701030010560000,"서울 양천구 신월동 1056"
cx_2b2772808a165fb0,"은평뉴타운제각말푸르지오(5-1단지)",은평구,NO_MATCH,EXACT_PARCEL,113801140001540000,"서울 은평구 진관동 154"
cx_2b2b678f6921726b,"역삼i'park",강남구,NO_MATCH,EXACT_JIBUN_ADDRESS,116801010007130011,"서울 강남구 역삼동 713-11"
cx_2b3005b976fc351e,"세양청마루",동대문구,NO_MATCH,EXACT_PARCEL,112301050009970000,"서울 동대문구 답십리동 997"
cx_2b330d568a851bac,"백운한비치(가)",금천구,NO_MATCH,EXACT_JIBUN_ADDRESS,115451010001450029,"서울 금천구 가산동 145-29"
cx_2b3d06abdcbb689b,"수성예술",영등포구,NO_MATCH,EXACT_PARCEL,115601280001960000,"서울 영등포구 양평동4가 196"
cx_2b40541fb7bd2af4,"(828-21)",강남구,NO_MATCH,EXACT_JIBUN_ADDRESS,116801010008280021,"서울 강남구 역삼동 828-21"
cx_2b49aafd71b5cfe8,"세양청마루",강동구,NO_MATCH,MULTI_RECORD_SAME_PARCEL,117401060004260000,"서울 강동구 둔촌동 426"
cx_2b4dd8bbde5a332c,"보라매나산스위트",동작구,NO_MATCH,EXACT_JIBUN_ADDRESS,115901090003950068,"서울 동작구 신대방동 395-68"
cx_2b54f5d5f91a4fda,"드림캐슬2차",금천구,NO_MATCH,EXACT_JIBUN_ADDRESS,115451010002350013,"서울 금천구 가산동 235-13"
cx_2b5ffb61292eb9aa,"청화",도봉구,NO_MATCH,EXACT_PARCEL,113201050004500000,"서울 도봉구 쌍문동 450"
cx_2b631daeb8f02019,"방배다움샤인힐",서초구,NO_MATCH,EXACT_JIBUN_ADDRESS,116501010008060009,"서울 서초구 방배동 806-9"
cx_2b680831f2a9652c,"가양1차보람더하임",강서구,NO_MATCH,EXACT_PARCEL,115001040014970000,"서울 강서구 가양동 1497"
cx_2b6e672527d527ea,"(798-22)",구로구,NO_MATCH,EXACT_JIBUN_ADDRESS,115301020007980022,"서울 구로구 구로동 798-22"
cx_2b89ced4c505c68d,"파인빌",양천구,NO_MATCH,EXACT_PARCEL,114701010003390000,"서울 양천구 신정동 339"
cx_2b8c6dab90e05912,"워커힐현대빌",광진구,NO_MATCH,EXACT_PARCEL,112151040001050000,"서울 광진구 광장동 105"
cx_2bb0823baead44ea,"역삼2차아이파크",강남구,NO_MATCH,EXACT_JIBUN_ADDRESS,116801010007650032,"서울 강남구 역삼동 765-32"
cx_2bb754efc9b3082d,"상림마을7단지아이파크(719~729동)bl1-13",은평구,NO_MATCH,EXACT_PARCEL,113801140000110000,"서울 은평구 진관동 11"
cx_2bb8e8926d089a62,"리츠빌아파트",강남구,NO_MATCH,EXACT_JIBUN_ADDRESS,116801010007870004,"서울 강남구 역삼동 787-4"
cx_2bb95948d109584d,"석탑아파트101동",강남구,NO_MATCH,EXACT_JIBUN_ADDRESS,116801050000030003,"서울 강남구 삼성동 3-3"
cx_2bc1642d8cbe79a9,"용마산금호어울림",중랑구,NO_MATCH,EXACT_PARCEL,112601010015250000,"서울 중랑구 면목동 1525"
cx_2bc2ded40e7ebcdd,"삼성하이츠",용산구,NO_MATCH,EXACT_JIBUN_ADDRESS,111701210000380076,"서울 용산구 용문동 38-76"
cx_2bc8e8372ae0f8f5,"다성씨티(2)",강동구,NO_MATCH,EXACT_JIBUN_ADDRESS,117401010003520005,"서울 강동구 명일동 352-5"
cx_2bdf419898554776,"모아아파트(104동)",은평구,NO_MATCH,EXACT_JIBUN_ADDRESS,113801060000090018,"서울 은평구 대조동 9-18"
cx_2bdf7b4ccbad670f,"동일3차",서대문구,NO_MATCH,EXACT_JIBUN_ADDRESS,114101110003120044,"서울 서대문구 홍제동 312-44"
cx_2bf3aeb601d0e988,"하우니티",도봉구,NO_MATCH,EXACT_JIBUN_ADDRESS,113201070006610010,"서울 도봉구 창동 661-10"
cx_2bf54323a16fed65,"대운브랜뉴",은평구,NO_MATCH,EXACT_JIBUN_ADDRESS,113801070001180012,"서울 은평구 응암동 118-12"
cx_2c01cf63024610af,"삼성(528-7)",양천구,NO_MATCH,EXACT_JIBUN_ADDRESS,114701020005280007,"서울 양천구 목동 528-7"
cx_2c0649ed68e2592f,"제이타워",은평구,NO_MATCH,EXACT_JIBUN_ADDRESS,113801030004840060,"서울 은평구 불광동 484-60"
cx_2c071931d643831e,"중앙하이츠",중랑구,NO_MATCH,EXACT_PARCEL,112601060004790000,"서울 중랑구 신내동 479"
cx_2c0952b073d33c88,"유로미",서초구,NO_MATCH,EXACT_JIBUN_ADDRESS,116501060000170010,"서울 서초구 잠원동 17-10"
cx_2c0fcd3957f40927,"지엠벨리",강서구,NO_MATCH,EXACT_JIBUN_ADDRESS,115001020006560017,"서울 강서구 등촌동 656-17"
cx_2c0fe7a98294216c,"대성2차",용산구,NO_MATCH,EXACT_JIBUN_ADDRESS,111701210000380235,"서울 용산구 용문동 38-235"
cx_2c13706095a8c65f,"예원",마포구,NO_MATCH,EXACT_JIBUN_ADDRESS,114401260000580039,"서울 마포구 중동 58-39"
cx_2c1e039cb48493a0,"요진",강북구,NO_MATCH,EXACT_PARCEL,113051010001520000,"서울 강북구 미아동 152"
cx_2c20b50f2c7a8ba1,"목동신시가지4",양천구,NO_MATCH,EXACT_PARCEL,114701020009040000,"서울 양천구 목동 904"
cx_2c22a0aaccf0910c,"동성1",중랑구,NO_MATCH,EXACT_PARCEL,112601060003970000,"서울 중랑구 신내동 397"
cx_2c2311555140b149,"신반포2",서초구,NO_MATCH,EXACT_PARCEL,116501060000730000,"서울 서초구 잠원동 73"
cx_2c305db40dbe038e,"종로동광모닝스카이",종로구,NO_MATCH,EXACT_JIBUN_ADDRESS,111101750014210001,"서울 종로구 숭인동 1421-1"
cx_2c3dc0ea3e555202,"북아현3차",서대문구,NO_MATCH,EXACT_JIBUN_ADDRESS,114101100001890022,"서울 서대문구 북아현동 189-22"
cx_2c42695f5b5222df,"디오반",은평구,NO_MATCH,EXACT_JIBUN_ADDRESS,113801100001730001,"서울 은평구 증산동 173-1"
cx_2c4c69344c4bb8b0,"현대넥서스b동",강남구,NO_MATCH,EXACT_JIBUN_ADDRESS,116801080002610007,"서울 강남구 논현동 261-7"
cx_2c51aca818fcb4de,"테라펠리체송파",송파구,NO_MATCH,EXACT_JIBUN_ADDRESS,117101070001660006,"서울 송파구 가락동 166-6"
cx_2c5c94424e74bd7b,"삼익플라주",양천구,NO_MATCH,EXACT_PARCEL,114701030010420000,"서울 양천구 신월동 1042"
cx_2c640aa0862cadd4,"광남(355-2)",강동구,NO_MATCH,EXACT_JIBUN_ADDRESS,117401050003550002,"서울 강동구 길동 355-2"
cx_2c644e3c0ce30c16,"탑힐",중구,NO_MATCH,EXACT_JIBUN_ADDRESS,111401620003130008,"서울 중구 신당동 313-8"
cx_2c6980fc1ac1c577,"대치르엘",강남구,NO_MATCH,EXACT_PARCEL,116801060010300000,"서울 강남구 대치동 1030"
cx_2c6a2bed61de6491,"삼원하이츠11차",관악구,NO_MATCH,EXACT_JIBUN_ADDRESS,116201030006020210,"서울 관악구 남현동 602-210"
cx_2c6cdec96feb1c70,"구암하이빌",종로구,NO_MATCH,EXACT_JIBUN_ADDRESS,111101860001050022,"서울 종로구 신영동 105-22"
cx_2c6db6d829775ff9,"이스타팰리스",양천구,NO_MATCH,EXACT_JIBUN_ADDRESS,114701010010070011,"서울 양천구 신정동 1007-11"
cx_2c6eae1f901244cc,"무학",관악구,NO_MATCH,EXACT_JIBUN_ADDRESS,116201010015310039,"서울 관악구 봉천동 1531-39"
cx_2c6f751d1fe442f2,"한신휴플러스",서초구,NO_MATCH,EXACT_JIBUN_ADDRESS,116501010030000001,"서울 서초구 방배동 3000-1"
cx_2c7924b0182a15dd,"대성하이빌(a동)",동대문구,NO_MATCH,EXACT_JIBUN_ADDRESS,112301060001690048,"서울 동대문구 장안동 169-48"
cx_2c7c803f58500381,"세종로대우",종로구,NO_MATCH,EXACT_PARCEL,111101180001670000,"서울 종로구 내수동 167"
cx_2c7d1d518001e820,"리치힐102동(993-36)",금천구,NO_MATCH,EXACT_JIBUN_ADDRESS,115451020009930036,"서울 금천구 독산동 993-36"
cx_2c8653e5eab24908,"마포센트럴아이파크",마포구,NO_MATCH,EXACT_PARCEL,114401010008020000,"서울 마포구 아현동 802"
cx_2c93b19a63213ee0,"금성",광진구,NO_MATCH,EXACT_JIBUN_ADDRESS,112151050005820015,"서울 광진구 자양동 582-15"
cx_2ca3b9eab368170f,"대우",동대문구,NO_MATCH,EXACT_PARCEL,112301100000450000,"서울 동대문구 이문동 45"
cx_2ca83b5abac30490,"그레이스(786-10)",강서구,NO_MATCH,EXACT_JIBUN_ADDRESS,115001030007860010,"서울 강서구 화곡동 786-10"
cx_2ca8ac058a7b0a20,"한아(987-11)",금천구,NO_MATCH,EXACT_JIBUN_ADDRESS,115451020009870011,"서울 금천구 독산동 987-11"
cx_2cac8d07d8bdc70c,"스카이빌2",용산구,NO_MATCH,EXACT_JIBUN_ADDRESS,111701310007370060,"서울 용산구 한남동 737-60"
cx_2cacd0968f9a06e7,"해태보라매타워",관악구,NO_MATCH,EXACT_JIBUN_ADDRESS,116201010007290032,"서울 관악구 봉천동 729-32"
cx_2ccaab2e71f44883,"경동윈츠리버",동작구,NO_MATCH,EXACT_PARCEL,115901040004840000,"서울 동작구 본동 484"
cx_2ccb68eefbe61a8f,"한솔브리즈(199-4)",강동구,NO_MATCH,EXACT_JIBUN_ADDRESS,117401080001990004,"서울 강동구 성내동 199-4"
cx_2cd3733c3177a816,"상지리츠빌10차",강남구,NO_MATCH,EXACT_JIBUN_ADDRESS,116801040001220001,"서울 강남구 청담동 122-1"
cx_2ce1c9bb924fe5ee,"동일스카이시티2차",동대문구,NO_MATCH,EXACT_JIBUN_ADDRESS,112301080000600230,"서울 동대문구 회기동 60-230"
cx_2ce2c22300234436,"까치마을",강남구,NO_MATCH,EXACT_PARCEL,116801150007460000,"서울 강남구 수서동 746"
cx_2cef9ab3b60edaa9,"삼백",강서구,NO_MATCH,EXACT_JIBUN_ADDRESS,115001030009150016,"서울 강서구 화곡동 915-16"
cx_2cf9aa7630c911c1,"로얄팰리스주상복합아파트",중랑구,NO_MATCH,EXACT_JIBUN_ADDRESS,112601050005080015,"서울 중랑구 망우동 508-15"
cx_2cfa7e7b5c2d1223,"이화우성",구로구,NO_MATCH,EXACT_PARCEL,115301020012600000,"서울 구로구 구로동 1260"
cx_2d03a36e4feae959,"dmc진흥",은평구,NO_MATCH,EXACT_JIBUN_ADDRESS,113801010004160001,"서울 은평구 수색동 416-1"
cx_2d087411dfe22089,"공감지음포레뷰아파트",동작구,NO_MATCH,EXACT_JIBUN_ADDRESS,115901070002350062,"서울 동작구 사당동 235-62"
cx_2d0dd60602c3a322,"신도브래뉴",중랑구,NO_MATCH,EXACT_JIBUN_ADDRESS,112601040001690010,"서울 중랑구 묵동 169-10"
cx_2d11c135c5741083,"마곡일성트루엘아파트",강서구,NO_MATCH,EXACT_PARCEL,115001050015350000,"서울 강서구 마곡동 1535"
cx_2d1208e6d939ba93,"부에나비스타",서초구,NO_MATCH,EXACT_JIBUN_ADDRESS,116501010000010057,"서울 서초구 방배동 1-57"
cx_2d1cedfad9eb9a4c,"더샵스타리버",송파구,NO_MATCH,EXACT_JIBUN_ADDRESS,117101020000110008,"서울 송파구 신천동 11-8"
cx_2d21dc8a501e9f05,"엠프라자아파트(152-3)",강동구,NO_MATCH,EXACT_JIBUN_ADDRESS,117401050001520003,"서울 강동구 길동 152-3"
cx_2d2b2f3fbe2a4a7f,"푸른마을(432-921)",중구,NO_MATCH,EXACT_JIBUN_ADDRESS,111401620004320921,"서울 중구 신당동 432-921"
cx_2d32046922f0ae48,"대우로얄카운티2",강남구,NO_MATCH,EXACT_JIBUN_ADDRESS,116801040001160005,"서울 강남구 청담동 116-5"
cx_2d374b9887bde41b,"태상아트빌",강동구,NO_MATCH,EXACT_JIBUN_ADDRESS,117401060000610008,"서울 강동구 둔촌동 61-8"
cx_2d405b516f4c1396,"래미안아름숲",동대문구,NO_MATCH,EXACT_PARCEL,112301040006880000,"서울 동대문구 전농동 688"
cx_2d4dc9c12b54d4ee,"중앙하이츠102동",마포구,NO_MATCH,EXACT_JIBUN_ADDRESS,114401140000420008,"서울 마포구 창전동 42-8"
cx_2d558c55a022aab1,"개포현대6차",강남구,NO_MATCH,EXACT_JIBUN_ADDRESS,116801030012420002,"서울 강남구 개포동 1242-2"
cx_2d6f4a72ece2ed15,"씨제이리버힐",마포구,NO_MATCH,EXACT_JIBUN_ADDRESS,114401170000740001,"서울 마포구 신정동 74-1"
cx_2d75c92d56b7321e,"(432-2001)",중구,NO_MATCH,EXACT_JIBUN_ADDRESS,111401620004322001,"서울 중구 신당동 432-2001"
cx_2d78f6d14e190143,"우성3차(562)",동대문구,NO_MATCH,EXACT_PARCEL,112301060005620000,"서울 동대문구 장안동 562"
cx_2d7d78bd8af93c6e,"하이브2",강동구,NO_MATCH,EXACT_JIBUN_ADDRESS,117401090001640070,"서울 강동구 천호동 164-70"
cx_2d9398ea6b176e8a,"올림픽타워1",송파구,NO_MATCH,MULTI_RECORD_SAME_PARCEL,117101110001820000,"서울 송파구 방이동 182"
cx_2d9d85c3e47511ce,"신장미",성동구,NO_MATCH,NO_MATCH,112001140006560421,"서울 성동구 성수동1가 656-421"
cx_2da5e15972016055,"프라우드아파트",은평구,NO_MATCH,EXACT_JIBUN_ADDRESS,113801080000090054,"서울 은평구 역촌동 9-54"
cx_2da71dd6f00a0099,"백림금호",중랑구,NO_MATCH,EXACT_PARCEL,112601050005740000,"서울 중랑구 망우동 574"
cx_2db2fd143c1b4201,"지석천평대",강남구,NO_MATCH,EXACT_JIBUN_ADDRESS,116801010007890029,"서울 강남구 역삼동 789-29"
cx_2db955f688499d43,"해풍",양천구,NO_MATCH,EXACT_JIBUN_ADDRESS,114701010009050002,"서울 양천구 신정동 905-2"
cx_2dc0a20c9dc81e56,"엘리시아",종로구,NO_MATCH,EXACT_JIBUN_ADDRESS,111101830000660001,"서울 종로구 평창동 66-1"
cx_2dc725f3441fdb54,"현대맨숀",용산구,NO_MATCH,EXACT_JIBUN_ADDRESS,111701290003010160,"서울 용산구 이촌동 301-160"
cx_2dda28773333a69a,"제니더클래식",은평구,NO_MATCH,EXACT_JIBUN_ADDRESS,113801020000310036,"서울 은평구 녹번동 31-36"
cx_2de71f20df8d389d,"동아1",구로구,NO_MATCH,EXACT_PARCEL,115301010006430000,"서울 구로구 신도림동 643"
cx_2ded750218a99dcb,"신일라이프",도봉구,NO_MATCH,EXACT_PARCEL,113201050007260000,"서울 도봉구 쌍문동 726"
cx_2e0c704da3bdefb1,"북한산포레스트",은평구,NO_MATCH,EXACT_JIBUN_ADDRESS,113801060001790016,"서울 은평구 대조동 179-16"
cx_2e12e615f288eb62,"청남",양천구,NO_MATCH,EXACT_JIBUN_ADDRESS,114701030000560006,"서울 양천구 신월동 56-6"
cx_2e18b9fabcc0aa85,"골드클래스",강동구,NO_MATCH,EXACT_JIBUN_ADDRESS,117401050004140005,"서울 강동구 길동 414-5"
cx_2e1b0a1da145288d,"동아",성동구,NO_MATCH,EXACT_JIBUN_ADDRESS,112001140006560320,"서울 성동구 성수동1가 656-320"
cx_2e1c0846bf85e3d8,"건진",양천구,NO_MATCH,EXACT_JIBUN_ADDRESS,114701020007610013,"서울 양천구 목동 761-13"
cx_2e2c417fd046cbb7,"길음뉴타운7단지(두산위브)",성북구,NO_MATCH,EXACT_PARCEL,112901340012850000,"서울 성북구 길음동 1285"
cx_2e2f48eb187f4ffe,"창동주공1단지",도봉구,NO_MATCH,EXACT_PARCEL,113201070003050000,"서울 도봉구 창동 305"
cx_2e3633752105a746,"대우로얄빌라트(1027-1)",서초구,NO_MATCH,EXACT_JIBUN_ADDRESS,116501010010270001,"서울 서초구 방배동 1027-1"
cx_2e3df182e43b460c,"삼성",송파구,NO_MATCH,EXACT_PARCEL,117101120001600000,"서울 송파구 오금동 160"
cx_2e40ae3194821303,"두산힐스빌아파트",노원구,NO_MATCH,EXACT_PARCEL,113501030007470000,"서울 노원구 공릉동 747"
cx_2e43e258b6ca1f78,"현대",강남구,NO_MATCH,EXACT_JIBUN_ADDRESS,116801030001720003,"서울 강남구 개포동 172-3"
cx_2e485a3365527b9e,"솔루테아파트",중랑구,NO_MATCH,EXACT_PARCEL,112601010015230000,"서울 중랑구 면목동 1523"
cx_2e4e53449571b1f3,"한신빌라트1",양천구,NO_MATCH,EXACT_JIBUN_ADDRESS,114701020009000017,"서울 양천구 목동 900-17"
cx_2e54fd7add49e1f3,"유풍",마포구,NO_MATCH,EXACT_JIBUN_ADDRESS,114401090000270126,"서울 마포구 염리동 27-126"
cx_2e6dd22ab7398e29,"현대홈타운스위트105",송파구,NO_MATCH,EXACT_JIBUN_ADDRESS,117101110001980010,"서울 송파구 방이동 198-10"
cx_2e6e4ccdfb0aee45,"마포월드컵제이스카이",마포구,NO_MATCH,EXACT_PARCEL,114401230005230000,"서울 마포구 망원동 523"
cx_2e7164a4bac288ab,"아델스빌1",서초구,NO_MATCH,EXACT_JIBUN_ADDRESS,116501070006120031,"서울 서초구 반포동 612-31"
cx_2e789555cf7b1962,"남서울힐스테이트",금천구,NO_MATCH,EXACT_PARCEL,115451030010260000,"서울 금천구 시흥동 1026"
cx_2e7f5302b02fbd1c,"보광타워",동대문구,NO_MATCH,EXACT_JIBUN_ADDRESS,112301050005300004,"서울 동대문구 답십리동 530-4"
cx_2e81951e156bc062,"그린포레아파트",금천구,NO_MATCH,EXACT_PARCEL,115451030010350000,"서울 금천구 시흥동 1035"
cx_2e86e755e8781cc5,"한진해모로",중랑구,NO_MATCH,EXACT_PARCEL,112601050005780000,"서울 중랑구 망우동 578"
cx_2e9b34674cb3512c,"ph129",강남구,NO_MATCH,MULTI_RECORD_SAME_PARCEL,116801040001290000,"서울 강남구 청담동 129"
cx_2eab8b71ce01e76c,"엘르빌2차",서대문구,NO_MATCH,EXACT_PARCEL,114101160003680000,"서울 서대문구 창천동 368"
cx_2ebfe87de8dcc952,"길훈",은평구,NO_MATCH,EXACT_JIBUN_ADDRESS,113801070001220030,"서울 은평구 응암동 122-30"
cx_2ec16f5bfe1359e8,"동아불암",노원구,NO_MATCH,EXACT_PARCEL,113501050012850000,"서울 노원구 상계동 1285"
cx_2ecd6f727de7f8f2,"양우내안애",도봉구,NO_MATCH,EXACT_PARCEL,113201080006560000,"서울 도봉구 도봉동 656"
cx_2ed1637aac99d62f,"서한베네치아",강동구,NO_MATCH,EXACT_JIBUN_ADDRESS,117401050001430004,"서울 강동구 길동 143-4"
cx_2ee5ad48b7b93e08,"한울앤하우스",강서구,NO_MATCH,EXACT_JIBUN_ADDRESS,115001060006960021,"서울 강서구 내발산동 696-21"
cx_2eea108a92c55c4f,"삼성힐",동대문구,NO_MATCH,EXACT_JIBUN_ADDRESS,112301020001380052,"서울 동대문구 용두동 138-52"
cx_2eebb622f05b8afd,"멤버스빌",서초구,NO_MATCH,EXACT_JIBUN_ADDRESS,116501010009180014,"서울 서초구 방배동 918-14"
cx_2eeee3c4d0e64895,"서초트레져",서초구,NO_MATCH,EXACT_JIBUN_ADDRESS,116501080014920005,"서울 서초구 서초동 1492-5"
cx_2eef92c23bc3d611,"청광플러스원",중랑구,NO_MATCH,EXACT_PARCEL,112601030004530000,"서울 중랑구 중화동 453"
cx_2ef8603a7d370d12,"해밀",강동구,NO_MATCH,EXACT_JIBUN_ADDRESS,117401010003350007,"서울 강동구 명일동 335-7"
cx_2f08acd536e5db6d,"우성",용산구,NO_MATCH,EXACT_JIBUN_ADDRESS,111701290003990001,"서울 용산구 이촌동 399-1"
cx_2f0c5b56484e6e29,"(796-51)",구로구,NO_MATCH,EXACT_JIBUN_ADDRESS,115301020007960051,"서울 구로구 구로동 796-51"
cx_2f1129bf2302fad4,"문래자이",영등포구,NO_MATCH,EXACT_PARCEL,115601210000540000,"서울 영등포구 문래동3가 54"
cx_2f1bb3595ea30ba3,"벽산스카이파크",은평구,NO_MATCH,EXACT_JIBUN_ADDRESS,113801050003550090,"서울 은평구 구산동 355-90"
cx_2f1feb1183fb6268,"문래힐스테이트",영등포구,NO_MATCH,EXACT_PARCEL,115601210000940000,"서울 영등포구 문래동3가 94"
cx_2f205e8f87d30db3,"목동우성3",양천구,NO_MATCH,EXACT_PARCEL,114701010003380000,"서울 양천구 신정동 338"
cx_2f2cdb7a2653a746,"숭인모범105동",종로구,NO_MATCH,EXACT_JIBUN_ADDRESS,111101750005690003,"서울 종로구 숭인동 569-3"
cx_2f2e57a095479dd0,"미소",송파구,NO_MATCH,EXACT_JIBUN_ADDRESS,117101120001340029,"서울 송파구 오금동 134-29"
cx_2f32bd39d0379aa5,"삼유스위트빌",강동구,NO_MATCH,EXACT_JIBUN_ADDRESS,117401050002410005,"서울 강동구 길동 241-5"
cx_2f32c3d1b0901cec,"리버마이다스빌",성동구,NO_MATCH,EXACT_JIBUN_ADDRESS,112001120000970001,"서울 성동구 금호동4가 97-1"
cx_2f37cbfcd4b3d36c,"승일카이저",중랑구,NO_MATCH,EXACT_JIBUN_ADDRESS,112601010001510004,"서울 중랑구 면목동 151-4"
cx_2f403b46f33a6425,"왕십리풍림아이원",성동구,NO_MATCH,EXACT_PARCEL,112001020010610000,"서울 성동구 하왕십리동 1061"
cx_2f44b2ede24411b9,"andpra레지던스",강서구,NO_MATCH,EXACT_JIBUN_ADDRESS,115001030009180025,"서울 강서구 화곡동 918-25"
cx_2f49a5bcdcc0041f,"꿈의숲한신더휴",강북구,NO_MATCH,EXACT_PARCEL,113051010013710000,"서울 강북구 미아동 1371"
cx_2f4a4dbf3f5f944c,"에이원",양천구,NO_MATCH,EXACT_JIBUN_ADDRESS,114701030004130003,"서울 양천구 신월동 413-3"
cx_2f5333adf12c8325,"쌍문동lg트윈빌1",도봉구,NO_MATCH,MULTI_RECORD_SAME_PARCEL,113201050000190000,"서울 도봉구 쌍문동 19"
cx_2f545927b344707c,"호반써밋개봉",구로구,NO_MATCH,EXACT_PARCEL,115301070005010000,"서울 구로구 개봉동 501"
cx_2f56eff2ce6d267d,"신동아파밀리에",강동구,NO_MATCH,EXACT_PARCEL,117401060005550000,"서울 강동구 둔촌동 555"
cx_2f593cf08fec86e1,"동보",구로구,NO_MATCH,EXACT_PARCEL,115301080003370000,"서울 구로구 오류동 337"
cx_2f67aba90b5fe1d5,"선광",강동구,NO_MATCH,EXACT_PARCEL,117401080005650000,"서울 강동구 성내동 565"
cx_2f6a9726d8fecdec,"공덕sk리더스뷰",마포구,NO_MATCH,MULTI_RECORD_SAME_PARCEL,114401020004790000,"서울 마포구 공덕동 479"
cx_2f6d4137cd395c2c,"동부센트레빌",용산구,NO_MATCH,EXACT_PARCEL,111701290004180000,"서울 용산구 이촌동 418"
cx_2f6d44db8a37fd69,"대영공원(102동)",송파구,NO_MATCH,EXACT_JIBUN_ADDRESS,117101120000540004,"서울 송파구 오금동 54-4"
cx_2f70be0d1fddc419,"명인갤러리2차",강남구,NO_MATCH,EXACT_JIBUN_ADDRESS,116801010007320025,"서울 강남구 역삼동 732-25"
cx_2f75cfb5f43ebde9,"신답극동",동대문구,NO_MATCH,EXACT_JIBUN_ADDRESS,112301050004640001,"서울 동대문구 답십리동 464-1"
cx_2f7c5c57aa768a74,"신길ak푸르지오",영등포구,NO_MATCH,EXACT_JIBUN_ADDRESS,115601320002550009,"서울 영등포구 신길동 255-9"
cx_2f7fa176d7abd5a3,"성원2",노원구,NO_MATCH,EXACT_PARCEL,113501060005810000,"서울 노원구 중계동 581"
cx_2f81b046062a7a34,"세영",은평구,NO_MATCH,EXACT_JIBUN_ADDRESS,113801100001880012,"서울 은평구 증산동 188-12"
cx_2f8483f9de56dce7,"학여울청구",노원구,NO_MATCH,EXACT_PARCEL,113501040003540000,"서울 노원구 하계동 354"
cx_2f84e99d93481071,"신성",중랑구,NO_MATCH,EXACT_PARCEL,112601010015190000,"서울 중랑구 면목동 1519"
cx_2f852110d1e034fb,"태영홈아파트",은평구,NO_MATCH,EXACT_JIBUN_ADDRESS,113801050000260025,"서울 은평구 구산동 26-25"
cx_2f8d0f801d9e12a1,"다움7샤인힐",서초구,NO_MATCH,EXACT_JIBUN_ADDRESS,116501010008000005,"서울 서초구 방배동 800-5"
cx_2f923378a5c3f3f4,"북한산래미안아파트(1단지)",은평구,NO_MATCH,EXACT_PARCEL,113801030006380000,"서울 은평구 불광동 638"
cx_2f93b8e7e4481685,"리버힐에이동",용산구,NO_MATCH,EXACT_JIBUN_ADDRESS,111701320000420017,"서울 용산구 동빙고동 42-17"
cx_2f94635c554753b6,"방배아크로리버",서초구,NO_MATCH,EXACT_JIBUN_ADDRESS,116501010007520036,"서울 서초구 방배동 752-36"
cx_2f9f36dc1789200d,"백운스위트빌",금천구,NO_MATCH,EXACT_JIBUN_ADDRESS,115451030009590011,"서울 금천구 시흥동 959-11"
cx_2fa6de3277010f4f,"미주",강서구,NO_MATCH,EXACT_JIBUN_ADDRESS,115001030004740001,"서울 강서구 화곡동 474-1"
cx_2faa35d3b982ac14,"프라임레지던스",송파구,NO_MATCH,EXACT_JIBUN_ADDRESS,117101070001960003,"서울 송파구 가락동 196-3"
cx_2fab11d9fb7b2e55,"마포자이2차",마포구,NO_MATCH,EXACT_PARCEL,114401080008040000,"서울 마포구 대흥동 804"
cx_2fb39aa3e6c176c6,"렉스빌",종로구,NO_MATCH,EXACT_PARCEL,111101700000190000,"서울 종로구 명륜1가 19"
cx_2fb51bfc12928e4b,"상아1차아파트",송파구,NO_MATCH,EXACT_PARCEL,117101120001660000,"서울 송파구 오금동 166"
cx_2fc8aebdcf130514,"송파포트힐한샘인사이드",송파구,NO_MATCH,EXACT_PARCEL,117101040002440000,"서울 송파구 송파동 244"
cx_2fc97997868d6e1a,"시티하우스",용산구,NO_MATCH,EXACT_JIBUN_ADDRESS,111701280000650007,"서울 용산구 한강로3가 65-7"
cx_2fcfc9686bf022d5,"서광아파트",강남구,NO_MATCH,EXACT_PARCEL,116801050000020000,"서울 강남구 삼성동 2"
cx_2fcfdf1ee9e9bab1,"하계1청구",노원구,NO_MATCH,MULTI_RECORD_SAME_PARCEL,113501040002510000,"서울 노원구 하계동 251"
cx_2fded84975eb679d,"오림센트빌",동작구,NO_MATCH,EXACT_JIBUN_ADDRESS,115901070010480008,"서울 동작구 사당동 1048-8"
cx_2fdfd824834412fd,"늘푸른(569-5)",관악구,NO_MATCH,EXACT_JIBUN_ADDRESS,116201020005690005,"서울 관악구 신림동 569-5"
cx_2fe6ace1794b78f8,"다성이즈빌(349-1)",강동구,NO_MATCH,EXACT_JIBUN_ADDRESS,117401050003490001,"서울 강동구 길동 349-1"
cx_2fe74188766fabbe,"주공4단지",강북구,NO_MATCH,EXACT_PARCEL,113051020002340000,"서울 강북구 번동 234"
cx_2ff191a25404c3c2,"그린월드",마포구,NO_MATCH,EXACT_JIBUN_ADDRESS,114401230004640011,"서울 마포구 망원동 464-11"
cx_2ffa889f4ae9017d,"개인택시주택조합(미성아파트)",중랑구,NO_MATCH,EXACT_JIBUN_ADDRESS,112601010000010041,"서울 중랑구 면목동 1-41"
cx_2ffe4801849314f3,"가양6단지",강서구,NO_MATCH,EXACT_PARCEL,115001040014850000,"서울 강서구 가양동 1485"
cx_300ad23da344dbf0,"(747-26)",구로구,NO_MATCH,EXACT_JIBUN_ADDRESS,115301020007470026,"서울 구로구 구로동 747-26"
cx_3010d19d538e36f4,"성재센트리움",강서구,NO_MATCH,EXACT_JIBUN_ADDRESS,115001030009180038,"서울 강서구 화곡동 918-38"
cx_3012b4802ca09549,"글로벌파크",중랑구,NO_MATCH,EXACT_JIBUN_ADDRESS,112601010005640001,"서울 중랑구 면목동 564-1"
cx_301b8e3967c722ef,"용산소미글로벌리버파크",용산구,NO_MATCH,EXACT_JIBUN_ADDRESS,111701170002770008,"서울 용산구 원효로3가 277-8"
cx_301dec37a4085261,"신반포25",서초구,NO_MATCH,EXACT_JIBUN_ADDRESS,116501060000610001,"서울 서초구 잠원동 61-1"
cx_3024a2ff137c660e,"백룡도원",강동구,NO_MATCH,MULTI_RECORD_SAME_PARCEL,117401080004440000,"서울 강동구 성내동 444"
cx_3024a5b90b9d654f,"청성스카이",강서구,NO_MATCH,EXACT_JIBUN_ADDRESS,115001080000220004,"서울 강서구 공항동 22-4"
cx_302d3b83f9211827,"삼환",강동구,NO_MATCH,MULTI_RECORD_SAME_PARCEL,117401010000470000,"서울 강동구 명일동 47"
cx_30301e2a6c38a974,"대주피오레",은평구,NO_MATCH,EXACT_JIBUN_ADDRESS,113801070006690001,"서울 은평구 응암동 669-1"
cx_3032eabe45f20e5f,"중명",강동구,NO_MATCH,EXACT_JIBUN_ADDRESS,117401080004340004,"서울 강동구 성내동 434-4"
cx_30331e38ca239eb0,"르가든더메인한남",용산구,NO_MATCH,EXACT_PARCEL,111701310003860000,"서울 용산구 한남동 386"
cx_3033942e3d1b24c0,"경희",양천구,NO_MATCH,EXACT_JIBUN_ADDRESS,114701030004460005,"서울 양천구 신월동 446-5"
cx_304d0f6f2cb37768,"g패밀리움",서대문구,NO_MATCH,EXACT_JIBUN_ADDRESS,114101180004370002,"서울 서대문구 홍은동 437-2"
cx_304ec29e54163be2,"반포빌라트(71-1)",서초구,NO_MATCH,EXACT_JIBUN_ADDRESS,116501070000710001,"서울 서초구 반포동 71-1"
cx_3056277758494204,"대림e-편한세상6",구로구,NO_MATCH,EXACT_PARCEL,115301010006480000,"서울 구로구 신도림동 648"
cx_30592c6498e9ff65,"위례중앙푸르지오1단지",송파구,NO_MATCH,EXACT_PARCEL,117101090008970000,"서울 송파구 장지동 897"
cx_305aa54e3abfe285,"극동",성동구,NO_MATCH,EXACT_PARCEL,112001130004280000,"서울 성동구 옥수동 428"
cx_306a7067aadebbf2,"북한산스카이뷰아파트",강북구,NO_MATCH,EXACT_PARCEL,113051030007390000,"서울 강북구 수유동 739"
cx_306ab22a959b4ea6,"강동역신동아파밀리에",강동구,NO_MATCH,EXACT_JIBUN_ADDRESS,117401090004470017,"서울 강동구 천호동 447-17"
cx_307c1d0c1ad2acd7,"하늘공원아파트(102동)",노원구,NO_MATCH,EXACT_JIBUN_ADDRESS,113501030002220004,"서울 노원구 공릉동 222-4"
cx_3081ad39f0a180fe,"한신플러스b",성북구,NO_MATCH,EXACT_PARCEL,112901090002610000,"서울 성북구 동소문동6가 261"
cx_30a07d437467816b,"래미안삼성2차",강남구,NO_MATCH,EXACT_JIBUN_ADDRESS,116801050000070003,"서울 강남구 삼성동 7-3"
cx_30b22a9efcfcbf39,"방신서광",강서구,NO_MATCH,EXACT_PARCEL,115001090008710000,"서울 강서구 방화동 871"
cx_30b322507bff3ae4,"이안애2차",강남구,NO_MATCH,EXACT_JIBUN_ADDRESS,116801050001300006,"서울 강남구 삼성동 130-6"
cx_30b78efc95b11178,"우성",노원구,NO_MATCH,MULTI_RECORD_SAME_PARCEL,113501040002700000,"서울 노원구 하계동 270"
cx_30b8be1c46ab150e,"뉴타운b동",관악구,NO_MATCH,EXACT_JIBUN_ADDRESS,116201030006020378,"서울 관악구 남현동 602-378"
cx_30bd3f634ae829da,"파인힐빌",용산구,NO_MATCH,EXACT_JIBUN_ADDRESS,111701320000010072,"서울 용산구 동빙고동 1-72"
cx_30cb9cd4bea14928,"자이파인빌(101동)",송파구,NO_MATCH,EXACT_JIBUN_ADDRESS,117101080000680001,"서울 송파구 문정동 68-1"
cx_30cd4c6661a6dc36,"sm드림빌",강동구,NO_MATCH,EXACT_JIBUN_ADDRESS,117401050003780001,"서울 강동구 길동 378-1"
cx_30ce9015783c5629,"신성",도봉구,NO_MATCH,EXACT_JIBUN_ADDRESS,113201050000880072,"서울 도봉구 쌍문동 88-72"
cx_30d2cd60c890a5d6,"푸른마을",서초구,NO_MATCH,EXACT_JIBUN_ADDRESS,116501010007630012,"서울 서초구 방배동 763-12"
cx_30d7eea6da810b52,"헬리오시티",송파구,NO_MATCH,EXACT_PARCEL,117101070009130000,"서울 송파구 가락동 913"
cx_30dffe7c0d4c815c,"문정래미안",송파구,NO_MATCH,EXACT_PARCEL,117101080000010000,"서울 송파구 문정동 1"
cx_30e2e08f99674e40,"대림아파트(276)",은평구,NO_MATCH,EXACT_PARCEL,113801020002760000,"서울 은평구 녹번동 276"
cx_30ead566cabf626b,"삼성로얄3",광진구,NO_MATCH,EXACT_JIBUN_ADDRESS,112151010001090002,"서울 광진구 중곡동 109-2"
cx_30f0525aa081e586,"lig건영캐스빌",도봉구,NO_MATCH,EXACT_JIBUN_ADDRESS,113201070006350042,"서울 도봉구 창동 635-42"
cx_30f612b3870d4143,"동평화패션타운",중구,NO_MATCH,EXACT_JIBUN_ADDRESS,111401620002170095,"서울 중구 신당동 217-95"
cx_31027c2639a2bc45,"부림베스트빌",마포구,NO_MATCH,EXACT_JIBUN_ADDRESS,114401250002540029,"서울 마포구 성산동 254-29"
cx_31069dd423d6a9dd,"투데이",서대문구,NO_MATCH,EXACT_JIBUN_ADDRESS,114101190000050022,"서울 서대문구 북가좌동 5-22"
cx_3113388fa7936b26,"이니그마빌",강남구,NO_MATCH,MULTI_RECORD_SAME_PARCEL,116801040000940000,"서울 강남구 청담동 94"
cx_3114e84935bac628,"로제리움2차",구로구,NO_MATCH,MULTI_RECORD_SAME_PARCEL,115301020000970000,"서울 구로구 구로동 97"
cx_31164ad81bd36d9e,"양평한신",영등포구,NO_MATCH,EXACT_PARCEL,115601290000760000,"서울 영등포구 양평동5가 76"
cx_31172c20f5bda7ed,"다울아크로빌",성동구,NO_MATCH,EXACT_JIBUN_ADDRESS,112001070003470004,"서울 성동구 행당동 347-4"
cx_312a65b63c0c0cc7,"대상파크빌",서초구,NO_MATCH,EXACT_JIBUN_ADDRESS,116501080014840008,"서울 서초구 서초동 1484-8"
cx_31324c67d816c96c,"동익미라벨",도봉구,NO_MATCH,EXACT_JIBUN_ADDRESS,113201050002850005,"서울 도봉구 쌍문동 285-5"
cx_313e88fa4031e379,"비즈트위트그린",구로구,NO_MATCH,EXACT_JIBUN_ADDRESS,115301020000980010,"서울 구로구 구로동 98-10"
cx_313ea7f0fe072392,"벽산블루밍평창힐스",종로구,NO_MATCH,EXACT_PARCEL,111101830000450000,"서울 종로구 평창동 45"
cx_31415dae55a80bee,"현대(190-2)",강북구,NO_MATCH,EXACT_JIBUN_ADDRESS,113051010001900002,"서울 강북구 미아동 190-2"
cx_314507a0a0e74734,"동림푸른",성북구,NO_MATCH,EXACT_PARCEL,112901130000260000,"서울 성북구 삼선동3가 26"
cx_3151c3fe9a0804f0,"보람",양천구,NO_MATCH,EXACT_JIBUN_ADDRESS,114701030004570015,"서울 양천구 신월동 457-15"
cx_315eff922ca599b0,"보화1차",송파구,NO_MATCH,NO_MATCH,117101130001990002,"서울 송파구 거여동 199-2"
cx_3161d3a80f47aa7a,"대우메트로디오빌",마포구,NO_MATCH,EXACT_PARCEL,114401030001670000,"서울 마포구 신공덕동 167"
cx_316c5309629bc557,"미래하임(9-46)",은평구,NO_MATCH,EXACT_JIBUN_ADDRESS,113801060000090046,"서울 은평구 대조동 9-46"
cx_316ca2069e2dc076,"그라비스",강서구,NO_MATCH,EXACT_JIBUN_ADDRESS,115001030008400006,"서울 강서구 화곡동 840-6"
cx_31735af7db525bc5,"신일",강북구,NO_MATCH,EXACT_JIBUN_ADDRESS,113051010001630021,"서울 강북구 미아동 163-21"
cx_319d03794eee22bd,"지오빌",서초구,NO_MATCH,EXACT_JIBUN_ADDRESS,116501060000490006,"서울 서초구 잠원동 49-6"
cx_31ad478f862fc7c7,"하늘바람",서초구,NO_MATCH,EXACT_JIBUN_ADDRESS,116501010000010056,"서울 서초구 방배동 1-56"
cx_31b1b3deba105947,"동궁리치웰1",송파구,NO_MATCH,EXACT_JIBUN_ADDRESS,117101070001730006,"서울 송파구 가락동 173-6"
cx_31b22dc994fa85b3,"한솔",강서구,NO_MATCH,EXACT_JIBUN_ADDRESS,115001030000460035,"서울 강서구 화곡동 46-35"
cx_31b85338473c7ba7,"태경(347-13)",강서구,NO_MATCH,EXACT_JIBUN_ADDRESS,115001030003470013,"서울 강서구 화곡동 347-13"
cx_31bd0b9812159592,"천왕이펜하우스1단지",구로구,NO_MATCH,EXACT_PARCEL,115301110002820000,"서울 구로구 천왕동 282"
cx_31d8e1acde1da746,"신부3차파스카",마포구,NO_MATCH,EXACT_PARCEL,114401230004950000,"서울 마포구 망원동 495"
cx_31e6add8ff87b615,"mid그린(8동)",종로구,NO_MATCH,EXACT_JIBUN_ADDRESS,111101740006020001,"서울 종로구 창신동 602-1"
cx_31ea0dcc9f1f3463,"석탑",중랑구,NO_MATCH,EXACT_PARCEL,112601060007870000,"서울 중랑구 신내동 787"
cx_31f1e46376fad09b,"초원동아",강동구,NO_MATCH,EXACT_PARCEL,117401060006210000,"서울 강동구 둔촌동 621"
cx_320ff8fa6e3803f5,"옥스포드빌라트",서초구,NO_MATCH,EXACT_JIBUN_ADDRESS,116501080015140006,"서울 서초구 서초동 1514-6"
cx_3230b9f9fa38008f,"동심훼밀리",강동구,NO_MATCH,EXACT_JIBUN_ADDRESS,117401050003830006,"서울 강동구 길동 383-6"
cx_3236f89f7356ebe7,"신호빌라트",광진구,NO_MATCH,EXACT_JIBUN_ADDRESS,112151050005910012,"서울 광진구 자양동 591-12"
cx_3239e2ccae931b8c,"궁전",은평구,NO_MATCH,EXACT_JIBUN_ADDRESS,113801080000680022,"서울 은평구 역촌동 68-22"
cx_32490f37e8ca11c5,"풍림아이원1차103동(910-5)",강남구,NO_MATCH,EXACT_JIBUN_ADDRESS,116801060009100005,"서울 강남구 대치동 910-5"
cx_32575b0f298cfd81,"강변금호타운",성동구,NO_MATCH,EXACT_PARCEL,112001150008300000,"서울 성동구 성수동2가 830"
cx_3257846c5a8a7004,"태솔에버빌아파트",도봉구,NO_MATCH,EXACT_JIBUN_ADDRESS,113201060007120017,"서울 도봉구 방학동 712-17"
cx_325f9970ff9c6372,"삼익플라주서교2차",마포구,NO_MATCH,EXACT_JIBUN_ADDRESS,114401250006340005,"서울 마포구 성산동 634-5"
cx_327124aa50dcb177,"방이동그린파크",송파구,NO_MATCH,EXACT_JIBUN_ADDRESS,117101110001770006,"서울 송파구 방이동 177-6"
cx_327d42289310c8e9,"(770-23)",구로구,NO_MATCH,EXACT_JIBUN_ADDRESS,115301020007700023,"서울 구로구 구로동 770-23"
cx_32835a2ff9c307de,"아츠논현",강남구,NO_MATCH,EXACT_JIBUN_ADDRESS,116801080002490009,"서울 강남구 논현동 249-9"
cx_328d1a6217dc6d07,"신장위아파트",성북구,NO_MATCH,EXACT_JIBUN_ADDRESS,112901380002300214,"서울 성북구 장위동 230-214"
cx_3294ea4864383929,"남광타운",중랑구,NO_MATCH,EXACT_JIBUN_ADDRESS,112601030004130008,"서울 중랑구 중화동 413-8"
cx_32ae1152a92c3957,"청솔브레싱(b동)(400-9)",동대문구,NO_MATCH,EXACT_JIBUN_ADDRESS,112301060004000009,"서울 동대문구 장안동 400-9"
cx_32ae83ca4cef22a5,"대치푸르지오발라드",강남구,NO_MATCH,EXACT_JIBUN_ADDRESS,116801030001760002,"서울 강남구 개포동 176-2"
cx_32b9097b308a5b71,"방배대성유니드아파트",서초구,NO_MATCH,EXACT_JIBUN_ADDRESS,116501010009570007,"서울 서초구 방배동 957-7"
cx_32bd18c8cc02b7ce,"마곡태승훼미리아파트",강서구,NO_MATCH,EXACT_PARCEL,115001050014540000,"서울 강서구 마곡동 1454"
cx_32c4a9b2b90696fb,"하늘애",광진구,NO_MATCH,EXACT_JIBUN_ADDRESS,112151030002240001,"서울 광진구 구의동 224-1"
cx_32c5d5ced6494692,"(743-19)",구로구,NO_MATCH,EXACT_JIBUN_ADDRESS,115301020007430019,"서울 구로구 구로동 743-19"
cx_32cfbf1f8dd8399e,"뉴월드빌(16-28)",은평구,NO_MATCH,EXACT_JIBUN_ADDRESS,113801050000160028,"서울 은평구 구산동 16-28"
cx_32d42f22a7a6dddf,"아이언",은평구,NO_MATCH,EXACT_JIBUN_ADDRESS,113801080000170051,"서울 은평구 역촌동 17-51"
cx_32d4540b7146132d,"에스아이팰리스송파올림픽공원",송파구,NO_MATCH,EXACT_JIBUN_ADDRESS,117101120000010006,"서울 송파구 오금동 1-6"
cx_32d6ace7347f158f,"진성마블로스",동작구,NO_MATCH,EXACT_JIBUN_ADDRESS,115901080003940002,"서울 동작구 대방동 394-2"
cx_32d75cd48607883a,"초원탑스빌",서초구,NO_MATCH,EXACT_JIBUN_ADDRESS,116501020002030011,"서울 서초구 양재동 203-11"
cx_32dd060bd9618bf1,"지오트레벨",양천구,NO_MATCH,EXACT_JIBUN_ADDRESS,114701020007290002,"서울 양천구 목동 729-2"
cx_32dda9cae35692b6,"경인에버빌",은평구,NO_MATCH,EXACT_JIBUN_ADDRESS,113801060001970016,"서울 은평구 대조동 197-16"
cx_32df97f287ef9fc6,"태솔에버빌",강북구,NO_MATCH,EXACT_JIBUN_ADDRESS,113051030000520030,"서울 강북구 수유동 52-30"
cx_32e5c5bf88c2e2bd,"강서뉴",강서구,NO_MATCH,EXACT_JIBUN_ADDRESS,115001030009180012,"서울 강서구 화곡동 918-12"
cx_32e8e5d6b02fcb3f,"서초8차상지리츠빌",서초구,NO_MATCH,EXACT_JIBUN_ADDRESS,116501080014910003,"서울 서초구 서초동 1491-3"
cx_32f2573e28f583b1,"휴먼빌",마포구,NO_MATCH,EXACT_PARCEL,114401230005090000,"서울 마포구 망원동 509"
cx_32f4ac4382d9dd84,"(743-5)",구로구,NO_MATCH,EXACT_JIBUN_ADDRESS,115301020007430005,"서울 구로구 구로동 743-5"
cx_32fb44a73cd3f9df,"노블리움(466-0)",동작구,NO_MATCH,EXACT_PARCEL,115901030004660000,"서울 동작구 상도1동 466"
cx_32fee2bff7ae106d,"서초타운트라팰리스",서초구,NO_MATCH,MULTI_RECORD_SAME_PARCEL,116501080013270000,"서울 서초구 서초동 1327"
cx_330268b879cddb2a,"우물골2단지두산위브(204~208동)bl2-5",은평구,NO_MATCH,EXACT_PARCEL,113801140000830000,"서울 은평구 진관동 83"
cx_3311c68d4f7aef03,"워커힐팰리스",광진구,NO_MATCH,EXACT_PARCEL,112151040001250000,"서울 광진구 광장동 125"
cx_331a7f3f745f5559,"정은스카이빌3차",양천구,NO_MATCH,EXACT_JIBUN_ADDRESS,114701010011920001,"서울 양천구 신정동 1192-1"
cx_332631c4974a34c9,"이지라이프",양천구,NO_MATCH,EXACT_JIBUN_ADDRESS,114701010009290025,"서울 양천구 신정동 929-25"
cx_332c4d72fa6fbd54,"역촌",은평구,NO_MATCH,EXACT_JIBUN_ADDRESS,113801080000010030,"서울 은평구 역촌동 1-30"
cx_33351447b7ca5dd7,"신동아1",용산구,NO_MATCH,EXACT_PARCEL,111701360004480000,"서울 용산구 보광동 448"
cx_3339b59323bb40aa,"수서한아름",강남구,NO_MATCH,EXACT_PARCEL,116801150007120000,"서울 강남구 수서동 712"
cx_333b884c045051fb,"로얄카운티-2",용산구,NO_MATCH,EXACT_JIBUN_ADDRESS,111701120000170005,"서울 용산구 원효로1가 17-5"
cx_333d7ae463ce0234,"엘림타운",노원구,NO_MATCH,EXACT_JIBUN_ADDRESS,113501030003790002,"서울 노원구 공릉동 379-2"
cx_33445f9588d6714f,"마크힐스웨스트윙",강남구,NO_MATCH,EXACT_JIBUN_ADDRESS,116801040001300006,"서울 강남구 청담동 130-6"
cx_3344cd4c54ca87ec,"광남캐스빌610v",강동구,NO_MATCH,EXACT_JIBUN_ADDRESS,117401050004100003,"서울 강동구 길동 410-3"
cx_334a06166b3df826,"루이스캐슬",서초구,NO_MATCH,EXACT_JIBUN_ADDRESS,116501010004780008,"서울 서초구 방배동 478-8"
cx_3361ce341466cb31,"충무로헤센스마트",중구,NO_MATCH,EXACT_PARCEL,111401330000900000,"서울 중구 충무로5가 90"
cx_3364df5e9fea3282,"리버빌(삼성)",용산구,NO_MATCH,EXACT_PARCEL,111701360001510000,"서울 용산구 보광동 151"
cx_336604b333e9433c,"길성",관악구,NO_MATCH,EXACT_JIBUN_ADDRESS,116201010015970010,"서울 관악구 봉천동 1597-10"
cx_3367295c39195586,"북가좌삼호",서대문구,AMBIGUOUS,EXACT_PARCEL,114101190004490000,"서울 서대문구 북가좌동 449"
cx_337289bf147b6a90,"한양2",도봉구,NO_MATCH,MULTI_RECORD_SAME_PARCEL,113201050000590000,"서울 도봉구 쌍문동 59"
cx_33767d865450bd15,"태솔에버빌2차",동대문구,NO_MATCH,EXACT_JIBUN_ADDRESS,112301060003830010,"서울 동대문구 장안동 383-10"
cx_3376f9157313915e,"아남1",종로구,NO_MATCH,EXACT_PARCEL,111101710000040000,"서울 종로구 명륜2가 4"
cx_3388d97e20b4324d,"liga",강동구,NO_MATCH,EXACT_JIBUN_ADDRESS,117401080002440012,"서울 강동구 성내동 244-12"
cx_3389eed6fb6c92e6,"은탑로얄클라스",금천구,NO_MATCH,EXACT_JIBUN_ADDRESS,115451020003030001,"서울 금천구 독산동 303-1"
cx_33931460927fde95,"엔에스아파트",은평구,NO_MATCH,EXACT_JIBUN_ADDRESS,113801050000260041,"서울 은평구 구산동 26-41"
cx_33959decec0681f9,"성삼하이츠",구로구,NO_MATCH,EXACT_PARCEL,115301020012750000,"서울 구로구 구로동 1275"
cx_339ce37de7964923,"다성씨티(1차)",강동구,NO_MATCH,EXACT_JIBUN_ADDRESS,117401010003510005,"서울 강동구 명일동 351-5"
cx_33a1423d0625df0a,"삼성아셈",강남구,NO_MATCH,EXACT_JIBUN_ADDRESS,116801050001500005,"서울 강남구 삼성동 150-5"
cx_33b6fdbd2929057d,"세아쎄닛빌",양천구,NO_MATCH,EXACT_JIBUN_ADDRESS,114701030005470005,"서울 양천구 신월동 547-5"
cx_33c44433019146f7,"케이씨빌",강남구,NO_MATCH,EXACT_JIBUN_ADDRESS,116801080001040023,"서울 강남구 논현동 104-23"
cx_33d782f438d042be,"동일스위트리버2차",강서구,NO_MATCH,EXACT_PARCEL,115001090008950000,"서울 강서구 방화동 895"
cx_33e6366e3a8096cb,"캠퍼스프라자",광진구,NO_MATCH,EXACT_JIBUN_ADDRESS,112151070000090091,"서울 광진구 화양동 9-91"
cx_33f90af3c76347a3,"한솔드림빌",강북구,NO_MATCH,EXACT_JIBUN_ADDRESS,113051010001370017,"서울 강북구 미아동 137-17"
cx_33f99f1c95da2674,"토미빌(228-9)",강남구,NO_MATCH,EXACT_JIBUN_ADDRESS,116801080002280009,"서울 강남구 논현동 228-9"
cx_33fab0ed5e05bbab,"동원베네스트",용산구,NO_MATCH,EXACT_PARCEL,111701290004340000,"서울 용산구 이촌동 434"
cx_3404a1cd86296762,"마곡엠밸리5단지",강서구,NO_MATCH,EXACT_PARCEL,115001050007400000,"서울 강서구 마곡동 740"
cx_3406738efc7388eb,"대림역포스큐",구로구,NO_MATCH,EXACT_JIBUN_ADDRESS,115301020001060002,"서울 구로구 구로동 106-2"
cx_340919beee1ce1f0,"미소애",도봉구,NO_MATCH,EXACT_JIBUN_ADDRESS,113201070007150003,"서울 도봉구 창동 715-3"
cx_34162f7a3154bd6a,"근상프리즘",양천구,NO_MATCH,EXACT_PARCEL,114701020009550000,"서울 양천구 목동 955"
cx_341e79ddfafb5902,"타운빌",서초구,NO_MATCH,EXACT_JIBUN_ADDRESS,116501070000760002,"서울 서초구 반포동 76-2"
cx_3422e09561a2ecb7,"기산그린",강북구,NO_MATCH,EXACT_PARCEL,113051020001910000,"서울 강북구 번동 191"
cx_3423460b8225041c,"석관래미안",성북구,NO_MATCH,MULTI_RECORD_SAME_PARCEL,112901390004070000,"서울 성북구 석관동 407"
cx_3427ccf252ee0a7b,"효성아파트",노원구,NO_MATCH,EXACT_PARCEL,113501030007420000,"서울 노원구 공릉동 742"
cx_342be399a2c685bf,"다솔멤버스",서초구,NO_MATCH,EXACT_JIBUN_ADDRESS,116501080015070061,"서울 서초구 서초동 1507-61"
cx_342e2b2f4e73d022,"잠원현대훼밀리",서초구,NO_MATCH,EXACT_JIBUN_ADDRESS,116501060000590003,"서울 서초구 잠원동 59-3"
cx_3431c3437d82bdc5,"르메이에르",동작구,NO_MATCH,EXACT_PARCEL,115901070011410000,"서울 동작구 사당동 1141"
cx_343b9373db0de4bd,"목화",강남구,NO_MATCH,EXACT_JIBUN_ADDRESS,116801040001050006,"서울 강남구 청담동 105-6"
cx_3448737178a78cc4,"서초5차e편한세상",서초구,NO_MATCH,EXACT_JIBUN_ADDRESS,116501080014670062,"서울 서초구 서초동 1467-62"
cx_344c3af71e14d418,"쌍용스윗닷홈(301동)",송파구,NO_MATCH,MULTI_RECORD_SAME_PARCEL,117101120000310000,"서울 송파구 오금동 31"
cx_346879860c5aabd2,"이연아마빌레",서초구,NO_MATCH,EXACT_JIBUN_ADDRESS,116501010008140031,"서울 서초구 방배동 814-31"
cx_346af262fb93ca96,"풍진베이스타운",서대문구,NO_MATCH,EXACT_JIBUN_ADDRESS,114101110003220087,"서울 서대문구 홍제동 322-87"
cx_346e6925b4498bfc,"상계2차중앙하이츠",노원구,NO_MATCH,EXACT_PARCEL,113501050012820000,"서울 노원구 상계동 1282"
cx_346ff37007793963,"마곡수명산파크1단지",강서구,NO_MATCH,EXACT_PARCEL,115001060007420000,"서울 강서구 내발산동 742"
cx_34849e7e55126412,"성진리버타운",중랑구,NO_MATCH,EXACT_JIBUN_ADDRESS,112601010004080005,"서울 중랑구 면목동 408-5"
cx_34958bf0537f7334,"마곡삼성아파트",강서구,NO_MATCH,EXACT_PARCEL,115001050014780000,"서울 강서구 마곡동 1478"
cx_34982317ac8c6942,"청담파크빌",강남구,NO_MATCH,EXACT_JIBUN_ADDRESS,116801040000460012,"서울 강남구 청담동 46-12"
cx_349c1fde5f5a75a1,"옥수하이츠",성동구,NO_MATCH,EXACT_PARCEL,112001130001000000,"서울 성동구 옥수동 100"
cx_34a10fd9194d3aac,"래미안트윈파크",동작구,NO_MATCH,EXACT_PARCEL,115901040004940000,"서울 동작구 본동 494"
cx_34b81a5a3bd863ad,"신반포11",서초구,NO_MATCH,NO_MATCH,116501060000580024,"서울 서초구 잠원동 58-24"
cx_34c88483e68a1e55,"중앙하이츠빌2단지",성북구,NO_MATCH,EXACT_PARCEL,112901330004350000,"서울 성북구 정릉동 435"
cx_34d3f0b6d17a68a9,"현대파크",강서구,NO_MATCH,MULTI_RECORD_SAME_PARCEL,115001060006750000,"서울 강서구 내발산동 675"
cx_34d41ba066cf363a,"삼전솔하임4차",종로구,NO_MATCH,EXACT_JIBUN_ADDRESS,111101750003180002,"서울 종로구 숭인동 318-2"
cx_34d909b2ef3bd46b,"반포훼미리(103동)",서초구,NO_MATCH,EXACT_JIBUN_ADDRESS,116501070007020001,"서울 서초구 반포동 702-1"
cx_34e16486cf178394,"디아이빌102동",양천구,NO_MATCH,EXACT_PARCEL,114701030010500000,"서울 양천구 신월동 1050"
cx_34ede043b1980caa,"하나",성동구,NO_MATCH,EXACT_PARCEL,112001090006350000,"서울 성동구 금호동1가 635"
cx_34f93e007b886e79,"다청림(107동)",구로구,NO_MATCH,EXACT_JIBUN_ADDRESS,115301090001780005,"서울 구로구 궁동 178-5"
cx_350f79345a5eb2d4,"휘경센트레빌",동대문구,NO_MATCH,EXACT_PARCEL,112301090003670000,"서울 동대문구 휘경동 367"
cx_35145f77035c91c3,"가야써니빌(373-7)",동대문구,NO_MATCH,EXACT_JIBUN_ADDRESS,112301060003730007,"서울 동대문구 장안동 373-7"
cx_3515d4fcd1cfd53a,"신일해피트리",동작구,NO_MATCH,EXACT_PARCEL,115901080005100000,"서울 동작구 대방동 510"
cx_3539e8d6ce1da4d7,"중랑숲시티프라디움",중랑구,NO_MATCH,EXACT_PARCEL,112601050006200000,"서울 중랑구 망우동 620"
cx_3545b3f415e48630,"삼보글로벌102동",광진구,NO_MATCH,EXACT_JIBUN_ADDRESS,112151010006470002,"서울 광진구 중곡동 647-2"
cx_3555e6b2be98f5bd,"시가오똠에이동",강동구,NO_MATCH,EXACT_JIBUN_ADDRESS,117401050003340006,"서울 강동구 길동 334-6"
cx_355cd407bde03d5e,"방배중앙센트레빌",서초구,NO_MATCH,EXACT_PARCEL,116501010032820000,"서울 서초구 방배동 3282"
cx_3570730dd8eb304a,"청광플러스원",금천구,NO_MATCH,EXACT_PARCEL,115451020011390000,"서울 금천구 독산동 1139"
cx_3571f607d68af4ce,"윤현(484-90)",은평구,NO_MATCH,EXACT_JIBUN_ADDRESS,113801030004840090,"서울 은평구 불광동 484-90"
cx_357739ea4564a9c3,"반포훼미리(102동)",서초구,NO_MATCH,EXACT_JIBUN_ADDRESS,116501070007120019,"서울 서초구 반포동 712-19"
cx_3578c9b024dca2b1,"일신반포빌라트",서초구,NO_MATCH,EXACT_JIBUN_ADDRESS,116501070000480007,"서울 서초구 반포동 48-7"
cx_357e075b5fe71b98,"뉴월드(226-5)",은평구,NO_MATCH,EXACT_JIBUN_ADDRESS,113801090002260005,"서울 은평구 신사동 226-5"
cx_3580231863a6305d,"우정b(344-6)",동대문구,NO_MATCH,EXACT_JIBUN_ADDRESS,112301060003440006,"서울 동대문구 장안동 344-6"
cx_358830615828d79b,"부호(101동)",은평구,NO_MATCH,EXACT_JIBUN_ADDRESS,113801080000580004,"서울 은평구 역촌동 58-4"
cx_359107269a8c5d44,"청운명가프라임",중랑구,NO_MATCH,EXACT_JIBUN_ADDRESS,112601020000870043,"서울 중랑구 상봉동 87-43"
cx_359833016d3cad2c,"송파파인타운12단지",송파구,NO_MATCH,EXACT_PARCEL,117101090008550000,"서울 송파구 장지동 855"
cx_35a8aad804fce554,"엘에이치송파도시형생활주택",송파구,NO_MATCH,EXACT_JIBUN_ADDRESS,117101040000120002,"서울 송파구 송파동 12-2"
cx_35aa37c4cd9d2d1b,"올림푸스(150-1)",양천구,NO_MATCH,EXACT_JIBUN_ADDRESS,114701030001500001,"서울 양천구 신월동 150-1"
cx_35af44009f2b97cc,"대운2차",양천구,NO_MATCH,EXACT_JIBUN_ADDRESS,114701030000570005,"서울 양천구 신월동 57-5"
cx_35b0536a86898c9a,"현대타운",서초구,NO_MATCH,EXACT_JIBUN_ADDRESS,116501020000160028,"서울 서초구 양재동 16-28"
cx_35b271e3f9295c7e,"강일리버파크9단지",강동구,NO_MATCH,EXACT_PARCEL,117401100006990000,"서울 강동구 강일동 699"
cx_35b946ec240f3610,"다성이즈빌(346-10)",강동구,NO_MATCH,EXACT_JIBUN_ADDRESS,117401010003460010,"서울 강동구 명일동 346-10"
cx_35c4d65c6b9ed1c0,"힐스테이트송파위례",송파구,NO_MATCH,EXACT_PARCEL,117101090008830000,"서울 송파구 장지동 883"
cx_35c6ba8794511280,"코랜드빌리지",강동구,NO_MATCH,EXACT_JIBUN_ADDRESS,117401080004650001,"서울 강동구 성내동 465-1"
cx_35da7efe98549301,"상록파라브",동대문구,NO_MATCH,EXACT_JIBUN_ADDRESS,112301060004400001,"서울 동대문구 장안동 440-1"
cx_35eaa1689983b932,"방배노블힐스",서초구,NO_MATCH,EXACT_JIBUN_ADDRESS,116501010005930045,"서울 서초구 방배동 593-45"
cx_35ec5a806e7544b0,"피스플하우스",도봉구,NO_MATCH,EXACT_JIBUN_ADDRESS,113201050000680001,"서울 도봉구 쌍문동 68-1"
cx_35f52a2faf33b0ac,"한남파라곤",용산구,NO_MATCH,EXACT_PARCEL,111701310008250000,"서울 용산구 한남동 825"
cx_3605fdc242dd8c58,"한일휴니스빌",노원구,NO_MATCH,EXACT_JIBUN_ADDRESS,113501030006830014,"서울 노원구 공릉동 683-14"
cx_3606c1dfdbfc69bf,"은평뉴타운엘크루",은평구,NO_MATCH,EXACT_PARCEL,113801140000650000,"서울 은평구 진관동 65"
cx_360dac9e9d40b579,"밀레스트",양천구,NO_MATCH,EXACT_JIBUN_ADDRESS,114701010008910001,"서울 양천구 신정동 891-1"
cx_361d791fc8270d2f,"이수힐스테이트",동작구,NO_MATCH,EXACT_PARCEL,115901060003330000,"서울 동작구 동작동 333"
cx_362c0a1e05b20dd3,"꿈의숲아이파크",성북구,NO_MATCH,EXACT_PARCEL,112901380003230000,"서울 성북구 장위동 323"
cx_363ab1559bf17fa7,"동신",성북구,NO_MATCH,EXACT_PARCEL,112901360002190000,"서울 성북구 하월곡동 219"
cx_363e7bc44cc69dd8,"정우아트빌a",송파구,NO_MATCH,EXACT_JIBUN_ADDRESS,117101110001340001,"서울 송파구 방이동 134-1"
cx_364edcd7d3de649b,"노블테라스",강남구,NO_MATCH,EXACT_JIBUN_ADDRESS,116801050000360012,"서울 강남구 삼성동 36-12"
cx_365876105bea7f27,"삼호2",서초구,NO_MATCH,EXACT_JIBUN_ADDRESS,116501010007580004,"서울 서초구 방배동 758-4"
cx_365bc5978c673dad,"삼성쉐르빌(50-31)",강북구,NO_MATCH,EXACT_JIBUN_ADDRESS,113051030000500031,"서울 강북구 수유동 50-31"
cx_365c29ccc49d79da,"신성미소지움",양천구,NO_MATCH,EXACT_PARCEL,114701030010200000,"서울 양천구 신월동 1020"
cx_365cf176032a7336,"한진해모로",중구,NO_MATCH,EXACT_PARCEL,111401620008450000,"서울 중구 신당동 845"
cx_367e28f5fc487f38,"우정a(344-11)",동대문구,NO_MATCH,EXACT_JIBUN_ADDRESS,112301060003440011,"서울 동대문구 장안동 344-11"
cx_368800b469b1cf4b,"나산",양천구,NO_MATCH,EXACT_JIBUN_ADDRESS,114701030002170002,"서울 양천구 신월동 217-2"
cx_36885c48bc315d21,"광장(1,2동)",영등포구,NO_MATCH,EXACT_JIBUN_ADDRESS,115601100000380001,"서울 영등포구 여의도동 38-1"
cx_36a0e95a56713588,"목동길성그랑프리텔",양천구,NO_MATCH,EXACT_JIBUN_ADDRESS,114701020007390005,"서울 양천구 목동 739-5"
cx_36a351a1242108f1,"베로니스5차",서초구,NO_MATCH,EXACT_JIBUN_ADDRESS,116501010000010039,"서울 서초구 방배동 1-39"
cx_36a679eaa234e9aa,"당산효성타운2차",영등포구,NO_MATCH,EXACT_PARCEL,115601150000130000,"서울 영등포구 당산동5가 13"
cx_36a8192494462563,"청담아이파크",강남구,NO_MATCH,MULTI_RECORD_SAME_PARCEL,116801040001300000,"서울 강남구 청담동 130"
cx_36ab6aa1946df72f,"대영테크빌",동작구,NO_MATCH,EXACT_JIBUN_ADDRESS,115901030003280018,"서울 동작구 상도1동 328-18"
cx_36af93a7a54ce3b6,"계명위너스",강서구,NO_MATCH,EXACT_JIBUN_ADDRESS,115001020006460029,"서울 강서구 등촌동 646-29"
cx_36b02efd869c0415,"두영",마포구,NO_MATCH,EXACT_JIBUN_ADDRESS,114401050004940008,"서울 마포구 용강동 494-8"
cx_36b2e699f9120676,"서강오벨리스크스위트",마포구,NO_MATCH,EXACT_PARCEL,114401140004420000,"서울 마포구 창전동 442"
cx_36b38659cab9aa19,"신세기",구로구,NO_MATCH,EXACT_JIBUN_ADDRESS,115301070003060003,"서울 구로구 개봉동 306-3"
cx_36bac389c9d26e2b,"동서울한양",동대문구,NO_MATCH,EXACT_PARCEL,112301050000410000,"서울 동대문구 답십리동 41"
cx_36bf163c8a166510,"장안뉴시티",동대문구,NO_MATCH,EXACT_JIBUN_ADDRESS,112301060003720005,"서울 동대문구 장안동 372-5"
cx_36c300ea4dd15674,"두산6",중랑구,NO_MATCH,EXACT_PARCEL,112601010015010000,"서울 중랑구 면목동 1501"
cx_36c6e0b6d4bd8044,"현대홈타운스위트104",송파구,NO_MATCH,EXACT_JIBUN_ADDRESS,117101110001980009,"서울 송파구 방이동 198-9"
cx_36d243687507c9aa,"한양2",강남구,NO_MATCH,EXACT_PARCEL,116801100004930000,"서울 강남구 압구정동 493"
cx_36d87ed8f1abbaeb,"예담파크뷰",양천구,NO_MATCH,NO_MATCH,114701030004520002,"서울 양천구 신월동 452-2"
cx_36e664a5d354c731,"래미안하이베르",중구,NO_MATCH,EXACT_PARCEL,111401620008510000,"서울 중구 신당동 851"
cx_36e9d542063ce92d,"삼성팰리스(71-16)",강남구,NO_MATCH,EXACT_JIBUN_ADDRESS,116801050000710016,"서울 강남구 삼성동 71-16"
cx_36ef8473851cf027,"오케이b",강서구,NO_MATCH,EXACT_JIBUN_ADDRESS,115001030001020088,"서울 강서구 화곡동 102-88"
cx_36fb814abef86a41,"예청a",은평구,NO_MATCH,EXACT_JIBUN_ADDRESS,113801070001220013,"서울 은평구 응암동 122-13"
cx_36fbc4c8983313e5,"아차산인앤인w클래스102동",광진구,NO_MATCH,EXACT_JIBUN_ADDRESS,112151030000580025,"서울 광진구 구의동 58-25"
cx_3701bc63d028e65e,"한국현대",구로구,NO_MATCH,EXACT_JIBUN_ADDRESS,115301020006420039,"서울 구로구 구로동 642-39"
cx_3706786e3d3c3e08,"길동다성이즈빌",강동구,NO_MATCH,EXACT_PARCEL,117401050004800000,"서울 강동구 길동 480"
cx_370c5ea680316b05,"네스코수피아아파트",관악구,NO_MATCH,EXACT_JIBUN_ADDRESS,116201030006020028,"서울 관악구 남현동 602-28"
cx_371bac114592442b,"금강101",도봉구,NO_MATCH,EXACT_JIBUN_ADDRESS,113201070006290024,"서울 도봉구 창동 629-24"
cx_372872ab6c2cb40f,"래미안엘파인(임대)",동대문구,NO_MATCH,NO_MATCH,112301050010000001,"서울 동대문구 답십리동 1000-1"
cx_3728d2c8bea220a7,"현대오페라하우스",서초구,NO_MATCH,EXACT_JIBUN_ADDRESS,116501010008250012,"서울 서초구 방배동 825-12"
cx_3729ffdedeb91231,"동성네스트빌",동대문구,NO_MATCH,EXACT_JIBUN_ADDRESS,112301030011580006,"서울 동대문구 제기동 1158-6"
cx_373a469c9d0e1c10,"신호그린빌",서초구,NO_MATCH,EXACT_JIBUN_ADDRESS,116501010009800025,"서울 서초구 방배동 980-25"
cx_375104f19500d28a,"성우아파트",서대문구,NO_MATCH,EXACT_JIBUN_ADDRESS,114101100000010097,"서울 서대문구 북아현동 1-97"
cx_3751cbcc1a07a054,"리치안풍산",구로구,NO_MATCH,EXACT_PARCEL,115301100001540000,"서울 구로구 온수동 154"
cx_37538106afc817af,"비콘드림힐3",노원구,NO_MATCH,EXACT_PARCEL,113501050013100000,"서울 노원구 상계동 1310"
cx_375ee2940730c2f8,"한빛무궁화101동",금천구,NO_MATCH,EXACT_PARCEL,115451030010160000,"서울 금천구 시흥동 1016"
cx_37694fbfb4f580d2,"용산푸르지오써밋(420)",용산구,NO_MATCH,EXACT_PARCEL,111701250004200000,"서울 용산구 한강로2가 420"
cx_376a81dd30fd8f70,"한화오벨리스크",송파구,NO_MATCH,EXACT_JIBUN_ADDRESS,117101070000780001,"서울 송파구 가락동 78-1"
cx_376d0d9f7447e280,"신당역솔하임",중구,NO_MATCH,EXACT_JIBUN_ADDRESS,111401620001400023,"서울 중구 신당동 140-23"
cx_377b85a368f80ed6,"래미안밤섬리베뉴ⅰ",마포구,NO_MATCH,EXACT_PARCEL,114401150004020000,"서울 마포구 상수동 402"
cx_377e8c1f3796da66,"독산동아아파트",금천구,NO_MATCH,EXACT_JIBUN_ADDRESS,115451020001830001,"서울 금천구 독산동 183-1"
cx_3783d2b8a8d1d398,"강동역에스케이허브",강동구,NO_MATCH,EXACT_JIBUN_ADDRESS,117401050004450001,"서울 강동구 길동 445-1"
cx_3788cd4dc21188c7,"푸르지오시티",강북구,NO_MATCH,EXACT_JIBUN_ADDRESS,113051010001600003,"서울 강북구 미아동 160-3"
cx_378a8ba450ee5eba,"라이즈1동",동작구,NO_MATCH,EXACT_JIBUN_ADDRESS,115901070000640264,"서울 동작구 사당동 64-264"
cx_378aa314556fb2f1,"중앙하이츠빌",성동구,NO_MATCH,EXACT_PARCEL,112001140007150000,"서울 성동구 성수동1가 715"
cx_378ce4b6ba2e2caf,"신촌자이엘라",서대문구,NO_MATCH,EXACT_JIBUN_ADDRESS,114101120001040036,"서울 서대문구 대현동 104-36"
cx_378d4399caefe09f,"포르투나",중랑구,NO_MATCH,EXACT_JIBUN_ADDRESS,112601010007270302,"서울 중랑구 면목동 727-302"
cx_379a396faa837045,"청담파라곤ⅱ2단지",강남구,NO_MATCH,EXACT_JIBUN_ADDRESS,116801040001020013,"서울 강남구 청담동 102-13"
cx_37a767e4be6b3126,"금강",금천구,NO_MATCH,EXACT_PARCEL,115451030010080000,"서울 금천구 시흥동 1008"
cx_37aad4c0eda791dc,"포레스빌",서초구,NO_MATCH,EXACT_JIBUN_ADDRESS,116501020001190003,"서울 서초구 양재동 119-3"
cx_37bbeaf03f5a8222,"행운",은평구,NO_MATCH,EXACT_JIBUN_ADDRESS,113801040004740004,"서울 은평구 갈현동 474-4"
cx_37c3a8028173835f,"두산1",중랑구,NO_MATCH,EXACT_PARCEL,112601010015000000,"서울 중랑구 면목동 1500"
cx_37c67fac9049003b,"대성유니드",동작구,NO_MATCH,EXACT_PARCEL,115901070011550000,"서울 동작구 사당동 1155"
cx_37cd379ce63e0164,"훼미리타운",서초구,NO_MATCH,EXACT_JIBUN_ADDRESS,116501010009320034,"서울 서초구 방배동 932-34"
cx_37f0d315ddf685f8,"제일아파트",강동구,NO_MATCH,EXACT_JIBUN_ADDRESS,117401090003610001,"서울 강동구 천호동 361-1"
cx_37f677450af47e61,"수락리버시티3단지",노원구,NO_MATCH,EXACT_PARCEL,113501050013120000,"서울 노원구 상계동 1312"
cx_37f89887e3f5fd48,"밝은문",은평구,NO_MATCH,EXACT_JIBUN_ADDRESS,113801070004270113,"서울 은평구 응암동 427-113"
cx_37f9b9a24959af1b,"블루힐하우스",서초구,NO_MATCH,EXACT_JIBUN_ADDRESS,116501060000710001,"서울 서초구 잠원동 71-1"
cx_380121572ce89128,"천왕연지타운2단지",구로구,NO_MATCH,EXACT_PARCEL,115301110002810000,"서울 구로구 천왕동 281"
cx_38088fdded8aa5e2,"비버리캐슬",서초구,NO_MATCH,EXACT_JIBUN_ADDRESS,116501080014860017,"서울 서초구 서초동 1486-17"
cx_380bd9f20fa008ef,"주함해븐",중랑구,NO_MATCH,EXACT_JIBUN_ADDRESS,112601010000910015,"서울 중랑구 면목동 91-15"
cx_380f748f70605b08,"마포트라팰리스2차",마포구,NO_MATCH,EXACT_PARCEL,114401010007380000,"서울 마포구 아현동 738"
cx_38104fe4c35b8099,"동원",서초구,NO_MATCH,EXACT_JIBUN_ADDRESS,116501020003520011,"서울 서초구 양재동 352-11"
cx_38120c5d39877200,"g밸리소홈",영등포구,NO_MATCH,EXACT_JIBUN_ADDRESS,115601330011010007,"서울 영등포구 대림동 1101-7"
cx_3819f683da72eb50,"유로카운티",은평구,NO_MATCH,EXACT_JIBUN_ADDRESS,113801070000810164,"서울 은평구 응암동 81-164"
cx_38234029a408a6f4,"신원아침도시(1434)",서초구,NO_MATCH,EXACT_JIBUN_ADDRESS,116501080014340002,"서울 서초구 서초동 1434-2"
cx_3824526b2acce641,"신원지벤스타7",서대문구,NO_MATCH,EXACT_JIBUN_ADDRESS,114101180003940001,"서울 서대문구 홍은동 394-1"
cx_384883ddaec8b1d2,"유승셀르빌",금천구,NO_MATCH,EXACT_JIBUN_ADDRESS,115451030000030003,"서울 금천구 시흥동 3-3"
cx_3867fdae9d1f2a3a,"방화동진로아파트",강서구,NO_MATCH,EXACT_PARCEL,115001090008040000,"서울 강서구 방화동 804"
cx_386a4c4ca518abf7,"한일(424-1)",동대문구,NO_MATCH,EXACT_JIBUN_ADDRESS,112301060004240001,"서울 동대문구 장안동 424-1"
cx_386ab51cf78653da,"퓨전빌",광진구,NO_MATCH,EXACT_JIBUN_ADDRESS,112151030002440006,"서울 광진구 구의동 244-6"
cx_386c066038c85c26,"신성미소지움아파트",노원구,NO_MATCH,EXACT_PARCEL,113501030007560000,"서울 노원구 공릉동 756"
cx_3874b083183087be,"뉴후암",용산구,NO_MATCH,EXACT_PARCEL,111701010004260000,"서울 용산구 후암동 426"
cx_38751603c6f443d2,"잠원중앙하이츠(a동)",서초구,NO_MATCH,EXACT_JIBUN_ADDRESS,116501060000710015,"서울 서초구 잠원동 71-15"
cx_387ea8e886f847c3,"한신한강",성동구,NO_MATCH,EXACT_PARCEL,112001150004420000,"서울 성동구 성수동2가 442"
cx_388d443a42e2d030,"방배대우멤버스카운티201",서초구,NO_MATCH,EXACT_JIBUN_ADDRESS,116501010008090026,"서울 서초구 방배동 809-26"
cx_38a63b28932395a5,"성동강변파크빌101(강변타워)",광진구,NO_MATCH,EXACT_PARCEL,112151030006570000,"서울 광진구 구의동 657"
cx_38a6c61a08574462,"용마산모아엘가파크포레",중랑구,NO_MATCH,EXACT_PARCEL,112601010015490000,"서울 중랑구 면목동 1549"
cx_38a93151dd3109e4,"코스모스",용산구,NO_MATCH,EXACT_JIBUN_ADDRESS,111701290003020062,"서울 용산구 이촌동 302-62"
cx_38b28184a6913022,"올림픽훼밀리타운",송파구,NO_MATCH,EXACT_PARCEL,117101080001500000,"서울 송파구 문정동 150"
cx_38b2c7e85af7e77c,"둔촌현대수린나아파트",강동구,NO_MATCH,EXACT_PARCEL,117401060006320000,"서울 강동구 둔촌동 632"
cx_38d0725fb6e4778a,"서초금호어울림",서초구,NO_MATCH,EXACT_JIBUN_ADDRESS,116501080014670097,"서울 서초구 서초동 1467-97"
cx_38d3b4303bdbb9e3,"드림팰리스103동",서초구,NO_MATCH,EXACT_JIBUN_ADDRESS,116501020000060019,"서울 서초구 양재동 6-19"
cx_38d4ebea27a7de12,"율전에버그린",강동구,NO_MATCH,EXACT_JIBUN_ADDRESS,117401060001040003,"서울 강동구 둔촌동 104-3"
cx_38d6a05361f053ae,"일동행복세상",관악구,NO_MATCH,EXACT_JIBUN_ADDRESS,116201010000410346,"서울 관악구 봉천동 41-346"
cx_38db50a7c13a2913,"염창3우성",강서구,NO_MATCH,EXACT_JIBUN_ADDRESS,115001010002720028,"서울 강서구 염창동 272-28"
cx_38deb0d75cbdf4bc,"문정그린",송파구,NO_MATCH,EXACT_JIBUN_ADDRESS,117101080001130003,"서울 송파구 문정동 113-3"
cx_38e1a6dc89decb81,"(796-65)삼성주택",구로구,NO_MATCH,EXACT_JIBUN_ADDRESS,115301020007960065,"서울 구로구 구로동 796-65"
cx_38e42491de4b3ae3,"한신상가",서초구,NO_MATCH,EXACT_PARCEL,116501070008850000,"서울 서초구 반포동 885"
cx_38e761643b3a0483,"dmc우방",은평구,NO_MATCH,EXACT_PARCEL,113801100002440000,"서울 은평구 증산동 244"
cx_38e90d2e339e6342,"당산계룡리슈빌2단지",영등포구,NO_MATCH,EXACT_PARCEL,115601130005660000,"서울 영등포구 당산동3가 566"
cx_38ee83f134cc276b,"현대2",도봉구,NO_MATCH,EXACT_PARCEL,113201050000500000,"서울 도봉구 쌍문동 50"
cx_38f86f247a1a8fd0,"준아트빌",용산구,NO_MATCH,EXACT_JIBUN_ADDRESS,111701300001240001,"서울 용산구 이태원동 124-1"
cx_38ff4e8779e758e2,"논현동한화꿈에그린",강남구,NO_MATCH,EXACT_JIBUN_ADDRESS,116801080002050002,"서울 강남구 논현동 205-2"
cx_3902e8786964cfd4,"호반써밋서초파크",서초구,NO_MATCH,EXACT_PARCEL,116501030007880000,"서울 서초구 우면동 788"
cx_3906d1249223b471,"이튼타워리버2차",광진구,NO_MATCH,EXACT_JIBUN_ADDRESS,112151050005070006,"서울 광진구 자양동 507-6"
cx_391f3e4d13888415,"롯데캐슬메디치",서초구,NO_MATCH,EXACT_JIBUN_ADDRESS,116501080016560004,"서울 서초구 서초동 1656-4"
cx_39236c8841e87487,"삼성제이드아파트",중랑구,NO_MATCH,EXACT_JIBUN_ADDRESS,112601010001940003,"서울 중랑구 면목동 194-3"
cx_3926b734b1392a30,"한국프라우드",중랑구,NO_MATCH,MULTI_RECORD_SAME_PARCEL,112601020000740000,"서울 중랑구 상봉동 74"
cx_3933388d0aa4cc4d,"플라워스위트101동102동",관악구,NO_MATCH,EXACT_JIBUN_ADDRESS,116201030010860007,"서울 관악구 남현동 1086-7"
cx_39438b5404fa94d0,"고도아파트",은평구,NO_MATCH,EXACT_JIBUN_ADDRESS,113801080000020001,"서울 은평구 역촌동 2-1"
cx_395429fe5ffb6bb6,"목동롯데캐슬마에스트로",양천구,NO_MATCH,EXACT_PARCEL,114701020009650000,"서울 양천구 목동 965"
cx_397fd09e9d490e50,"금성리치몬드",송파구,NO_MATCH,EXACT_JIBUN_ADDRESS,117101120000850004,"서울 송파구 오금동 85-4"
cx_39bcd47796862839,"사당휴브리지(206-127)",동작구,NO_MATCH,EXACT_JIBUN_ADDRESS,115901070002060127,"서울 동작구 사당동 206-127"
cx_39c0fd85666952cc,"동인",구로구,NO_MATCH,EXACT_JIBUN_ADDRESS,115301070003350001,"서울 구로구 개봉동 335-1"
cx_39c64fbe8fef75e3,"우장산롯데캐슬",강서구,NO_MATCH,EXACT_PARCEL,115001030011450000,"서울 강서구 화곡동 1145"
cx_39dc13cb2dd911d6,"공덕현대",마포구,NO_MATCH,EXACT_JIBUN_ADDRESS,114401020003700009,"서울 마포구 공덕동 370-9"
cx_39dfaa6bd45ee8ca,"동서",양천구,NO_MATCH,EXACT_PARCEL,114701030010690000,"서울 양천구 신월동 1069"
cx_39e14cdd8d781224,"미리내아파트",양천구,NO_MATCH,EXACT_JIBUN_ADDRESS,114701030000540010,"서울 양천구 신월동 54-10"
cx_39e5785d36f9c414,"신도",중랑구,NO_MATCH,EXACT_PARCEL,112601040001670000,"서울 중랑구 묵동 167"
cx_39e5fd2e9917f5cf,"대성빌라트(552-6)",광진구,NO_MATCH,EXACT_JIBUN_ADDRESS,112151030005520006,"서울 광진구 구의동 552-6"
cx_39ebf786287e7708,"대동아파트",성북구,NO_MATCH,EXACT_PARCEL,112901330010220000,"서울 성북구 정릉동 1022"
cx_3a008bd5db37b570,"방배빌라트",서초구,NO_MATCH,EXACT_JIBUN_ADDRESS,116501010008410004,"서울 서초구 방배동 841-4"
cx_3a03eeb497a002b7,"삼풍아파트",서초구,NO_MATCH,MULTI_RECORD_SAME_PARCEL,116501080016850000,"서울 서초구 서초동 1685"
cx_3a3dd46c502f7d3a,"(740-21)",구로구,NO_MATCH,EXACT_JIBUN_ADDRESS,115301020007400021,"서울 구로구 구로동 740-21"
cx_3a3fe7f645ac267f,"상암월드컵파크2단지",마포구,NO_MATCH,EXACT_PARCEL,114401270016370000,"서울 마포구 상암동 1637"
cx_3a44a919372edef4,"이너스내안애",동작구,NO_MATCH,EXACT_PARCEL,115901070011560000,"서울 동작구 사당동 1156"
cx_3a531965054e8723,"홍해오크펠리스3차",동대문구,NO_MATCH,EXACT_PARCEL,112301060005820000,"서울 동대문구 장안동 582"
cx_3a53ef2cde084f59,"성락",구로구,NO_MATCH,EXACT_JIBUN_ADDRESS,115301020001450023,"서울 구로구 구로동 145-23"
cx_3a5a66dc168158da,"(99-1)",동작구,NO_MATCH,EXACT_JIBUN_ADDRESS,115901080000990001,"서울 동작구 대방동 99-1"
cx_3a6765e75e7ca8ea,"한진",강북구,NO_MATCH,EXACT_PARCEL,113051020006580000,"서울 강북구 번동 658"
cx_3a747be1669b8853,"방배어울림",서초구,NO_MATCH,EXACT_PARCEL,116501010009980000,"서울 서초구 방배동 998"
cx_3a74fd900fb0b28e,"(770-54)",구로구,NO_MATCH,EXACT_JIBUN_ADDRESS,115301020007700054,"서울 구로구 구로동 770-54"
cx_3a8684bbf8d60837,"현대조합",도봉구,NO_MATCH,EXACT_PARCEL,113201070008130000,"서울 도봉구 창동 813"
cx_3a89e10cd238349f,"대웅",도봉구,NO_MATCH,EXACT_JIBUN_ADDRESS,113201050000130002,"서울 도봉구 쌍문동 13-2"
cx_3a8e540b0864915f,"현대타운",은평구,NO_MATCH,EXACT_JIBUN_ADDRESS,113801080000710001,"서울 은평구 역촌동 71-1"
cx_3a93e5ddf828527a,"이즈캐슬",은평구,NO_MATCH,EXACT_JIBUN_ADDRESS,113801080000680019,"서울 은평구 역촌동 68-19"
cx_3a971f73e96dd088,"우장산청솔(992-10)",강서구,NO_MATCH,EXACT_JIBUN_ADDRESS,115001030009920010,"서울 강서구 화곡동 992-10"
cx_3a97d6dc37df6e8f,"신부파스카(319-3)",동대문구,NO_MATCH,EXACT_JIBUN_ADDRESS,112301060003190003,"서울 동대문구 장안동 319-3"
cx_3a9d78024b94b940,"거산",양천구,NO_MATCH,EXACT_JIBUN_ADDRESS,114701030000210004,"서울 양천구 신월동 21-4"
cx_3aa197bc19400017,"대종리버빌",광진구,NO_MATCH,EXACT_JIBUN_ADDRESS,112151050005530314,"서울 광진구 자양동 553-314"
cx_3ab27e1798b16d26,"이스턴잠실",송파구,NO_MATCH,EXACT_JIBUN_ADDRESS,117101110000460001,"서울 송파구 방이동 46-1"
cx_3ab619877b3b5246,"g밸리마인드",관악구,NO_MATCH,EXACT_JIBUN_ADDRESS,116201020016550017,"서울 관악구 신림동 1655-17"
cx_3abc63659878174f,"삼보힐아파트",강동구,NO_MATCH,EXACT_JIBUN_ADDRESS,117401010003120256,"서울 강동구 명일동 312-256"
cx_3ad1416b19b209fe,"무학",강서구,NO_MATCH,EXACT_PARCEL,115001010002550000,"서울 강서구 염창동 255"
cx_3ae6fe77fc57e817,"신대방경남",동작구,NO_MATCH,EXACT_PARCEL,115901090007120000,"서울 동작구 신대방동 712"
cx_3ae79d6b4c4e57b9,"남청파인힐",노원구,NO_MATCH,EXACT_JIBUN_ADDRESS,113501030003790005,"서울 노원구 공릉동 379-5"
cx_3aecc4e5dc621f5c,"천수",은평구,NO_MATCH,EXACT_JIBUN_ADDRESS,113801040004880016,"서울 은평구 갈현동 488-16"
cx_3aefa2860b5687de,"형인휴아름",강북구,NO_MATCH,EXACT_PARCEL,113051030007320000,"서울 강북구 수유동 732"
cx_3aefd3aec48d310b,"신주아파트(a동)",도봉구,NO_MATCH,EXACT_JIBUN_ADDRESS,113201060006950010,"서울 도봉구 방학동 695-10"
cx_3af1868e196e2fa0,"두보아파트",강서구,NO_MATCH,EXACT_JIBUN_ADDRESS,115001020003650195,"서울 강서구 등촌동 365-195"
cx_3af3945d5e7f81a0,"정릉중앙하이츠아파트",성북구,NO_MATCH,EXACT_PARCEL,112901330008090000,"서울 성북구 정릉동 809"
cx_3af3ded7e97f2f19,"태천해오름102동a",강동구,NO_MATCH,EXACT_JIBUN_ADDRESS,117401010003520008,"서울 강동구 명일동 352-8"
cx_3af81eb979f12da3,"숭실그랜드",동작구,NO_MATCH,EXACT_JIBUN_ADDRESS,115901030003170001,"서울 동작구 상도1동 317-1"
cx_3afd1d03cc97f5bc,"홍제헤렌",서대문구,NO_MATCH,EXACT_JIBUN_ADDRESS,114101110001750003,"서울 서대문구 홍제동 175-3"
cx_3affe85222ffd72a,"신설에스하임",동대문구,NO_MATCH,EXACT_PARCEL,112301010003980000,"서울 동대문구 신설동 398"
cx_3b0218ef237b4f44,"에덴",도봉구,NO_MATCH,MULTI_RECORD_SAME_PARCEL,113201050007130000,"서울 도봉구 쌍문동 713"
cx_3b084aa4acd3b000,"선정(35-2)",은평구,NO_MATCH,EXACT_JIBUN_ADDRESS,113801090000350002,"서울 은평구 신사동 35-2"
cx_3b0e71cecdfba73d,"신영지웰에스테이트개봉역",구로구,NO_MATCH,EXACT_JIBUN_ADDRESS,115301070001710002,"서울 구로구 개봉동 171-2"
cx_3b1d558c45a29c28,"일성트루엘",동대문구,NO_MATCH,EXACT_PARCEL,112301060005810000,"서울 동대문구 장안동 581"
cx_3b23ae0f8209dded,"신세계아파트1",강서구,NO_MATCH,EXACT_JIBUN_ADDRESS,115001030010080030,"서울 강서구 화곡동 1008-30"
cx_3b267bd810f5de72,"송이",강서구,NO_MATCH,EXACT_JIBUN_ADDRESS,115001030011300001,"서울 강서구 화곡동 1130-1"
cx_3b283357569137b1,"동평늘푸른",서대문구,NO_MATCH,EXACT_JIBUN_ADDRESS,114101180002650281,"서울 서대문구 홍은동 265-281"
cx_3b315f9b15e4cd69,"길음뉴타운신안파크아파트",성북구,NO_MATCH,EXACT_JIBUN_ADDRESS,112901340006350168,"서울 성북구 길음동 635-168"
cx_3b390ab0041a8ac1,"창덕에버빌",서대문구,NO_MATCH,EXACT_JIBUN_ADDRESS,114101200001050001,"서울 서대문구 남가좌동 105-1"
cx_3b39d4f623114b49,"블루밍하우스",강남구,NO_MATCH,EXACT_JIBUN_ADDRESS,116801050000640004,"서울 강남구 삼성동 64-4"
cx_3b3b35600f8d6cb6,"강나루2현대",강서구,NO_MATCH,MULTI_RECORD_SAME_PARCEL,115001040004480000,"서울 강서구 가양동 448"
cx_3b3f8f4adb3b2c6a,"신화",서초구,NO_MATCH,EXACT_JIBUN_ADDRESS,116501060000540007,"서울 서초구 잠원동 54-7"
cx_3b4d14ea0cb5ff33,"로얄",도봉구,NO_MATCH,EXACT_JIBUN_ADDRESS,113201050003570014,"서울 도봉구 쌍문동 357-14"
cx_3b5b08f52aeee4b2,"월드",관악구,NO_MATCH,EXACT_JIBUN_ADDRESS,116201020006670016,"서울 관악구 신림동 667-16"
cx_3b632fdb4a3d355e,"파크(가)",강북구,NO_MATCH,EXACT_JIBUN_ADDRESS,113051030002820011,"서울 강북구 수유동 282-11"
cx_3b64992ac284eff3,"등촌동보람쉬움아파트",강서구,NO_MATCH,EXACT_JIBUN_ADDRESS,115001020006410004,"서울 강서구 등촌동 641-4"
cx_3b6706ccf772133f,"녹주아파트",노원구,NO_MATCH,EXACT_PARCEL,113501030007500000,"서울 노원구 공릉동 750"
cx_3b6b24b406cfa520,"서린",서초구,NO_MATCH,EXACT_JIBUN_ADDRESS,116501080014560001,"서울 서초구 서초동 1456-1"
cx_3b71b38f1c9a4884,"이연에버리치",양천구,NO_MATCH,EXACT_JIBUN_ADDRESS,114701010008880008,"서울 양천구 신정동 888-8"
cx_3b7cc75a3b3a8401,"동성타워프라자",중랑구,NO_MATCH,EXACT_PARCEL,112601060007860000,"서울 중랑구 신내동 786"
cx_3b91b859bb0e1200,"테라팰리스건대1차",광진구,NO_MATCH,EXACT_PARCEL,112151070005310000,"서울 광진구 화양동 531"
cx_3b9596fc8db366b2,"(797-9)",구로구,NO_MATCH,EXACT_JIBUN_ADDRESS,115301020007970009,"서울 구로구 구로동 797-9"
cx_3b95cd75e613f721,"대림아르빌",용산구,NO_MATCH,EXACT_PARCEL,111701310008080000,"서울 용산구 한남동 808"
cx_3b9790951f4eabf7,"벨라빌",강남구,NO_MATCH,EXACT_JIBUN_ADDRESS,116801180001930042,"서울 강남구 도곡동 193-42"
cx_3b9dc0f1ff715a18,"경남아파트",금천구,NO_MATCH,EXACT_JIBUN_ADDRESS,115451030008200012,"서울 금천구 시흥동 820-12"
cx_3baccf50e890159f,"동일스카이시티101동",중랑구,NO_MATCH,EXACT_JIBUN_ADDRESS,112601020002840011,"서울 중랑구 상봉동 284-11"
cx_3bc928dd5012ce0f,"엘르빌",서대문구,NO_MATCH,EXACT_JIBUN_ADDRESS,114101160005060027,"서울 서대문구 창천동 506-27"
cx_3bcf0f87bce7496b,"래미안퍼스티지",서초구,NO_MATCH,EXACT_JIBUN_ADDRESS,116501070000180001,"서울 서초구 반포동 18-1"
cx_3bd8db455f2f1bc3,"밀레니엄",강서구,NO_MATCH,EXACT_JIBUN_ADDRESS,115001030000460212,"서울 강서구 화곡동 46-212"
cx_3be973d1b767473d,"삼흥리치",은평구,NO_MATCH,EXACT_JIBUN_ADDRESS,113801070001170054,"서울 은평구 응암동 117-54"
cx_3bf347a1391974cc,"유성아이비",은평구,NO_MATCH,EXACT_JIBUN_ADDRESS,113801070000920007,"서울 은평구 응암동 92-7"
cx_3bf5ec4d6ce7e685,"우남퍼스트빌더센트럴",구로구,NO_MATCH,EXACT_PARCEL,115301120002440000,"서울 구로구 항동 244"
cx_3bfb18fb9021efa6,"새롬",강동구,NO_MATCH,EXACT_JIBUN_ADDRESS,117401070004740010,"서울 강동구 암사동 474-10"
cx_3c0b3be87e698ddf,"lig건영",노원구,NO_MATCH,EXACT_PARCEL,113501060005860000,"서울 노원구 중계동 586"
cx_3c15bffc72c0ab8b,"뉴월드(402-42)",은평구,NO_MATCH,EXACT_JIBUN_ADDRESS,113801070004020042,"서울 은평구 응암동 402-42"
cx_3c27e5c3c897c938,"방화동동부센트레빌(875번지)",강서구,NO_MATCH,EXACT_PARCEL,115001090008750000,"서울 강서구 방화동 875"
cx_3c553173fbe289aa,"현대썬앤빌테헤란",강남구,NO_MATCH,MULTI_RECORD_SAME_PARCEL,116801060008940000,"서울 강남구 대치동 894"
cx_3c57a107af0c5a38,"토성현대",송파구,NO_MATCH,EXACT_JIBUN_ADDRESS,117101030002510002,"서울 송파구 풍납동 251-2"
cx_3c6de9c79e0f51b4,"신촌태영데시앙",마포구,NO_MATCH,EXACT_PARCEL,114401140004390000,"서울 마포구 창전동 439"
cx_3c70dcd5304b73c4,"마포한강2차푸르지오",마포구,NO_MATCH,EXACT_PARCEL,114401220004730000,"서울 마포구 합정동 473"
cx_3c8cf9aac8a3293f,"(797-37)",구로구,NO_MATCH,EXACT_JIBUN_ADDRESS,115301020007970037,"서울 구로구 구로동 797-37"
cx_3c92dccf9588f981,"고덕숲아이파크",강동구,NO_MATCH,EXACT_PARCEL,117401030005150000,"서울 강동구 상일동 515"
cx_3c9ad2c07cb0a99e,"묵동자이(2단지)",중랑구,NO_MATCH,EXACT_JIBUN_ADDRESS,112601040001700001,"서울 중랑구 묵동 170-1"
cx_3ca26931c20e2b1a,"오페라하우스3차",용산구,NO_MATCH,EXACT_JIBUN_ADDRESS,111701310006570033,"서울 용산구 한남동 657-33"
cx_3cb4b01bc382befc,"효산빌라트",서초구,NO_MATCH,EXACT_JIBUN_ADDRESS,116501010008780026,"서울 서초구 방배동 878-26"
cx_3cb92fa87985605f,"현대(6차)",노원구,NO_MATCH,EXACT_JIBUN_ADDRESS,113501060000340005,"서울 노원구 중계동 34-5"
cx_3cd49a8a7eef8b1e,"장수(796-60)",구로구,NO_MATCH,EXACT_JIBUN_ADDRESS,115301020007960060,"서울 구로구 구로동 796-60"
cx_3cd92c424275f31c,"유엔맨숀",용산구,NO_MATCH,EXACT_JIBUN_ADDRESS,111701310000010035,"서울 용산구 한남동 1-35"
cx_3ce5cf41633fef4c,"한양6",도봉구,NO_MATCH,EXACT_JIBUN_ADDRESS,113201050000590005,"서울 도봉구 쌍문동 59-5"
cx_3cecbaaa97b85f09,"한신",용산구,NO_MATCH,EXACT_JIBUN_ADDRESS,111701020000470017,"서울 용산구 용산동2가 47-17"
cx_3cfe1609cbd3d73f,"쌍용스윗닷홈거여역1차",송파구,NO_MATCH,EXACT_PARCEL,117101130000280000,"서울 송파구 거여동 28"
cx_3d03ec87aef87c7c,"(716-25)우진빌라1차a",구로구,NO_MATCH,EXACT_JIBUN_ADDRESS,115301020007160025,"서울 구로구 구로동 716-25"
cx_3d05a2318c983721,"남산힐레지던스",용산구,NO_MATCH,EXACT_JIBUN_ADDRESS,111701300001020012,"서울 용산구 이태원동 102-12"
cx_3d0e2ac64103f1c7,"몽마르뜨빌(577-3)",서초구,NO_MATCH,EXACT_JIBUN_ADDRESS,116501070005770003,"서울 서초구 반포동 577-3"
cx_3d34ada19a8757fd,"홍일",서대문구,NO_MATCH,EXACT_JIBUN_ADDRESS,114101110002470019,"서울 서대문구 홍제동 247-19"
cx_3d3a6073993dce84,"제일",성북구,NO_MATCH,EXACT_PARCEL,112901130000230000,"서울 성북구 삼선동3가 23"
cx_3d5319524af1d53d,"우성103동",강동구,NO_MATCH,EXACT_JIBUN_ADDRESS,117401010003120165,"서울 강동구 명일동 312-165"
cx_3d63479a081c6ccd,"서울대역해담채",관악구,NO_MATCH,EXACT_JIBUN_ADDRESS,116201010008670009,"서울 관악구 봉천동 867-9"
cx_3d699b49a49fc38f,"풍림아이원2차202동",강남구,NO_MATCH,EXACT_JIBUN_ADDRESS,116801060009100006,"서울 강남구 대치동 910-6"
cx_3d6e64f44f9d2d74,"주함해븐아파트",동대문구,NO_MATCH,EXACT_JIBUN_ADDRESS,112301010000080001,"서울 동대문구 신설동 8-1"
cx_3d6e67aa79f0648c,"마포쌍용황금아파트",마포구,NO_MATCH,EXACT_PARCEL,114401070002530000,"서울 마포구 마포동 253"
cx_3d73c1f5b3a6c16a,"동부화이트빌(2동)",송파구,NO_MATCH,EXACT_JIBUN_ADDRESS,117101080000670014,"서울 송파구 문정동 67-14"
cx_3d742f145622d062,"돈암힐스테이트",성북구,NO_MATCH,EXACT_PARCEL,112901030006390000,"서울 성북구 돈암동 639"
cx_3d763d0dfa079710,"정원",강남구,NO_MATCH,EXACT_JIBUN_ADDRESS,116801010008280046,"서울 강남구 역삼동 828-46"
cx_3d790fb6100f021a,"에이아이디차관주택",서초구,NO_MATCH,NO_MATCH,116501070009680000,"서울 서초구 반포동 968"
cx_3d7cebd842fabeec,"상지리츠빌(1)",서초구,NO_MATCH,EXACT_JIBUN_ADDRESS,116501080014900001,"서울 서초구 서초동 1490-1"
cx_3d842083ffe20d8b,"반포대우멤버스카운티2차",서초구,NO_MATCH,EXACT_JIBUN_ADDRESS,116501070001000003,"서울 서초구 반포동 100-3"
cx_3d9157a5d9560843,"삼성동한솔아파트",강남구,NO_MATCH,EXACT_JIBUN_ADDRESS,116801050000040006,"서울 강남구 삼성동 4-6"
cx_3d96a5fc6a75e3c5,"힐스테이트청계",동대문구,NO_MATCH,EXACT_PARCEL,112301050010090000,"서울 동대문구 답십리동 1009"
cx_3d9760db51b4f4a7,"태림",서초구,NO_MATCH,EXACT_JIBUN_ADDRESS,116501010009120013,"서울 서초구 방배동 912-13"
cx_3dc0eb548607bdb9,"쌍용",송파구,NO_MATCH,EXACT_JIBUN_ADDRESS,117101030004010001,"서울 송파구 풍납동 401-1"
cx_3dd4ee4cc736ddc3,"삼우아파트",강서구,NO_MATCH,EXACT_JIBUN_ADDRESS,115001030010880008,"서울 강서구 화곡동 1088-8"
cx_3dd9191462d34152,"강성레스트빌아파트",강서구,NO_MATCH,EXACT_JIBUN_ADDRESS,115001060007170020,"서울 강서구 내발산동 717-20"
cx_3dda1b98d27ff980,"번영빌라",구로구,NO_MATCH,EXACT_JIBUN_ADDRESS,115301020007450008,"서울 구로구 구로동 745-8"
cx_3ddaeb18682e6c55,"벽산",강서구,NO_MATCH,EXACT_PARCEL,115001050004290000,"서울 강서구 마곡동 429"
cx_3de81979a71b5006,"논현아이파크",강남구,NO_MATCH,EXACT_JIBUN_ADDRESS,116801080002250006,"서울 강남구 논현동 225-6"
cx_3dedee34fe744cc8,"중앙힐101동",관악구,NO_MATCH,EXACT_JIBUN_ADDRESS,116201020016840007,"서울 관악구 신림동 1684-7"
cx_3def37749b10fcac,"우성(1058)",구로구,NO_MATCH,EXACT_PARCEL,115301020010580000,"서울 구로구 구로동 1058"
cx_3df35f3dc5245b92,"삼성래미안",강남구,NO_MATCH,EXACT_JIBUN_ADDRESS,116801180000910005,"서울 강남구 도곡동 91-5"
cx_3dfef0348ab4019e,"당산푸르지오",영등포구,NO_MATCH,EXACT_PARCEL,115601090000910000,"서울 영등포구 영등포동8가 91"
cx_3e0080f3bc402e9c,"청송그린힐",양천구,NO_MATCH,EXACT_JIBUN_ADDRESS,114701030009810004,"서울 양천구 신월동 981-4"
cx_3e05c4f0bc3133aa,"샹그레빌아파트",동대문구,NO_MATCH,EXACT_PARCEL,112301070009490000,"서울 동대문구 청량리동 949"
cx_3e131bfdb7d385dd,"우진",구로구,NO_MATCH,EXACT_JIBUN_ADDRESS,115301020007160018,"서울 구로구 구로동 716-18"
cx_3e1e1698955a9785,"신성미소지움",구로구,NO_MATCH,EXACT_PARCEL,115301020012740000,"서울 구로구 구로동 1274"
cx_3e22fdf9fc84eb6c,"금강아미움(103동)",관악구,NO_MATCH,EXACT_JIBUN_ADDRESS,116201010015220030,"서울 관악구 봉천동 1522-30"
cx_3e2402afe2a9a20c,"(740-42)",구로구,NO_MATCH,EXACT_JIBUN_ADDRESS,115301020007400042,"서울 구로구 구로동 740-42"
cx_3e24a69d93310b3c,"한백e타운(46-219)",강서구,NO_MATCH,EXACT_JIBUN_ADDRESS,115001030000460219,"서울 강서구 화곡동 46-219"
cx_3e3901c5a46e3320,"트윈캐슬b동(56-11)",강서구,NO_MATCH,EXACT_JIBUN_ADDRESS,115001030000560011,"서울 강서구 화곡동 56-11"
cx_3e4c11d6f3fcb866,"인왕산2차아이파크",종로구,NO_MATCH,EXACT_PARCEL,111101870000880000,"서울 종로구 무악동 88"
cx_3e52562a16611c2a,"현대동궁아파트",서초구,NO_MATCH,EXACT_JIBUN_ADDRESS,116501070000640005,"서울 서초구 반포동 64-5"
cx_3e692c6412bf9de2,"새로움아파트",도봉구,NO_MATCH,EXACT_JIBUN_ADDRESS,113201070007310054,"서울 도봉구 창동 731-54"
cx_3e694a2ad3144c5c,"아스테리움용산",용산구,NO_MATCH,EXACT_PARCEL,111701250004190000,"서울 용산구 한강로2가 419"
cx_3e722951ad0f3772,"대림(주상복합)",양천구,NO_MATCH,EXACT_JIBUN_ADDRESS,114701030005070001,"서울 양천구 신월동 507-1"
cx_3e7806ad128be9e1,"은선",관악구,NO_MATCH,EXACT_JIBUN_ADDRESS,116201010015940004,"서울 관악구 봉천동 1594-4"
cx_3e7a24c8a82fe493,"쌍용스윗닷홈",서대문구,NO_MATCH,EXACT_PARCEL,114101200003800000,"서울 서대문구 남가좌동 380"
cx_3e83f8a5f1ae6b4a,"삼안리치10차",용산구,NO_MATCH,EXACT_JIBUN_ADDRESS,111701010001230051,"서울 용산구 후암동 123-51"
cx_3e8c136962e6da9c,"공신",성북구,NO_MATCH,EXACT_PARCEL,112901140000440000,"서울 성북구 삼선동4가 44"
cx_3e92d2199538f9e0,"늘푸른아파트",강동구,NO_MATCH,EXACT_JIBUN_ADDRESS,117401090000520016,"서울 강동구 천호동 52-16"
cx_3e973d7e080fea41,"당산롯데캐슬프레스티지",영등포구,NO_MATCH,EXACT_PARCEL,115601140000990000,"서울 영등포구 당산동4가 99"
cx_3e9dda186766526f,"번동금호어울림",강북구,NO_MATCH,EXACT_PARCEL,113051020006560000,"서울 강북구 번동 656"
cx_3ea117ae35d089b1,"한양아파트",송파구,NO_MATCH,EXACT_PARCEL,117101040001190000,"서울 송파구 송파동 119"
cx_3eaee116ad84e996,"효성빌라26동",서초구,NO_MATCH,EXACT_JIBUN_ADDRESS,116501070005510042,"서울 서초구 반포동 551-42"
cx_3eb7797281c62c61,"양우",노원구,NO_MATCH,EXACT_PARCEL,113501050012990000,"서울 노원구 상계동 1299"
cx_3ecae3a98d8fe51d,"목동삼성",양천구,NO_MATCH,EXACT_PARCEL,114701010012780000,"서울 양천구 신정동 1278"
cx_3ecbdb5354e81708,"대덕트윈빌",금천구,NO_MATCH,MULTI_RECORD_SAME_PARCEL,115451020010280000,"서울 금천구 독산동 1028"
cx_3ece202036d1b626,"레미안삼성1차(101동)",강남구,NO_MATCH,EXACT_JIBUN_ADDRESS,116801050001040010,"서울 강남구 삼성동 104-10"
cx_3ed3bc1647219aac,"골드팰리스아파트",송파구,NO_MATCH,EXACT_JIBUN_ADDRESS,117101070001640001,"서울 송파구 가락동 164-1"
cx_3ed48d3c6dc68cce,"광남캐스빌3",강동구,NO_MATCH,EXACT_PARCEL,117401080006020000,"서울 강동구 성내동 602"
cx_3edc77889445aa42,"동호리츠빌",강동구,NO_MATCH,EXACT_JIBUN_ADDRESS,117401060000610012,"서울 강동구 둔촌동 61-12"
cx_3edd7f2558d33bc5,"(748-51)",구로구,NO_MATCH,EXACT_JIBUN_ADDRESS,115301020007480051,"서울 구로구 구로동 748-51"
cx_3ee0ec126837b795,"주공3",강동구,NO_MATCH,NO_MATCH,117401030001210000,"서울 강동구 상일동 121"
cx_3eeecf8d73aafc38,"올림픽하이빌",송파구,NO_MATCH,EXACT_JIBUN_ADDRESS,117101110002050006,"서울 송파구 방이동 205-6"
cx_3ef290486a4859f7,"옥수파크힐스117동~125동",성동구,NO_MATCH,EXACT_JIBUN_ADDRESS,112001130005280001,"서울 성동구 옥수동 528-1"
cx_3ef603f88d842b06,"네스코뮤즈빌(b)",서초구,NO_MATCH,EXACT_JIBUN_ADDRESS,116501010009710007,"서울 서초구 방배동 971-7"
cx_3efe2326ef35fe3c,"신도림롯데아파트",구로구,NO_MATCH,EXACT_PARCEL,115301020012630000,"서울 구로구 구로동 1263"
cx_3f0e11a8b316b43c,"동구햇살아파트",양천구,NO_MATCH,EXACT_JIBUN_ADDRESS,114701020007240002,"서울 양천구 목동 724-2"
cx_3f114331253c3698,"해오름101동",중랑구,NO_MATCH,EXACT_JIBUN_ADDRESS,112601050005080014,"서울 중랑구 망우동 508-14"
cx_3f181a8d2dc493ea,"현대esa2",서초구,NO_MATCH,EXACT_JIBUN_ADDRESS,116501080015420006,"서울 서초구 서초동 1542-6"
cx_3f1d900915622309,"롯데아파트",서초구,NO_MATCH,EXACT_JIBUN_ADDRESS,116501010009870001,"서울 서초구 방배동 987-1"
cx_3f232310e63af8cd,"우면파크아파트",서초구,NO_MATCH,EXACT_JIBUN_ADDRESS,116501020003850009,"서울 서초구 양재동 385-9"
cx_3f23bfe2f48fefaf,"동원베네스트",중랑구,NO_MATCH,EXACT_PARCEL,112601010015080000,"서울 중랑구 면목동 1508"
cx_3f23e691e43e6d37,"조호그레이스2",중랑구,NO_MATCH,EXACT_JIBUN_ADDRESS,112601060004920026,"서울 중랑구 신내동 492-26"
cx_3f2dabebc1ba0968,"예지팰리스50차",양천구,NO_MATCH,EXACT_JIBUN_ADDRESS,114701010008950003,"서울 양천구 신정동 895-3"
cx_3f35988f99ebae2f,"송파파크데일1단지",송파구,NO_MATCH,EXACT_PARCEL,117101140005820000,"서울 송파구 마천동 582"
cx_3f3f2dd9667e8c61,"금강",중랑구,NO_MATCH,EXACT_JIBUN_ADDRESS,112601030002970084,"서울 중랑구 중화동 297-84"
cx_3f3fc61f9b69de5a,"목동동보",양천구,NO_MATCH,EXACT_JIBUN_ADDRESS,114701010009930001,"서울 양천구 신정동 993-1"
cx_3f4589681ba4e3a7,"브라운스톤태릉",중랑구,NO_MATCH,EXACT_PARCEL,112601040003870000,"서울 중랑구 묵동 387"
cx_3f4ab96c3c3b5f58,"(781-26)",구로구,NO_MATCH,EXACT_JIBUN_ADDRESS,115301020007810026,"서울 구로구 구로동 781-26"
cx_3f549ccede7c14a7,"한강로얄스위트",마포구,NO_MATCH,EXACT_JIBUN_ADDRESS,114401230004170002,"서울 마포구 망원동 417-2"
cx_3f5c842202a80912,"모닝빌아파트",성동구,NO_MATCH,EXACT_JIBUN_ADDRESS,112001130004780001,"서울 성동구 옥수동 478-1"
cx_3f6138b473a705d6,"성내1차e-편한세상",강동구,NO_MATCH,EXACT_PARCEL,117401080005980000,"서울 강동구 성내동 598"
cx_3f6be5d9e5120bc4,"세림",성동구,NO_MATCH,MULTI_RECORD_SAME_PARCEL,112001050007840000,"서울 성동구 마장동 784"
cx_3f6de567da393f3c,"(770-8)",구로구,NO_MATCH,EXACT_JIBUN_ADDRESS,115301020007700008,"서울 구로구 구로동 770-8"
cx_3fa8ab7085302122,"플라체76",노원구,NO_MATCH,EXACT_JIBUN_ADDRESS,113501030006610020,"서울 노원구 공릉동 661-20"
cx_3faa8f91426926c1,"두이노블레스(2)",성북구,NO_MATCH,NO_MATCH,112901340009730002,"서울 성북구 길음동 973-2"
cx_3fafa7735cc37d5b,"성북",성북구,NO_MATCH,EXACT_JIBUN_ADDRESS,112901010003480003,"서울 성북구 성북동 348-3"
cx_3fb2a4cfcc5bad32,"리치힐104동(992-43)",금천구,NO_MATCH,EXACT_JIBUN_ADDRESS,115451020009920043,"서울 금천구 독산동 992-43"
cx_3fb73a1c10930f48,"대주피오레아파트",서초구,NO_MATCH,EXACT_JIBUN_ADDRESS,116501060000310014,"서울 서초구 잠원동 31-14"
cx_3fc2e37867a03955,"공작",영등포구,NO_MATCH,EXACT_JIBUN_ADDRESS,115601100000210002,"서울 영등포구 여의도동 21-2"
cx_3fc9f1ef040734ac,"역삼센트럴아파트",강남구,NO_MATCH,EXACT_PARCEL,116801010009050000,"서울 강남구 역삼동 905"
cx_3fcf8b5813fbf43f,"세영아파트",성북구,NO_MATCH,EXACT_JIBUN_ADDRESS,112901380002330608,"서울 성북구 장위동 233-608"
cx_3fdaf96c01ba77c7,"아카데미스위트1",강남구,NO_MATCH,EXACT_JIBUN_ADDRESS,116801180004670007,"서울 강남구 도곡동 467-7"
cx_3fe684503ebd65f3,"몽마르뜨파크",서초구,NO_MATCH,EXACT_JIBUN_ADDRESS,116501070005770035,"서울 서초구 반포동 577-35"
cx_3ff12d1bafe01a02,"서초블랑빌",서초구,NO_MATCH,EXACT_JIBUN_ADDRESS,116501070001050014,"서울 서초구 반포동 105-14"
cx_3ff3442ec8b3c4d7,"북한산래미안아파트(2단지)",은평구,NO_MATCH,EXACT_PARCEL,113801030006370000,"서울 은평구 불광동 637"
cx_3ffb5c7a832deb20,"한강",서초구,NO_MATCH,EXACT_JIBUN_ADDRESS,116501060000490008,"서울 서초구 잠원동 49-8"
cx_400a6a4a22b97f42,"삼대",강서구,NO_MATCH,EXACT_JIBUN_ADDRESS,115001060006980001,"서울 강서구 내발산동 698-1"
cx_40198d841593ded4,"성내2차e-편한세상",강동구,NO_MATCH,EXACT_PARCEL,117401080001370000,"서울 강동구 성내동 137"
cx_401b08fbeb704d4d,"mid그린(6동)",종로구,NO_MATCH,EXACT_JIBUN_ADDRESS,111101740006010007,"서울 종로구 창신동 601-7"
cx_401be4c3361c85bf,"이수브라운스톤",동대문구,NO_MATCH,EXACT_PARCEL,112301030002520000,"서울 동대문구 제기동 252"
cx_403a07a8887154ab,"우림루미아트",마포구,NO_MATCH,EXACT_PARCEL,114401230004980000,"서울 마포구 망원동 498"
cx_403ee47951a458d6,"상계주공3(저층)",노원구,NO_MATCH,EXACT_PARCEL,113501050007370000,"서울 노원구 상계동 737"
cx_4045cb1cf4f474c3,"새한그린빌(306-10)",동대문구,NO_MATCH,EXACT_JIBUN_ADDRESS,112301060003060010,"서울 동대문구 장안동 306-10"
cx_4046475a51239d23,"상지리츠빌5b",강남구,NO_MATCH,EXACT_JIBUN_ADDRESS,116801040001270037,"서울 강남구 청담동 127-37"
cx_4058aaf2d991243d,"jkapartment",강북구,NO_MATCH,EXACT_JIBUN_ADDRESS,113051030001300043,"서울 강북구 수유동 130-43"
cx_40705af5f1f26058,"성수파크빌",성동구,NO_MATCH,EXACT_JIBUN_ADDRESS,112001140006850191,"서울 성동구 성수동1가 685-191"
cx_407774553fa7734b,"하나플러스",노원구,NO_MATCH,EXACT_JIBUN_ADDRESS,113501030005870008,"서울 노원구 공릉동 587-8"
cx_40791f0dc24583ae,"서초포레스타7단지",서초구,NO_MATCH,EXACT_PARCEL,116501110006150000,"서울 서초구 신원동 615"
cx_407bee0567ba206d,"강동렘브란트",강동구,NO_MATCH,EXACT_JIBUN_ADDRESS,117401050004570001,"서울 강동구 길동 457-1"
cx_4084946150455d5a,"북부현대",노원구,NO_MATCH,EXACT_PARCEL,113501050012730000,"서울 노원구 상계동 1273"
cx_409f9fcd11b6372c,"힐튼빌리지1차",용산구,NO_MATCH,EXACT_JIBUN_ADDRESS,111701010002440091,"서울 용산구 후암동 244-91"
cx_40a9c1bbfa0baa8c,"방배씨티(보성)",서초구,NO_MATCH,EXACT_JIBUN_ADDRESS,116501010008360001,"서울 서초구 방배동 836-1"
cx_40bec15eacaee687,"리더스",중랑구,NO_MATCH,EXACT_JIBUN_ADDRESS,112601020001040010,"서울 중랑구 상봉동 104-10"
cx_40ce02cf85b351fa,"동화",구로구,NO_MATCH,EXACT_JIBUN_ADDRESS,115301020007910028,"서울 구로구 구로동 791-28"
cx_40d4cfa26fab2b05,"현대오티움",강남구,NO_MATCH,EXACT_JIBUN_ADDRESS,116801180001920002,"서울 강남구 도곡동 192-2"
cx_40d807fa8c773edf,"구로아트빌라5동(806-29)",구로구,NO_MATCH,EXACT_JIBUN_ADDRESS,115301020008060029,"서울 구로구 구로동 806-29"
cx_40d95a032e887dbf,"남청파인힐",은평구,NO_MATCH,EXACT_JIBUN_ADDRESS,113801070007420003,"서울 은평구 응암동 742-3"
cx_40e1274be1d20b6b,"경덕",송파구,NO_MATCH,EXACT_JIBUN_ADDRESS,117101060000720009,"서울 송파구 삼전동 72-9"
cx_40f1f4646082e666,"포스틸빌라트",강남구,NO_MATCH,EXACT_JIBUN_ADDRESS,116801010007410022,"서울 강남구 역삼동 741-22"
cx_40f30d95e5840fb0,"우성(410-56)",강서구,NO_MATCH,EXACT_JIBUN_ADDRESS,115001030004100056,"서울 강서구 화곡동 410-56"
cx_40f526a88d083bfd,"청구빌아파트",노원구,NO_MATCH,EXACT_JIBUN_ADDRESS,113501030002690002,"서울 노원구 공릉동 269-2"
cx_40fc5388924eb7ad,"하늘공원(101동)",노원구,NO_MATCH,MULTI_RECORD_SAME_PARCEL,113501030002220000,"서울 노원구 공릉동 222"
cx_41030c0cd2f77ee3,"(742-57)",구로구,NO_MATCH,EXACT_JIBUN_ADDRESS,115301020007420057,"서울 구로구 구로동 742-57"
cx_41105c3f8a5b9c21,"금호타운2차아파트",성동구,NO_MATCH,EXACT_PARCEL,112001150008320000,"서울 성동구 성수동2가 832"
cx_411f9f6ca2284731,"호수2차b동",구로구,NO_MATCH,EXACT_JIBUN_ADDRESS,115301090001120009,"서울 구로구 궁동 112-9"
cx_412e804f49cf4a0d,"서초",관악구,NO_MATCH,EXACT_PARCEL,116201020017240000,"서울 관악구 신림동 1724"
cx_413c2a807070ca3b,"늘푸른",서대문구,NO_MATCH,EXACT_JIBUN_ADDRESS,114101100001230073,"서울 서대문구 북아현동 123-73"
cx_4143e9bb6b73971e,"보성",마포구,NO_MATCH,EXACT_PARCEL,114401070004420000,"서울 마포구 마포동 442"
cx_4150a99f83463c7e,"이문스카이뷰",동대문구,NO_MATCH,EXACT_JIBUN_ADDRESS,112301100002910035,"서울 동대문구 이문동 291-35"
cx_41520939b4a8640a,"면목동2차미소지움아파트",중랑구,NO_MATCH,EXACT_PARCEL,112601010015300000,"서울 중랑구 면목동 1530"
cx_41620d58305e8d95,"명경",중구,NO_MATCH,EXACT_JIBUN_ADDRESS,111401620004320657,"서울 중구 신당동 432-657"
cx_41661b34fdaca615,"청화",관악구,NO_MATCH,EXACT_PARCEL,116201020017290000,"서울 관악구 신림동 1729"
cx_4167c39b8bc3136c,"뉴파인",구로구,NO_MATCH,EXACT_JIBUN_ADDRESS,115301090002360004,"서울 구로구 궁동 236-4"
cx_416bfe18e9cd9c78,"주함위너스ⅰ",송파구,NO_MATCH,EXACT_JIBUN_ADDRESS,117101110001540021,"서울 송파구 방이동 154-21"
cx_417ab08ca4fddcdf,"메트로럭스",은평구,NO_MATCH,EXACT_JIBUN_ADDRESS,113801070001100009,"서울 은평구 응암동 110-9"
cx_417f32496cd9500b,"서로퍼스트빌",노원구,NO_MATCH,EXACT_JIBUN_ADDRESS,113501030003510001,"서울 노원구 공릉동 351-1"
cx_418069b2f92cb394,"현대3차",송파구,NO_MATCH,EXACT_PARCEL,117101130000460000,"서울 송파구 거여동 46"
cx_4184cf8d9de4d64a,"이지마루역삼",강남구,NO_MATCH,EXACT_JIBUN_ADDRESS,116801010006780027,"서울 강남구 역삼동 678-27"
cx_4185759c5186926a,"대주파크빌아파트",노원구,NO_MATCH,EXACT_PARCEL,113501030007510000,"서울 노원구 공릉동 751"
cx_419b1cb6421af1e6,"마곡엠밸리2단지",강서구,NO_MATCH,EXACT_PARCEL,115001050007350000,"서울 강서구 마곡동 735"
cx_419d13cb1fd9e43f,"신세계5차",강서구,NO_MATCH,EXACT_JIBUN_ADDRESS,115001060006750006,"서울 강서구 내발산동 675-6"
cx_419f922d1732d486,"신부파스카4차",마포구,NO_MATCH,EXACT_PARCEL,114401230005070000,"서울 마포구 망원동 507"
cx_419f977e98a389f3,"신원센스빌",강서구,NO_MATCH,EXACT_JIBUN_ADDRESS,115001030000240176,"서울 강서구 화곡동 24-176"
cx_41a8dc13aa2bf1eb,"금성파크a동",도봉구,NO_MATCH,EXACT_JIBUN_ADDRESS,113201070006650025,"서울 도봉구 창동 665-25"
cx_41a95f1241e4e2e2,"씨티",송파구,NO_MATCH,EXACT_JIBUN_ADDRESS,117101140000310001,"서울 송파구 마천동 31-1"
cx_41af9ce30b918607,"동일1차",서대문구,NO_MATCH,EXACT_JIBUN_ADDRESS,114101110003120240,"서울 서대문구 홍제동 312-240"
cx_41bda45e405afd04,"금성타운",강동구,NO_MATCH,EXACT_JIBUN_ADDRESS,117401090000490016,"서울 강동구 천호동 49-16"
cx_41c7bcc192c19076,"우창프라자",동대문구,NO_MATCH,EXACT_JIBUN_ADDRESS,112301050004940002,"서울 동대문구 답십리동 494-2"
cx_41cc41217be07072,"(72-31)",서대문구,NO_MATCH,EXACT_JIBUN_ADDRESS,114101160000720031,"서울 서대문구 창천동 72-31"
cx_41d60703388c5f84,"하루방",도봉구,NO_MATCH,EXACT_JIBUN_ADDRESS,113201050003150048,"서울 도봉구 쌍문동 315-48"
cx_41e241aa7a213feb,"lig대학마을(건영아파트3차)",관악구,NO_MATCH,EXACT_JIBUN_ADDRESS,116201020017030001,"서울 관악구 신림동 1703-1"
cx_41e690c6810f8072,"우창",양천구,NO_MATCH,EXACT_JIBUN_ADDRESS,114701030005300007,"서울 양천구 신월동 530-7"
cx_41e80d24703d2ed0,"서해그랑블",구로구,NO_MATCH,EXACT_PARCEL,115301080003510000,"서울 구로구 오류동 351"
cx_41f6f32f956521e5,"한신1",송파구,NO_MATCH,MULTI_RECORD_SAME_PARCEL,117101070001020000,"서울 송파구 가락동 102"
cx_42117502b98e767b,"동일스카이",성북구,NO_MATCH,EXACT_JIBUN_ADDRESS,112901330008000095,"서울 성북구 정릉동 800-95"
cx_42335121a28ae3c2,"(807-29)",구로구,NO_MATCH,EXACT_JIBUN_ADDRESS,115301020008070029,"서울 구로구 구로동 807-29"
cx_423fce795c0a7017,"신동아타워아파트",도봉구,NO_MATCH,EXACT_PARCEL,113201060007360000,"서울 도봉구 방학동 736"
cx_424079ab35d6ed5d,"하나어울림",금천구,NO_MATCH,EXACT_JIBUN_ADDRESS,115451030000030028,"서울 금천구 시흥동 3-28"
cx_424697246d27254b,"비체힐리버뷰",마포구,NO_MATCH,EXACT_PARCEL,114401070004490000,"서울 마포구 마포동 449"
cx_424a501f23a18977,"광진동양파라곤2단지",광진구,NO_MATCH,EXACT_JIBUN_ADDRESS,112151090003580009,"서울 광진구 군자동 358-9"
cx_424a8ef124925a01,"유정",중구,NO_MATCH,EXACT_JIBUN_ADDRESS,111401620004321970,"서울 중구 신당동 432-1970"
cx_424e64dbd56312c2,"반포센트럴자이",서초구,NO_MATCH,EXACT_PARCEL,116501060001620000,"서울 서초구 잠원동 162"
cx_4252f26b969f98be,"주함헤븐105동",양천구,NO_MATCH,EXACT_JIBUN_ADDRESS,114701030002030018,"서울 양천구 신월동 203-18"
cx_4253c5611e7d5072,"서초아트래디앙",서초구,NO_MATCH,EXACT_JIBUN_ADDRESS,116501080015820016,"서울 서초구 서초동 1582-16"
cx_4258b4c7b1fbbace,"면목삼익아파트",중랑구,NO_MATCH,EXACT_PARCEL,112601010015160000,"서울 중랑구 면목동 1516"
cx_4261f5c10ff4c527,"정명네스트",은평구,NO_MATCH,EXACT_JIBUN_ADDRESS,113801090000380030,"서울 은평구 신사동 38-30"
cx_4266e85a9a076e23,"비즈트위트바이올렛5차",금천구,NO_MATCH,EXACT_JIBUN_ADDRESS,115451010001400036,"서울 금천구 가산동 140-36"
cx_42733e757916fd85,"청담대우로얄카운티6차",강남구,NO_MATCH,EXACT_JIBUN_ADDRESS,116801040001010001,"서울 강남구 청담동 101-1"
cx_428afdff90c27b16,"현대하이페리온",양천구,NO_MATCH,EXACT_PARCEL,114701020009160000,"서울 양천구 목동 916"
cx_42926a13ce46bddd,"명경아트빌",동대문구,NO_MATCH,EXACT_JIBUN_ADDRESS,112301030008920114,"서울 동대문구 제기동 892-114"
cx_42a1987c0c053308,"신안파크",양천구,NO_MATCH,EXACT_JIBUN_ADDRESS,114701030003500002,"서울 양천구 신월동 350-2"
cx_42a41958b412f37a,"신후암",용산구,NO_MATCH,EXACT_JIBUN_ADDRESS,111701010002440086,"서울 용산구 후암동 244-86"
cx_42a9738fd95751ae,"가락한일유앤아이",송파구,NO_MATCH,EXACT_JIBUN_ADDRESS,117101070001420001,"서울 송파구 가락동 142-1"
cx_42aeb65352f79a26,"청담대우멤버스카운티10차",강남구,NO_MATCH,EXACT_JIBUN_ADDRESS,116801040001100013,"서울 강남구 청담동 110-13"
cx_42b0ad960c46431c,"드림시드",성동구,NO_MATCH,EXACT_JIBUN_ADDRESS,112001060001980001,"서울 성동구 사근동 198-1"
cx_42b75051f5e40974,"용산kcc웰츠타워",용산구,NO_MATCH,EXACT_JIBUN_ADDRESS,111701220000110010,"서울 용산구 문배동 11-10"
cx_42b8e29ca7251bc7,"건영4",관악구,NO_MATCH,EXACT_JIBUN_ADDRESS,116201020017020001,"서울 관악구 신림동 1702-1"
cx_42d8c6647870c4d8,"네오블로썸",강남구,NO_MATCH,EXACT_JIBUN_ADDRESS,116801050000420004,"서울 강남구 삼성동 42-4"
cx_42e27a311a48bfe6,"미미",은평구,NO_MATCH,EXACT_PARCEL,113801040005380000,"서울 은평구 갈현동 538"
cx_42ea6c87d5255859,"한강로얄",광진구,NO_MATCH,EXACT_JIBUN_ADDRESS,112151050004980002,"서울 광진구 자양동 498-2"
cx_42f523cef23d0848,"강서힐스테이트",강서구,NO_MATCH,EXACT_PARCEL,115001030011650000,"서울 강서구 화곡동 1165"
cx_42f8e9b60a862a8d,"루컴스힐더테라스",송파구,NO_MATCH,EXACT_JIBUN_ADDRESS,117101050001730001,"서울 송파구 석촌동 173-1"
cx_43044a0579806464,"곰달래",강서구,NO_MATCH,EXACT_PARCEL,115001030011370000,"서울 강서구 화곡동 1137"
cx_4304b774201bf9d8,"래미안로이파크",동작구,NO_MATCH,EXACT_PARCEL,115901070011590000,"서울 동작구 사당동 1159"
cx_43160983ccc44ac0,"함성드림빌",마포구,NO_MATCH,EXACT_PARCEL,114401230005050000,"서울 마포구 망원동 505"
cx_431bac33a1782d4f,"프라비다1",관악구,NO_MATCH,EXACT_JIBUN_ADDRESS,116201010008690003,"서울 관악구 봉천동 869-3"
cx_432181c555e65cc2,"청안파인",은평구,NO_MATCH,EXACT_JIBUN_ADDRESS,113801070003680006,"서울 은평구 응암동 368-6"
cx_432337f5cc7ec4ac,"한솔애리즈3차",강동구,NO_MATCH,EXACT_JIBUN_ADDRESS,117401080004200002,"서울 강동구 성내동 420-2"
cx_432bdaadc2525450,"청솔하이츠1동",서대문구,NO_MATCH,EXACT_JIBUN_ADDRESS,114101190003040010,"서울 서대문구 북가좌동 304-10"
cx_432fea57bf3b4ec3,"건우한마음",금천구,NO_MATCH,EXACT_JIBUN_ADDRESS,115451030009290033,"서울 금천구 시흥동 929-33"
cx_43315d60bb93e095,"모란빌라",구로구,NO_MATCH,EXACT_JIBUN_ADDRESS,115301020007920062,"서울 구로구 구로동 792-62"
cx_434b4ef20cafe71c,"진성그린아파트",구로구,NO_MATCH,EXACT_JIBUN_ADDRESS,115301060001670102,"서울 구로구 고척동 167-102"
cx_4350acafa6bb7100,"잠원동상지리츠빌카일룸",서초구,NO_MATCH,EXACT_JIBUN_ADDRESS,116501060000490007,"서울 서초구 잠원동 49-7"
cx_435add4d5735346d,"브라운스톤효령아파트",서초구,NO_MATCH,EXACT_JIBUN_ADDRESS,116501010009810040,"서울 서초구 방배동 981-40"
cx_435afb2a493fbde4,"방배대우멤버스카운티(809-17)",서초구,NO_MATCH,EXACT_JIBUN_ADDRESS,116501010008090017,"서울 서초구 방배동 809-17"
cx_4363506e7d40852e,"스카이",금천구,NO_MATCH,EXACT_JIBUN_ADDRESS,115451030009890009,"서울 금천구 시흥동 989-9"
cx_436513e5d6120119,"동도하이츠",영등포구,NO_MATCH,EXACT_JIBUN_ADDRESS,115601010005850025,"서울 영등포구 영등포동 585-25"
cx_436ee57247246a44,"서초리젠",서초구,NO_MATCH,EXACT_JIBUN_ADDRESS,116501080014440019,"서울 서초구 서초동 1444-19"
cx_43715b458293b492,"남산대림",용산구,NO_MATCH,EXACT_PARCEL,111701300007290000,"서울 용산구 이태원동 729"
cx_4372ad7456a4d3ea,"독산주공14단지",금천구,NO_MATCH,MULTI_RECORD_SAME_PARCEL,115451020010880000,"서울 금천구 독산동 1088"
cx_437300355944f1af,"중앙하이츠",양천구,NO_MATCH,EXACT_PARCEL,114701010013140000,"서울 양천구 신정동 1314"
cx_43814b50b0686f34,"(796-3)",구로구,NO_MATCH,EXACT_JIBUN_ADDRESS,115301020007960003,"서울 구로구 구로동 796-3"
cx_439c3d0a00349263,"독립문극동(200-0)",서대문구,AMBIGUOUS,EXACT_PARCEL,114101090002000000,"서울 서대문구 현저동 200"
cx_43af8b7e67fcfda6,"라인캐슬",성북구,NO_MATCH,EXACT_JIBUN_ADDRESS,112901380000650239,"서울 성북구 장위동 65-239"
cx_43afa6baa9eb0cbe,"경향렉스빌",은평구,NO_MATCH,EXACT_JIBUN_ADDRESS,113801070000960018,"서울 은평구 응암동 96-18"
cx_43b7afb36ea1e942,"아남",서초구,NO_MATCH,EXACT_JIBUN_ADDRESS,116501080016410013,"서울 서초구 서초동 1641-13"
cx_43c198f24aefa74a,"예성2차그린캐슬",관악구,NO_MATCH,EXACT_PARCEL,116201030011340000,"서울 관악구 남현동 1134"
cx_43c420935c662895,"현대제이드",강동구,NO_MATCH,EXACT_JIBUN_ADDRESS,117401080004600001,"서울 강동구 성내동 460-1"
cx_43c4476f2977e52f,"극동의푸른별1차",노원구,NO_MATCH,EXACT_PARCEL,113501060006000000,"서울 노원구 중계동 600"
cx_43cda44453e86873,"한두리",송파구,NO_MATCH,EXACT_JIBUN_ADDRESS,117101120001140029,"서울 송파구 오금동 114-29"
cx_43d8cac17ab08895,"진민그린상가(367-30)",강서구,NO_MATCH,EXACT_JIBUN_ADDRESS,115001030003670030,"서울 강서구 화곡동 367-30"
cx_43e0758878ef23b6,"주성드림아파트",송파구,NO_MATCH,EXACT_JIBUN_ADDRESS,117101070001770007,"서울 송파구 가락동 177-7"
cx_43e16b4eda982443,"대성유니드",영등포구,NO_MATCH,EXACT_PARCEL,115601320003890000,"서울 영등포구 신길동 389"
cx_43e504df49df8d8a,"대명그린(아)",구로구,NO_MATCH,EXACT_JIBUN_ADDRESS,115301090001900121,"서울 구로구 궁동 190-121"
cx_43e837de263cf537,"대방샤인힐",양천구,NO_MATCH,EXACT_PARCEL,114701030010170000,"서울 양천구 신월동 1017"
cx_43ed5d744f89ece2,"케럿스테이트",강남구,NO_MATCH,EXACT_JIBUN_ADDRESS,116801080002670018,"서울 강남구 논현동 267-18"
cx_43edf1690c29b650,"우림루미아트",영등포구,NO_MATCH,EXACT_PARCEL,115601270001020000,"서울 영등포구 양평동3가 102"
cx_43f88ac4e4bf3ec5,"세심아파트",금천구,NO_MATCH,EXACT_JIBUN_ADDRESS,115451020001810139,"서울 금천구 독산동 181-139"
cx_440949b314c10910,"호등자이젠아파트(1665-9)",관악구,NO_MATCH,EXACT_JIBUN_ADDRESS,116201020016650009,"서울 관악구 신림동 1665-9"
cx_4416d3ecddd715d2,"부영3",양천구,NO_MATCH,EXACT_JIBUN_ADDRESS,114701020009080034,"서울 양천구 목동 908-34"
cx_44191ee405db75fd,"동양크레오아파트",도봉구,NO_MATCH,EXACT_PARCEL,113201060007400000,"서울 도봉구 방학동 740"
cx_442c3ec86df6acbd,"신창",도봉구,NO_MATCH,EXACT_PARCEL,113201070008100000,"서울 도봉구 창동 810"
cx_443da4b06e198b34,"형인한강",동작구,NO_MATCH,EXACT_PARCEL,115901010003310000,"서울 동작구 노량진동 331"
cx_4442762453307600,"상도더샵2차",동작구,NO_MATCH,EXACT_PARCEL,115901020005340000,"서울 동작구 상도동 534"
cx_4448efbe93cd2e4f,"정릉e-편한세상",성북구,NO_MATCH,EXACT_PARCEL,112901330010280000,"서울 성북구 정릉동 1028"
cx_4457347749992d44,"태영아파트",금천구,NO_MATCH,EXACT_JIBUN_ADDRESS,115451020010030021,"서울 금천구 독산동 1003-21"
cx_44645ecd97814c0a,"강남엘에이치1단지",강남구,NO_MATCH,EXACT_PARCEL,116801110005790000,"서울 강남구 세곡동 579"
cx_446678176796f9c9,"뉴신사신성",은평구,NO_MATCH,MULTI_RECORD_SAME_PARCEL,113801090003560000,"서울 은평구 신사동 356"
cx_446f82197ebce766,"정호샤인빌",동작구,NO_MATCH,NO_MATCH,115901010003140037,"서울 동작구 노량진동 314-37"
cx_447153570ffcf952,"강동큐브",강동구,NO_MATCH,EXACT_JIBUN_ADDRESS,117401050004560003,"서울 강동구 길동 456-3"
cx_4482c2732fa6cbd4,"태솔에버빌3차",동대문구,NO_MATCH,EXACT_JIBUN_ADDRESS,112301060003830011,"서울 동대문구 장안동 383-11"
cx_4486c3c2b760609b,"주풍그린빌라트",강동구,NO_MATCH,EXACT_JIBUN_ADDRESS,117401060006220012,"서울 강동구 둔촌동 622-12"
cx_4487bb4619b1f708,"노원현대",노원구,NO_MATCH,EXACT_PARCEL,113501050003590000,"서울 노원구 상계동 359"
cx_448ce6c7a684bec4,"골드캐슬ⅲ",중구,NO_MATCH,EXACT_PARCEL,111401650017430000,"서울 중구 황학동 1743"
cx_448fae01ca8a124e,"서리풀프라젠아파트",서초구,NO_MATCH,EXACT_PARCEL,116501010032810000,"서울 서초구 방배동 3281"
cx_449478856f4d715a,"스카이빌아파트",양천구,NO_MATCH,EXACT_JIBUN_ADDRESS,114701020007720011,"서울 양천구 목동 772-11"
cx_4495fc0545d2a3f4,"자양삼성",광진구,NO_MATCH,EXACT_PARCEL,112151050007870000,"서울 광진구 자양동 787"
cx_449adc7aad33ad60,"구의동현진에버빌",광진구,NO_MATCH,EXACT_PARCEL,112151030006600000,"서울 광진구 구의동 660"
cx_44a9f5ee6a34f652,"효창palaceville",용산구,NO_MATCH,EXACT_JIBUN_ADDRESS,111701110001320013,"서울 용산구 청파동3가 132-13"
cx_44b1e27eac52a403,"가락금호아파트",송파구,NO_MATCH,EXACT_JIBUN_ADDRESS,117101070000950001,"서울 송파구 가락동 95-1"
cx_44bc187c2e8c282b,"녹번2현대",은평구,NO_MATCH,EXACT_JIBUN_ADDRESS,113801020002780001,"서울 은평구 녹번동 278-1"
cx_44ca98838f54a2fe,"동아3",강서구,NO_MATCH,EXACT_JIBUN_ADDRESS,115001010002580001,"서울 강서구 염창동 258-1"
cx_44cbd0043fd4a3f7,"sm해그린(362-7)",동대문구,NO_MATCH,EXACT_JIBUN_ADDRESS,112301060003620007,"서울 동대문구 장안동 362-7"
cx_44cf2f09b6a812c3,"위례2차아이파크",송파구,NO_MATCH,EXACT_PARCEL,117101090008840000,"서울 송파구 장지동 884"
cx_44d08e40f59598ed,"방배타운하우스",서초구,NO_MATCH,EXACT_JIBUN_ADDRESS,116501010007900026,"서울 서초구 방배동 790-26"
cx_44d0deac50cbc741,"늘푸른",영등포구,NO_MATCH,EXACT_JIBUN_ADDRESS,115601330009740001,"서울 영등포구 대림동 974-1"
cx_44d67edd8017553c,"gs파크뷰",관악구,NO_MATCH,EXACT_JIBUN_ADDRESS,116201020004060069,"서울 관악구 신림동 406-69"
cx_44e0223e68edcd31,"천왕연지타운1단지",구로구,NO_MATCH,MULTI_RECORD_SAME_PARCEL,115301110002800000,"서울 구로구 천왕동 280"
cx_44f281574c32c84d,"롯데캐슬파크(40)",서초구,NO_MATCH,EXACT_JIBUN_ADDRESS,116501010008880040,"서울 서초구 방배동 888-40"
cx_44ff0e3346fc6059,"천왕이펜하우스4단지",구로구,NO_MATCH,MULTI_RECORD_SAME_PARCEL,115301110002730000,"서울 구로구 천왕동 273"
cx_450a88a2bc3667c4,"대림아크로빌",강남구,NO_MATCH,EXACT_JIBUN_ADDRESS,116801180004670006,"서울 강남구 도곡동 467-6"
cx_450bb247b1dca49c,"신일해피트리",양천구,NO_MATCH,EXACT_JIBUN_ADDRESS,114701010012190001,"서울 양천구 신정동 1219-1"
cx_451a9a9606519624,"경희궁롯데캐슬",종로구,NO_MATCH,EXACT_PARCEL,111101870000890000,"서울 종로구 무악동 89"
cx_451c74c5e447e3ff,"동작협성휴포레시그니처",동작구,NO_MATCH,EXACT_JIBUN_ADDRESS,115901090006860048,"서울 동작구 신대방동 686-48"
cx_4533f5594c1bbdee,"팰리스필",양천구,NO_MATCH,EXACT_JIBUN_ADDRESS,114701010008720006,"서울 양천구 신정동 872-6"
cx_4541fdd2bd846a75,"강서동도센트리움",강서구,NO_MATCH,EXACT_PARCEL,115001030011610000,"서울 강서구 화곡동 1161"
cx_454460c7d2b8ed16,"동아그린",도봉구,NO_MATCH,EXACT_PARCEL,113201070008050000,"서울 도봉구 창동 805"
cx_454522109dabfe50,"현대(5차)",송파구,NO_MATCH,EXACT_JIBUN_ADDRESS,117101070001610002,"서울 송파구 가락동 161-2"
cx_454d5b2b017f86d2,"코지아뜨리에101",노원구,NO_MATCH,EXACT_JIBUN_ADDRESS,113501060001370028,"서울 노원구 중계동 137-28"
cx_454d8d270550e102,"상진지오벨리a",금천구,NO_MATCH,EXACT_JIBUN_ADDRESS,115451020010170008,"서울 금천구 독산동 1017-8"
cx_4557ec43ec61904d,"선정(177)",은평구,NO_MATCH,EXACT_JIBUN_ADDRESS,113801100001770020,"서울 은평구 증산동 177-20"
cx_455a1a8adbd8eed3,"로얄동아",광진구,NO_MATCH,EXACT_PARCEL,112151050006440000,"서울 광진구 자양동 644"
cx_455f2f2dc7e0a4b2,"시티파크(2단지)",용산구,NO_MATCH,EXACT_JIBUN_ADDRESS,111701280000630387,"서울 용산구 한강로3가 63-387"
cx_457326d43d12fd82,"현대1차101동~106동",강남구,NO_MATCH,EXACT_PARCEL,116801030006530000,"서울 강남구 개포동 653"
cx_45790c7dc84263d2,"메트하임",영등포구,NO_MATCH,EXACT_PARCEL,115601320023630000,"서울 영등포구 신길동 2363"
cx_45798083ac90d324,"삼주빌라",구로구,NO_MATCH,EXACT_JIBUN_ADDRESS,115301020007980011,"서울 구로구 구로동 798-11"
cx_458e52b41c3431ef,"금호삼성래미안",성동구,NO_MATCH,EXACT_PARCEL,112001090015000000,"서울 성동구 금호동1가 1500"
cx_459112f7ac906fd7,"상도팰리스",동작구,NO_MATCH,EXACT_PARCEL,115901020004600000,"서울 동작구 상도동 460"
cx_4592e750aa3c3e30,"강일리버파크10단지",강동구,NO_MATCH,EXACT_PARCEL,117401100006950000,"서울 강동구 강일동 695"
cx_459f67a22bd5aa51,"청계한신휴플러스",동대문구,NO_MATCH,EXACT_PARCEL,112301050010020000,"서울 동대문구 답십리동 1002"
cx_45a2b3818d4f8cba,"트라움하우스2",서초구,NO_MATCH,EXACT_JIBUN_ADDRESS,116501080014950002,"서울 서초구 서초동 1495-2"
cx_45a864856aee29e4,"송파파인타운9단지",송파구,NO_MATCH,EXACT_PARCEL,117101090008430000,"서울 송파구 장지동 843"
cx_45c5f7bd3b294251,"초원",동작구,NO_MATCH,EXACT_JIBUN_ADDRESS,115901020003010004,"서울 동작구 상도동 301-4"
cx_45cd79307a3190f7,"매그놀리아(1차)",송파구,NO_MATCH,EXACT_JIBUN_ADDRESS,117101120000810002,"서울 송파구 오금동 81-2"
cx_45de520b19db5100,"청광플러스원(큐브1차)",강동구,NO_MATCH,EXACT_JIBUN_ADDRESS,117401050003870005,"서울 강동구 길동 387-5"
cx_45e1cbc875f8c388,"뉴성신아파트",마포구,NO_MATCH,EXACT_JIBUN_ADDRESS,114401230004330004,"서울 마포구 망원동 433-4"
cx_45e61fc324e5b334,"cloudapt",관악구,NO_MATCH,EXACT_JIBUN_ADDRESS,116201020014840010,"서울 관악구 신림동 1484-10"
cx_45e7d56db5169d8b,"푸르빌5차",관악구,NO_MATCH,EXACT_JIBUN_ADDRESS,116201010016270002,"서울 관악구 봉천동 1627-2"
cx_45e894794c70443d,"제일에비앙",강서구,NO_MATCH,EXACT_JIBUN_ADDRESS,115001030009010007,"서울 강서구 화곡동 901-7"
cx_45ed550494c9d9a6,"드림시드아파트1차",강서구,NO_MATCH,EXACT_JIBUN_ADDRESS,115001030008990013,"서울 강서구 화곡동 899-13"
cx_45f1e885a6997b5d,"태천와이드빌",강동구,NO_MATCH,EXACT_JIBUN_ADDRESS,117401090003020003,"서울 강동구 천호동 302-3"
cx_45fc07e1ce6c36b9,"그린라이프",은평구,NO_MATCH,EXACT_JIBUN_ADDRESS,113801030002300002,"서울 은평구 불광동 230-2"
cx_4605f6bfc32aef0a,"메르디안하우스",서초구,NO_MATCH,EXACT_JIBUN_ADDRESS,116501020001220002,"서울 서초구 양재동 122-2"
cx_460af9c9e40568c8,"망우",중랑구,NO_MATCH,EXACT_JIBUN_ADDRESS,112601050001840006,"서울 중랑구 망우동 184-6"
cx_4630242f45d7020a,"현대강변",광진구,NO_MATCH,EXACT_PARCEL,112151050006730000,"서울 광진구 자양동 673"
cx_46318d9ca7d49f92,"현대프라임",광진구,NO_MATCH,EXACT_JIBUN_ADDRESS,112151030006310001,"서울 광진구 구의동 631-1"
cx_4638f6b71bb39071,"순영웰라이빌1차",구로구,NO_MATCH,EXACT_JIBUN_ADDRESS,115301020001060010,"서울 구로구 구로동 106-10"
cx_464bc8477e064df9,"상봉어반뷰",중랑구,NO_MATCH,MULTI_RECORD_SAME_PARCEL,112601020001130000,"서울 중랑구 상봉동 113"
cx_465684512100d589,"(743-32)",구로구,NO_MATCH,EXACT_JIBUN_ADDRESS,115301020007430032,"서울 구로구 구로동 743-32"
cx_4660ac9c8a52e0c3,"신공덕래미안2차",마포구,NO_MATCH,EXACT_PARCEL,114401030001590000,"서울 마포구 신공덕동 159"
cx_4666e4618b38e173,"행남그랜드",용산구,NO_MATCH,EXACT_JIBUN_ADDRESS,111701010002440005,"서울 용산구 후암동 244-5"
cx_466c12eb578f0fc3,"그랑밸리(119-27)",송파구,NO_MATCH,EXACT_JIBUN_ADDRESS,117101120001190027,"서울 송파구 오금동 119-27"
cx_466e9045d2aab563,"구로아트빌라3동",구로구,NO_MATCH,EXACT_JIBUN_ADDRESS,115301020008060009,"서울 구로구 구로동 806-9"
cx_4686933960e30fc8,"메이저a동",송파구,NO_MATCH,NO_MATCH,117101130000340000,"서울 송파구 거여동 34"
cx_468c4bbef2b79a67,"극동",성북구,NO_MATCH,EXACT_PARCEL,112901350001280000,"서울 성북구 종암동 128"
cx_468ce776c973d5e7,"청원",양천구,NO_MATCH,EXACT_JIBUN_ADDRESS,114701010009110008,"서울 양천구 신정동 911-8"
cx_468f2b1ad009bb82,"청구2차",서대문구,NO_MATCH,EXACT_JIBUN_ADDRESS,114101110004530001,"서울 서대문구 홍제동 453-1"
cx_469a06f24ff98c33,"종암라온프라이빗",성북구,NO_MATCH,EXACT_JIBUN_ADDRESS,112901350000830003,"서울 성북구 종암동 83-3"
cx_46a016067fd8e1c7,"중곡동광덕",광진구,NO_MATCH,EXACT_PARCEL,112151010006830000,"서울 광진구 중곡동 683"
cx_46a0a4b07588374c,"가락3차쌍용스윗닷홈(103동)",송파구,NO_MATCH,EXACT_PARCEL,117101070000540000,"서울 송파구 가락동 54"
cx_46a37d74c3526d6c,"그레이스홈타운(102동)",광진구,NO_MATCH,EXACT_JIBUN_ADDRESS,112151030002050018,"서울 광진구 구의동 205-18"
cx_46a6ad64ba73c70a,"선일크라시아",동대문구,NO_MATCH,EXACT_JIBUN_ADDRESS,112301060003440005,"서울 동대문구 장안동 344-5"
cx_46aa208d72273796,"다우탑스빌라트",서초구,NO_MATCH,EXACT_JIBUN_ADDRESS,116501070000500002,"서울 서초구 반포동 50-2"
cx_46cc3c344f7ef411,"동양1차",동대문구,NO_MATCH,EXACT_PARCEL,112301090001150000,"서울 동대문구 휘경동 115"
cx_46cc81ba301a49d8,"현대빌라",마포구,NO_MATCH,EXACT_JIBUN_ADDRESS,114401020000110174,"서울 마포구 공덕동 11-174"
cx_46f142005ab3e133,"투원씨a동",강서구,NO_MATCH,EXACT_JIBUN_ADDRESS,115001030000290038,"서울 강서구 화곡동 29-38"
cx_46fe87b03ec4eb84,"서울숲힐스테이트",성동구,NO_MATCH,EXACT_PARCEL,112001150008430000,"서울 성동구 성수동2가 843"
cx_4707d6ad05055c02,"오페라하우스",강북구,NO_MATCH,EXACT_JIBUN_ADDRESS,113051030005600024,"서울 강북구 수유동 560-24"
cx_47110b2207083ccf,"(745-60)",구로구,NO_MATCH,EXACT_JIBUN_ADDRESS,115301020007450060,"서울 구로구 구로동 745-60"
cx_4729c9177caa0a57,"한일유앤아이2차",관악구,NO_MATCH,EXACT_JIBUN_ADDRESS,116201030010770001,"서울 관악구 남현동 1077-1"
cx_472ee0880433e84b,"청솔레이크",송파구,NO_MATCH,MULTI_RECORD_SAME_PARCEL,117101050001640000,"서울 송파구 석촌동 164"
cx_4738ffc7e148eb84,"경남",중랑구,NO_MATCH,EXACT_PARCEL,112601050002260000,"서울 중랑구 망우동 226"
cx_4743312c67e5a222,"다울(178-10)",중랑구,NO_MATCH,EXACT_JIBUN_ADDRESS,112601010001780010,"서울 중랑구 면목동 178-10"
cx_4744a3e6d02160e7,"한일1",노원구,NO_MATCH,EXACT_PARCEL,113501020009260000,"서울 노원구 월계동 926"
cx_474b527eb6dd39a7,"예지보금자리(101동)",양천구,NO_MATCH,EXACT_JIBUN_ADDRESS,114701010009270009,"서울 양천구 신정동 927-9"
cx_476a34e2ef6fa037,"현대토파즈",강동구,NO_MATCH,MULTI_RECORD_SAME_PARCEL,117401080004680000,"서울 강동구 성내동 468"
cx_476bc74bfb22efe6,"동도아카데미하우스2차",서대문구,NO_MATCH,EXACT_JIBUN_ADDRESS,114101170000740014,"서울 서대문구 연희동 74-14"
cx_476cb24e0d72d043,"연세힐하우스1",강남구,NO_MATCH,EXACT_JIBUN_ADDRESS,116801040001020002,"서울 강남구 청담동 102-2"
cx_476e98541d65af6b,"갈현1단지e-편한세상",은평구,NO_MATCH,EXACT_PARCEL,113801050005470000,"서울 은평구 구산동 547"
cx_476fcff1dfcf926c,"신화타워",양천구,NO_MATCH,EXACT_JIBUN_ADDRESS,114701020005020001,"서울 양천구 목동 502-1"
cx_47745a3a50b99ba9,"(744-14)",구로구,NO_MATCH,EXACT_JIBUN_ADDRESS,115301020007440014,"서울 구로구 구로동 744-14"
cx_4784e7a314acadc5,"베네쎄레",서초구,NO_MATCH,EXACT_JIBUN_ADDRESS,116501010000010018,"서울 서초구 방배동 1-18"
cx_4788a024e0b1c312,"화곡한강",강서구,NO_MATCH,EXACT_JIBUN_ADDRESS,115001030010590019,"서울 강서구 화곡동 1059-19"
cx_478c6c32de5c18e3,"구로지웰",구로구,NO_MATCH,EXACT_PARCEL,115301020012870000,"서울 구로구 구로동 1287"
cx_479b0ef7cefcfd4c,"삼성타운",강북구,NO_MATCH,EXACT_JIBUN_ADDRESS,113051030003380001,"서울 강북구 수유동 338-1"
cx_479b35e7d2ba5f1c,"월드빌",서초구,NO_MATCH,EXACT_JIBUN_ADDRESS,116501020000200018,"서울 서초구 양재동 20-18"
cx_47a159abb52422ce,"한신빌라",구로구,NO_MATCH,EXACT_JIBUN_ADDRESS,115301020007910019,"서울 구로구 구로동 791-19"
cx_47a2d8e966cd7d66,"보문하우스토리",성북구,NO_MATCH,EXACT_PARCEL,112901260001160000,"서울 성북구 보문동4가 116"
cx_47a9f44c46b1b60e,"여의도의아침",영등포구,NO_MATCH,EXACT_PARCEL,115601020000290000,"서울 영등포구 영등포동1가 29"
cx_47ae7c603ec3b5bd,"우남푸르미아",성북구,NO_MATCH,EXACT_JIBUN_ADDRESS,112901370000550056,"서울 성북구 상월곡동 55-56"
cx_47b0005ee97fa15d,"공감대(390-24)",중랑구,NO_MATCH,EXACT_JIBUN_ADDRESS,112601010003900024,"서울 중랑구 면목동 390-24"
cx_47b02a079e36980d,"정호힐사이드",동작구,NO_MATCH,EXACT_JIBUN_ADDRESS,115901020000770021,"서울 동작구 상도동 77-21"
cx_47b9054522c5308e,"디어파크(파크빌리지)",동작구,NO_MATCH,EXACT_JIBUN_ADDRESS,115901080003750037,"서울 동작구 대방동 375-37"
cx_47c226357c09af8c,"송파파크데일2단지",송파구,NO_MATCH,EXACT_PARCEL,117101140006070000,"서울 송파구 마천동 607"
cx_47c30293a0ce57cf,"삼부컨비니언",성북구,NO_MATCH,EXACT_PARCEL,112901340012760000,"서울 성북구 길음동 1276"
cx_47d296a094699359,"영등포아트자이",영등포구,NO_MATCH,EXACT_PARCEL,115601180008210000,"서울 영등포구 도림동 821"
cx_47e67d7184c4fc6a,"신금호파크자이",성동구,NO_MATCH,EXACT_PARCEL,112001100000010000,"서울 성동구 금호동2가 1"
cx_47f24adbe3c0f62f,"건영2차",중랑구,NO_MATCH,EXACT_PARCEL,112601060007850000,"서울 중랑구 신내동 785"
cx_47f73f177551ecfd,"백록빌라",구로구,NO_MATCH,EXACT_JIBUN_ADDRESS,115301020008060064,"서울 구로구 구로동 806-64"
cx_480273f20d284e58,"장승",동작구,NO_MATCH,EXACT_JIBUN_ADDRESS,115901020002120099,"서울 동작구 상도동 212-99"
cx_480d7d43e5c46a53,"새롬(1164-13)",강남구,NO_MATCH,EXACT_JIBUN_ADDRESS,116801030011640013,"서울 강남구 개포동 1164-13"
cx_480fdffb548d2867,"탑스빌아파트(101동)",노원구,NO_MATCH,EXACT_JIBUN_ADDRESS,113501030006900010,"서울 노원구 공릉동 690-10"
cx_481134ae16faf255,"쥴리앙",강서구,NO_MATCH,EXACT_JIBUN_ADDRESS,115001060006600006,"서울 강서구 내발산동 660-6"
cx_4811fa250a0cb320,"동일씨티빌",노원구,NO_MATCH,EXACT_JIBUN_ADDRESS,113501050010650006,"서울 노원구 상계동 1065-6"
cx_4816f05a397d0962,"자선메르시안(118-62)",은평구,NO_MATCH,EXACT_JIBUN_ADDRESS,113801070001180062,"서울 은평구 응암동 118-62"
cx_481e57cfb57754ce,"한효",구로구,NO_MATCH,EXACT_JIBUN_ADDRESS,115301060000520332,"서울 구로구 고척동 52-332"
cx_481ee87127144ab0,"낙성대늘푸른",관악구,NO_MATCH,EXACT_JIBUN_ADDRESS,116201010016900164,"서울 관악구 봉천동 1690-164"
cx_4822003c88697874,"정은스카이빌(1044)",양천구,NO_MATCH,EXACT_PARCEL,114701030010440000,"서울 양천구 신월동 1044"
cx_48238c3367235246,"청담포레",강남구,NO_MATCH,EXACT_JIBUN_ADDRESS,116801040000590016,"서울 강남구 청담동 59-16"
cx_4829b8d49f9432c0,"홍연",서대문구,NO_MATCH,EXACT_JIBUN_ADDRESS,114101170007080004,"서울 서대문구 연희동 708-4"
cx_48375ea2e8a89d8a,"태천",동작구,NO_MATCH,EXACT_JIBUN_ADDRESS,115901070002050005,"서울 동작구 사당동 205-5"
cx_483be8bc9384f624,"현대타워(13층-27층)",강남구,NO_MATCH,EXACT_JIBUN_ADDRESS,116801050001430037,"서울 강남구 삼성동 143-37"
cx_48486253ee0efe77,"금강",양천구,NO_MATCH,EXACT_JIBUN_ADDRESS,114701030002070024,"서울 양천구 신월동 207-24"
cx_4848c5f9580d3bf2,"동보",영등포구,NO_MATCH,EXACT_JIBUN_ADDRESS,115601290000090001,"서울 영등포구 양평동5가 9-1"
cx_48501da76111e36f,"천호knp아파트",강동구,NO_MATCH,EXACT_JIBUN_ADDRESS,117401090000330007,"서울 강동구 천호동 33-7"
cx_4850abaec7003de0,"금강산아파트",중랑구,NO_MATCH,EXACT_PARCEL,112601020004940000,"서울 중랑구 상봉동 494"
cx_4853640e55637f4b,"마곡엠벨리(14단지)",강서구,NO_MATCH,EXACT_PARCEL,115001050007500000,"서울 강서구 마곡동 750"
cx_485585bad54ad6fb,"엘지아파트",은평구,NO_MATCH,EXACT_JIBUN_ADDRESS,113801030004440041,"서울 은평구 불광동 444-41"
cx_48587795bbfee7b0,"삼창타워주상프라자",노원구,NO_MATCH,EXACT_JIBUN_ADDRESS,113501060005840001,"서울 노원구 중계동 584-1"
cx_485a976caed644f3,"삼천리",강서구,NO_MATCH,EXACT_JIBUN_ADDRESS,115001010000700020,"서울 강서구 염창동 70-20"
cx_485bb1a6305434ee,"그린",서초구,NO_MATCH,EXACT_JIBUN_ADDRESS,116501010009260007,"서울 서초구 방배동 926-7"
cx_4865687f99736c81,"수유프리미어엠",강북구,NO_MATCH,EXACT_JIBUN_ADDRESS,113051030000480008,"서울 강북구 수유동 48-8"
cx_486e8bdb9fdb57b9,"(717-23)함양주택",구로구,NO_MATCH,EXACT_JIBUN_ADDRESS,115301020007170023,"서울 구로구 구로동 717-23"
cx_4878015ea5e75796,"청우참조은",은평구,NO_MATCH,EXACT_JIBUN_ADDRESS,113801080000430055,"서울 은평구 역촌동 43-55"
cx_487995fd2ce2aed3,"제일아파트나동(345-5)",은평구,NO_MATCH,NO_MATCH,113801010003450005,"서울 은평구 수색동 345-5"
cx_4879b95a1e2df840,"광진파크하우스",광진구,NO_MATCH,EXACT_PARCEL,112151030006820000,"서울 광진구 구의동 682"
cx_4880c4ffe9880d49,"산성",송파구,NO_MATCH,EXACT_JIBUN_ADDRESS,117101140002710017,"서울 송파구 마천동 271-17"
cx_4881ed817d6a43e0,"공릉우성아파트",노원구,NO_MATCH,EXACT_PARCEL,113501030007380000,"서울 노원구 공릉동 738"
cx_4887ccfdfc893570,"삼성벨라스빌",강남구,NO_MATCH,EXACT_JIBUN_ADDRESS,116801050000290019,"서울 강남구 삼성동 29-19"
cx_4888ef4cac812dc6,"신기목련아파트",영등포구,NO_MATCH,MULTI_RECORD_SAME_PARCEL,115601320049350000,"서울 영등포구 신길동 4935"
cx_488b8078fe87530d,"마포그랑자이",마포구,NO_MATCH,MULTI_RECORD_SAME_PARCEL,114401080008060000,"서울 마포구 대흥동 806"
cx_489ff6cf7f7c1487,"thesilk",영등포구,NO_MATCH,EXACT_JIBUN_ADDRESS,115601170001210132,"서울 영등포구 당산동 121-132"
cx_48a5fcd810d88811,"dmcskview",은평구,NO_MATCH,EXACT_PARCEL,113801010004180000,"서울 은평구 수색동 418"
cx_48a6b25cfb51aff6,"중앙하이츠빌",동작구,NO_MATCH,EXACT_PARCEL,115901020004150000,"서울 동작구 상도동 415"
cx_48ad0e281e6e3754,"서초그린",관악구,NO_MATCH,EXACT_PARCEL,116201020017320000,"서울 관악구 신림동 1732"
cx_48aeb3baf9b59656,"한양하이츠",구로구,NO_MATCH,EXACT_JIBUN_ADDRESS,115301020007990024,"서울 구로구 구로동 799-24"
cx_48b5bb319e2aaec3,"동성네스트빌102",중랑구,NO_MATCH,EXACT_JIBUN_ADDRESS,112601010013390003,"서울 중랑구 면목동 1339-3"
cx_48be52196f87cb13,"해오름102동",중랑구,NO_MATCH,EXACT_JIBUN_ADDRESS,112601050005080011,"서울 중랑구 망우동 508-11"
cx_48c116df9ef8f9a1,"이화102동",성동구,NO_MATCH,EXACT_JIBUN_ADDRESS,112001150003200006,"서울 성동구 성수동2가 320-6"
cx_48cfc318c587cbc9,"한화성원아파트",도봉구,NO_MATCH,EXACT_PARCEL,113201060007310000,"서울 도봉구 방학동 731"
cx_48d54ee012b8d424,"건영아모리움",강동구,NO_MATCH,EXACT_JIBUN_ADDRESS,117401080002440006,"서울 강동구 성내동 244-6"
cx_48d569583e427eff,"복권",관악구,NO_MATCH,EXACT_JIBUN_ADDRESS,116201010006450087,"서울 관악구 봉천동 645-87"
cx_48d86f9cd221cd72,"신한빌라트(105-362)",강서구,NO_MATCH,EXACT_JIBUN_ADDRESS,115001030001050362,"서울 강서구 화곡동 105-362"
cx_48f3b32ff07fc4bc,"삼익그린2차",강동구,NO_MATCH,EXACT_PARCEL,117401010000150000,"서울 강동구 명일동 15"
cx_4901a2deee81cd40,"월드메르디앙101동",강서구,NO_MATCH,EXACT_PARCEL,115001090008780000,"서울 강서구 방화동 878"
cx_4907e65d2eaf0ae6,"상진지오벨리b",금천구,NO_MATCH,EXACT_JIBUN_ADDRESS,115451020010170024,"서울 금천구 독산동 1017-24"
cx_490823df3eaa27f3,"해주드림빌",은평구,NO_MATCH,EXACT_JIBUN_ADDRESS,113801020002790001,"서울 은평구 녹번동 279-1"
cx_490a432711464acf,"상도2차갑을명가",동작구,NO_MATCH,EXACT_PARCEL,115901020004590000,"서울 동작구 상도동 459"
cx_49141d41e6bf8549,"강남월드메르디앙프레스티지",서초구,NO_MATCH,EXACT_JIBUN_ADDRESS,116501020000110011,"서울 서초구 양재동 11-11"
cx_49234531b3cf7669,"태솔에버빌(712-5)",도봉구,NO_MATCH,EXACT_JIBUN_ADDRESS,113201060007120005,"서울 도봉구 방학동 712-5"
cx_493103f29674d830,"건영월드컵",마포구,NO_MATCH,EXACT_PARCEL,114401260003930000,"서울 마포구 중동 393"
cx_4933d843337cca59,"(717-20)한성",구로구,NO_MATCH,EXACT_JIBUN_ADDRESS,115301020007170020,"서울 구로구 구로동 717-20"
cx_4935bee4dfa5ad79,"신사아크존2",강남구,NO_MATCH,EXACT_JIBUN_ADDRESS,116801070006060002,"서울 강남구 신사동 606-2"
cx_493781ba7f784760,"로얄홈타운(102동)",강서구,NO_MATCH,EXACT_JIBUN_ADDRESS,115001030009280025,"서울 강서구 화곡동 928-25"
cx_4939cd937c3e72b1,"현대8차(성수현대:91~95동)",강남구,NO_MATCH,EXACT_PARCEL,116801100004810000,"서울 강남구 압구정동 481"
cx_493f8052316e488d,"관악산대창센시티2차",관악구,NO_MATCH,EXACT_PARCEL,116201030011390000,"서울 관악구 남현동 1139"
cx_49495ecf6f047817,"진도2",양천구,NO_MATCH,EXACT_PARCEL,114701020009360000,"서울 양천구 목동 936"
cx_495ed240a3ef12ad,"주함헤븐106동",양천구,NO_MATCH,EXACT_JIBUN_ADDRESS,114701030002030019,"서울 양천구 신월동 203-19"
cx_4964845ba288fa43,"대우디오빌플러스",강남구,NO_MATCH,EXACT_JIBUN_ADDRESS,116801010008240025,"서울 강남구 역삼동 824-25"
cx_496be5b8281790e3,"목동신시가지2",양천구,NO_MATCH,EXACT_PARCEL,114701020009020000,"서울 양천구 목동 902"
cx_497ad0d462b15563,"갤러리아포레",성동구,NO_MATCH,EXACT_JIBUN_ADDRESS,112001140006850696,"서울 성동구 성수동1가 685-696"
cx_497e4edd100262f4,"서초이오빌",서초구,NO_MATCH,EXACT_JIBUN_ADDRESS,116501080015930007,"서울 서초구 서초동 1593-7"
cx_498199a799fb1f26,"북한산팰리스아파트",도봉구,NO_MATCH,EXACT_PARCEL,113201060005220000,"서울 도봉구 방학동 522"
cx_49836e8f46658966,"진로",구로구,NO_MATCH,EXACT_PARCEL,115301070004790000,"서울 구로구 개봉동 479"
cx_498516eb5fd29d75,"라움(492-28)",강동구,NO_MATCH,EXACT_JIBUN_ADDRESS,117401070004920028,"서울 강동구 암사동 492-28"
cx_49868dc0fe5e79fc,"뉴월드(402-120)",은평구,NO_MATCH,EXACT_JIBUN_ADDRESS,113801070004020120,"서울 은평구 응암동 402-120"
cx_4987dacb6aae55cd,"비쥬힐",강남구,NO_MATCH,EXACT_JIBUN_ADDRESS,116801080000390010,"서울 강남구 논현동 39-10"
cx_498c3325b8743b81,"강남팰리스",송파구,NO_MATCH,EXACT_JIBUN_ADDRESS,117101070001230012,"서울 송파구 가락동 123-12"
cx_498e3c4efea26292,"다담센트빌",강서구,NO_MATCH,EXACT_JIBUN_ADDRESS,115001030003430041,"서울 강서구 화곡동 343-41"
cx_49a675325058aa03,"도양라비앙아파트",강서구,NO_MATCH,EXACT_JIBUN_ADDRESS,115001030009180014,"서울 강서구 화곡동 918-14"
cx_49aa71011fc610bb,"로얄",서대문구,NO_MATCH,EXACT_JIBUN_ADDRESS,114101110000200011,"서울 서대문구 홍제동 20-11"
cx_49d3b305152bb56d,"아름(526-2)",은평구,NO_MATCH,EXACT_JIBUN_ADDRESS,113801040005260002,"서울 은평구 갈현동 526-2"
cx_49e0f16c6f36d5ed,"미도",노원구,NO_MATCH,EXACT_JIBUN_ADDRESS,113501050007660001,"서울 노원구 상계동 766-1"
cx_49f1ea5d9827588b,"포이벨리",강남구,NO_MATCH,EXACT_JIBUN_ADDRESS,116801030011640028,"서울 강남구 개포동 1164-28"
cx_49f4412e82eaa1f8,"한아(987-22)",금천구,NO_MATCH,EXACT_JIBUN_ADDRESS,115451020009870022,"서울 금천구 독산동 987-22"
cx_49f8681126f21139,"장충동라임카운티",중구,NO_MATCH,EXACT_JIBUN_ADDRESS,111401430001050001,"서울 중구 장충동1가 105-1"
cx_49fb0d3b248c7659,"청량리역해링턴플레이스",동대문구,NO_MATCH,EXACT_PARCEL,112301020007970000,"서울 동대문구 용두동 797"
cx_49fefec476b828bc,"자선메르시안(193)",은평구,NO_MATCH,EXACT_JIBUN_ADDRESS,113801100001930001,"서울 은평구 증산동 193-1"
cx_4a00d6a990a94e6c,"길음동동부센트레빌(1278-0)",성북구,NO_MATCH,EXACT_PARCEL,112901340012780000,"서울 성북구 길음동 1278"
cx_4a099fb752721ba5,"태양",구로구,NO_MATCH,EXACT_JIBUN_ADDRESS,115301020007790066,"서울 구로구 구로동 779-66"
cx_4a10b648c455ce79,"태천해오름15차",강동구,NO_MATCH,EXACT_PARCEL,117401080004220000,"서울 강동구 성내동 422"
cx_4a18a371c2c92e8b,"태솔에버빌",중랑구,NO_MATCH,EXACT_JIBUN_ADDRESS,112601020004740010,"서울 중랑구 상봉동 474-10"
cx_4a28498314f5c9f3,"산업인",구로구,NO_MATCH,EXACT_JIBUN_ADDRESS,115301060000570009,"서울 구로구 고척동 57-9"
cx_4a292990542cdfea,"서초대우",서초구,NO_MATCH,EXACT_JIBUN_ADDRESS,116501080014670003,"서울 서초구 서초동 1467-3"
cx_4a317f0ea2bf4823,"유진빌라",구로구,NO_MATCH,EXACT_JIBUN_ADDRESS,115301020007990023,"서울 구로구 구로동 799-23"
cx_4a36c3befb2d441b,"세양청마루",용산구,NO_MATCH,EXACT_PARCEL,111701190002680000,"서울 용산구 효창동 268"
cx_4a428d9840333b6f,"장충",중구,NO_MATCH,EXACT_JIBUN_ADDRESS,111401440001930029,"서울 중구 장충동2가 193-29"
cx_4a44d23113386afc,"서초포레스타5단지",서초구,NO_MATCH,EXACT_PARCEL,116501110005790000,"서울 서초구 신원동 579"
cx_4a4851d68af0ddce,"공감대",중랑구,NO_MATCH,EXACT_JIBUN_ADDRESS,112601040001710004,"서울 중랑구 묵동 171-4"
cx_4a6186e97ab997ed,"숭인모범104동",종로구,NO_MATCH,EXACT_JIBUN_ADDRESS,111101750005690002,"서울 종로구 숭인동 569-2"
cx_4a651716562e5082,"청담그랑빌",강남구,NO_MATCH,EXACT_JIBUN_ADDRESS,116801040000460005,"서울 강남구 청담동 46-5"
cx_4a77d2d74875d447,"문래동삼환",영등포구,NO_MATCH,EXACT_PARCEL,115601220000430000,"서울 영등포구 문래동4가 43"
cx_4a81360f5c137f9b,"황실자이",서초구,NO_MATCH,EXACT_JIBUN_ADDRESS,116501010008830009,"서울 서초구 방배동 883-9"
cx_4a84183cce7cbc49,"주공5",강서구,NO_MATCH,EXACT_PARCEL,115001020006950000,"서울 강서구 등촌동 695"
cx_4a955056f7d8659e,"(780-60)",구로구,NO_MATCH,EXACT_JIBUN_ADDRESS,115301020007800060,"서울 구로구 구로동 780-60"
cx_4a97bac0860b4de6,"장미",용산구,NO_MATCH,EXACT_JIBUN_ADDRESS,111701290003020064,"서울 용산구 이촌동 302-64"
cx_4a98dee4762360fb,"거여4단지",송파구,NO_MATCH,EXACT_PARCEL,117101130002930000,"서울 송파구 거여동 293"
cx_4a9c4a62110d3fc5,"진흥아리엘",동작구,NO_MATCH,EXACT_PARCEL,115901070011420000,"서울 동작구 사당동 1142"
cx_4a9ffe534449584f,"청림빌",강남구,NO_MATCH,EXACT_JIBUN_ADDRESS,116801070005550011,"서울 강남구 신사동 555-11"
cx_4aa08f0de00e2716,"우성101동",강동구,NO_MATCH,EXACT_PARCEL,117401010003560000,"서울 강동구 명일동 356"
cx_4ab152d2ecc7f164,"더헤리츠",구로구,NO_MATCH,EXACT_PARCEL,115301060003520000,"서울 구로구 고척동 352"
cx_4ab7e1116b5fbefa,"삼익플라주행복한마을",양천구,NO_MATCH,EXACT_PARCEL,114701030010680000,"서울 양천구 신월동 1068"
cx_4ab984591e2e8b7a,"남서울건영아파트",금천구,NO_MATCH,EXACT_JIBUN_ADDRESS,115451030009920002,"서울 금천구 시흥동 992-2"
cx_4abf83fac6c43c20,"더메종건대",광진구,NO_MATCH,EXACT_JIBUN_ADDRESS,112151070000230005,"서울 광진구 화양동 23-5"
cx_4ac1680ec2d604de,"용마한신2",중랑구,NO_MATCH,EXACT_PARCEL,112601010010730000,"서울 중랑구 면목동 1073"
cx_4acd0066858f9219,"현대1",은평구,NO_MATCH,EXACT_PARCEL,113801090003590000,"서울 은평구 신사동 359"
cx_4ad79af4bf01dc75,"해맞이비동",강동구,NO_MATCH,EXACT_JIBUN_ADDRESS,117401050002280011,"서울 강동구 길동 228-11"
cx_4ad922cbc7168359,"성지",금천구,NO_MATCH,EXACT_JIBUN_ADDRESS,,"서울 금천구 시흥동 산173-8"
cx_4adf69360059b853,"풍산쉐르빌(815-1)",성북구,NO_MATCH,EXACT_JIBUN_ADDRESS,112901330008150001,"서울 성북구 정릉동 815-1"
cx_4ae1d50c59cfe90b,"신도봉",도봉구,NO_MATCH,MULTI_RECORD_SAME_PARCEL,113201080005880000,"서울 도봉구 도봉동 588"
cx_4afd184594d4e43d,"동문아트빌",동작구,NO_MATCH,EXACT_JIBUN_ADDRESS,115901070002350076,"서울 동작구 사당동 235-76"
cx_4b078647fb10af3f,"삼익그린11차",강동구,NO_MATCH,EXACT_PARCEL,117401010000380000,"서울 강동구 명일동 38"
cx_4b106b733239e058,"동아",도봉구,NO_MATCH,EXACT_PARCEL,113201070000260000,"서울 도봉구 창동 26"
cx_4b126ee3b60cea6e,"동도빌라트",양천구,NO_MATCH,EXACT_JIBUN_ADDRESS,114701020008060025,"서울 양천구 목동 806-25"
cx_4b163d65d1fec76e,"홍익봄마을",송파구,NO_MATCH,EXACT_JIBUN_ADDRESS,117101040001730012,"서울 송파구 송파동 173-12"
cx_4b1f8e881696a678,"루체하임",은평구,NO_MATCH,EXACT_JIBUN_ADDRESS,113801060000150049,"서울 은평구 대조동 15-49"
cx_4b21a645f0d49f8c,"원효",용산구,NO_MATCH,EXACT_JIBUN_ADDRESS,111701130000940002,"서울 용산구 원효로2가 94-2"
cx_4b25e62a04b333fb,"로마아트빌",관악구,NO_MATCH,EXACT_JIBUN_ADDRESS,116201010006350457,"서울 관악구 봉천동 635-457"
cx_4b2a15dfb8c5a176,"거성",은평구,NO_MATCH,EXACT_JIBUN_ADDRESS,113801020000830037,"서울 은평구 녹번동 83-37"
cx_4b2ecaf7afa51ecb,"상지리츠빌(3)",서초구,NO_MATCH,EXACT_JIBUN_ADDRESS,116501080014920013,"서울 서초구 서초동 1492-13"
cx_4b37f4b675e5f0e0,"(749-39)",구로구,NO_MATCH,EXACT_JIBUN_ADDRESS,115301020007490039,"서울 구로구 구로동 749-39"
cx_4b3e23fef1680399,"성원쌍떼빌",광진구,NO_MATCH,EXACT_JIBUN_ADDRESS,112151030000290001,"서울 광진구 구의동 29-1"
cx_4b407bcef9e2bdc3,"인택스빌",송파구,NO_MATCH,MULTI_RECORD_SAME_PARCEL,117101110002220000,"서울 송파구 방이동 222"
cx_4b4ef391ef06da22,"dmc자이2단지",은평구,NO_MATCH,EXACT_JIBUN_ADDRESS,113801100002230028,"서울 은평구 증산동 223-28"
cx_4b50c517948acc84,"새한올림픽",강동구,NO_MATCH,EXACT_JIBUN_ADDRESS,117401080004670001,"서울 강동구 성내동 467-1"
cx_4b561067e74c6d2b,"(743-27)",구로구,NO_MATCH,EXACT_JIBUN_ADDRESS,115301020007430027,"서울 구로구 구로동 743-27"
cx_4b5f462bc7bb9483,"왕십리삼성아파트",성동구,NO_MATCH,EXACT_PARCEL,112001050008170000,"서울 성동구 마장동 817"
cx_4b6c6719fc56447d,"테라파크뷰",노원구,NO_MATCH,EXACT_JIBUN_ADDRESS,113501030003660015,"서울 노원구 공릉동 366-15"
cx_4b6d96a54189e7dc,"하나세인스톤ⅴ",구로구,NO_MATCH,EXACT_PARCEL,115301020000920000,"서울 구로구 구로동 92"
cx_4b761259e99e6b90,"관악캠퍼스타워",관악구,NO_MATCH,EXACT_JIBUN_ADDRESS,116201010008750001,"서울 관악구 봉천동 875-1"
cx_4b7ad28a151c8487,"은하수",강남구,NO_MATCH,NO_MATCH,116801010007590001,"서울 강남구 역삼동 759-1"
cx_4b7c68e5dd0fa5f2,"잠원아이비",서초구,NO_MATCH,EXACT_JIBUN_ADDRESS,116501060000340001,"서울 서초구 잠원동 34-1"
cx_4b7e3bc4175dbe38,"상목에버빌a",관악구,NO_MATCH,EXACT_JIBUN_ADDRESS,116201020015590015,"서울 관악구 신림동 1559-15"
cx_4b83dcf2f47a4a5f,"월드빌(120-9)",은평구,NO_MATCH,EXACT_JIBUN_ADDRESS,113801070001200009,"서울 은평구 응암동 120-9"
cx_4b8585694aee76f4,"우정에쉐르",송파구,NO_MATCH,EXACT_JIBUN_ADDRESS,117101070000080001,"서울 송파구 가락동 8-1"
cx_4b884aba0689913c,"포스코더샵",동작구,NO_MATCH,EXACT_PARCEL,115901020005210000,"서울 동작구 상도동 521"
cx_4b8b70b7ec5957e6,"마포웨스트리버태영데시앙",마포구,NO_MATCH,EXACT_PARCEL,114401140004490000,"서울 마포구 창전동 449"
cx_4b8d015c92050f6c,"newsk아파트",양천구,NO_MATCH,EXACT_JIBUN_ADDRESS,114701030000450001,"서울 양천구 신월동 45-1"
cx_4b94fb34384893d2,"아이파크빌",서초구,NO_MATCH,EXACT_JIBUN_ADDRESS,116501080014770001,"서울 서초구 서초동 1477-1"
cx_4b9e83cb2dfba9e1,"청담자이",강남구,NO_MATCH,EXACT_JIBUN_ADDRESS,116801040001340038,"서울 강남구 청담동 134-38"
cx_4ba46b4bf00740fa,"파라타워",서대문구,NO_MATCH,EXACT_JIBUN_ADDRESS,114101120000900070,"서울 서대문구 대현동 90-70"
cx_4ba8668c2ce8a8bc,"수유현대",강북구,NO_MATCH,EXACT_PARCEL,113051030007290000,"서울 강북구 수유동 729"
cx_4bad3e4144b36959,"홍릉동부",동대문구,NO_MATCH,EXACT_PARCEL,112301070002120000,"서울 동대문구 청량리동 212"
cx_4bbaa401b3b40fd7,"보광",구로구,NO_MATCH,EXACT_PARCEL,115301020004400000,"서울 구로구 구로동 440"
cx_4bbb9502409f027b,"이랜드타운아파트",은평구,NO_MATCH,EXACT_PARCEL,113801090003670000,"서울 은평구 신사동 367"
cx_4bc1e910a3aef317,"동성네스트빌",중랑구,NO_MATCH,EXACT_JIBUN_ADDRESS,112601010001810030,"서울 중랑구 면목동 181-30"
cx_4bd01569b84cac7f,"신길센트럴자이아파트",영등포구,NO_MATCH,EXACT_PARCEL,115601320049640000,"서울 영등포구 신길동 4964"
cx_4bd049fb98d26bf4,"까치마을",양천구,NO_MATCH,EXACT_JIBUN_ADDRESS,114701010007390017,"서울 양천구 신정동 739-17"
cx_4bd8173e72df99a1,"답십리대우(임대)",동대문구,NO_MATCH,NO_MATCH,112301050001110001,"서울 동대문구 답십리동 111-1"
cx_4be0d28a79f39a9c,"반트",마포구,NO_MATCH,EXACT_JIBUN_ADDRESS,114401250002490012,"서울 마포구 성산동 249-12"
cx_4be2a27aa7c53636,"당산계룡리슈빌1단지",영등포구,NO_MATCH,EXACT_PARCEL,115601130005640000,"서울 영등포구 당산동3가 564"
cx_4be33a0c8448e232,"요진보네르",강남구,NO_MATCH,EXACT_JIBUN_ADDRESS,116801080000460003,"서울 강남구 논현동 46-3"
cx_4be7bf2fe9f2c90b,"프라임",강남구,NO_MATCH,EXACT_JIBUN_ADDRESS,116801080000800013,"서울 강남구 논현동 80-13"
cx_4bee46e8ba92e1ae,"서울숲리버뷰자이",성동구,NO_MATCH,MULTI_RECORD_SAME_PARCEL,112001070003800000,"서울 성동구 행당동 380"
cx_4bf7890ad1354e0f,"대성아파트",강남구,NO_MATCH,EXACT_JIBUN_ADDRESS,116801070005400002,"서울 강남구 신사동 540-2"
cx_4bf7afa087739859,"엠그린",강서구,NO_MATCH,EXACT_JIBUN_ADDRESS,115001010002410024,"서울 강서구 염창동 241-24"
cx_4bfdbe11105e9ab5,"신부파스카(563)",동대문구,NO_MATCH,EXACT_PARCEL,112301060005630000,"서울 동대문구 장안동 563"
cx_4c04f2d9bdb60d71,"상암월드컵파크11단지",마포구,NO_MATCH,EXACT_PARCEL,114401270017410000,"서울 마포구 상암동 1741"
cx_4c0b34e858e1471f,"이대경우타운",서대문구,NO_MATCH,EXACT_JIBUN_ADDRESS,114101120000900020,"서울 서대문구 대현동 90-20"
cx_4c0ed5d43033306c,"한솔리베르",광진구,NO_MATCH,MULTI_RECORD_SAME_PARCEL,112151050006720000,"서울 광진구 자양동 672"
cx_4c104df2079b5f61,"광남캐스빌1(512-4)",서대문구,NO_MATCH,EXACT_JIBUN_ADDRESS,114101160005120004,"서울 서대문구 창천동 512-4"
cx_4c2011c04a45170a,"장수마을2단지동원데쟈뷰",양천구,NO_MATCH,EXACT_PARCEL,114701030010490000,"서울 양천구 신월동 1049"
cx_4c2da7d1af434e1f,"청솔파인힐(736-0)",강서구,NO_MATCH,EXACT_PARCEL,115001060007360000,"서울 강서구 내발산동 736"
cx_4c394a1abdb1f17b,"동양엔파트2차",중랑구,NO_MATCH,EXACT_PARCEL,112601030004540000,"서울 중랑구 중화동 454"
cx_4c3b0990f2dc92bc,"조이팰리스(90-23)",은평구,NO_MATCH,EXACT_JIBUN_ADDRESS,113801070000900023,"서울 은평구 응암동 90-23"
cx_4c3dd9a16740d9ea,"청호",동작구,NO_MATCH,EXACT_PARCEL,115901050003270000,"서울 동작구 흑석동 327"
cx_4c409cf4a8fc33b1,"헤르만스테이트",중랑구,NO_MATCH,EXACT_JIBUN_ADDRESS,112601040001620017,"서울 중랑구 묵동 162-17"
cx_4c46d9d9584db58c,"오목교벽산블루밍",영등포구,NO_MATCH,EXACT_JIBUN_ADDRESS,115601260000390001,"서울 영등포구 양평동2가 39-1"
cx_4c486bbf810b736c,"다강리버빌",광진구,NO_MATCH,EXACT_PARCEL,112151040001370000,"서울 광진구 광장동 137"
cx_4c4dcb3f7b3800cf,"(745-15)",구로구,NO_MATCH,EXACT_JIBUN_ADDRESS,115301020007450015,"서울 구로구 구로동 745-15"
cx_4c4ffc74be4003d1,"롯데캐슬파크(38)",서초구,NO_MATCH,EXACT_JIBUN_ADDRESS,116501010008880038,"서울 서초구 방배동 888-38"
cx_4c63d9a100973c60,"잠실엘스",송파구,NO_MATCH,EXACT_PARCEL,117101010000190000,"서울 송파구 잠실동 19"
cx_4c6e90d436020273,"금호타운",강서구,NO_MATCH,EXACT_JIBUN_ADDRESS,115001010002400032,"서울 강서구 염창동 240-32"
cx_4c76e35af209dfe5,"후암",용산구,NO_MATCH,EXACT_JIBUN_ADDRESS,111701010002440106,"서울 용산구 후암동 244-106"
cx_4c84dd9a6d80f90a,"(60-1)",종로구,NO_MATCH,EXACT_JIBUN_ADDRESS,111101660000600001,"서울 종로구 연건동 60-1"
cx_4c8894cba12dfc0d,"dh팰리스",강서구,NO_MATCH,EXACT_JIBUN_ADDRESS,115001010002630007,"서울 강서구 염창동 263-7"
cx_4ca4c1ce28ff6309,"원미",강서구,NO_MATCH,EXACT_JIBUN_ADDRESS,115001090006140011,"서울 강서구 방화동 614-11"
cx_4ca5fdb7ba36ac53,"새티스(402-10)",서초구,NO_MATCH,EXACT_JIBUN_ADDRESS,116501020004020010,"서울 서초구 양재동 402-10"
cx_4cab4971b77038a6,"청광",중랑구,NO_MATCH,EXACT_PARCEL,112601050005750000,"서울 중랑구 망우동 575"
cx_4cacee4cca5bc3fc,"성영foru",강남구,NO_MATCH,EXACT_JIBUN_ADDRESS,116801010006810046,"서울 강남구 역삼동 681-46"
cx_4cb86e20b1fdc32f,"시범",용산구,NO_MATCH,EXACT_JIBUN_ADDRESS,111701310000010349,"서울 용산구 한남동 1-349"
cx_4cc0b33b9b7f47c1,"신림현대",관악구,NO_MATCH,EXACT_PARCEL,116201020016940000,"서울 관악구 신림동 1694"
cx_4cccba58fe4ffd49,"우성2",광진구,NO_MATCH,EXACT_JIBUN_ADDRESS,112151050005200002,"서울 광진구 자양동 520-2"
cx_4cd049165943c924,"신동아빌라트",강남구,NO_MATCH,EXACT_JIBUN_ADDRESS,116801040001410006,"서울 강남구 청담동 141-6"
cx_4cd2136f10749a4d,"상지리츠빌4차(843-13)",서초구,NO_MATCH,EXACT_JIBUN_ADDRESS,116501010008430013,"서울 서초구 방배동 843-13"
cx_4cd25223c84bb3f1,"공감대2차(375-7)",동대문구,NO_MATCH,EXACT_JIBUN_ADDRESS,112301060003750007,"서울 동대문구 장안동 375-7"
cx_4cd3c6ed289ee3fb,"주영파크뷰",중랑구,NO_MATCH,EXACT_JIBUN_ADDRESS,112601050001840016,"서울 중랑구 망우동 184-16"
cx_4cdc2e8feead5b5f,"대우멤버스카운티301",강남구,NO_MATCH,EXACT_JIBUN_ADDRESS,116801050000330024,"서울 강남구 삼성동 33-24"
cx_4cf16b722d04cb09,"세윤외인빌리지",서대문구,NO_MATCH,EXACT_JIBUN_ADDRESS,114101180002650366,"서울 서대문구 홍은동 265-366"
cx_4cf960e8a2dae73e,"에스-탑",송파구,NO_MATCH,EXACT_JIBUN_ADDRESS,117101040001180002,"서울 송파구 송파동 118-2"
cx_4cfc221874a192b0,"필그린빌라",서초구,NO_MATCH,EXACT_JIBUN_ADDRESS,116501010008460005,"서울 서초구 방배동 846-5"
cx_4cfd3a7c34fe1beb,"신림더루나",관악구,NO_MATCH,EXACT_JIBUN_ADDRESS,116201020014330029,"서울 관악구 신림동 1433-29"
cx_4cfd8da9eaded125,"대림상가",중구,NO_MATCH,EXACT_JIBUN_ADDRESS,111401570002070002,"서울 중구 산림동 207-2"
cx_4d06c0cbdd81db8c,"(1-102)",종로구,NO_MATCH,EXACT_JIBUN_ADDRESS,111101730000010102,"서울 종로구 명륜3가 1-102"
cx_4d09a0097ca053ff,"동성네스트빌2",동대문구,NO_MATCH,EXACT_JIBUN_ADDRESS,112301030002740021,"서울 동대문구 제기동 274-21"
cx_4d115804710a56fd,"방배승원아트빌",서초구,NO_MATCH,EXACT_JIBUN_ADDRESS,116501010009700013,"서울 서초구 방배동 970-13"
cx_4d146c72b7f671bb,"진양상가",중구,NO_MATCH,EXACT_JIBUN_ADDRESS,111401320001200003,"서울 중구 충무로4가 120-3"
cx_4d1e409556c856db,"반포파크빌",서초구,NO_MATCH,EXACT_JIBUN_ADDRESS,116501070000030003,"서울 서초구 반포동 3-3"
cx_4d1fd5cf2768aa65,"프리마빌",강남구,NO_MATCH,EXACT_JIBUN_ADDRESS,116801010007270011,"서울 강남구 역삼동 727-11"
cx_4d2102d24e2c242c,"한양팰리스",강남구,NO_MATCH,EXACT_JIBUN_ADDRESS,116801060009410013,"서울 강남구 대치동 941-13"
cx_4d233ac06fb8c9c9,"보경",양천구,NO_MATCH,EXACT_JIBUN_ADDRESS,114701020007290004,"서울 양천구 목동 729-4"
cx_4d6640dcaeae688d,"(741-7)",구로구,NO_MATCH,EXACT_JIBUN_ADDRESS,115301020007410007,"서울 구로구 구로동 741-7"
cx_4d682e6745487392,"서초두산위브2",서초구,NO_MATCH,EXACT_JIBUN_ADDRESS,116501080015070038,"서울 서초구 서초동 1507-38"
cx_4d6f2a44369e9064,"한일써너스빌리젠시2단지",중랑구,NO_MATCH,EXACT_PARCEL,112601050004950000,"서울 중랑구 망우동 495"
cx_4d70cd91e8b23859,"자선메르시안(119-15)",은평구,NO_MATCH,EXACT_JIBUN_ADDRESS,113801070001190015,"서울 은평구 응암동 119-15"
cx_4d73513741f1a2ae,"한아름",은평구,NO_MATCH,EXACT_JIBUN_ADDRESS,113801040002410009,"서울 은평구 갈현동 241-9"
cx_4d794a2ed073e434,"광남캐스빌c",마포구,NO_MATCH,EXACT_JIBUN_ADDRESS,114401230004650033,"서울 마포구 망원동 465-33"
cx_4d80d944dab15541,"돈암현대아파트",성북구,NO_MATCH,EXACT_PARCEL,112901030000010000,"서울 성북구 돈암동 1"
cx_4d85773ebdb5b597,"에스탑(20-10)",송파구,NO_MATCH,EXACT_JIBUN_ADDRESS,117101040000200010,"서울 송파구 송파동 20-10"
cx_4da2bdfeaffc3602,"다원그린빌",구로구,NO_MATCH,EXACT_JIBUN_ADDRESS,115301020006850154,"서울 구로구 구로동 685-154"
cx_4da4a1a5ba3c6f30,"성원상떼빌",노원구,NO_MATCH,EXACT_PARCEL,113501050012830000,"서울 노원구 상계동 1283"
cx_4da61f53e4cd7e03,"목동삼성쉐르빌ⅱ",양천구,NO_MATCH,EXACT_JIBUN_ADDRESS,114701010003180012,"서울 양천구 신정동 318-12"
cx_4da6ba8f1c786119,"동부센트레빌",영등포구,NO_MATCH,EXACT_PARCEL,115601130005610000,"서울 영등포구 당산동3가 561"
cx_4dc09cc9cae90036,"제일(805-14)",구로구,NO_MATCH,EXACT_JIBUN_ADDRESS,115301020008050014,"서울 구로구 구로동 805-14"
cx_4dd5f54559c1a50d,"도곡스타클래스",강남구,NO_MATCH,EXACT_JIBUN_ADDRESS,116801180009570011,"서울 강남구 도곡동 957-11"
cx_4dd9d64807776b91,"강남자곡아이파크",강남구,NO_MATCH,EXACT_PARCEL,116801120006020000,"서울 강남구 자곡동 602"
cx_4ddd5a59761f6d41,"(746-14)",구로구,NO_MATCH,EXACT_JIBUN_ADDRESS,115301020007460014,"서울 구로구 구로동 746-14"
cx_4dddcd49c98737c6,"호반써밋서초파크뷰(토지임대부아파트)",서초구,NO_MATCH,EXACT_PARCEL,116501030007890000,"서울 서초구 우면동 789"
cx_4de1c92607543626,"에스엠케이아파트",강서구,NO_MATCH,EXACT_JIBUN_ADDRESS,115001030009380023,"서울 강서구 화곡동 938-23"
cx_4de3367411851ef8,"한신잠실코아",송파구,NO_MATCH,EXACT_JIBUN_ADDRESS,117101020000110009,"서울 송파구 신천동 11-9"
cx_4de52678169a5f7a,"개성하이뷰",은평구,NO_MATCH,EXACT_JIBUN_ADDRESS,113801090000070011,"서울 은평구 신사동 7-11"
cx_4df02fab4930bb96,"청솔샤르망1004동",강서구,NO_MATCH,EXACT_JIBUN_ADDRESS,115001060006710013,"서울 강서구 내발산동 671-13"
cx_4df3341812a3dd4d,"한남힐스테이트",용산구,NO_MATCH,EXACT_PARCEL,111701310008070000,"서울 용산구 한남동 807"
cx_4e0a2946d8721434,"우정에쉐르(101동)",강동구,NO_MATCH,EXACT_JIBUN_ADDRESS,117401090001630034,"서울 강동구 천호동 163-34"
cx_4e0f832130640501,"우광아파트",송파구,NO_MATCH,EXACT_JIBUN_ADDRESS,117101110001790001,"서울 송파구 방이동 179-1"
cx_4e1f6fb3d45b79ae,"광남캐스빌3차",광진구,NO_MATCH,EXACT_JIBUN_ADDRESS,112151010006460010,"서울 광진구 중곡동 646-10"
cx_4e2084908e706344,"사당해그린",동작구,NO_MATCH,EXACT_PARCEL,115901070011450000,"서울 동작구 사당동 1145"
cx_4e28b67b7bc490d8,"잠실더샵스타파크",송파구,NO_MATCH,EXACT_JIBUN_ADDRESS,117101020000070014,"서울 송파구 신천동 7-14"
cx_4e2c46cae68e5424,"재선주택",구로구,NO_MATCH,EXACT_JIBUN_ADDRESS,115301020008070017,"서울 구로구 구로동 807-17"
cx_4e2ec7d321d40ad7,"대명벨리온",강남구,NO_MATCH,EXACT_JIBUN_ADDRESS,116801010007270002,"서울 강남구 역삼동 727-2"
cx_4e308e8b1f45c47f,"현대5차(71,72동)",강남구,NO_MATCH,EXACT_PARCEL,116801100004550000,"서울 강남구 압구정동 455"
cx_4e30cd8da2934ec8,"디딤빌아파트",은평구,NO_MATCH,EXACT_JIBUN_ADDRESS,113801080000500024,"서울 은평구 역촌동 50-24"
cx_4e4933033cd55610,"더샵파크솔레이유",강동구,NO_MATCH,EXACT_PARCEL,117401060006540000,"서울 강동구 둔촌동 654"
cx_4e5539dade5b7357,"서초동롯데캐슬리버티",서초구,NO_MATCH,EXACT_JIBUN_ADDRESS,116501080016200020,"서울 서초구 서초동 1620-20"
cx_4e57a4f2e384805b,"래미안블레스티지",강남구,NO_MATCH,EXACT_PARCEL,116801030012800000,"서울 강남구 개포동 1280"
cx_4e60d0f1c075b8bb,"두원a동",양천구,NO_MATCH,EXACT_JIBUN_ADDRESS,114701030004850002,"서울 양천구 신월동 485-2"
cx_4e6a8203dee84b1f,"탑건진선미",강서구,NO_MATCH,EXACT_PARCEL,115001030011550000,"서울 강서구 화곡동 1155"
cx_4e6b8b7b75a90338,"airpalace(619-7)",강서구,NO_MATCH,EXACT_JIBUN_ADDRESS,115001090006190007,"서울 강서구 방화동 619-7"
cx_4e6e5fdf448c7247,"청성넥스빌",양천구,NO_MATCH,EXACT_PARCEL,114701030010350000,"서울 양천구 신월동 1035"
cx_4e713e3d8786e379,"상암월드컵파크9단지",마포구,NO_MATCH,EXACT_PARCEL,114401270017520000,"서울 마포구 상암동 1752"
cx_4e7f46a658f6070b,"파크뷰진도맨션",강동구,NO_MATCH,EXACT_JIBUN_ADDRESS,117401080004520002,"서울 강동구 성내동 452-2"
cx_4e80727a24182590,"청담건영",강남구,NO_MATCH,EXACT_PARCEL,116801040001080000,"서울 강남구 청담동 108"
cx_4e8b700aa511a321,"대광아파트",금천구,NO_MATCH,EXACT_JIBUN_ADDRESS,115451020009900003,"서울 금천구 독산동 990-3"
cx_4ea28e64d3720b7b,"수유역두산위브1",강북구,NO_MATCH,MULTI_RECORD_SAME_PARCEL,113051020004100000,"서울 강북구 번동 410"
cx_4ea44b81076dfb3f,"이태원(이테크빌)",용산구,NO_MATCH,EXACT_PARCEL,111701300007300000,"서울 용산구 이태원동 730"
cx_4ea7a5998f9bd7d2,"목동휘버스",양천구,NO_MATCH,EXACT_JIBUN_ADDRESS,114701010009950003,"서울 양천구 신정동 995-3"
cx_4eaef75d231b9826,"롯데캐슬리베",강남구,NO_MATCH,EXACT_PARCEL,116801060010250000,"서울 강남구 대치동 1025"
cx_4eb244b2ea42b60a,"방배포레스트",서초구,NO_MATCH,EXACT_JIBUN_ADDRESS,116501010008460004,"서울 서초구 방배동 846-4"
cx_4eb3bcd066b8df87,"돈암동해피트리",성북구,NO_MATCH,EXACT_PARCEL,112901030006420000,"서울 성북구 돈암동 642"
cx_4eb6fe90056c9939,"동아3",구로구,NO_MATCH,EXACT_PARCEL,115301010006450000,"서울 구로구 신도림동 645"
cx_4eb7e2d757015204,"대림",양천구,NO_MATCH,EXACT_PARCEL,114701010003330000,"서울 양천구 신정동 333"
cx_4ed798a29d829e9b,"성산2차e-편한세상",마포구,NO_MATCH,EXACT_PARCEL,114401250006040000,"서울 마포구 성산동 604"
cx_4ede6addb9aecad0,"상지리츠빌3차",서초구,NO_MATCH,EXACT_JIBUN_ADDRESS,116501010008430015,"서울 서초구 방배동 843-15"
cx_4ee9bc9c211c72ff,"롯데캐슬피렌체",동대문구,NO_MATCH,EXACT_PARCEL,112301020007900000,"서울 동대문구 용두동 790"
cx_4ef9cee673d5f30a,"삼우하이뷰",마포구,NO_MATCH,EXACT_JIBUN_ADDRESS,114401230003810009,"서울 마포구 망원동 381-9"
cx_4efba439d6d40079,"그린힐",동작구,NO_MATCH,EXACT_JIBUN_ADDRESS,115901080003810035,"서울 동작구 대방동 381-35"
cx_4efbec5a7b51807c,"카나피아",송파구,NO_MATCH,EXACT_JIBUN_ADDRESS,117101070000460003,"서울 송파구 가락동 46-3"
cx_4efdd1353485a8ab,"대광",은평구,NO_MATCH,EXACT_JIBUN_ADDRESS,113801090000210008,"서울 은평구 신사동 21-8"
cx_4efe56bc780557ba,"백련산힐스테이트4차",은평구,NO_MATCH,EXACT_PARCEL,113801070007640000,"서울 은평구 응암동 764"
cx_4f148cbd1fddaf9d,"별장",중구,NO_MATCH,EXACT_JIBUN_ADDRESS,111401210001470020,"서울 중구 회현동1가 147-20"
cx_4f18ddedbeea4460,"금강아미움(105동)",관악구,NO_MATCH,EXACT_JIBUN_ADDRESS,116201010015220032,"서울 관악구 봉천동 1522-32"
cx_4f1e216ffe8082cb,"상암월드컵파크6단지",마포구,NO_MATCH,EXACT_PARCEL,114401270016890000,"서울 마포구 상암동 1689"
cx_4f22809703eafac0,"면목한신",중랑구,NO_MATCH,EXACT_JIBUN_ADDRESS,112601010001930001,"서울 중랑구 면목동 193-1"
cx_4f26d47fce6a88c8,"세양청마루",노원구,NO_MATCH,EXACT_PARCEL,113501020009430000,"서울 노원구 월계동 943"
cx_4f2a67deb68e0fa4,"그랜드밸리아파트",강동구,NO_MATCH,EXACT_JIBUN_ADDRESS,117401090000340001,"서울 강동구 천호동 34-1"
cx_4f336e6bd75c1915,"래디앙아파트",관악구,NO_MATCH,EXACT_JIBUN_ADDRESS,116201020002440021,"서울 관악구 신림동 244-21"
cx_4f339e4365b53d92,"에테르노청담",강남구,NO_MATCH,EXACT_JIBUN_ADDRESS,116801040001060007,"서울 강남구 청담동 106-7"
cx_4f33ed845e270245,"북한산노블리스빌",강북구,NO_MATCH,EXACT_JIBUN_ADDRESS,113051040000840008,"서울 강북구 우이동 84-8"
cx_4f40a852bbeeb091,"롯데캐슬위너",양천구,NO_MATCH,EXACT_PARCEL,114701020009560000,"서울 양천구 목동 956"
cx_4f42461e237ca66f,"우성에비뉴",성동구,NO_MATCH,EXACT_PARCEL,112001050008350000,"서울 성동구 마장동 835"
cx_4f426a870855aea7,"삼도",양천구,NO_MATCH,EXACT_JIBUN_ADDRESS,114701020003150003,"서울 양천구 목동 315-3"
cx_4f49c7e2aaad7e98,"신구하이텍빌리지",서초구,NO_MATCH,EXACT_JIBUN_ADDRESS,116501010008650024,"서울 서초구 방배동 865-24"
cx_4f4a35512d8e5528,"경남102동",서대문구,NO_MATCH,EXACT_PARCEL,114101100010100000,"서울 서대문구 북아현동 1010"
cx_4f544e6e3611d47b,"해링턴플레이스안암",성북구,NO_MATCH,EXACT_PARCEL,112901230001380000,"서울 성북구 안암동3가 138"
cx_4f5f647cc220f0aa,"성우",관악구,NO_MATCH,EXACT_JIBUN_ADDRESS,116201020000100622,"서울 관악구 신림동 10-622"
cx_4f89abd7bc3d9565,"주상복합두산",금천구,NO_MATCH,EXACT_PARCEL,115451010007720000,"서울 금천구 가산동 772"
cx_4f91c19ca877f800,"중앙궁전빌라트",동작구,NO_MATCH,EXACT_JIBUN_ADDRESS,115901050001910008,"서울 동작구 흑석동 191-8"
cx_4f97471223bfbcb0,"고척lig리가1차",구로구,NO_MATCH,MULTI_RECORD_SAME_PARCEL,115301060003400000,"서울 구로구 고척동 340"
cx_4fa8a9ac1866e32d,"랑쉐빌",서초구,NO_MATCH,EXACT_JIBUN_ADDRESS,116501070001030003,"서울 서초구 반포동 103-3"
cx_4fb55679034690d7,"중흥",양천구,NO_MATCH,EXACT_JIBUN_ADDRESS,114701030004520014,"서울 양천구 신월동 452-14"
cx_4fb8a7f3f03fc43b,"중명하니빌",강남구,NO_MATCH,EXACT_PARCEL,116801180009650000,"서울 강남구 도곡동 965"
cx_4fc6a778217415af,"다우림",송파구,NO_MATCH,EXACT_JIBUN_ADDRESS,117101140000300002,"서울 송파구 마천동 30-2"
cx_4fcca4c150e46205,"무지개",금천구,NO_MATCH,EXACT_JIBUN_ADDRESS,115451030001090001,"서울 금천구 시흥동 109-1"
cx_4fd7b328f7f65db4,"갤러리아트",강남구,NO_MATCH,EXACT_JIBUN_ADDRESS,116801010007830028,"서울 강남구 역삼동 783-28"
cx_4fda32ac096902e9,"동은4차",금천구,NO_MATCH,EXACT_JIBUN_ADDRESS,115451020008830010,"서울 금천구 독산동 883-10"
cx_4fe5a16a0d7129cd,"정익제이원5차",은평구,NO_MATCH,EXACT_JIBUN_ADDRESS,113801030004860014,"서울 은평구 불광동 486-14"
cx_4fea3862fd291b90,"신동아파밀리에",동작구,NO_MATCH,EXACT_PARCEL,115901090007170000,"서울 동작구 신대방동 717"
cx_4ff814f4ba998759,"폴라씨엘로",서초구,NO_MATCH,EXACT_JIBUN_ADDRESS,116501010008400004,"서울 서초구 방배동 840-4"
cx_4ffda47da0de7668,"래미안옥수리버젠",성동구,NO_MATCH,EXACT_PARCEL,112001130005610000,"서울 성동구 옥수동 561"
cx_5000f6f9e446a916,"(718-18)삼성빌라트",구로구,NO_MATCH,EXACT_JIBUN_ADDRESS,115301020007180018,"서울 구로구 구로동 718-18"
cx_5007e4863c08d98f,"대동황토방2",강서구,NO_MATCH,EXACT_PARCEL,115001020007130000,"서울 강서구 등촌동 713"
cx_5008159e06661eca,"서희스타힐스",마포구,NO_MATCH,EXACT_JIBUN_ADDRESS,114401080000120041,"서울 마포구 대흥동 12-41"
cx_500966d9278b799c,"센터스퀘어발산",강서구,NO_MATCH,EXACT_PARCEL,115001060007670000,"서울 강서구 내발산동 767"
cx_500e30d942dd487f,"한승",송파구,NO_MATCH,MULTI_RECORD_SAME_PARCEL,117101110001680000,"서울 송파구 방이동 168"
cx_5012e3797d34a25d,"웰라이빌",강서구,NO_MATCH,EXACT_JIBUN_ADDRESS,115001030009270001,"서울 강서구 화곡동 927-1"
cx_5015722702463a90,"마포한강제이스카이",마포구,NO_MATCH,EXACT_PARCEL,114401230005220000,"서울 마포구 망원동 522"
cx_5023f68fbe17e142,"더샵서초",서초구,NO_MATCH,EXACT_JIBUN_ADDRESS,116501080014450014,"서울 서초구 서초동 1445-14"
cx_5024974243fc35f9,"신림푸르지오",관악구,NO_MATCH,EXACT_PARCEL,116201020017300000,"서울 관악구 신림동 1730"
cx_503c044540d3e3e5,"신성리더스카운티",서초구,NO_MATCH,EXACT_JIBUN_ADDRESS,116501070000500008,"서울 서초구 반포동 50-8"
cx_503c85b4175989b3,"신원지벤스타4",서대문구,NO_MATCH,EXACT_JIBUN_ADDRESS,114101180003930001,"서울 서대문구 홍은동 393-1"
cx_503d821808d6485b,"상림마을6단지푸르지오(606~614동)bl1-7",은평구,NO_MATCH,EXACT_PARCEL,113801140000020000,"서울 은평구 진관동 2"
cx_503dcbee036b8777,"우성",중랑구,NO_MATCH,EXACT_JIBUN_ADDRESS,112601040002450064,"서울 중랑구 묵동 245-64"
cx_5048a405a809e673,"은성",송파구,NO_MATCH,EXACT_JIBUN_ADDRESS,117101050002270011,"서울 송파구 석촌동 227-11"
cx_5055a1ee33f40f57,"명수대",동작구,NO_MATCH,EXACT_JIBUN_ADDRESS,115901050000970002,"서울 동작구 흑석동 97-2"
cx_50576ed64b4651f2,"광산로얄",영등포구,NO_MATCH,EXACT_JIBUN_ADDRESS,115601320001660045,"서울 영등포구 신길동 166-45"
cx_505f18b2be0adc7c,"신신(1차)",중구,NO_MATCH,EXACT_JIBUN_ADDRESS,111401620004321972,"서울 중구 신당동 432-1972"
cx_506daa17a2d56151,"메트로iv",송파구,NO_MATCH,EXACT_JIBUN_ADDRESS,117101080000890006,"서울 송파구 문정동 89-6"
cx_5075185bf0b8301d,"우림루미아트",관악구,NO_MATCH,EXACT_PARCEL,116201030011350000,"서울 관악구 남현동 1135"
cx_50799784b2a20af4,"성원팰리스",중랑구,NO_MATCH,EXACT_JIBUN_ADDRESS,112601040002390180,"서울 중랑구 묵동 239-180"
cx_508618be00ad9f48,"남서울건영2",금천구,NO_MATCH,EXACT_JIBUN_ADDRESS,115451030003840012,"서울 금천구 시흥동 384-12"
cx_5088d49daaaa5497,"다원",용산구,NO_MATCH,EXACT_JIBUN_ADDRESS,111701300002540010,"서울 용산구 이태원동 254-10"
cx_50926ecafdaac45e,"삼성동중앙하이츠빌리지",강남구,NO_MATCH,EXACT_JIBUN_ADDRESS,116801050000140001,"서울 강남구 삼성동 14-1"
cx_509414d2a79a23cd,"문정대우푸르지오1차",송파구,NO_MATCH,EXACT_PARCEL,117101080000180000,"서울 송파구 문정동 18"
cx_50b0f47e5a1060f2,"팔라디오",서초구,NO_MATCH,MULTI_RECORD_SAME_PARCEL,116501070005510000,"서울 서초구 반포동 551"
cx_50b4e5881bb4a08b,"동아그린",성동구,NO_MATCH,EXACT_PARCEL,112001140007080000,"서울 성동구 성수동1가 708"
cx_50b8297cd24dc485,"삼진",강동구,NO_MATCH,EXACT_JIBUN_ADDRESS,117401080004330012,"서울 강동구 성내동 433-12"
cx_50b8c5566fe8cd5f,"신반포13",서초구,NO_MATCH,NO_MATCH,116501060000520002,"서울 서초구 잠원동 52-2"
cx_50c6b5f8583d92a7,"여의도자이",영등포구,NO_MATCH,EXACT_PARCEL,115601100000470000,"서울 영등포구 여의도동 47"
cx_50c921dca0ed1786,"신내아트빌",중랑구,NO_MATCH,EXACT_JIBUN_ADDRESS,112601060004500001,"서울 중랑구 신내동 450-1"
cx_50d7fddea521b6cf,"라인성서",마포구,NO_MATCH,EXACT_JIBUN_ADDRESS,114401250000250001,"서울 마포구 성산동 25-1"
cx_50ed216fec71ceb9,"세림아파트(43-71)",동작구,NO_MATCH,EXACT_JIBUN_ADDRESS,115901070000430071,"서울 동작구 사당동 43-71"
cx_50f0bbc293f4b68d,"각산",금천구,NO_MATCH,EXACT_JIBUN_ADDRESS,115451020010930005,"서울 금천구 독산동 1093-5"
cx_50f1917baa4ed611,"강변래미안",영등포구,NO_MATCH,EXACT_PARCEL,115601170003760000,"서울 영등포구 당산동 376"
cx_50f530cb4a1898bc,"산내들",강서구,NO_MATCH,EXACT_JIBUN_ADDRESS,115001030008940001,"서울 강서구 화곡동 894-1"
cx_510710fbdddcbc17,"(717-21)경원주택2동",구로구,NO_MATCH,EXACT_JIBUN_ADDRESS,115301020007170021,"서울 구로구 구로동 717-21"
cx_5111ffae8f43a30d,"해태골든팰리스",강서구,NO_MATCH,EXACT_JIBUN_ADDRESS,115001020005100007,"서울 강서구 등촌동 510-7"
cx_51150ccbabcec2d4,"골든노블레스",동작구,NO_MATCH,EXACT_JIBUN_ADDRESS,115901080004030016,"서울 동작구 대방동 403-16"
cx_5119b325b4d52297,"강변타운",마포구,NO_MATCH,EXACT_PARCEL,114401230004900000,"서울 마포구 망원동 490"
cx_511b1713d4aa6f28,"성내3차e-편한세상",강동구,NO_MATCH,EXACT_PARCEL,117401080006000000,"서울 강동구 성내동 600"
cx_512f2ffd6402e96f,"한신아파트",금천구,NO_MATCH,EXACT_JIBUN_ADDRESS,115451020010930004,"서울 금천구 독산동 1093-4"
cx_51309155e735f24e,"엘지(214-70)",마포구,NO_MATCH,EXACT_JIBUN_ADDRESS,114401250002140070,"서울 마포구 성산동 214-70"
cx_513ef73cfce382b6,"800-30",구로구,NO_MATCH,EXACT_JIBUN_ADDRESS,115301020008000030,"서울 구로구 구로동 800-30"
cx_5149da4288c323c3,"조이너스도곡",강남구,NO_MATCH,EXACT_JIBUN_ADDRESS,116801180009500019,"서울 강남구 도곡동 950-19"
cx_515111d8245a388c,"에이스인헌",관악구,NO_MATCH,EXACT_JIBUN_ADDRESS,116201010001960215,"서울 관악구 봉천동 196-215"
cx_51551557231b245f,"래미안서초7차",서초구,NO_MATCH,EXACT_JIBUN_ADDRESS,116501080016420034,"서울 서초구 서초동 1642-34"
cx_515562ef7c998f1b,"(740-58)",구로구,NO_MATCH,EXACT_JIBUN_ADDRESS,115301020007400058,"서울 구로구 구로동 740-58"
cx_51620e753f4d32a1,"더유엘아파트",금천구,NO_MATCH,EXACT_PARCEL,115451030010330000,"서울 금천구 시흥동 1033"
cx_5171c17592e44a29,"동신아파트",노원구,NO_MATCH,EXACT_PARCEL,113501030007450000,"서울 노원구 공릉동 745"
cx_5180b7a44705bc48,"이수교kcc스위첸",동작구,NO_MATCH,EXACT_PARCEL,115901060003320000,"서울 동작구 동작동 332"
cx_51856419c563c707,"백운플러스타워",금천구,NO_MATCH,EXACT_JIBUN_ADDRESS,115451030009920008,"서울 금천구 시흥동 992-8"
cx_518a29dc74804fb9,"강남",관악구,NO_MATCH,EXACT_PARCEL,116201020016440000,"서울 관악구 신림동 1644"
cx_51953a50fcd5e99c,"아키스",강동구,NO_MATCH,EXACT_JIBUN_ADDRESS,117401070004870037,"서울 강동구 암사동 487-37"
cx_519dc48987b0131c,"대호아파트",은평구,NO_MATCH,EXACT_PARCEL,113801030006290000,"서울 은평구 불광동 629"
cx_51a27802758eeeea,"보라매현대",동작구,NO_MATCH,EXACT_JIBUN_ADDRESS,115901090003950065,"서울 동작구 신대방동 395-65"
cx_51a28730351ab2a2,"홍제역해링턴플레이스",서대문구,NO_MATCH,EXACT_PARCEL,114101110004740000,"서울 서대문구 홍제동 474"
cx_51c430ee7dc73545,"롯데캐슬프레미어",강남구,NO_MATCH,EXACT_PARCEL,116801050000110000,"서울 강남구 삼성동 11"
cx_51c45f6df54a58d2,"역삼우성",강남구,NO_MATCH,EXACT_JIBUN_ADDRESS,116801010006330011,"서울 강남구 역삼동 633-11"
cx_51c7e86fd407f49d,"프라임팰리스",은평구,NO_MATCH,EXACT_JIBUN_ADDRESS,113801070001110048,"서울 은평구 응암동 111-48"
cx_51e6f5e838df6178,"이에스에이아파트3",도봉구,NO_MATCH,EXACT_JIBUN_ADDRESS,113201060007160001,"서울 도봉구 방학동 716-1"
cx_51eafcdda2254546,"(780-58)",구로구,NO_MATCH,EXACT_JIBUN_ADDRESS,115301020007800058,"서울 구로구 구로동 780-58"
cx_51f46974d6d681ea,"대우로얄빌라트",서초구,NO_MATCH,EXACT_JIBUN_ADDRESS,116501010010260001,"서울 서초구 방배동 1026-1"
cx_52077ef3a7868731,"금천현대",금천구,NO_MATCH,EXACT_JIBUN_ADDRESS,115451020007110002,"서울 금천구 독산동 711-2"
cx_520bbeeea9ce2548,"마곡수명산파크6단지",강서구,NO_MATCH,EXACT_PARCEL,115001060007590000,"서울 강서구 내발산동 759"
cx_520e12f5bf90669a,"코아루2단지",양천구,NO_MATCH,EXACT_PARCEL,114701030010580000,"서울 양천구 신월동 1058"
cx_520e9e38e5c18c80,"두진한아름",서초구,NO_MATCH,EXACT_JIBUN_ADDRESS,116501080016090006,"서울 서초구 서초동 1609-6"
cx_521a06ab067485f3,"(740-7)",구로구,NO_MATCH,EXACT_JIBUN_ADDRESS,115301020007400007,"서울 구로구 구로동 740-7"
cx_5220ec669e673efa,"나영힐빌리지",서대문구,NO_MATCH,EXACT_JIBUN_ADDRESS,114101180002650364,"서울 서대문구 홍은동 265-364"
cx_5224d1cf5e54e5d8,"서암",마포구,NO_MATCH,EXACT_JIBUN_ADDRESS,114401240002500008,"서울 마포구 연남동 250-8"
cx_522d04c3434cac4c,"세양",광진구,NO_MATCH,EXACT_PARCEL,112151030006580000,"서울 광진구 구의동 658"
cx_522dc87178bcca6b,"삼성아지오아파트",성북구,NO_MATCH,EXACT_JIBUN_ADDRESS,112901030005520009,"서울 성북구 돈암동 552-9"
cx_522f45d91a42ee37,"정은스카이빌101동",동대문구,NO_MATCH,MULTI_RECORD_SAME_PARCEL,112301060003270000,"서울 동대문구 장안동 327"
cx_523b560c17bd3c1c,"태릉우성아파트",노원구,NO_MATCH,EXACT_PARCEL,113501030002540000,"서울 노원구 공릉동 254"
cx_524cd4164a0f35c7,"경남레이크파크",송파구,NO_MATCH,EXACT_JIBUN_ADDRESS,117101040000320001,"서울 송파구 송파동 32-1"
cx_525451ca0a5227b3,"래미안그레이튼",강남구,NO_MATCH,EXACT_JIBUN_ADDRESS,116801010007630016,"서울 강남구 역삼동 763-16"
cx_52567b9d7256edb5,"태천해오름18차",강동구,NO_MATCH,EXACT_JIBUN_ADDRESS,117401050000830002,"서울 강동구 길동 83-2"
cx_525a15c176047548,"금호자이2차",성동구,NO_MATCH,EXACT_PARCEL,112001110007000000,"서울 성동구 금호동3가 700"
cx_526e96adfca4a644,"블루빌",종로구,NO_MATCH,EXACT_PARCEL,111101750002430000,"서울 종로구 숭인동 243"
cx_526fff6b4cdeb54f,"길음뉴타운데시앙",성북구,NO_MATCH,EXACT_PARCEL,112901330010180000,"서울 성북구 정릉동 1018"
cx_527a0240d125e710,"현대7",송파구,NO_MATCH,EXACT_JIBUN_ADDRESS,117101070001710005,"서울 송파구 가락동 171-5"
cx_527fe06356e71eef,"한일",양천구,NO_MATCH,EXACT_JIBUN_ADDRESS,114701020007430021,"서울 양천구 목동 743-21"
cx_5285b837f0757ab1,"신동아아파트5",도봉구,NO_MATCH,EXACT_PARCEL,113201060007380000,"서울 도봉구 방학동 738"
cx_5288ff47e47c9e10,"경희궁의아침3단지",종로구,NO_MATCH,EXACT_PARCEL,111101180000720000,"서울 종로구 내수동 72"
cx_528d16cd51ad2a04,"가양역두산위브",강서구,NO_MATCH,EXACT_PARCEL,115001020007260000,"서울 강서구 등촌동 726"
cx_5294c815c5b4534a,"대우파크빌",도봉구,NO_MATCH,EXACT_PARCEL,113201050001590000,"서울 도봉구 쌍문동 159"
cx_52963128e3607166,"목동그린빌라트",양천구,NO_MATCH,EXACT_JIBUN_ADDRESS,114701010001180019,"서울 양천구 신정동 118-19"
cx_529a3d1ff5be48c1,"경남교수",동작구,NO_MATCH,EXACT_PARCEL,115901090007100000,"서울 동작구 신대방동 710"
cx_529c53da5791dcd1,"(806-15)",구로구,NO_MATCH,EXACT_JIBUN_ADDRESS,115301020008060015,"서울 구로구 구로동 806-15"
cx_529ebe0d1ecaa3e6,"진성",구로구,NO_MATCH,EXACT_JIBUN_ADDRESS,115301060002150005,"서울 구로구 고척동 215-5"
cx_52a111626440a62f,"신촌헤리센트",서대문구,NO_MATCH,EXACT_PARCEL,114101100009980000,"서울 서대문구 북아현동 998"
cx_52a6f1d374e17f48,"흥원",관악구,NO_MATCH,EXACT_JIBUN_ADDRESS,116201020014780037,"서울 관악구 신림동 1478-37"
cx_52a8aec777a45212,"(744-18)",구로구,NO_MATCH,EXACT_JIBUN_ADDRESS,115301020007440018,"서울 구로구 구로동 744-18"
cx_52ae059740a0bc78,"명주캐슬(61-9)",강서구,NO_MATCH,EXACT_JIBUN_ADDRESS,115001030000610009,"서울 강서구 화곡동 61-9"
cx_52b3753fb1f658c3,"상봉베스트원",중랑구,NO_MATCH,EXACT_JIBUN_ADDRESS,112601020001010019,"서울 중랑구 상봉동 101-19"
cx_52c0d3fb3402f4e2,"광장르엣지29",광진구,NO_MATCH,EXACT_JIBUN_ADDRESS,112151040005300001,"서울 광진구 광장동 530-1"
cx_52c494f791e36865,"다성이즈빌(346-12)",강동구,NO_MATCH,EXACT_JIBUN_ADDRESS,117401010003460012,"서울 강동구 명일동 346-12"
cx_52cac1eaf264d07e,"반도유보라",영등포구,NO_MATCH,EXACT_PARCEL,115601150000410000,"서울 영등포구 당산동5가 41"
cx_52de344b533deabc,"스위트빌",서초구,NO_MATCH,EXACT_JIBUN_ADDRESS,116501080015130005,"서울 서초구 서초동 1513-5"
cx_52e37159d7372473,"진도1차",금천구,NO_MATCH,EXACT_PARCEL,115451020010020000,"서울 금천구 독산동 1002"
cx_52e476d0824f386a,"반포현대",서초구,NO_MATCH,NO_MATCH,116501070000300015,"서울 서초구 반포동 30-15"
cx_52e4f3f34dde0235,"베로니스9차",서초구,NO_MATCH,MULTI_RECORD_SAME_PARCEL,116501010007500000,"서울 서초구 방배동 750"
cx_52eed5f438e211d3,"신세계아파트",강서구,NO_MATCH,EXACT_PARCEL,115001090009030000,"서울 강서구 방화동 903"
cx_52f4c6d0ed98b442,"경인에버빌(285-18)",은평구,NO_MATCH,EXACT_JIBUN_ADDRESS,113801030002850018,"서울 은평구 불광동 285-18"
cx_52fe495a96cb2002,"세종그랑시아",양천구,NO_MATCH,EXACT_JIBUN_ADDRESS,114701020007220005,"서울 양천구 목동 722-5"
cx_52ffe16fbb35e21a,"신화아트벨리1차",관악구,NO_MATCH,EXACT_JIBUN_ADDRESS,116201020005870098,"서울 관악구 신림동 587-98"
cx_530ed2e9c0c74e4a,"서울숲한신더휴",성동구,NO_MATCH,EXACT_PARCEL,112001070003490000,"서울 성동구 행당동 349"
cx_53169c39828ee004,"다울103동",영등포구,NO_MATCH,EXACT_JIBUN_ADDRESS,115601320004560014,"서울 영등포구 신길동 456-14"
cx_531d4271073b42cd,"삼선현대힐스테이트",성북구,NO_MATCH,EXACT_PARCEL,112901120004200000,"서울 성북구 삼선동2가 420"
cx_532a8a98c699bc13,"글로리안(b)",중구,NO_MATCH,EXACT_JIBUN_ADDRESS,111401620004320970,"서울 중구 신당동 432-970"
cx_532c54b9c607b304,"림괄",구로구,NO_MATCH,NO_MATCH,115301070001990004,"서울 구로구 개봉동 199-4"
cx_533e1b9079cb3a80,"대동아파트",동작구,NO_MATCH,EXACT_JIBUN_ADDRESS,115901020000070071,"서울 동작구 상도동 7-71"
cx_5343155d764aeb75,"강남더샵포레스트",강남구,NO_MATCH,EXACT_PARCEL,116801150007990000,"서울 강남구 수서동 799"
cx_534f40226d930120,"벨레어카운티",중구,NO_MATCH,EXACT_JIBUN_ADDRESS,111401620004070017,"서울 중구 신당동 407-17"
cx_53574e8da8d2ccc0,"다이너스티힐",서초구,NO_MATCH,EXACT_JIBUN_ADDRESS,116501010000010011,"서울 서초구 방배동 1-11"
cx_53581631cd6be22a,"둔촌푸르지오",강동구,NO_MATCH,EXACT_PARCEL,117401060006300000,"서울 강동구 둔촌동 630"
cx_535ad05165c50c99,"일광",강서구,NO_MATCH,EXACT_JIBUN_ADDRESS,115001030003430033,"서울 강서구 화곡동 343-33"
cx_535de4b411e8b892,"현대향목빌라트",강남구,NO_MATCH,EXACT_JIBUN_ADDRESS,116801180001530002,"서울 강남구 도곡동 153-2"
cx_5368c903cd8080b4,"송파더센트레",송파구,NO_MATCH,EXACT_PARCEL,117101090008790000,"서울 송파구 장지동 879"
cx_536eb9d37952b1c8,"한강아파트",영등포구,NO_MATCH,EXACT_PARCEL,115601140000290000,"서울 영등포구 당산동4가 29"
cx_5370ca5f621afd8c,"신도림lg자이",구로구,NO_MATCH,EXACT_PARCEL,115301020000420000,"서울 구로구 구로동 42"
cx_538956e0613baacc,"다원아파트",서초구,NO_MATCH,EXACT_JIBUN_ADDRESS,116501020003400008,"서울 서초구 양재동 340-8"
cx_5395115dcecebc9f,"함성월드빌3차301동",마포구,NO_MATCH,EXACT_PARCEL,114401230005140000,"서울 마포구 망원동 514"
cx_539633a45b86272a,"역산아이지아",은평구,NO_MATCH,EXACT_JIBUN_ADDRESS,113801070000890012,"서울 은평구 응암동 89-12"
cx_539fc26a7f46da1f,"상지리츠빌",강남구,NO_MATCH,EXACT_JIBUN_ADDRESS,116801030001760001,"서울 강남구 개포동 176-1"
cx_53a034317e5d7a17,"elleville",서대문구,NO_MATCH,EXACT_JIBUN_ADDRESS,114101180002770104,"서울 서대문구 홍은동 277-104"
cx_53a25fc5c1c43c15,"마곡수명산파크7단지",강서구,NO_MATCH,EXACT_PARCEL,115001060007560000,"서울 강서구 내발산동 756"
cx_53a96b3a72c9b9ba,"푸른마을(8차)",성동구,NO_MATCH,EXACT_JIBUN_ADDRESS,112001090001280004,"서울 성동구 금호동1가 128-4"
cx_53ab7b7dcc75ef98,"다성파크뷰",송파구,NO_MATCH,EXACT_JIBUN_ADDRESS,117101120000260003,"서울 송파구 오금동 26-3"
cx_53ad5a0842ce0951,"dh팰리스타워",성북구,NO_MATCH,EXACT_JIBUN_ADDRESS,112901290001390001,"서울 성북구 보문동7가 139-1"
cx_53bc61870f1ebb0f,"금성프라자1",송파구,NO_MATCH,EXACT_JIBUN_ADDRESS,117101070001970012,"서울 송파구 가락동 197-12"
cx_53c06b564dbf9c94,"도곡푸르지오",강남구,NO_MATCH,EXACT_JIBUN_ADDRESS,116801180009490001,"서울 강남구 도곡동 949-1"
cx_53db1232af688ae0,"늘조은",강동구,NO_MATCH,EXACT_JIBUN_ADDRESS,117401080002440008,"서울 강동구 성내동 244-8"
cx_53db3acafbc076bd,"더그레이스",강남구,NO_MATCH,EXACT_JIBUN_ADDRESS,116801080002120020,"서울 강남구 논현동 212-20"
cx_53dc550250d365b5,"영풍마드레빌",강동구,NO_MATCH,EXACT_PARCEL,117401080005930000,"서울 강동구 성내동 593"
cx_53e41e58eac6d107,"리전트가든",서초구,NO_MATCH,EXACT_JIBUN_ADDRESS,116501010000010045,"서울 서초구 방배동 1-45"
cx_53f74b8fc8ee97a5,"그린아파트",송파구,NO_MATCH,EXACT_JIBUN_ADDRESS,117101070000010007,"서울 송파구 가락동 1-7"
cx_5400ac92d43146b5,"로얄팰리스스위트",종로구,NO_MATCH,EXACT_PARCEL,111101240000850000,"서울 종로구 수송동 85"
cx_5403335a92b19401,"강남(488)",동작구,NO_MATCH,EXACT_PARCEL,115901020004880000,"서울 동작구 상도동 488"
cx_540585ca998ef375,"태일",강서구,NO_MATCH,EXACT_JIBUN_ADDRESS,115001060006970012,"서울 강서구 내발산동 697-12"
cx_5408b98df8822270,"프라하임장안1",동대문구,NO_MATCH,EXACT_JIBUN_ADDRESS,112301060004320011,"서울 동대문구 장안동 432-11"
cx_540c98532d4aa395,"(794-13)",구로구,NO_MATCH,EXACT_JIBUN_ADDRESS,115301020007940013,"서울 구로구 구로동 794-13"
cx_540f602be0054c68,"현대2",송파구,NO_MATCH,MULTI_RECORD_SAME_PARCEL,117101080000580000,"서울 송파구 문정동 58"
cx_54316722db6a2b3b,"늘봄",중랑구,NO_MATCH,EXACT_JIBUN_ADDRESS,112601040001680004,"서울 중랑구 묵동 168-4"
cx_543c970f0aecdcb0,"꿈의숲skview",노원구,NO_MATCH,EXACT_PARCEL,113501020009490000,"서울 노원구 월계동 949"
cx_54446974db14d79e,"그레이스홈타운(101동)",광진구,NO_MATCH,EXACT_JIBUN_ADDRESS,112151030002050006,"서울 광진구 구의동 205-6"
cx_544bef9591c05911,"대보",중랑구,NO_MATCH,EXACT_JIBUN_ADDRESS,112601050002360007,"서울 중랑구 망우동 236-7"
cx_545134f206c5ec6f,"반포2차apelbaum",서초구,NO_MATCH,EXACT_JIBUN_ADDRESS,116501070006120002,"서울 서초구 반포동 612-2"
cx_5458fd72f403a445,"이편한세상보문",성북구,NO_MATCH,EXACT_PARCEL,112901320002300000,"서울 성북구 보문동3가 230"
cx_545cbfd74aa27b54,"래미안하이리버",성동구,NO_MATCH,EXACT_PARCEL,112001100012170000,"서울 성동구 금호동2가 1217"
cx_5482c77ea424dca3,"청운아파트",동작구,NO_MATCH,EXACT_JIBUN_ADDRESS,115901020003010226,"서울 동작구 상도동 301-226"
cx_54835bb5433fae41,"센츄럴(438-2)",강동구,NO_MATCH,EXACT_JIBUN_ADDRESS,117401080004380002,"서울 강동구 성내동 438-2"
cx_5486679ba2578652,"힐스테이트남산",중구,NO_MATCH,EXACT_PARCEL,111401360000350000,"서울 중구 묵정동 35"
cx_54990a19917f0056,"현대팰리스",광진구,NO_MATCH,EXACT_JIBUN_ADDRESS,112151030002310018,"서울 광진구 구의동 231-18"
cx_549d8a6f108bd2aa,"역삼엔스위트1",강남구,NO_MATCH,EXACT_JIBUN_ADDRESS,116801010006560030,"서울 강남구 역삼동 656-30"
cx_54a7c2ef2391cb91,"dmc금호리첸시아",서대문구,NO_MATCH,EXACT_PARCEL,114101200003960000,"서울 서대문구 남가좌동 396"
cx_54b6611116527322,"(743-72)",구로구,NO_MATCH,EXACT_JIBUN_ADDRESS,115301020007430072,"서울 구로구 구로동 743-72"
cx_54b7730de9219465,"천호태영아파트",강동구,NO_MATCH,EXACT_PARCEL,117401090005660000,"서울 강동구 천호동 566"
cx_54bbbe97fcae08db,"대치삼성",강남구,NO_MATCH,EXACT_JIBUN_ADDRESS,116801060010140003,"서울 강남구 대치동 1014-3"
cx_54be21a2ef6d983d,"효성b(923-18)",강서구,NO_MATCH,EXACT_JIBUN_ADDRESS,115001030009230018,"서울 강서구 화곡동 923-18"
cx_54bec1498cc20c8b,"성원그린(103동)",강북구,NO_MATCH,MULTI_RECORD_SAME_PARCEL,113051040003400000,"서울 강북구 우이동 340"
cx_54c4838b75940a71,"청암두산위브센티움",관악구,NO_MATCH,EXACT_JIBUN_ADDRESS,116201020000860003,"서울 관악구 신림동 86-3"
cx_54c57b4ba2afb7b4,"정릉풍림아이원",성북구,NO_MATCH,EXACT_PARCEL,112901330002390000,"서울 성북구 정릉동 239"
cx_54c5f09036325e3b,"(798-55)",구로구,NO_MATCH,EXACT_JIBUN_ADDRESS,115301020007980055,"서울 구로구 구로동 798-55"
cx_54db94da530802f3,"씨티2차(201동)",강남구,NO_MATCH,EXACT_JIBUN_ADDRESS,116801040001040019,"서울 강남구 청담동 104-19"
cx_54e936c6cd1c1c80,"현대타워",송파구,NO_MATCH,EXACT_JIBUN_ADDRESS,117101020000070028,"서울 송파구 신천동 7-28"
cx_55047724b0fe45e4,"상지리츠빌8차",서초구,NO_MATCH,EXACT_JIBUN_ADDRESS,116501010000010035,"서울 서초구 방배동 1-35"
cx_5507c581618d4ace,"다성이즈빌아파트(388-4)",강동구,NO_MATCH,EXACT_JIBUN_ADDRESS,117401050003880004,"서울 강동구 길동 388-4"
cx_550d677bef78b7be,"동성아파트(1동)",종로구,NO_MATCH,EXACT_JIBUN_ADDRESS,111101680000040161,"서울 종로구 동숭동 4-161"
cx_550f5a856216acdb,"힐트리움송파",송파구,NO_MATCH,NO_MATCH,117101130006980000,"서울 송파구 거여동 698"
cx_5514c69a5062f07a,"성삼하이츠",강서구,NO_MATCH,EXACT_PARCEL,115001030011420000,"서울 강서구 화곡동 1142"
cx_551bd99a703d3b3b,"디케이",은평구,NO_MATCH,EXACT_JIBUN_ADDRESS,113801080000450030,"서울 은평구 역촌동 45-30"
cx_5528a950365596cb,"삼환나우빌(520-0)",동작구,NO_MATCH,EXACT_PARCEL,115901020005200000,"서울 동작구 상도동 520"
cx_55349f1116020495,"(747-35)",구로구,NO_MATCH,EXACT_JIBUN_ADDRESS,115301020007470035,"서울 구로구 구로동 747-35"
cx_55410c2281851c2d,"성내스테이",강동구,NO_MATCH,EXACT_JIBUN_ADDRESS,117401080005490005,"서울 강동구 성내동 549-5"
cx_554c0189ddac207e,"연희아트빌",서대문구,NO_MATCH,EXACT_JIBUN_ADDRESS,114101170000910002,"서울 서대문구 연희동 91-2"
cx_554cf1bacbd5446b,"백명trendyapt",마포구,NO_MATCH,EXACT_JIBUN_ADDRESS,114401260000390009,"서울 마포구 중동 39-9"
cx_554fed6b96990481,"서초힐하우스",서초구,NO_MATCH,EXACT_JIBUN_ADDRESS,116501080016120002,"서울 서초구 서초동 1612-2"
cx_555ae6ddae7d08fe,"양진마니아",강서구,NO_MATCH,EXACT_PARCEL,115001050013910000,"서울 강서구 마곡동 1391"
cx_555cc0d667d9e877,"삼익세라믹",강동구,NO_MATCH,EXACT_PARCEL,117401050001840000,"서울 강동구 길동 184"
cx_5567bad890b4102a,"에이스빌(370-20)",강동구,NO_MATCH,EXACT_JIBUN_ADDRESS,117401050003700020,"서울 강동구 길동 370-20"
cx_5569a97a961c105f,"용산파크뷰(46-3)",용산구,NO_MATCH,EXACT_JIBUN_ADDRESS,111701120000460003,"서울 용산구 원효로1가 46-3"
cx_55760072d31f04f9,"에스아이팰리스장안센텀",동대문구,NO_MATCH,EXACT_JIBUN_ADDRESS,112301060004160001,"서울 동대문구 장안동 416-1"
cx_557f9d269cf9c641,"다인플레움",강북구,NO_MATCH,EXACT_JIBUN_ADDRESS,113051040001170003,"서울 강북구 우이동 117-3"
cx_5581710a4f190fba,"신동힐탑",금천구,NO_MATCH,EXACT_JIBUN_ADDRESS,115451030008820011,"서울 금천구 시흥동 882-11"
cx_55a0252cbc2225e9,"목동신시가지7",양천구,NO_MATCH,EXACT_PARCEL,114701020009250000,"서울 양천구 목동 925"
cx_55a1e16ed3d1b3ec,"성내동auraⅱ",강동구,NO_MATCH,EXACT_JIBUN_ADDRESS,117401080004190046,"서울 강동구 성내동 419-46"
cx_55ab3ae548cfc529,"반석푸른숲",관악구,NO_MATCH,EXACT_PARCEL,116201010017230000,"서울 관악구 봉천동 1723"
cx_55b952f1743156f1,"벽산아파트1",도봉구,NO_MATCH,EXACT_PARCEL,113201060002750000,"서울 도봉구 방학동 275"
cx_55d0a3d48d1d640d,"다성이즈빌ⅰ",강동구,NO_MATCH,EXACT_JIBUN_ADDRESS,117401070004880003,"서울 강동구 암사동 488-3"
cx_55e15217ad41c96e,"e편한세상백련산",은평구,NO_MATCH,EXACT_PARCEL,113801070007710000,"서울 은평구 응암동 771"
cx_55e8c199aa3d2ef2,"자양현대6",광진구,NO_MATCH,EXACT_PARCEL,112151050007860000,"서울 광진구 자양동 786"
cx_55f4d05107fc8f51,"다울",동작구,NO_MATCH,EXACT_JIBUN_ADDRESS,115901080003750016,"서울 동작구 대방동 375-16"
cx_55faeae8c2deaa4b,"신림동신도브래뉴",관악구,NO_MATCH,EXACT_PARCEL,116201020017220000,"서울 관악구 신림동 1722"
cx_55fb853d1901d58f,"다성리버빌",강동구,NO_MATCH,EXACT_JIBUN_ADDRESS,117401070004410001,"서울 강동구 암사동 441-1"
cx_5607ab3218d60fb4,"래미안방배아트힐(1008-2)",서초구,NO_MATCH,EXACT_JIBUN_ADDRESS,116501010010080002,"서울 서초구 방배동 1008-2"
cx_56190d6ac28482bc,"전농동신성미소지움",동대문구,NO_MATCH,EXACT_PARCEL,112301040006870000,"서울 동대문구 전농동 687"
cx_561a95cc005e177e,"스위트빌(435-10)",강동구,NO_MATCH,EXACT_JIBUN_ADDRESS,117401080004350010,"서울 강동구 성내동 435-10"
cx_562826d07182efb6,"새진8차",관악구,NO_MATCH,EXACT_JIBUN_ADDRESS,116201010001800422,"서울 관악구 봉천동 180-422"
cx_564099a3f71f61da,"북아현맨션",서대문구,NO_MATCH,EXACT_JIBUN_ADDRESS,114101100001140001,"서울 서대문구 북아현동 114-1"
cx_5641544a568e12f9,"종로아인스빌",종로구,NO_MATCH,EXACT_JIBUN_ADDRESS,111101750013920001,"서울 종로구 숭인동 1392-1"
cx_56537a20867cdf43,"씨티아모리움",동작구,NO_MATCH,EXACT_PARCEL,115901020005320000,"서울 동작구 상도동 532"
cx_565b89b2fb06966a,"은행",양천구,NO_MATCH,EXACT_JIBUN_ADDRESS,114701010009800005,"서울 양천구 신정동 980-5"
cx_56708917a0413748,"홍제에스피엘",서대문구,NO_MATCH,EXACT_JIBUN_ADDRESS,114101110003220138,"서울 서대문구 홍제동 322-138"
cx_56714c91e2674455,"사직파크맨션",종로구,NO_MATCH,EXACT_PARCEL,111101130001420000,"서울 종로구 필운동 142"
cx_567de87772e51838,"sk허브프리모",강남구,NO_MATCH,EXACT_JIBUN_ADDRESS,116801180009530001,"서울 강남구 도곡동 953-1"
cx_5691ac79e0b1a802,"우민-늘푸른아파트",송파구,NO_MATCH,EXACT_JIBUN_ADDRESS,117101070001770008,"서울 송파구 가락동 177-8"
cx_569367e9a06f4bb8,"도곡지웰카운티102동",강남구,NO_MATCH,EXACT_JIBUN_ADDRESS,116801180001990001,"서울 강남구 도곡동 199-1"
cx_56a041a036d35e95,"충우",서대문구,NO_MATCH,EXACT_JIBUN_ADDRESS,114101170001050016,"서울 서대문구 연희동 105-16"
cx_56a170fac01dc026,"장위아트포레",성북구,NO_MATCH,EXACT_PARCEL,112901390004130000,"서울 성북구 석관동 413"
cx_56ad7b07f98ffbb9,"보미리즌빌",서초구,NO_MATCH,EXACT_JIBUN_ADDRESS,116501080015270001,"서울 서초구 서초동 1527-1"
cx_56bbb3ef4fc0d8b4,"청솔2차우성",동대문구,NO_MATCH,EXACT_JIBUN_ADDRESS,112301050000800002,"서울 동대문구 답십리동 80-2"
cx_56bc2615e78595c4,"시티(b동)",강남구,NO_MATCH,EXACT_JIBUN_ADDRESS,116801050000970002,"서울 강남구 삼성동 97-2"
cx_56be5604a5f9dc53,"스카이캐슬",마포구,NO_MATCH,EXACT_JIBUN_ADDRESS,114401230004760003,"서울 마포구 망원동 476-3"
cx_56ca34435e50f7b0,"금호",성북구,NO_MATCH,NO_MATCH,112901340010540000,"서울 성북구 길음동 1054"
cx_56cdec2e714127f8,"강변",강서구,NO_MATCH,EXACT_PARCEL,115001040014750000,"서울 강서구 가양동 1475"
cx_56d25047016a60c2,"낙성대현대홈타운",관악구,NO_MATCH,EXACT_PARCEL,116201010017130000,"서울 관악구 봉천동 1713"
cx_56e64a7d76077840,"방배엔스위트",서초구,NO_MATCH,EXACT_JIBUN_ADDRESS,116501010004810011,"서울 서초구 방배동 481-11"
cx_56f2bf7a6a036785,"예성그린캐슬2차",중랑구,NO_MATCH,EXACT_JIBUN_ADDRESS,112601050004010021,"서울 중랑구 망우동 401-21"
cx_56f781544ca22d1e,"(780-62)",구로구,NO_MATCH,EXACT_JIBUN_ADDRESS,115301020007800062,"서울 구로구 구로동 780-62"
cx_57009c3abe986a9b,"(793-54)",구로구,NO_MATCH,EXACT_JIBUN_ADDRESS,115301020007930054,"서울 구로구 구로동 793-54"
cx_57019b3943a92f35,"뉴캐슬",서초구,NO_MATCH,EXACT_JIBUN_ADDRESS,116501010009710001,"서울 서초구 방배동 971-1"
cx_570992c75a1255b8,"동성아파트(103동)",송파구,NO_MATCH,EXACT_JIBUN_ADDRESS,117101070000150011,"서울 송파구 가락동 15-11"
cx_570e243da8696050,"진로유통조합대림",노원구,NO_MATCH,EXACT_PARCEL,113501060000780000,"서울 노원구 중계동 78"
cx_571ae01a6f49d59b,"대안그린",관악구,NO_MATCH,EXACT_JIBUN_ADDRESS,116201010009260002,"서울 관악구 봉천동 926-2"
cx_5724eb04dfb90c1f,"인성",강북구,NO_MATCH,EXACT_JIBUN_ADDRESS,113051010002240040,"서울 강북구 미아동 224-40"
cx_5726b14e271958aa,"삼성래미안2",동작구,NO_MATCH,EXACT_PARCEL,115901020004210000,"서울 동작구 상도동 421"
cx_5733d3f9e3a1c3c4,"욱현",광진구,NO_MATCH,EXACT_JIBUN_ADDRESS,112151010000900018,"서울 광진구 중곡동 90-18"
cx_5758ccd560dabb49,"urbanplace",서초구,NO_MATCH,EXACT_JIBUN_ADDRESS,116501080013370003,"서울 서초구 서초동 1337-3"
cx_575bfcdce186b564,"테라팰리스건대2차",광진구,NO_MATCH,EXACT_PARCEL,112151050008600000,"서울 광진구 자양동 860"
cx_577851486c69bcd8,"현대그린",노원구,NO_MATCH,EXACT_PARCEL,113501060000490000,"서울 노원구 중계동 49"
cx_577d55edd7a71acb,"대경벨로체",서초구,NO_MATCH,EXACT_JIBUN_ADDRESS,116501080014840007,"서울 서초구 서초동 1484-7"
cx_577d7b96a7f8dba6,"답십리대우",동대문구,NO_MATCH,EXACT_PARCEL,112301050001110000,"서울 동대문구 답십리동 111"
cx_577e9455950ed135,"유한오크팰리스",구로구,NO_MATCH,EXACT_PARCEL,115301120002340000,"서울 구로구 항동 234"
cx_578d3fee97c3e06d,"광남벨라스643v(50-32)",강동구,NO_MATCH,EXACT_JIBUN_ADDRESS,117401090000500032,"서울 강동구 천호동 50-32"
cx_578f3af0018a6cdf,"마고정3단지센트레빌(323~335동)bl2-2",은평구,NO_MATCH,EXACT_PARCEL,113801140001050000,"서울 은평구 진관동 105"
cx_579c1758f3f86c4a,"우평",관악구,NO_MATCH,EXACT_JIBUN_ADDRESS,116201030010810004,"서울 관악구 남현동 1081-4"
cx_57a4227b5c6bf501,"송도그린빌a동",서대문구,NO_MATCH,EXACT_JIBUN_ADDRESS,114101110003220134,"서울 서대문구 홍제동 322-134"
cx_57b75c4717364bd7,"서초한신리빙타워",서초구,NO_MATCH,EXACT_PARCEL,116501080015330000,"서울 서초구 서초동 1533"
cx_57b8ce9b763350e5,"(797-38)",구로구,NO_MATCH,EXACT_JIBUN_ADDRESS,115301020007970038,"서울 구로구 구로동 797-38"
cx_57be6f661d38df1c,"롯데캐슬",강남구,NO_MATCH,EXACT_PARCEL,116801060008930000,"서울 강남구 대치동 893"
cx_57d77e627a04223f,"원당",중랑구,NO_MATCH,EXACT_JIBUN_ADDRESS,112601060004080002,"서울 중랑구 신내동 408-2"
cx_57d845b4aa50f95b,"대림e-편한세상",도봉구,NO_MATCH,EXACT_PARCEL,113201070008220000,"서울 도봉구 창동 822"
cx_57ed7a654e1e8e11,"두영",관악구,NO_MATCH,EXACT_PARCEL,116201020017170000,"서울 관악구 신림동 1717"
cx_57f7f3def25a082c,"해주",양천구,NO_MATCH,EXACT_JIBUN_ADDRESS,114701030002170008,"서울 양천구 신월동 217-8"
cx_58018d4491d6454b,"광진스위트엠아파트",광진구,NO_MATCH,EXACT_PARCEL,112151070005320000,"서울 광진구 화양동 532"
cx_58058cfddbb13c9b,"중앙하이츠강동",강동구,NO_MATCH,EXACT_JIBUN_ADDRESS,117401050004150005,"서울 강동구 길동 415-5"
cx_5809f5252322169c,"묵정",중구,NO_MATCH,EXACT_JIBUN_ADDRESS,111401360000110067,"서울 중구 묵정동 11-67"
cx_580d7e25759ba249,"강변힐스테이트",강서구,NO_MATCH,EXACT_PARCEL,115001010002990000,"서울 강서구 염창동 299"
cx_5826a89157989bbc,"한국프라우드",마포구,NO_MATCH,EXACT_PARCEL,114401220004690000,"서울 마포구 합정동 469"
cx_58311a3d090ad0fe,"청실",구로구,NO_MATCH,EXACT_JIBUN_ADDRESS,115301070001750008,"서울 구로구 개봉동 175-8"
cx_583b2380f69aba18,"롯데캐슬에듀포레",동작구,NO_MATCH,EXACT_PARCEL,115901050003400000,"서울 동작구 흑석동 340"
cx_5847cc1070909dfe,"베스트빌라",서초구,NO_MATCH,EXACT_JIBUN_ADDRESS,116501080015150014,"서울 서초구 서초동 1515-14"
cx_5857e5a1f04a9881,"신정6현대",양천구,NO_MATCH,EXACT_JIBUN_ADDRESS,114701010007430002,"서울 양천구 신정동 743-2"
cx_587104f2fa3d2707,"두산3",중랑구,NO_MATCH,EXACT_PARCEL,112601010015110000,"서울 중랑구 면목동 1511"
cx_587697e0bb256dc3,"아키죤아파트1동",송파구,NO_MATCH,EXACT_JIBUN_ADDRESS,117101070001010003,"서울 송파구 가락동 101-3"
cx_58778400eba29c80,"해태드림타운",강서구,NO_MATCH,EXACT_JIBUN_ADDRESS,115001030009000001,"서울 강서구 화곡동 900-1"
cx_5884dc878bfd9431,"(743-14)",구로구,NO_MATCH,EXACT_JIBUN_ADDRESS,115301020007430014,"서울 구로구 구로동 743-14"
cx_5887f7a670708b92,"여의도씨티아이",영등포구,NO_MATCH,EXACT_JIBUN_ADDRESS,115601020001130001,"서울 영등포구 영등포동1가 113-1"
cx_588a7d0b9cec715a,"빌폴라리스",강남구,NO_MATCH,EXACT_JIBUN_ADDRESS,116801040001290007,"서울 강남구 청담동 129-7"
cx_588cc92f3f27a64a,"라이헤스빌",강남구,NO_MATCH,EXACT_JIBUN_ADDRESS,116801080001090009,"서울 강남구 논현동 109-9"
cx_5890b89747c8784f,"동은그랜드",강동구,NO_MATCH,EXACT_JIBUN_ADDRESS,117401010003480004,"서울 강동구 명일동 348-4"
cx_5890c4ed990fb2e2,"에이메스더리버송파",송파구,NO_MATCH,EXACT_JIBUN_ADDRESS,117101060000380011,"서울 송파구 삼전동 38-11"
cx_5898d2e7e2d94e75,"디벨라지오",송파구,NO_MATCH,EXACT_JIBUN_ADDRESS,117101110002110007,"서울 송파구 방이동 211-7"
cx_589aea004bc2a2c3,"신동아파밀리에",영등포구,NO_MATCH,EXACT_PARCEL,115601110004570000,"서울 영등포구 당산동1가 457"
cx_589e92624ee2b1d8,"우성1",광진구,NO_MATCH,EXACT_PARCEL,112151050005790000,"서울 광진구 자양동 579"
cx_58ad1bf218cee178,"대은팰리스뷰(101)",강동구,NO_MATCH,EXACT_JIBUN_ADDRESS,117401070005030031,"서울 강동구 암사동 503-31"
cx_58b56240c584fe71,"노아아크빌",마포구,NO_MATCH,EXACT_JIBUN_ADDRESS,114401230004710003,"서울 마포구 망원동 471-3"
cx_58c514505abf9311,"중동계룡아파트",마포구,NO_MATCH,EXACT_PARCEL,114401260003910000,"서울 마포구 중동 391"
cx_58cab42550e1a71c,"방배그랑자이",서초구,NO_MATCH,EXACT_PARCEL,116501010032830000,"서울 서초구 방배동 3283"
cx_58e30fb413f350ec,"에쉐르",은평구,NO_MATCH,NO_MATCH,113801100002140013,"서울 은평구 증산동 214-13"
cx_58e708942b4ca6b4,"래디앙아파트",양천구,NO_MATCH,EXACT_JIBUN_ADDRESS,114701020004080219,"서울 양천구 목동 408-219"
cx_58e755ea90f8bc75,"잠실포스코더샵",송파구,NO_MATCH,EXACT_JIBUN_ADDRESS,117101010003360005,"서울 송파구 잠실동 336-5"
cx_58f85bb36b56326f,"청화아파트",도봉구,NO_MATCH,EXACT_JIBUN_ADDRESS,113201060006690007,"서울 도봉구 방학동 669-7"
cx_5901c380f04b000f,"보미리아파트",서초구,NO_MATCH,EXACT_JIBUN_ADDRESS,116501060000320022,"서울 서초구 잠원동 32-22"
cx_5915374c8033ef29,"멤버스카운티601",서초구,NO_MATCH,EXACT_JIBUN_ADDRESS,116501010008010007,"서울 서초구 방배동 801-7"
cx_59170beeb411f1be,"상계주공13(고층)",노원구,NO_MATCH,EXACT_PARCEL,113501050006370000,"서울 노원구 상계동 637"
cx_591a19a6db21a729,"엠프라자아파트(152-9)",강동구,NO_MATCH,EXACT_JIBUN_ADDRESS,117401050001520009,"서울 강동구 길동 152-9"
cx_59244a587e7b4efe,"삼동2",양천구,NO_MATCH,NO_MATCH,114701030005620004,"서울 양천구 신월동 562-4"
cx_5948f1bce8c6033f,"영광빌라",구로구,NO_MATCH,EXACT_JIBUN_ADDRESS,115301020007480014,"서울 구로구 구로동 748-14"
cx_594b51827ffc5c8f,"장방아파트",강동구,NO_MATCH,EXACT_JIBUN_ADDRESS,117401090000360009,"서울 강동구 천호동 36-9"
cx_594ea5368e5bf928,"디아이빌102동",강서구,NO_MATCH,EXACT_JIBUN_ADDRESS,115001040002390036,"서울 강서구 가양동 239-36"
cx_5953c8e73142d285,"venessere",서초구,NO_MATCH,EXACT_JIBUN_ADDRESS,116501010008430006,"서울 서초구 방배동 843-6"
cx_595db6f7ba6e0011,"건영(103동-106동)",동작구,NO_MATCH,EXACT_PARCEL,115901010003240000,"서울 동작구 노량진동 324"
cx_595e0b005726f47a,"가락3차쌍용스윗닷홈101동,102동",송파구,NO_MATCH,EXACT_PARCEL,117101070000530000,"서울 송파구 가락동 53"
cx_595e55e087381101,"(747-34)",구로구,NO_MATCH,EXACT_JIBUN_ADDRESS,115301020007470034,"서울 구로구 구로동 747-34"
cx_596ae0fb08e7af66,"반포주공1단지",서초구,NO_MATCH,NO_MATCH,116501070007570000,"서울 서초구 반포동 757"
cx_596c1b2afb234cb8,"동원데자뷰",양천구,NO_MATCH,EXACT_PARCEL,114701030010600000,"서울 양천구 신월동 1060"
cx_59752cadc718eb37,"프라임하우스(916-5)",강서구,NO_MATCH,EXACT_JIBUN_ADDRESS,115001030009160005,"서울 강서구 화곡동 916-5"
cx_597ac4e65e1b5b78,"신대길파크하임",강동구,NO_MATCH,EXACT_JIBUN_ADDRESS,117401050003580007,"서울 강동구 길동 358-7"
cx_5987763dc664c48e,"앙시레이크타워",송파구,NO_MATCH,MULTI_RECORD_SAME_PARCEL,117101010003050000,"서울 송파구 잠실동 305"
cx_59a6d46a56d41543,"상도파크자이",동작구,NO_MATCH,EXACT_PARCEL,115901020009000000,"서울 동작구 상도동 900"
cx_59ca1c59289d591f,"성원아파트",강동구,NO_MATCH,EXACT_PARCEL,117401090005640000,"서울 강동구 천호동 564"
cx_59d1887ef7574865,"하영",중구,NO_MATCH,EXACT_JIBUN_ADDRESS,111401620004321956,"서울 중구 신당동 432-1956"
cx_59d27be4142dfac0,"강서뉴타워",강서구,NO_MATCH,EXACT_JIBUN_ADDRESS,115001030010710019,"서울 강서구 화곡동 1071-19"
cx_59dc919e247f197c,"성지라빌레뜨b",서초구,NO_MATCH,EXACT_JIBUN_ADDRESS,116501010008450014,"서울 서초구 방배동 845-14"
cx_59de0946cfe53e04,"문화1",강동구,NO_MATCH,EXACT_JIBUN_ADDRESS,117401050003560008,"서울 강동구 길동 356-8"
cx_59e0e8748d4fcdfd,"태양아파트",동작구,NO_MATCH,EXACT_JIBUN_ADDRESS,115901020002790515,"서울 동작구 상도동 279-515"
cx_59f0246f319bacb2,"종인아네스트(409-3)",동작구,NO_MATCH,EXACT_JIBUN_ADDRESS,115901020004090003,"서울 동작구 상도동 409-3"
cx_59f99c1f09ab0455,"정은스카이빌201동",동대문구,NO_MATCH,EXACT_JIBUN_ADDRESS,112301060003470008,"서울 동대문구 장안동 347-8"
cx_5a094b8b1581e8cd,"보미리즌빌(102동)",송파구,NO_MATCH,EXACT_JIBUN_ADDRESS,117101110001340017,"서울 송파구 방이동 134-17"
cx_5a103b38b37e7034,"신안타워",구로구,NO_MATCH,EXACT_JIBUN_ADDRESS,115301020001000008,"서울 구로구 구로동 100-8"
cx_5a1be94b6a31e36d,"용산파크타워(24-0)",용산구,NO_MATCH,MULTI_RECORD_SAME_PARCEL,111701270000240000,"서울 용산구 용산동5가 24"
cx_5a2ed69a65966677,"다우훼밀리",중랑구,NO_MATCH,EXACT_PARCEL,112601060007960000,"서울 중랑구 신내동 796"
cx_5a3581a7164d00ec,"광남캐스빌(631)",강동구,NO_MATCH,EXACT_PARCEL,117401060006310000,"서울 강동구 둔촌동 631"
cx_5a3ed8e89d021ac0,"오화(24-175)",강서구,NO_MATCH,EXACT_JIBUN_ADDRESS,115001030000240175,"서울 강서구 화곡동 24-175"
cx_5a41f3f39e42b487,"로얄카운티",용산구,NO_MATCH,EXACT_JIBUN_ADDRESS,111701190000050606,"서울 용산구 효창동 5-606"
cx_5a4f70e52507d357,"가양강나루현대",강서구,NO_MATCH,EXACT_JIBUN_ADDRESS,115001040004480001,"서울 강서구 가양동 448-1"
cx_5a5068927f264518,"우성아파트1",도봉구,NO_MATCH,EXACT_PARCEL,113201060005070000,"서울 도봉구 방학동 507"
cx_5a58d36952eb9f8c,"현대1",강서구,NO_MATCH,EXACT_PARCEL,115001010002880000,"서울 강서구 염창동 288"
cx_5a58ff08740959d2,"현대(관악)",관악구,NO_MATCH,EXACT_PARCEL,116201010010000000,"서울 관악구 봉천동 1000"
cx_5a596f1923fc448a,"그랜드힐오피스텔",중구,NO_MATCH,EXACT_PARCEL,111401650000190000,"서울 중구 황학동 19"
cx_5a5e7c991081f702,"금광포란재아파트",도봉구,NO_MATCH,EXACT_JIBUN_ADDRESS,113201060007140001,"서울 도봉구 방학동 714-1"
cx_5a64c7f02b096403,"진명",강북구,NO_MATCH,EXACT_JIBUN_ADDRESS,113051030001800031,"서울 강북구 수유동 180-31"
cx_5a78116b538a06b8,"은성",양천구,NO_MATCH,EXACT_JIBUN_ADDRESS,114701030001100001,"서울 양천구 신월동 110-1"
cx_5a79cacf78c9aebc,"창동3차현대",도봉구,NO_MATCH,EXACT_PARCEL,113201070008160000,"서울 도봉구 창동 816"
cx_5a7c44c4618a614e,"현대",종로구,NO_MATCH,EXACT_PARCEL,111101870000820000,"서울 종로구 무악동 82"
cx_5a87002a61bcacfb,"마곡엠밸리6단지",강서구,NO_MATCH,MULTI_RECORD_SAME_PARCEL,115001050007430000,"서울 강서구 마곡동 743"
cx_5a8ab248745a36ce,"현대멤피스",서초구,NO_MATCH,EXACT_JIBUN_ADDRESS,116501010007720013,"서울 서초구 방배동 772-13"
cx_5a8debe7e06fa9c3,"한양빌라트",강남구,NO_MATCH,EXACT_JIBUN_ADDRESS,116801080000790007,"서울 강남구 논현동 79-7"
cx_5a9c45983f98763c,"당산센트럴아이파크",영등포구,NO_MATCH,EXACT_PARCEL,115601150000430000,"서울 영등포구 당산동5가 43"
cx_5aa00aeba700bd7d,"정산파크뷰",송파구,NO_MATCH,EXACT_JIBUN_ADDRESS,117101070000060008,"서울 송파구 가락동 6-8"
cx_5aa5ace9b7bac48d,"금강포란재(101)",은평구,NO_MATCH,EXACT_JIBUN_ADDRESS,113801050003550082,"서울 은평구 구산동 355-82"
cx_5aa6b8aa0256ec5f,"(1101-1)",영등포구,NO_MATCH,EXACT_JIBUN_ADDRESS,115601330011010001,"서울 영등포구 대림동 1101-1"
cx_5aa92b345f1540cb,"중앙아파트",동작구,NO_MATCH,EXACT_JIBUN_ADDRESS,115901020001590028,"서울 동작구 상도동 159-28"
cx_5aba011ee6994f3b,"중계3벽산",노원구,NO_MATCH,EXACT_PARCEL,113501060005920000,"서울 노원구 중계동 592"
cx_5abb3a87ab18c128,"송파와이즈더샵",송파구,NO_MATCH,EXACT_PARCEL,117101090008950000,"서울 송파구 장지동 895"
cx_5ac617610fc242ae,"광운대역현대프라힐스",노원구,NO_MATCH,EXACT_JIBUN_ADDRESS,113501020004100003,"서울 노원구 월계동 410-3"
cx_5acebf87e49c8c37,"탑건진선미",양천구,NO_MATCH,EXACT_PARCEL,114701030010250000,"서울 양천구 신월동 1025"
cx_5add6253e99690c9,"에스케이",광진구,NO_MATCH,EXACT_PARCEL,112151010002920000,"서울 광진구 중곡동 292"
cx_5afc68ac39e7fe54,"수정",구로구,NO_MATCH,EXACT_JIBUN_ADDRESS,115301090001980039,"서울 구로구 궁동 198-39"
cx_5b001454fe13180d,"동양부로미(926-4)",양천구,NO_MATCH,EXACT_JIBUN_ADDRESS,114701010009260004,"서울 양천구 신정동 926-4"
cx_5b052ff1558f4e73,"텐즈힐(1단지)",성동구,NO_MATCH,EXACT_PARCEL,112001020010660000,"서울 성동구 하왕십리동 1066"
cx_5b08aadd1cb19c4b,"오크밸리",동대문구,NO_MATCH,EXACT_JIBUN_ADDRESS,112301040001270034,"서울 동대문구 전농동 127-34"
cx_5b0aec2ce8aad3b0,"월드",도봉구,NO_MATCH,EXACT_JIBUN_ADDRESS,113201050003150039,"서울 도봉구 쌍문동 315-39"
cx_5b24bfccdec19b2a,"강일리버파크7단지",강동구,NO_MATCH,EXACT_PARCEL,117401100006860000,"서울 강동구 강일동 686"
cx_5b289dae2f65dfa9,"서울숲한성",성동구,NO_MATCH,EXACT_JIBUN_ADDRESS,112001070000010115,"서울 성동구 행당동 1-115"
cx_5b2a5b09b14f46ac,"도곡하이빌",강남구,NO_MATCH,EXACT_JIBUN_ADDRESS,116801180009190003,"서울 강남구 도곡동 919-3"
cx_5b2a6ba6356e57de,"현대홈타운",구로구,NO_MATCH,EXACT_PARCEL,115301070004800000,"서울 구로구 개봉동 480"
cx_5b2e3ad83566ee25,"계영주택(738-27)",구로구,NO_MATCH,EXACT_JIBUN_ADDRESS,115301020007380027,"서울 구로구 구로동 738-27"
cx_5b359b5ca9d1eba5,"lg한강자이",용산구,NO_MATCH,EXACT_PARCEL,111701290004300000,"서울 용산구 이촌동 430"
cx_5b361c83af2bb650,"삼성파크타워",강동구,NO_MATCH,EXACT_JIBUN_ADDRESS,117401080004590009,"서울 강동구 성내동 459-9"
cx_5b475ecf4542553e,"아차산인앤인w클래스101동",광진구,NO_MATCH,EXACT_JIBUN_ADDRESS,112151030000580026,"서울 광진구 구의동 58-26"
cx_5b49eec86b85d492,"다청림(106동)",구로구,NO_MATCH,EXACT_JIBUN_ADDRESS,115301090001780001,"서울 구로구 궁동 178-1"
cx_5b4da6f32769644f,"서울숲아이파크리버포레2차",성동구,NO_MATCH,EXACT_PARCEL,112001140007230000,"서울 성동구 성수동1가 723"
cx_5b57f58ae2cab6f3,"다청림102동(143-0)",구로구,NO_MATCH,MULTI_RECORD_SAME_PARCEL,115301090001430000,"서울 구로구 궁동 143"
cx_5b60fd01877f079a,"신안약수",양천구,NO_MATCH,EXACT_JIBUN_ADDRESS,114701030005910001,"서울 양천구 신월동 591-1"
cx_5b665e4e8911d99f,"한영스테이",성동구,NO_MATCH,EXACT_JIBUN_ADDRESS,112001050007830005,"서울 성동구 마장동 783-5"
cx_5b67389b2fa5e897,"목동센트럴아이파크위브4단지",양천구,NO_MATCH,EXACT_PARCEL,114701030010780000,"서울 양천구 신월동 1078"
cx_5b6c3fef8e041e0e,"그라나다",강남구,NO_MATCH,EXACT_JIBUN_ADDRESS,116801050000450005,"서울 강남구 삼성동 45-5"
cx_5b726e4b06864253,"e편한세상염창",강서구,NO_MATCH,EXACT_PARCEL,115001010003090000,"서울 강서구 염창동 309"
cx_5b84a556ce9872db,"e편한세상영등포아델포레",영등포구,NO_MATCH,EXACT_PARCEL,115601330011270000,"서울 영등포구 대림동 1127"
cx_5b9183bbff101700,"두산위브트레지움",동작구,NO_MATCH,EXACT_PARCEL,115901070011310000,"서울 동작구 사당동 1131"
cx_5bb67a416de7ca97,"대우월드마크마포",마포구,NO_MATCH,EXACT_PARCEL,114401030001730000,"서울 마포구 신공덕동 173"
cx_5bb83c57039e244b,"새한",광진구,NO_MATCH,EXACT_PARCEL,112151030006560000,"서울 광진구 구의동 656"
cx_5bc22b4e22133b01,"현대파크빌",광진구,NO_MATCH,EXACT_PARCEL,112151040005770000,"서울 광진구 광장동 577"
cx_5bc735966017d860,"아르팰리스",서대문구,NO_MATCH,EXACT_JIBUN_ADDRESS,114101180002770169,"서울 서대문구 홍은동 277-169"
cx_5bd00837fa97f417,"프롬하우징",강북구,NO_MATCH,EXACT_JIBUN_ADDRESS,113051030003920132,"서울 강북구 수유동 392-132"
cx_5bfed1ca1c5db8fc,"목동에버하임",양천구,NO_MATCH,EXACT_PARCEL,114701020009660000,"서울 양천구 목동 966"
cx_5c13b253b7ab3b27,"솔렌시아5",중랑구,NO_MATCH,EXACT_JIBUN_ADDRESS,112601020000840011,"서울 중랑구 상봉동 84-11"
cx_5c14e4be948f50c0,"(770-50)",구로구,NO_MATCH,EXACT_JIBUN_ADDRESS,115301020007700050,"서울 구로구 구로동 770-50"
cx_5c15cbcbf9bcedbc,"e편한세상서대문",서대문구,NO_MATCH,EXACT_PARCEL,114101180004690000,"서울 서대문구 홍은동 469"
cx_5c274bb0e02eb077,"무학현대",성동구,NO_MATCH,EXACT_PARCEL,112001020009920000,"서울 성동구 하왕십리동 992"
cx_5c28b2b3e16f7cf8,"원다빌2",강동구,NO_MATCH,EXACT_PARCEL,117401080005920000,"서울 강동구 성내동 592"
cx_5c2dee1a56bcc885,"롯데캐슬로잔",종로구,NO_MATCH,MULTI_RECORD_SAME_PARCEL,111101830001080000,"서울 종로구 평창동 108"
cx_5c3f726312aaa1c2,"광산(1122-4)",강서구,NO_MATCH,EXACT_JIBUN_ADDRESS,115001030011220004,"서울 강서구 화곡동 1122-4"
cx_5c45e59d725f5760,"화양현대",광진구,NO_MATCH,EXACT_PARCEL,112151070002340000,"서울 광진구 화양동 234"
cx_5c4dd225bb2b1e1c,"청구103동",중구,NO_MATCH,EXACT_JIBUN_ADDRESS,111401620008410012,"서울 중구 신당동 841-12"
cx_5c519b1d860fceaf,"건원베스트원",중랑구,NO_MATCH,EXACT_JIBUN_ADDRESS,112601010001050004,"서울 중랑구 면목동 105-4"
cx_5c52d4becde6e221,"마포그랑자이(2단지)",마포구,NO_MATCH,MULTI_RECORD_SAME_PARCEL,114401080008070000,"서울 마포구 대흥동 807"
cx_5c54e1569756dc25,"(779-13)",구로구,NO_MATCH,EXACT_JIBUN_ADDRESS,115301020007790013,"서울 구로구 구로동 779-13"
cx_5c5e019f55b0b404,"동아한가람1",송파구,NO_MATCH,EXACT_PARCEL,117101030005060000,"서울 송파구 풍납동 506"
cx_5c5f551a42f316d4,"예당하우스",서초구,NO_MATCH,EXACT_JIBUN_ADDRESS,116501070005770005,"서울 서초구 반포동 577-5"
cx_5c7095940ae042dc,"범양",성북구,NO_MATCH,EXACT_PARCEL,112901030006310000,"서울 성북구 돈암동 631"
cx_5c72de54ba693a35,"서일이츠뷰",노원구,NO_MATCH,EXACT_JIBUN_ADDRESS,113501030003710011,"서울 노원구 공릉동 371-11"
cx_5c73eec25bb64486,"리오파크빌",송파구,NO_MATCH,EXACT_JIBUN_ADDRESS,117101120000490003,"서울 송파구 오금동 49-3"
cx_5c770c4f3ae117f3,"삼익그린1차",강동구,NO_MATCH,NO_MATCH,117401010002940000,"서울 강동구 명일동 294"
cx_5c832205ddcf8eff,"성덕",강북구,NO_MATCH,EXACT_JIBUN_ADDRESS,113051030000500082,"서울 강북구 수유동 50-82"
cx_5c8b1f4d19dcbe2c,"압구정케이씨씨(622-1)",강남구,NO_MATCH,EXACT_JIBUN_ADDRESS,116801070006220001,"서울 강남구 신사동 622-1"
cx_5c8d98c46394b4f5,"삼성(766-1)",양천구,NO_MATCH,EXACT_JIBUN_ADDRESS,114701020007660001,"서울 양천구 목동 766-1"
cx_5c903f84e8fca53d,"신부파스카(313-7)",동대문구,NO_MATCH,EXACT_JIBUN_ADDRESS,112301060003130007,"서울 동대문구 장안동 313-7"
cx_5ca2b16ac08ae2d5,"상도휴엔하임",동작구,NO_MATCH,EXACT_JIBUN_ADDRESS,115901020003630164,"서울 동작구 상도동 363-164"
cx_5caf3477a0a1e19b,"제이씨라디앙",서초구,NO_MATCH,EXACT_JIBUN_ADDRESS,116501080015590001,"서울 서초구 서초동 1559-1"
cx_5cb9cae5a3c064a7,"한강극동",송파구,NO_MATCH,EXACT_PARCEL,117101030005080000,"서울 송파구 풍납동 508"
cx_5cbf76b0e1d30229,"롯데캐슬파크(34)",서초구,NO_MATCH,EXACT_JIBUN_ADDRESS,116501010008880034,"서울 서초구 방배동 888-34"
cx_5cc2b0fe4d4011e2,"정은노블스a",은평구,NO_MATCH,EXACT_JIBUN_ADDRESS,113801090000230009,"서울 은평구 신사동 23-9"
cx_5cd496976c477ca0,"백련",서대문구,NO_MATCH,EXACT_JIBUN_ADDRESS,114101180002770105,"서울 서대문구 홍은동 277-105"
cx_5cdaeeb83273d929,"근상프리즘(1076-2)",강서구,NO_MATCH,EXACT_JIBUN_ADDRESS,115001030010760002,"서울 강서구 화곡동 1076-2"
cx_5cdaeef7dd0dfa59,"미래한건아파트101동",중랑구,NO_MATCH,EXACT_JIBUN_ADDRESS,112601010001360077,"서울 중랑구 면목동 136-77"
cx_5cdc4559c38ffd3b,"리치펠리스",양천구,NO_MATCH,EXACT_JIBUN_ADDRESS,114701010008810014,"서울 양천구 신정동 881-14"
cx_5cde5fe05ecd1369,"상지리츠빌(2호라인)",강남구,NO_MATCH,MULTI_RECORD_SAME_PARCEL,116801010007610000,"서울 강남구 역삼동 761"
cx_5cdef144db76ffc8,"청우그린",금천구,NO_MATCH,EXACT_JIBUN_ADDRESS,115451030009020007,"서울 금천구 시흥동 902-7"
cx_5ce61f3edee86696,"돈암동일하이빌",성북구,NO_MATCH,EXACT_PARCEL,112901080001200000,"서울 성북구 동소문동5가 120"
cx_5cea88e79797a2bd,"풍림아이원(102동)",서초구,NO_MATCH,EXACT_JIBUN_ADDRESS,116501080016070015,"서울 서초구 서초동 1607-15"
cx_5cec240f1fa98a07,"파크팰리스",동작구,NO_MATCH,EXACT_JIBUN_ADDRESS,115901020002990063,"서울 동작구 상도동 299-63"
cx_5cff86157801212d,"탑스빌아파트",노원구,NO_MATCH,EXACT_JIBUN_ADDRESS,113501030005040007,"서울 노원구 공릉동 504-7"
cx_5cffd43c4d09f937,"개포래미안포레스트",강남구,NO_MATCH,EXACT_PARCEL,116801030012820000,"서울 강남구 개포동 1282"
cx_5d0b10dbbb482304,"도봉산리베니움",도봉구,NO_MATCH,EXACT_PARCEL,113201080005710000,"서울 도봉구 도봉동 571"
cx_5d0e1d57a9add683,"목동효성",양천구,NO_MATCH,EXACT_JIBUN_ADDRESS,114701020005390004,"서울 양천구 목동 539-4"
cx_5d10db9d39f272f2,"경남아너스빌(1356-0)",강북구,NO_MATCH,EXACT_PARCEL,113051010013560000,"서울 강북구 미아동 1356"
cx_5d1157ee3fdf9226,"한양파크뷰",송파구,NO_MATCH,MULTI_RECORD_SAME_PARCEL,117101040001000000,"서울 송파구 송파동 100"
cx_5d1a9b6b0d6477a9,"리치",강동구,NO_MATCH,EXACT_JIBUN_ADDRESS,117401070005130004,"서울 강동구 암사동 513-4"
cx_5d1c0ec13de824b7,"반도",용산구,NO_MATCH,EXACT_JIBUN_ADDRESS,111701290003010170,"서울 용산구 이촌동 301-170"
cx_5d249a3f6366b130,"코업스타클래스",성북구,NO_MATCH,EXACT_JIBUN_ADDRESS,112901360000460073,"서울 성북구 하월곡동 46-73"
cx_5d3870faea882118,"쌍문금용",도봉구,NO_MATCH,EXACT_PARCEL,113201050003210000,"서울 도봉구 쌍문동 321"
cx_5d426e0481be5ec4,"성북힐스테이트(101동)",성북구,NO_MATCH,EXACT_JIBUN_ADDRESS,112901360000880064,"서울 성북구 하월곡동 88-64"
cx_5d4d0d4c0796f667,"경남아너스빌1차",동작구,NO_MATCH,EXACT_PARCEL,115901070011340000,"서울 동작구 사당동 1134"
cx_5d5486210b8683a5,"유원제일2차",영등포구,NO_MATCH,EXACT_JIBUN_ADDRESS,115601150000070002,"서울 영등포구 당산동5가 7-2"
cx_5d5afb47b773895f,"토토타워(5차)",중구,NO_MATCH,EXACT_JIBUN_ADDRESS,111401620004321061,"서울 중구 신당동 432-1061"
cx_5d5d3730874fde7b,"서원힐탑",광진구,NO_MATCH,EXACT_JIBUN_ADDRESS,112151090001000109,"서울 광진구 군자동 100-109"
cx_5d634b7c9ebb0ae8,"길음역금호어울림센터힐",성북구,NO_MATCH,EXACT_PARCEL,112901030006430000,"서울 성북구 돈암동 643"
cx_5d6b38cbeca0466b,"럭키남서울아파트",금천구,NO_MATCH,EXACT_JIBUN_ADDRESS,115451030010020001,"서울 금천구 시흥동 1002-1"
cx_5d6fed4e9ed00ad9,"레베빌(798-1)",서초구,NO_MATCH,EXACT_JIBUN_ADDRESS,116501010007980001,"서울 서초구 방배동 798-1"
cx_5d75a597655d6158,"동성아파트(102동)",송파구,NO_MATCH,EXACT_JIBUN_ADDRESS,117101070000150004,"서울 송파구 가락동 15-4"
cx_5d79715cac8a95f2,"청학",양천구,NO_MATCH,EXACT_PARCEL,114701020009380000,"서울 양천구 목동 938"
cx_5d87a3b0c7e2fc9d,"제일아파트가동(345-4)",은평구,NO_MATCH,NO_MATCH,113801010003450004,"서울 은평구 수색동 345-4"
cx_5d8bad4d56370192,"성원하이츠a동",도봉구,NO_MATCH,MULTI_RECORD_SAME_PARCEL,113201050005740000,"서울 도봉구 쌍문동 574"
cx_5d93c33b1e02d58c,"대영(68-6)",광진구,NO_MATCH,EXACT_JIBUN_ADDRESS,112151010000680006,"서울 광진구 중곡동 68-6"
cx_5d942904993daaae,"마곡청구아파트",강서구,NO_MATCH,EXACT_PARCEL,115001050011810000,"서울 강서구 마곡동 1181"
cx_5d9465f7f362ea11,"월드빌라트(798-5)",서초구,NO_MATCH,EXACT_JIBUN_ADDRESS,116501010007980005,"서울 서초구 방배동 798-5"
cx_5d9f1bf30f4e7b1a,"칠성3",구로구,NO_MATCH,NO_MATCH,115301020006850280,"서울 구로구 구로동 685-280"
cx_5da1f123350e263f,"래미안방배에버뉴",서초구,NO_MATCH,EXACT_JIBUN_ADDRESS,116501010007750001,"서울 서초구 방배동 775-1"
cx_5da8a6d71e2701f0,"태천해오름102동b",강동구,NO_MATCH,EXACT_JIBUN_ADDRESS,117401010003520018,"서울 강동구 명일동 352-18"
cx_5da99994c13d01f8,"상진지오벨리",강서구,NO_MATCH,EXACT_PARCEL,115001030011600000,"서울 강서구 화곡동 1160"
cx_5dac0d61155b9b7e,"대상3",마포구,NO_MATCH,EXACT_PARCEL,114401230004910000,"서울 마포구 망원동 491"
cx_5dad93dad4b8c664,"한양아파트",강남구,NO_MATCH,EXACT_JIBUN_ADDRESS,116801070005560029,"서울 강남구 신사동 556-29"
cx_5dae432999b764b2,"루나플라체",영등포구,NO_MATCH,EXACT_JIBUN_ADDRESS,115601320000690020,"서울 영등포구 신길동 69-20"
cx_5db9c51961726f8d,"래미안서초유니빌",서초구,NO_MATCH,EXACT_JIBUN_ADDRESS,116501080014450004,"서울 서초구 서초동 1445-4"
cx_5dbc85fb3c46bab6,"부호(102동)",은평구,NO_MATCH,EXACT_JIBUN_ADDRESS,113801080000580009,"서울 은평구 역촌동 58-9"
cx_5dca2b81f7af89d5,"골든빌",강동구,NO_MATCH,EXACT_PARCEL,117401050000740000,"서울 강동구 길동 74"
cx_5dd9ced9fcb04a0b,"srvill(925-3)",강서구,NO_MATCH,EXACT_JIBUN_ADDRESS,115001030009250003,"서울 강서구 화곡동 925-3"
cx_5ded063d2cfa9e09,"늘푸른주상복합",구로구,NO_MATCH,EXACT_JIBUN_ADDRESS,115301020001100011,"서울 구로구 구로동 110-11"
cx_5deff817a52c9ee2,"대동황토방",강서구,NO_MATCH,EXACT_JIBUN_ADDRESS,115001020006310009,"서울 강서구 등촌동 631-9"
cx_5df1566c2fd44665,"유원서초",서초구,NO_MATCH,EXACT_PARCEL,116501080016870000,"서울 서초구 서초동 1687"
cx_5df53763e3e06024,"흥화빌라트",광진구,NO_MATCH,EXACT_JIBUN_ADDRESS,112151040001880027,"서울 광진구 광장동 188-27"
cx_5e0682bc10400304,"한강타운",용산구,NO_MATCH,EXACT_PARCEL,111701150002040000,"서울 용산구 산천동 204"
cx_5e09923eacacb549,"dmc상암센트럴파크2단지",마포구,NO_MATCH,EXACT_PARCEL,114401270016180000,"서울 마포구 상암동 1618"
cx_5e0e3f8137226396,"힐스테이트e편한세상문정",송파구,NO_MATCH,EXACT_PARCEL,117101080006560000,"서울 송파구 문정동 656"
cx_5e105c69689b7bbf,"태강아파트(아이파크)",노원구,NO_MATCH,EXACT_PARCEL,113501030000810000,"서울 노원구 공릉동 81"
cx_5e127c33bbe43eef,"문래베어스타운",영등포구,NO_MATCH,EXACT_JIBUN_ADDRESS,115601240000380001,"서울 영등포구 문래동6가 38-1"
cx_5e20b184f772badb,"신내데시앙포레",중랑구,NO_MATCH,EXACT_PARCEL,112601060008170000,"서울 중랑구 신내동 817"
cx_5e30f00e5059380b,"청담신원아침도시마인",강남구,NO_MATCH,EXACT_JIBUN_ADDRESS,116801040001220035,"서울 강남구 청담동 122-35"
cx_5e357943deed5fd4,"래미안세레니티",성북구,NO_MATCH,EXACT_PARCEL,112901350001330000,"서울 성북구 종암동 133"
cx_5e3890b21b666367,"엘르빌",마포구,NO_MATCH,EXACT_JIBUN_ADDRESS,114401240002500002,"서울 마포구 연남동 250-2"
cx_5e43474da8f090d4,"롯데빌라트2차",서초구,NO_MATCH,EXACT_JIBUN_ADDRESS,116501010009870003,"서울 서초구 방배동 987-3"
cx_5e43dd853dd11eba,"즈믄촌",강동구,NO_MATCH,MULTI_RECORD_SAME_PARCEL,117401090003340000,"서울 강동구 천호동 334"
cx_5e4656a33c308e75,"압구정대원칸타빌아파트",강남구,NO_MATCH,EXACT_PARCEL,116801070006590000,"서울 강남구 신사동 659"
cx_5e5fa917e32aa1b3,"엠화일에이동",서대문구,NO_MATCH,EXACT_JIBUN_ADDRESS,114101200001350006,"서울 서대문구 남가좌동 135-6"
cx_5e7435385f26347f,"방배신삼호",서초구,NO_MATCH,EXACT_PARCEL,116501010007250000,"서울 서초구 방배동 725"
cx_5e78c88fe6035dde,"마곡수명산파크5단지",강서구,NO_MATCH,EXACT_PARCEL,115001060007490000,"서울 강서구 내발산동 749"
cx_5e967293490c8785,"상아2차아파트",송파구,NO_MATCH,EXACT_PARCEL,117101120001650000,"서울 송파구 오금동 165"
cx_5e9ef740f1ff226c,"대상",강동구,NO_MATCH,EXACT_JIBUN_ADDRESS,117401050003440005,"서울 강동구 길동 344-5"
cx_5eab803eb0aa8683,"예전이룸(965-1)",금천구,NO_MATCH,EXACT_JIBUN_ADDRESS,115451020009650001,"서울 금천구 독산동 965-1"
cx_5eadd2b8c00e3e55,"신원지벤스타1",서대문구,NO_MATCH,EXACT_JIBUN_ADDRESS,114101180003920007,"서울 서대문구 홍은동 392-7"
cx_5eb1ed5811231875,"동대문솔하임",중구,NO_MATCH,EXACT_PARCEL,111401630000080000,"서울 중구 흥인동 8"
cx_5eca6276087ef1e2,"대동",광진구,NO_MATCH,EXACT_JIBUN_ADDRESS,112151050007840001,"서울 광진구 자양동 784-1"
cx_5ecea7fb34b74f7b,"벽산",금천구,NO_MATCH,EXACT_PARCEL,115451030010100000,"서울 금천구 시흥동 1010"
cx_5ee6b7aac045c5bc,"아름빌(889-74)",강남구,NO_MATCH,EXACT_JIBUN_ADDRESS,116801060008890074,"서울 강남구 대치동 889-74"
cx_5eee5dd75d6b445e,"남광쉐르빌",은평구,NO_MATCH,EXACT_JIBUN_ADDRESS,113801070000880016,"서울 은평구 응암동 88-16"
cx_5ef10e79280773b5,"골든빌(210-10)",마포구,NO_MATCH,EXACT_JIBUN_ADDRESS,114401250002100010,"서울 마포구 성산동 210-10"
cx_5efb2fe768735605,"대우2",성동구,NO_MATCH,EXACT_PARCEL,112001140007090000,"서울 성동구 성수동1가 709"
cx_5f0074109edd1c62,"광남캐스빌(435-7)",강동구,NO_MATCH,EXACT_JIBUN_ADDRESS,117401080004350007,"서울 강동구 성내동 435-7"
cx_5f0218deac693dfb,"마포트라팰리스",마포구,NO_MATCH,EXACT_PARCEL,114401040005590000,"서울 마포구 도화동 559"
cx_5f0f9df3e19d8f83,"마곡보타닉",강서구,NO_MATCH,EXACT_JIBUN_ADDRESS,115001040002350004,"서울 강서구 가양동 235-4"
cx_5f12141d8b550031,"녹번역e편한세상캐슬",은평구,NO_MATCH,EXACT_PARCEL,113801070007690000,"서울 은평구 응암동 769"
cx_5f14368d92ef070e,"푸르빌",관악구,NO_MATCH,EXACT_JIBUN_ADDRESS,116201010016010010,"서울 관악구 봉천동 1601-10"
cx_5f15df89da371396,"도곡현대힐스테이트101동",강남구,NO_MATCH,MULTI_RECORD_SAME_PARCEL,116801180001830000,"서울 강남구 도곡동 183"
cx_5f1a312812243f9b,"성일빌딩",마포구,NO_MATCH,EXACT_JIBUN_ADDRESS,114401250001140003,"서울 마포구 성산동 114-3"
cx_5f230dcc97f6adfe,"롯데캐슬골든힐스",성북구,NO_MATCH,EXACT_JIBUN_ADDRESS,112901340012870001,"서울 성북구 길음동 1287-1"
cx_5f270023865afbfc,"씨티1차101동",강남구,NO_MATCH,NO_MATCH,116801040001060021,"서울 강남구 청담동 106-21"
cx_5f2e9d96ff0a8247,"신동아아파트3",도봉구,NO_MATCH,EXACT_PARCEL,113201060005300000,"서울 도봉구 방학동 530"
cx_5f300b05f5903a4f,"대림역경남아너스빌",구로구,NO_MATCH,EXACT_PARCEL,115301020012850000,"서울 구로구 구로동 1285"
cx_5f485f59b2122322,"함성월드빌2차",마포구,NO_MATCH,EXACT_PARCEL,114401230005110000,"서울 마포구 망원동 511"
cx_5f4ee62cb191d882,"아스하임(111-102)",광진구,NO_MATCH,EXACT_JIBUN_ADDRESS,112151070001110102,"서울 광진구 화양동 111-102"
cx_5f5e325a89769bdf,"이촌동삼성리버스위트",용산구,NO_MATCH,EXACT_PARCEL,111701290004260000,"서울 용산구 이촌동 426"
cx_5f719227743ce873,"보람쉬움",구로구,NO_MATCH,EXACT_PARCEL,115301020012710000,"서울 구로구 구로동 1271"
cx_5f73852e7d6410f3,"춘당아네시스",양천구,NO_MATCH,EXACT_JIBUN_ADDRESS,114701010008890015,"서울 양천구 신정동 889-15"
cx_5f76e562801ce252,"삼성동신도브래뉴",강남구,NO_MATCH,EXACT_JIBUN_ADDRESS,116801050001210038,"서울 강남구 삼성동 121-38"
cx_5f95897990e2e93d,"청담동현대빌라트",강남구,NO_MATCH,MULTI_RECORD_SAME_PARCEL,116801040001210000,"서울 강남구 청담동 121"
cx_5f96d45d30d534d6,"팔라시오",관악구,NO_MATCH,EXACT_JIBUN_ADDRESS,116201030010530009,"서울 관악구 남현동 1053-9"
cx_5fa71177c63cf208,"서울숲푸르지오",성동구,NO_MATCH,EXACT_PARCEL,112001120003400000,"서울 성동구 금호동4가 340"
cx_5faa0b1a9932f224,"(791-13)우리빌라",구로구,NO_MATCH,EXACT_JIBUN_ADDRESS,115301020007910013,"서울 구로구 구로동 791-13"
cx_5fae66c52af85343,"덕현중앙타워빌",강서구,NO_MATCH,EXACT_JIBUN_ADDRESS,115001060006760012,"서울 강서구 내발산동 676-12"
cx_5fb781665055c414,"건영1",중랑구,NO_MATCH,EXACT_PARCEL,112601020000010000,"서울 중랑구 상봉동 1"
cx_5fba99546865498c,"신반포18(49-17)",서초구,NO_MATCH,NO_MATCH,116501060000490017,"서울 서초구 잠원동 49-17"
cx_5fc98f50c2f8a2a9,"중앙하이츠104동",마포구,NO_MATCH,EXACT_JIBUN_ADDRESS,114401140000420010,"서울 마포구 창전동 42-10"
cx_5fcb28b7fd93e7d8,"한라아파트",광진구,NO_MATCH,EXACT_PARCEL,112151050007620000,"서울 광진구 자양동 762"
cx_5fe7771ce6ade236,"현대파크빌",송파구,NO_MATCH,EXACT_JIBUN_ADDRESS,117101070001470002,"서울 송파구 가락동 147-2"
cx_5ff3b2354e236690,"상상프리",강동구,NO_MATCH,EXACT_JIBUN_ADDRESS,117401060004350002,"서울 강동구 둔촌동 435-2"
cx_5ff7bf514c37d718,"구의현대6단지",광진구,NO_MATCH,EXACT_PARCEL,112151030006100000,"서울 광진구 구의동 610"
cx_5ffaeb47802cfce4,"워커힐푸르지오",광진구,NO_MATCH,EXACT_JIBUN_ADDRESS,112151040001480004,"서울 광진구 광장동 148-4"
cx_5ffd525dae777a80,"마젤란",구로구,NO_MATCH,EXACT_PARCEL,115301060003380000,"서울 구로구 고척동 338"
cx_6005b24c2488bbd8,"엘리시아",도봉구,NO_MATCH,EXACT_JIBUN_ADDRESS,113201070005520012,"서울 도봉구 창동 552-12"
cx_6012f870edcb1032,"연신내역트리플라101동",은평구,NO_MATCH,EXACT_JIBUN_ADDRESS,113801030004840063,"서울 은평구 불광동 484-63"
cx_601764250fc33fca,"자양동명진센트라임",광진구,NO_MATCH,EXACT_JIBUN_ADDRESS,112151050002190011,"서울 광진구 자양동 219-11"
cx_601f1d1938a2ad10,"마인드에코프라움",구로구,NO_MATCH,EXACT_JIBUN_ADDRESS,115301020000980014,"서울 구로구 구로동 98-14"
cx_60284b378ff7799d,"선경빌라트",마포구,NO_MATCH,EXACT_JIBUN_ADDRESS,114401250000170018,"서울 마포구 성산동 17-18"
cx_6028bacb2a962b39,"대방2차e-편한세상",동작구,NO_MATCH,EXACT_PARCEL,115901080005070000,"서울 동작구 대방동 507"
cx_603f0a544dd5706b,"건영2",관악구,NO_MATCH,EXACT_JIBUN_ADDRESS,116201020007210002,"서울 관악구 신림동 721-2"
cx_6047a1dad5abeae7,"방배아트e-편한세상102",서초구,NO_MATCH,EXACT_JIBUN_ADDRESS,116501010004840005,"서울 서초구 방배동 484-5"
cx_604b01038d93d4f7,"칸타빌수유팰리스",강북구,NO_MATCH,EXACT_PARCEL,113051030007410000,"서울 강북구 수유동 741"
cx_604e2f63c2d6d688,"우민늘푸른",구로구,NO_MATCH,EXACT_PARCEL,115301020012790000,"서울 구로구 구로동 1279"
cx_60508182f26bb736,"동양",강서구,NO_MATCH,EXACT_JIBUN_ADDRESS,115001030001020307,"서울 강서구 화곡동 102-307"
cx_605310c94c2cede1,"에비뉴나인티",강남구,NO_MATCH,EXACT_JIBUN_ADDRESS,116801040000900013,"서울 강남구 청담동 90-13"
cx_6056f7e0ce3d4fdb,"신안3",중랑구,NO_MATCH,EXACT_PARCEL,112601040003840000,"서울 중랑구 묵동 384"
cx_60578f016fb59993,"성동상가",성동구,NO_MATCH,EXACT_JIBUN_ADDRESS,112001150003360002,"서울 성동구 성수동2가 336-2"
cx_60616aa536dd3892,"방산아파트",종로구,NO_MATCH,EXACT_JIBUN_ADDRESS,111101700000050089,"서울 종로구 명륜1가 5-89"
cx_6064caa9510ea930,"은평신사두산위브2차",은평구,NO_MATCH,EXACT_PARCEL,113801090003710000,"서울 은평구 신사동 371"
cx_6073bb4c356314ed,"왕십리자이",성동구,NO_MATCH,EXACT_PARCEL,112001020010710000,"서울 성동구 하왕십리동 1071"
cx_608a85cb9ad503e7,"(740-6)",구로구,NO_MATCH,EXACT_JIBUN_ADDRESS,115301020007400006,"서울 구로구 구로동 740-6"
cx_608b5844ce300c17,"상지리츠빌7차",서초구,NO_MATCH,EXACT_JIBUN_ADDRESS,116501010008400012,"서울 서초구 방배동 840-12"
cx_608d508b68457ece,"청원파크빌2",강동구,NO_MATCH,EXACT_JIBUN_ADDRESS,117401050003610018,"서울 강동구 길동 361-18"
cx_609cc54756c2241e,"한라비발디",강남구,NO_MATCH,EXACT_PARCEL,116801180009720000,"서울 강남구 도곡동 972"
cx_60ab871eab36c6d1,"신부",마포구,NO_MATCH,EXACT_JIBUN_ADDRESS,114401230004320063,"서울 마포구 망원동 432-63"
cx_60ad5d1007ca397a,"plumhills",강남구,NO_MATCH,EXACT_JIBUN_ADDRESS,116801180001930067,"서울 강남구 도곡동 193-67"
cx_60b682c7749ee995,"삼성프라자",송파구,NO_MATCH,EXACT_JIBUN_ADDRESS,117101070001680001,"서울 송파구 가락동 168-1"
cx_60b7acd910d204ef,"현대하이페리온",용산구,NO_MATCH,EXACT_PARCEL,111701310008050000,"서울 용산구 한남동 805"
cx_60d10049eaaeb05a,"백련산힐스테이트3차",은평구,NO_MATCH,EXACT_PARCEL,113801070007610000,"서울 은평구 응암동 761"
cx_60d32af51ef5c7dc,"현대반포빌라트b",서초구,NO_MATCH,EXACT_JIBUN_ADDRESS,116501070000770001,"서울 서초구 반포동 77-1"
cx_60d9f2b92a0553ac,"전농동하우스토리",동대문구,NO_MATCH,EXACT_JIBUN_ADDRESS,112301040000320004,"서울 동대문구 전농동 32-4"
cx_60e164142ed711c5,"엘지(214-15)",마포구,NO_MATCH,EXACT_JIBUN_ADDRESS,114401250002140015,"서울 마포구 성산동 214-15"
cx_60e442b7cc3b4035,"휘경베스트빌현대",동대문구,NO_MATCH,EXACT_PARCEL,112301090000520000,"서울 동대문구 휘경동 52"
cx_6102659d46f2fd54,"현대하이츠아파트",마포구,NO_MATCH,EXACT_JIBUN_ADDRESS,114401250002540008,"서울 마포구 성산동 254-8"
cx_611402c2c1eeee4c,"대우",노원구,NO_MATCH,EXACT_PARCEL,113501020007750000,"서울 노원구 월계동 775"
cx_611bee2426e082a1,"현대프라자",영등포구,NO_MATCH,EXACT_JIBUN_ADDRESS,115601060000490001,"서울 영등포구 영등포동5가 49-1"
cx_61200f4a6cbd8ade,"동서3호(381-22)",강서구,NO_MATCH,EXACT_JIBUN_ADDRESS,115001030003810022,"서울 강서구 화곡동 381-22"
cx_6131c02a7d44ec53,"신안2",중랑구,NO_MATCH,EXACT_PARCEL,112601040003820000,"서울 중랑구 묵동 382"
cx_61485567c255957d,"서안에이스",은평구,NO_MATCH,EXACT_JIBUN_ADDRESS,113801070000970003,"서울 은평구 응암동 97-3"
cx_6149d1a045b0e5c2,"월드그린",은평구,NO_MATCH,EXACT_JIBUN_ADDRESS,113801030000080051,"서울 은평구 불광동 8-51"
cx_61563ca610c0edf8,"광장현대9단지",광진구,NO_MATCH,EXACT_PARCEL,112151040005760000,"서울 광진구 광장동 576"
cx_6158a8a45acbe125,"dk밸리뷰서초2차",서초구,NO_MATCH,EXACT_JIBUN_ADDRESS,116501080015970006,"서울 서초구 서초동 1597-6"
cx_615a56af3cca5404,"논현프라임아파트",강남구,NO_MATCH,EXACT_JIBUN_ADDRESS,116801080001960004,"서울 강남구 논현동 196-4"
cx_61610dd44bfe8e32,"롯데캐슬모닝",강남구,NO_MATCH,EXACT_JIBUN_ADDRESS,116801180005510028,"서울 강남구 도곡동 551-28"
cx_617091f335362178,"우리유앤미",구로구,NO_MATCH,EXACT_PARCEL,115301020012770000,"서울 구로구 구로동 1277"
cx_617188f69a74c52b,"신양지(나동)",구로구,NO_MATCH,EXACT_JIBUN_ADDRESS,115301070003180001,"서울 구로구 개봉동 318-1"
cx_618c4d843c0a62fe,"gmvalley",강서구,NO_MATCH,EXACT_JIBUN_ADDRESS,115001030008990027,"서울 강서구 화곡동 899-27"
cx_619d08c09be2b0b2,"중앙화곡하이츠",강서구,NO_MATCH,EXACT_JIBUN_ADDRESS,115001030003510089,"서울 강서구 화곡동 351-89"
cx_619dd5d5288be699,"월가타워",도봉구,NO_MATCH,EXACT_PARCEL,113201070000070000,"서울 도봉구 창동 7"
cx_61a6ecb9de31a398,"신도2",중랑구,NO_MATCH,EXACT_PARCEL,112601040003800000,"서울 중랑구 묵동 380"
cx_61a8691dbe32d3fd,"효창베네스",용산구,NO_MATCH,EXACT_PARCEL,111701190002720000,"서울 용산구 효창동 272"
cx_61b005016761640f,"라테라스청담",강남구,NO_MATCH,EXACT_JIBUN_ADDRESS,116801040000760012,"서울 강남구 청담동 76-12"
cx_61b521659381cefa,"자선메르시안(115)",은평구,NO_MATCH,EXACT_JIBUN_ADDRESS,113801070001150027,"서울 은평구 응암동 115-27"
cx_61c2a7a6547fa2c5,"예성그린캐슬iii",관악구,NO_MATCH,EXACT_PARCEL,116201030011330000,"서울 관악구 남현동 1133"
cx_61ceb88c0dd853fe,"경동엠파이어스테이트",강서구,NO_MATCH,EXACT_JIBUN_ADDRESS,115001030011110003,"서울 강서구 화곡동 1111-3"
cx_61cf94fc11b52d93,"양지쉐르빌아파트",구로구,NO_MATCH,EXACT_JIBUN_ADDRESS,115301080001930017,"서울 구로구 오류동 193-17"
cx_61df6a4fcef6e2c4,"로얄홈타운(928-23)101동",강서구,NO_MATCH,EXACT_JIBUN_ADDRESS,115001030009280023,"서울 강서구 화곡동 928-23"
cx_61ea5fa3928c1cd0,"서광등촌마을아파트",강서구,NO_MATCH,EXACT_PARCEL,115001020006380000,"서울 강서구 등촌동 638"
cx_61f07185ca2d9bb3,"동원월드타운",마포구,NO_MATCH,EXACT_PARCEL,114401260003950000,"서울 마포구 중동 395"
cx_61f49a1ba1731887,"용마한신",중랑구,NO_MATCH,EXACT_JIBUN_ADDRESS,112601010010770001,"서울 중랑구 면목동 1077-1"
cx_61f73e34ace56990,"목동2삼성래미안",양천구,NO_MATCH,EXACT_PARCEL,114701010012950000,"서울 양천구 신정동 1295"
cx_61f9c7293b29c30a,"송파nsuite",송파구,NO_MATCH,EXACT_JIBUN_ADDRESS,117101070000770007,"서울 송파구 가락동 77-7"
cx_61fa299082cc4ba3,"(780-31)",구로구,NO_MATCH,EXACT_JIBUN_ADDRESS,115301020007800031,"서울 구로구 구로동 780-31"
cx_61ff85007afacea9,"프라임하우스(925-17)",강서구,NO_MATCH,EXACT_JIBUN_ADDRESS,115001030009250017,"서울 강서구 화곡동 925-17"
cx_620a34d051c1658f,"(792-9)",구로구,NO_MATCH,EXACT_JIBUN_ADDRESS,115301020007920009,"서울 구로구 구로동 792-9"
cx_62112faa5e7fff63,"덕산",금천구,NO_MATCH,EXACT_JIBUN_ADDRESS,115451010001480001,"서울 금천구 가산동 148-1"
cx_621467b58437f142,"주성드림펠리스",송파구,NO_MATCH,EXACT_JIBUN_ADDRESS,117101070001600001,"서울 송파구 가락동 160-1"
cx_621cfb31f5b6d7b3,"드림빌라트",동작구,NO_MATCH,EXACT_JIBUN_ADDRESS,115901080003810003,"서울 동작구 대방동 381-3"
cx_6228e67a7a9b8f38,"강서한강월드메르디앙",강서구,NO_MATCH,EXACT_PARCEL,115001040014620000,"서울 강서구 가양동 1462"
cx_622a28f6989bba23,"진성아파트102동",강서구,NO_MATCH,EXACT_JIBUN_ADDRESS,115001030011330014,"서울 강서구 화곡동 1133-14"
cx_622e3dcd9f8acbcf,"동원아이파크",송파구,NO_MATCH,EXACT_JIBUN_ADDRESS,117101060000380026,"서울 송파구 삼전동 38-26"
cx_622ec32107d49a92,"창동주공3단지(해등마을)",도봉구,NO_MATCH,EXACT_PARCEL,113201070003470000,"서울 도봉구 창동 347"
cx_623483b1ba26d131,"동일하이빌2단지",양천구,NO_MATCH,EXACT_PARCEL,114701010013110000,"서울 양천구 신정동 1311"
cx_623490a7d335e339,"태경아파트",양천구,NO_MATCH,EXACT_JIBUN_ADDRESS,114701010009550013,"서울 양천구 신정동 955-13"
cx_6234e30a8c2cc607,"우성(104동)",강동구,NO_MATCH,EXACT_JIBUN_ADDRESS,117401080003860074,"서울 강동구 성내동 386-74"
cx_6238690d82e87c8c,"신당블루카운티",중구,NO_MATCH,EXACT_PARCEL,111401650008460000,"서울 중구 황학동 846"
cx_623a33abda3de960,"청솔펠리체",강서구,NO_MATCH,MULTI_RECORD_SAME_PARCEL,115001020006510000,"서울 강서구 등촌동 651"
cx_623d20a3b492ef89,"고덕리엔파크1단지",강동구,NO_MATCH,EXACT_PARCEL,117401100007070000,"서울 강동구 강일동 707"
cx_623e740dc8774a9b,"월드메르시안(179-9)",은평구,NO_MATCH,EXACT_JIBUN_ADDRESS,113801100001790009,"서울 은평구 증산동 179-9"
cx_624346fc6cc119b6,"에이스빌(370-3)",강동구,NO_MATCH,EXACT_JIBUN_ADDRESS,117401050003700003,"서울 강동구 길동 370-3"
cx_624e4808c6870bcf,"현암b동",구로구,NO_MATCH,EXACT_JIBUN_ADDRESS,115301020008000009,"서울 구로구 구로동 800-9"
cx_625dfef6aa00ebe1,"월드",송파구,NO_MATCH,EXACT_JIBUN_ADDRESS,117101050002970028,"서울 송파구 석촌동 297-28"
cx_626257d2955688cc,"래미안크레시티",동대문구,NO_MATCH,EXACT_PARCEL,112301040006900000,"서울 동대문구 전농동 690"
cx_626f6a1613631e1e,"동대문와이즈캐슬",중구,NO_MATCH,EXACT_PARCEL,111401630001190000,"서울 중구 흥인동 119"
cx_6279df96262986b9,"대동",노원구,NO_MATCH,EXACT_PARCEL,113501020009250000,"서울 노원구 월계동 925"
cx_627b3c5bb9bb9ce7,"한양럭스",강남구,NO_MATCH,EXACT_JIBUN_ADDRESS,116801010006280001,"서울 강남구 역삼동 628-1"
cx_627deaab08d0349c,"대방(375-22)",동작구,NO_MATCH,EXACT_JIBUN_ADDRESS,115901080003750022,"서울 동작구 대방동 375-22"
cx_6288ff4c43e519a2,"칠성(952-7)",금천구,NO_MATCH,EXACT_JIBUN_ADDRESS,115451030009520007,"서울 금천구 시흥동 952-7"
cx_62a0112dae6fa8b0,"대우디오슈페리움1단지",관악구,NO_MATCH,EXACT_JIBUN_ADDRESS,116201010008560005,"서울 관악구 봉천동 856-5"
cx_62a42b344dd18c4d,"쁘띠그린힐",관악구,NO_MATCH,EXACT_JIBUN_ADDRESS,116201010009570006,"서울 관악구 봉천동 957-6"
cx_62a78ed75b29a564,"태성비리치",강서구,NO_MATCH,EXACT_JIBUN_ADDRESS,115001030004650013,"서울 강서구 화곡동 465-13"
cx_62aa9886459e85de,"세명",구로구,NO_MATCH,EXACT_JIBUN_ADDRESS,115301020007170011,"서울 구로구 구로동 717-11"
cx_62aaeac6407fce6a,"바라본",관악구,NO_MATCH,EXACT_JIBUN_ADDRESS,116201020000980401,"서울 관악구 신림동 98-401"
cx_62b3c035cdebb81c,"영풍마드레빌",중랑구,NO_MATCH,EXACT_PARCEL,112601060008010000,"서울 중랑구 신내동 801"
cx_62c9168d18fcf9bd,"둔촌늘푸른",강동구,NO_MATCH,EXACT_JIBUN_ADDRESS,117401060000650004,"서울 강동구 둔촌동 65-4"
cx_62dd1d8c181b0d95,"수산타운(2차)",중구,NO_MATCH,EXACT_JIBUN_ADDRESS,111401620004322006,"서울 중구 신당동 432-2006"
cx_62dd39d811e23750,"광해리드빌",서초구,NO_MATCH,EXACT_JIBUN_ADDRESS,116501010009170005,"서울 서초구 방배동 917-5"
cx_62e10c5e8c18ff7e,"정호탑",동작구,NO_MATCH,EXACT_PARCEL,115901030005640000,"서울 동작구 상도1동 564"
cx_62e6de30923f8853,"퍼스티안",도봉구,NO_MATCH,EXACT_JIBUN_ADDRESS,113201060007050017,"서울 도봉구 방학동 705-17"
cx_62f3e4c8df7f9124,"동국화이트빌b동",양천구,NO_MATCH,EXACT_JIBUN_ADDRESS,114701010008790005,"서울 양천구 신정동 879-5"
cx_6304133d78556457,"래미안수유",강북구,NO_MATCH,EXACT_PARCEL,113051030007300000,"서울 강북구 수유동 730"
cx_6311fe33ecce71a4,"한솔솔파크",영등포구,NO_MATCH,EXACT_PARCEL,115601330011230000,"서울 영등포구 대림동 1123"
cx_631cfa0b3a77e2f0,"충무",중구,NO_MATCH,EXACT_JIBUN_ADDRESS,111401360000110002,"서울 중구 묵정동 11-2"
cx_6320cefe719483a4,"서교푸르지오",마포구,NO_MATCH,EXACT_PARCEL,114401200004860000,"서울 마포구 서교동 486"
cx_63227a6e9c1f69eb,"힐데스하임",은평구,NO_MATCH,EXACT_PARCEL,113801140000640000,"서울 은평구 진관동 64"
cx_632303f204a11420,"자선메르시안(102)",은평구,NO_MATCH,EXACT_JIBUN_ADDRESS,113801100001740014,"서울 은평구 증산동 174-14"
cx_6328c087947c1b82,"세움삼익플라주",중랑구,NO_MATCH,EXACT_JIBUN_ADDRESS,112601050002070006,"서울 중랑구 망우동 207-6"
cx_633186cf9302d7d1,"연희웨스트팰리스",서대문구,NO_MATCH,EXACT_PARCEL,114101170007460000,"서울 서대문구 연희동 746"
cx_633fc3950b8db02f,"삼성그랑빌",강남구,NO_MATCH,EXACT_JIBUN_ADDRESS,116801050001500020,"서울 강남구 삼성동 150-20"
cx_634db4eb03da3527,"(771-1)",구로구,NO_MATCH,EXACT_JIBUN_ADDRESS,115301020007710001,"서울 구로구 구로동 771-1"
cx_6350ed49a272e8a2,"삼창",노원구,NO_MATCH,EXACT_JIBUN_ADDRESS,113501020004480003,"서울 노원구 월계동 448-3"
cx_6358fe6781e2e49b,"동부센트레빌아파트",도봉구,NO_MATCH,MULTI_RECORD_SAME_PARCEL,113201060006890000,"서울 도봉구 방학동 689"
cx_635bbe234abe0f76,"정릉푸르지오",성북구,NO_MATCH,EXACT_PARCEL,112901330004060000,"서울 성북구 정릉동 406"
cx_637085c1203bade7,"창신쌍용1",종로구,NO_MATCH,EXACT_PARCEL,111101740007020000,"서울 종로구 창신동 702"
cx_6372015caafc850e,"한건브리앙아파트",강동구,NO_MATCH,EXACT_JIBUN_ADDRESS,117401090003380020,"서울 강동구 천호동 338-20"
cx_6386604c0730118c,"라인",구로구,NO_MATCH,EXACT_PARCEL,115301080003340000,"서울 구로구 오류동 334"
cx_6387d60ed19e84e0,"파크힐",도봉구,NO_MATCH,EXACT_JIBUN_ADDRESS,113201070004430004,"서울 도봉구 창동 443-4"
cx_6399405b0a0821c3,"와이즈플레이스",금천구,NO_MATCH,EXACT_JIBUN_ADDRESS,115451030008820061,"서울 금천구 시흥동 882-61"
cx_639ca6420a0eb61b,"중계그린1단지",노원구,NO_MATCH,EXACT_JIBUN_ADDRESS,113501060005020001,"서울 노원구 중계동 502-1"
cx_639dfc4b9ccd319b,"동보수목원(16-36)",구로구,NO_MATCH,EXACT_JIBUN_ADDRESS,115301120000160036,"서울 구로구 항동 16-36"
cx_63a10b0dee710866,"해맞이에이동",강동구,NO_MATCH,MULTI_RECORD_SAME_PARCEL,117401050002280000,"서울 강동구 길동 228"
cx_63ad332e45a8367f,"천호동1차예전이룸아파트",강동구,NO_MATCH,EXACT_JIBUN_ADDRESS,117401090000490004,"서울 강동구 천호동 49-4"
cx_63b1fbee70dd0b02,"골든빌3차",마포구,NO_MATCH,EXACT_JIBUN_ADDRESS,114401250000500001,"서울 마포구 성산동 50-1"
cx_63b2c8ec7d523f2a,"양우",구로구,NO_MATCH,EXACT_PARCEL,115301060003280000,"서울 구로구 고척동 328"
cx_63b3869eae3ad9cf,"리첸시아용산a",용산구,NO_MATCH,EXACT_JIBUN_ADDRESS,111701120001330003,"서울 용산구 원효로1가 133-3"
cx_63b67694f4f20584,"동일씨티빌",송파구,NO_MATCH,EXACT_JIBUN_ADDRESS,117101070000160012,"서울 송파구 가락동 16-12"
cx_63baa6f4426cc4e7,"아미캐슬(434-32)",강동구,NO_MATCH,EXACT_JIBUN_ADDRESS,117401080004340032,"서울 강동구 성내동 434-32"
cx_63bac9667cd6f874,"갈현삼성",은평구,NO_MATCH,EXACT_PARCEL,113801040005440000,"서울 은평구 갈현동 544"
cx_63cb216bb0a2e54e,"동문",강북구,NO_MATCH,EXACT_PARCEL,113051020006570000,"서울 강북구 번동 657"
cx_63dd25800c35a072,"코오롱오투빌2",강서구,NO_MATCH,EXACT_PARCEL,115001020007120000,"서울 강서구 등촌동 712"
cx_63df531823b0ccfb,"아이파크",동작구,NO_MATCH,EXACT_PARCEL,115901020004160000,"서울 동작구 상도동 416"
cx_63e75e1d5eb3984b,"(718-23)삼성빌라트",구로구,NO_MATCH,EXACT_JIBUN_ADDRESS,115301020007180023,"서울 구로구 구로동 718-23"
cx_63ecf54fbf677f1c,"(792-78)",구로구,NO_MATCH,EXACT_JIBUN_ADDRESS,115301020007920078,"서울 구로구 구로동 792-78"
cx_63f4501891e27116,"힐스테이트리슈빌강일",강동구,NO_MATCH,EXACT_PARCEL,117401100000720000,"서울 강동구 강일동 72"
cx_63f9ce698cbce530,"서초노빌리에",서초구,NO_MATCH,EXACT_JIBUN_ADDRESS,116501080015660019,"서울 서초구 서초동 1566-19"
cx_63fda054609f75b7,"태성",관악구,NO_MATCH,EXACT_JIBUN_ADDRESS,116201020015800003,"서울 관악구 신림동 1580-3"
cx_63fdf472c14d42e2,"대조동아트캐슬주상복합",은평구,NO_MATCH,EXACT_JIBUN_ADDRESS,113801060001980010,"서울 은평구 대조동 198-10"
cx_64018955e906506a,"(749-8)",구로구,NO_MATCH,EXACT_JIBUN_ADDRESS,115301020007490008,"서울 구로구 구로동 749-8"
cx_640594368b03631d,"한울에이치밸리움b동",강서구,NO_MATCH,EXACT_JIBUN_ADDRESS,115001030010650002,"서울 강서구 화곡동 1065-2"
cx_6408b1da1096bdeb,"정은스카이빌(959)",양천구,NO_MATCH,EXACT_PARCEL,114701020009590000,"서울 양천구 목동 959"
cx_640a27e5dc385449,"라온채",서초구,NO_MATCH,EXACT_JIBUN_ADDRESS,116501010000120036,"서울 서초구 방배동 12-36"
cx_641416be38ddc2a7,"이편한세상금호파크힐스",성동구,NO_MATCH,EXACT_PARCEL,112001090018230000,"서울 성동구 금호동1가 1823"
cx_6414c4532fa7386b,"현대상가",강동구,NO_MATCH,EXACT_JIBUN_ADDRESS,117401080003830011,"서울 강동구 성내동 383-11"
cx_64214464b6337c75,"은선파인빌",관악구,NO_MATCH,EXACT_JIBUN_ADDRESS,116201010004640041,"서울 관악구 봉천동 464-41"
cx_642bd922706b125e,"계룡아파트",금천구,NO_MATCH,EXACT_JIBUN_ADDRESS,115451020003320014,"서울 금천구 독산동 332-14"
cx_642c2ffa3dd43df3,"광남캐스빌(389-9)",강동구,NO_MATCH,EXACT_JIBUN_ADDRESS,117401050003890009,"서울 강동구 길동 389-9"
cx_642d8ab8be61f5ea,"두원b동",양천구,NO_MATCH,EXACT_JIBUN_ADDRESS,114701030004850003,"서울 양천구 신월동 485-3"
cx_6433fce2cfb99203,"ys홈타운",은평구,NO_MATCH,EXACT_JIBUN_ADDRESS,113801060001860044,"서울 은평구 대조동 186-44"
cx_6434919fb894e3d1,"명일우성",강동구,NO_MATCH,EXACT_PARCEL,117401010000420000,"서울 강동구 명일동 42"
cx_64362971950d9e24,"갤럭시더정릉",성북구,NO_MATCH,EXACT_JIBUN_ADDRESS,112901330001500027,"서울 성북구 정릉동 150-27"
cx_64372c056c7f6b49,"서초더샵포레",서초구,NO_MATCH,EXACT_PARCEL,116501090004110000,"서울 서초구 내곡동 411"
cx_643a88dcdddcc568,"석촌동효신아파트",송파구,NO_MATCH,EXACT_JIBUN_ADDRESS,117101050000540031,"서울 송파구 석촌동 54-31"
cx_6447083bfee4c27c,"우창굿모닝",구로구,NO_MATCH,EXACT_JIBUN_ADDRESS,115301080002920010,"서울 구로구 오류동 292-10"
cx_645cd2c5a991f69f,"knp이스트빌",강동구,NO_MATCH,MULTI_RECORD_SAME_PARCEL,117401060000620000,"서울 강동구 둔촌동 62"
cx_645e8002dd4c8004,"성원",도봉구,NO_MATCH,EXACT_PARCEL,113201050000530000,"서울 도봉구 쌍문동 53"
cx_646b3741c7335aaa,"래미안트리베라1단지",강북구,NO_MATCH,EXACT_PARCEL,113051010008130000,"서울 강북구 미아동 813"
cx_64a2859c911b7b2b,"한양6",강남구,NO_MATCH,EXACT_PARCEL,116801100004840000,"서울 강남구 압구정동 484"
cx_64a831c518ab0633,"원효전자상가",용산구,NO_MATCH,EXACT_JIBUN_ADDRESS,111701280000160020,"서울 용산구 한강로3가 16-20"
cx_64a87a8b024479b4,"요산페어뷰",강서구,NO_MATCH,EXACT_JIBUN_ADDRESS,115001030003770021,"서울 강서구 화곡동 377-21"
cx_64a996112b2a7194,"(685-103)",관악구,NO_MATCH,EXACT_JIBUN_ADDRESS,116201010006850103,"서울 관악구 봉천동 685-103"
cx_64b1e2de187b1b2e,"동일파크스위트",강남구,NO_MATCH,EXACT_JIBUN_ADDRESS,116801050001000014,"서울 강남구 삼성동 100-14"
cx_64c4f0b3815581ae,"현대리버빌",광진구,NO_MATCH,EXACT_JIBUN_ADDRESS,112151040001310001,"서울 광진구 광장동 131-1"
cx_64cf8d702e540175,"해오름2차",마포구,NO_MATCH,EXACT_JIBUN_ADDRESS,114401230003820003,"서울 마포구 망원동 382-3"
cx_64d3930af2f2ba7c,"태성",강동구,NO_MATCH,EXACT_JIBUN_ADDRESS,117401050003600005,"서울 강동구 길동 360-5"
cx_64de000abb4357e3,"리채",동대문구,NO_MATCH,EXACT_JIBUN_ADDRESS,112301020000290001,"서울 동대문구 용두동 29-1"
cx_64e1193c116d0762,"동광팰리스",중구,NO_MATCH,EXACT_PARCEL,111401650015720000,"서울 중구 황학동 1572"
cx_64e5edd9022d17ca,"중앙힐",구로구,NO_MATCH,EXACT_JIBUN_ADDRESS,115301070003220012,"서울 구로구 개봉동 322-12"
cx_64eb2bff9fcc9821,"삼도2",양천구,NO_MATCH,EXACT_JIBUN_ADDRESS,114701020003150005,"서울 양천구 목동 315-5"
cx_64ee8f91267a6ae3,"(717-22)함양주택",구로구,NO_MATCH,EXACT_JIBUN_ADDRESS,115301020007170022,"서울 구로구 구로동 717-22"
cx_64f01bd8836fe74e,"흥양훼미리",양천구,NO_MATCH,EXACT_JIBUN_ADDRESS,114701030000870021,"서울 양천구 신월동 87-21"
cx_64f73bdd6f6b7b80,"로얄훼미리",관악구,NO_MATCH,EXACT_JIBUN_ADDRESS,116201010016900170,"서울 관악구 봉천동 1690-170"
cx_64f95adfe1ebedf2,"제일아파트",구로구,NO_MATCH,EXACT_JIBUN_ADDRESS,115301070003610001,"서울 구로구 개봉동 361-1"
cx_64fa5787aa2b386c,"신내11대명",중랑구,NO_MATCH,EXACT_PARCEL,112601060006610000,"서울 중랑구 신내동 661"
cx_64fb0a3a949ad3a5,"프리우스",양천구,NO_MATCH,EXACT_JIBUN_ADDRESS,114701010000860006,"서울 양천구 신정동 86-6"
cx_64fee6fba68d9dc3,"힐데스하임올림픽파크아파트",강동구,NO_MATCH,EXACT_PARCEL,117401080006080000,"서울 강동구 성내동 608"
cx_650710ddaaf94dcb,"수락현대",노원구,NO_MATCH,EXACT_PARCEL,113501050012720000,"서울 노원구 상계동 1272"
cx_6509af18a558cd7a,"시영",강남구,NO_MATCH,NO_MATCH,116801030006560000,"서울 강남구 개포동 656"
cx_650a7673a827f995,"동궁리치웰문정(101)",송파구,NO_MATCH,EXACT_JIBUN_ADDRESS,117101080000550003,"서울 송파구 문정동 55-3"
cx_650e6fe8036cc947,"롯데캐슬아르떼",서초구,NO_MATCH,EXACT_JIBUN_ADDRESS,116501010004240028,"서울 서초구 방배동 424-28"
cx_65109f6a89506c4a,"독산동한양수자인",금천구,NO_MATCH,EXACT_PARCEL,115451020011440000,"서울 금천구 독산동 1144"
cx_651cb389151b5052,"선정(348-12)",은평구,NO_MATCH,EXACT_JIBUN_ADDRESS,113801090003480012,"서울 은평구 신사동 348-12"
cx_65213ba498d07322,"목동진흥",양천구,NO_MATCH,EXACT_JIBUN_ADDRESS,114701020005390006,"서울 양천구 목동 539-6"
cx_65248c7a5ad37f44,"아이퍼스트빌",강동구,NO_MATCH,EXACT_JIBUN_ADDRESS,117401080001990018,"서울 강동구 성내동 199-18"
cx_65271fb9ee6472b1,"역촌맨션",은평구,NO_MATCH,NO_MATCH,113801040004670002,"서울 은평구 갈현동 467-2"
cx_6528e327a49d2cb8,"현대홈타운2",동작구,NO_MATCH,EXACT_PARCEL,115901080005060000,"서울 동작구 대방동 506"
cx_6534f7e03244d895,"미주a",용산구,NO_MATCH,EXACT_JIBUN_ADDRESS,111701290003020054,"서울 용산구 이촌동 302-54"
cx_65378bd31a7f269b,"쌍용",성동구,NO_MATCH,EXACT_PARCEL,112001140007060000,"서울 성동구 성수동1가 706"
cx_6539306879a9eff9,"혜당",용산구,NO_MATCH,EXACT_JIBUN_ADDRESS,111701010002440143,"서울 용산구 후암동 244-143"
cx_6542e8e343d97acf,"ym프라젠",성동구,NO_MATCH,EXACT_JIBUN_ADDRESS,112001220002260004,"서울 성동구 용답동 226-4"
cx_65505d4a4f801a63,"라체르보푸르지오써밋",성동구,NO_MATCH,MULTI_RECORD_SAME_PARCEL,112001070001280000,"서울 성동구 행당동 128"
cx_6556af6d85898d5b,"만민하늘애",마포구,NO_MATCH,EXACT_JIBUN_ADDRESS,114401250000540007,"서울 마포구 성산동 54-7"
cx_655a6fda531ba660,"백운한비치(나)",금천구,NO_MATCH,EXACT_JIBUN_ADDRESS,115451010001450042,"서울 금천구 가산동 145-42"
cx_655d098fc2f50bfa,"팰리스힐",송파구,NO_MATCH,EXACT_JIBUN_ADDRESS,117101130001270001,"서울 송파구 거여동 127-1"
cx_656bd51d01d91ad1,"동문",관악구,NO_MATCH,EXACT_PARCEL,116201020016960000,"서울 관악구 신림동 1696"
cx_656c8dc3e65e5f1e,"삼일",중랑구,NO_MATCH,EXACT_JIBUN_ADDRESS,112601010004990042,"서울 중랑구 면목동 499-42"
cx_657751867c863fa1,"현대홈타운3차",동대문구,NO_MATCH,EXACT_PARCEL,112301060005710000,"서울 동대문구 장안동 571"
cx_657fc95080a28ea1,"제이타워1",은평구,NO_MATCH,EXACT_JIBUN_ADDRESS,113801060000040012,"서울 은평구 대조동 4-12"
cx_657fdee9f229144b,"미주프라자",영등포구,NO_MATCH,EXACT_JIBUN_ADDRESS,115601240000560001,"서울 영등포구 문래동6가 56-1"
cx_6580eeebe4ff3bbe,"양평역미소지움",영등포구,NO_MATCH,EXACT_PARCEL,115601270001060000,"서울 영등포구 양평동3가 106"
cx_65843be8f78aa2f9,"아크로빌",송파구,NO_MATCH,EXACT_JIBUN_ADDRESS,117101110001040004,"서울 송파구 방이동 104-4"
cx_6590d99df12cd622,"래미안당산1차",영등포구,NO_MATCH,EXACT_PARCEL,115601170003740000,"서울 영등포구 당산동 374"
cx_659682614934f257,"산수(86-20)",은평구,NO_MATCH,EXACT_JIBUN_ADDRESS,113801020000860020,"서울 은평구 녹번동 86-20"
cx_65a75001676c4021,"(740-24)",구로구,NO_MATCH,EXACT_JIBUN_ADDRESS,115301020007400024,"서울 구로구 구로동 740-24"
cx_65b73c7812bcfa96,"삼종레이빌102동",양천구,NO_MATCH,EXACT_JIBUN_ADDRESS,114701030005190025,"서울 양천구 신월동 519-25"
cx_65dcf8cbe7f80d28,"동은노보빌(887-1)",금천구,NO_MATCH,EXACT_JIBUN_ADDRESS,115451020008870001,"서울 금천구 독산동 887-1"
cx_65e0db2bdc44c727,"금하뜨라네",양천구,NO_MATCH,EXACT_JIBUN_ADDRESS,114701030001420014,"서울 양천구 신월동 142-14"
cx_65e5fc12a384a638,"주공8",노원구,NO_MATCH,EXACT_JIBUN_ADDRESS,113501060003620001,"서울 노원구 중계동 362-1"
cx_65f6d7427e6488be,"우성5",구로구,NO_MATCH,EXACT_PARCEL,115301010006380000,"서울 구로구 신도림동 638"
cx_65f9896673bffe46,"수락리버시티4단지",노원구,NO_MATCH,EXACT_PARCEL,113501050013130000,"서울 노원구 상계동 1313"
cx_6600c3b850f7883b,"청담디에브스아파트",강남구,NO_MATCH,EXACT_JIBUN_ADDRESS,116801040000620006,"서울 강남구 청담동 62-6"
cx_660ffa6e61d10258,"워커힐리버빌",광진구,NO_MATCH,EXACT_PARCEL,112151040001240000,"서울 광진구 광장동 124"
cx_661690b9dedd8cea,"로즈그린타운",양천구,NO_MATCH,EXACT_JIBUN_ADDRESS,114701030005350007,"서울 양천구 신월동 535-7"
cx_6618b08ae8f9f1ad,"목동센트럴아이파크위브3단지",양천구,NO_MATCH,EXACT_PARCEL,114701030010770000,"서울 양천구 신월동 1077"
cx_662537a7c1ee4eeb,"천강(332-6)",동대문구,NO_MATCH,EXACT_JIBUN_ADDRESS,112301060003320006,"서울 동대문구 장안동 332-6"
cx_663241ec6ea8bd2a,"은진",강북구,NO_MATCH,EXACT_JIBUN_ADDRESS,113051030006900009,"서울 강북구 수유동 690-9"
cx_66332471e223493f,"(792-17)",구로구,NO_MATCH,EXACT_JIBUN_ADDRESS,115301020007920017,"서울 구로구 구로동 792-17"
cx_663537c48ed8b3e6,"유성",은평구,NO_MATCH,EXACT_JIBUN_ADDRESS,113801090000230044,"서울 은평구 신사동 23-44"
cx_663b0a017397051f,"우당",강서구,NO_MATCH,EXACT_JIBUN_ADDRESS,115001020006530013,"서울 강서구 등촌동 653-13"
cx_663f9abd95f492aa,"쎈트앤빌2",관악구,NO_MATCH,EXACT_JIBUN_ADDRESS,116201030006020192,"서울 관악구 남현동 602-192"
cx_66434d683dc3914e,"송파파인타운6단지",송파구,NO_MATCH,EXACT_PARCEL,117101090008470000,"서울 송파구 장지동 847"
cx_6643aaf81b02509f,"벽산송화프라자",도봉구,NO_MATCH,MULTI_RECORD_SAME_PARCEL,113201050000200000,"서울 도봉구 쌍문동 20"
cx_6648e2c8d158b918,"대치더클래스",강남구,NO_MATCH,EXACT_PARCEL,116801060010310000,"서울 강남구 대치동 1031"
cx_6649985e7f943a08,"대치주성",강남구,NO_MATCH,EXACT_JIBUN_ADDRESS,116801060009620020,"서울 강남구 대치동 962-20"
cx_664b356f99d7b2ff,"목동신시가지14",양천구,NO_MATCH,EXACT_PARCEL,114701010003290000,"서울 양천구 신정동 329"
cx_665bc319c67b565d,"(780-72)삼익빌라",구로구,NO_MATCH,EXACT_JIBUN_ADDRESS,115301020007800072,"서울 구로구 구로동 780-72"
cx_66612e6ea3357bad,"미성",양천구,NO_MATCH,EXACT_JIBUN_ADDRESS,114701020007450012,"서울 양천구 목동 745-12"
cx_6686c5be57751ec6,"수락파크빌",노원구,NO_MATCH,EXACT_PARCEL,113501050012690000,"서울 노원구 상계동 1269"
cx_6688c94546d9e495,"구의현대2단지",광진구,NO_MATCH,EXACT_PARCEL,112151030006110000,"서울 광진구 구의동 611"
cx_668f4b7f6ed2589a,"일신건영휴먼빌아파트",마포구,NO_MATCH,EXACT_PARCEL,114401220004700000,"서울 마포구 합정동 470"
cx_66959df80e638ee5,"명일동다성이즈빌아파트",강동구,NO_MATCH,EXACT_PARCEL,117401010003580000,"서울 강동구 명일동 358"
cx_669b16424150c1cd,"거상홈타운701동",금천구,NO_MATCH,EXACT_JIBUN_ADDRESS,115451030009490006,"서울 금천구 시흥동 949-6"
cx_66bcf842db05f395,"사랑채",서대문구,NO_MATCH,EXACT_JIBUN_ADDRESS,114101030000310009,"서울 서대문구 합동 31-9"
cx_66cb5ad7bf43a7d1,"쌍용스윗닷홈(104동)",송파구,NO_MATCH,MULTI_RECORD_SAME_PARCEL,117101070000520000,"서울 송파구 가락동 52"
cx_66ced4c6f761ed2d,"아트리움",성동구,NO_MATCH,EXACT_JIBUN_ADDRESS,112001050007680001,"서울 성동구 마장동 768-1"
cx_66d22d9db0ae9960,"한빛로얄(796-43)",금천구,NO_MATCH,EXACT_JIBUN_ADDRESS,115451030007960043,"서울 금천구 시흥동 796-43"
cx_66e1d99c4a4c35f5,"청담현대3차아파트",강남구,NO_MATCH,EXACT_JIBUN_ADDRESS,116801040001270031,"서울 강남구 청담동 127-31"
cx_66eb24c5615849cb,"두성아파트",은평구,NO_MATCH,MULTI_RECORD_SAME_PARCEL,113801080002190000,"서울 은평구 역촌동 219"
cx_66f16faeb81eb645,"남광쉐르빌(923-10)",강서구,NO_MATCH,EXACT_JIBUN_ADDRESS,115001030009230010,"서울 강서구 화곡동 923-10"
cx_66f3d5779d857053,"양천홈타운2차아파트",양천구,NO_MATCH,EXACT_JIBUN_ADDRESS,114701030004610005,"서울 양천구 신월동 461-5"
cx_670a1d96b614e1f1,"태흥그랑뷰",강서구,NO_MATCH,EXACT_JIBUN_ADDRESS,115001030003480018,"서울 강서구 화곡동 348-18"
cx_670c1d08dc102b3b,"현대(6차)",송파구,NO_MATCH,EXACT_PARCEL,117101070000550000,"서울 송파구 가락동 55"
cx_670d2450b3839b2d,"삼우캐슬",마포구,NO_MATCH,EXACT_JIBUN_ADDRESS,114401250006460002,"서울 마포구 성산동 646-2"
cx_670db42d76d58c82,"흥인아이젠",양천구,NO_MATCH,EXACT_JIBUN_ADDRESS,114701030005450002,"서울 양천구 신월동 545-2"
cx_671041a43f961a19,"골드빌",강북구,NO_MATCH,MULTI_RECORD_SAME_PARCEL,113051030005690000,"서울 강북구 수유동 569"
cx_671755a1941e8369,"명수대한양",동작구,NO_MATCH,NO_MATCH,115901050000380058,"서울 동작구 흑석동 38-58"
cx_67194b0815c1e083,"목동신시가지12",양천구,NO_MATCH,EXACT_PARCEL,114701010003260000,"서울 양천구 신정동 326"
cx_6721b1a307fd3659,"다청림(103동)",구로구,NO_MATCH,EXACT_JIBUN_ADDRESS,115301090001820011,"서울 구로구 궁동 182-11"
cx_672348f06ff8d5b1,"위너스",서초구,NO_MATCH,EXACT_JIBUN_ADDRESS,116501020000150009,"서울 서초구 양재동 15-9"
cx_6728e8b1409c7ce4,"상계1차현대아파트",노원구,NO_MATCH,EXACT_PARCEL,113501050010550000,"서울 노원구 상계동 1055"
cx_6739db500efaf762,"두원",중랑구,NO_MATCH,EXACT_PARCEL,112601010015210000,"서울 중랑구 면목동 1521"
cx_673fc253f040dd01,"청운제일(362-0)",은평구,NO_MATCH,EXACT_PARCEL,113801090003620000,"서울 은평구 신사동 362"
cx_6747293758143b4a,"아이안빌",은평구,NO_MATCH,EXACT_JIBUN_ADDRESS,113801060000040018,"서울 은평구 대조동 4-18"
cx_674fdbd4c2f9b6f5,"계명가동(343-65)",강서구,NO_MATCH,EXACT_JIBUN_ADDRESS,115001030003430065,"서울 강서구 화곡동 343-65"
cx_6762b591b4642782,"이니지오",중랑구,NO_MATCH,EXACT_PARCEL,112601010015540000,"서울 중랑구 면목동 1554"
cx_676b7ba1febcc302,"빛여울",양천구,NO_MATCH,EXACT_JIBUN_ADDRESS,114701030001510006,"서울 양천구 신월동 151-6"
cx_676d7d5c222b7b1d,"세모",중랑구,NO_MATCH,EXACT_JIBUN_ADDRESS,112601010000910058,"서울 중랑구 면목동 91-58"
cx_67728a50cfbd18c7,"라이프시티",은평구,NO_MATCH,EXACT_JIBUN_ADDRESS,113801040002670001,"서울 은평구 갈현동 267-1"
cx_6779605c29ae9d1c,"신반포12",서초구,NO_MATCH,EXACT_JIBUN_ADDRESS,116501060000500005,"서울 서초구 잠원동 50-5"
cx_677e106bce419381,"(740-62)",구로구,NO_MATCH,EXACT_JIBUN_ADDRESS,115301020007400062,"서울 구로구 구로동 740-62"
cx_6781118cdcb2a3db,"디팰리스",종로구,NO_MATCH,EXACT_PARCEL,111101210001710000,"서울 종로구 신문로2가 171"
cx_678567c3f69b2535,"화성(311-6)",동대문구,NO_MATCH,EXACT_JIBUN_ADDRESS,112301060003110006,"서울 동대문구 장안동 311-6"
cx_6785b31e9af5bc24,"천호2차우림루미아트",강동구,NO_MATCH,MULTI_RECORD_SAME_PARCEL,117401090000500000,"서울 강동구 천호동 50"
cx_6786eb911ce79670,"청솔수(711-6)",강서구,NO_MATCH,EXACT_JIBUN_ADDRESS,115001060007110006,"서울 강서구 내발산동 711-6"
cx_6787e183ad47e016,"발쿠치네하우스",강서구,NO_MATCH,EXACT_PARCEL,115001080013780000,"서울 강서구 공항동 1378"
cx_67883ae2be3a4a25,"(770-52)",구로구,NO_MATCH,EXACT_JIBUN_ADDRESS,115301020007700052,"서울 구로구 구로동 770-52"
cx_678945c6d0afa0e8,"하늘공원아파트(103동)",노원구,NO_MATCH,EXACT_JIBUN_ADDRESS,113501030002220015,"서울 노원구 공릉동 222-15"
cx_6795380b02d5ed13,"신답경남",동대문구,NO_MATCH,EXACT_JIBUN_ADDRESS,112301050006450008,"서울 동대문구 답십리동 645-8"
cx_679b456e40bb7b03,"신사레전드",서초구,NO_MATCH,EXACT_JIBUN_ADDRESS,116501060000080027,"서울 서초구 잠원동 8-27"
cx_67a06b9f02154087,"당산삼성2차",영등포구,NO_MATCH,EXACT_JIBUN_ADDRESS,115601140000940001,"서울 영등포구 당산동4가 94-1"
cx_67a78453a9359ea7,"현대하이츠",노원구,NO_MATCH,EXACT_JIBUN_ADDRESS,113501050000900001,"서울 노원구 상계동 90-1"
cx_67b2814b75079f65,"광남벨라스타워",강동구,NO_MATCH,EXACT_JIBUN_ADDRESS,117401080004450004,"서울 강동구 성내동 445-4"
cx_67b7f39c21e55a7a,"로데오현대",강남구,NO_MATCH,EXACT_PARCEL,116801070006580000,"서울 강남구 신사동 658"
cx_67bb9b1840b2ebf6,"시앤디아파트",강동구,NO_MATCH,EXACT_PARCEL,117401010003600000,"서울 강동구 명일동 360"
cx_67c34f97369b1feb,"대성유니드",양천구,NO_MATCH,EXACT_PARCEL,114701030010330000,"서울 양천구 신월동 1033"
cx_67d3c2d52851b825,"럭키(963)",강남구,NO_MATCH,EXACT_PARCEL,116801180009630000,"서울 강남구 도곡동 963"
cx_67d86a73037a3e35,"방배cj나인빌2차",서초구,NO_MATCH,EXACT_JIBUN_ADDRESS,116501010008890006,"서울 서초구 방배동 889-6"
cx_67efdebd780893fb,"한아마인드",금천구,NO_MATCH,EXACT_PARCEL,115451020011420000,"서울 금천구 독산동 1142"
cx_67f372cc920c0210,"장미",서대문구,NO_MATCH,EXACT_JIBUN_ADDRESS,114101020000300009,"서울 서대문구 충정로3가 30-9"
cx_67f5517b2f6ffeac,"한강2차대주피오레",마포구,NO_MATCH,EXACT_PARCEL,114401230004990000,"서울 마포구 망원동 499"
cx_67f74470e8f34e8e,"(805-16)",구로구,NO_MATCH,EXACT_JIBUN_ADDRESS,115301020008050016,"서울 구로구 구로동 805-16"
cx_67f9a19569c166d0,"노블레스",서초구,NO_MATCH,EXACT_JIBUN_ADDRESS,116501060000590012,"서울 서초구 잠원동 59-12"
cx_67fafb5116eeae0b,"한양아이클래스",강서구,NO_MATCH,EXACT_JIBUN_ADDRESS,115001030009260005,"서울 강서구 화곡동 926-5"
cx_6803f2f488f3ab71,"방배1차현대홈타운",서초구,NO_MATCH,EXACT_PARCEL,116501010013440000,"서울 서초구 방배동 1344"
cx_6804589c6c857316,"(718-28)",구로구,NO_MATCH,EXACT_JIBUN_ADDRESS,115301020007180028,"서울 구로구 구로동 718-28"
cx_6813598af0737283,"영풍마드레빌",강남구,NO_MATCH,EXACT_PARCEL,116801040000360000,"서울 강남구 청담동 36"
cx_682af0026030fbdf,"원산아파트33차",도봉구,NO_MATCH,EXACT_JIBUN_ADDRESS,113201070006610013,"서울 도봉구 창동 661-13"
cx_68354b9690a70a3f,"서대문센트럴아이파크",서대문구,NO_MATCH,NO_MATCH,114101180000110111,"서울 서대문구 홍은동 11-111"
cx_684b5137307fa3c1,"목동경동미르웰",양천구,NO_MATCH,EXACT_JIBUN_ADDRESS,114701010009720002,"서울 양천구 신정동 972-2"
cx_685a298936e938e1,"평대미진아파트",강동구,NO_MATCH,EXACT_JIBUN_ADDRESS,117401090000220017,"서울 강동구 천호동 22-17"
cx_6866c7f457d44b05,"마제스타시티(힐스테이트서리풀101,102동)",서초구,NO_MATCH,EXACT_JIBUN_ADDRESS,116501080014980005,"서울 서초구 서초동 1498-5"
cx_68677644759553e7,"삼성로얄",금천구,NO_MATCH,EXACT_JIBUN_ADDRESS,115451020009940076,"서울 금천구 독산동 994-76"
cx_686ac1f9b0418a11,"운현신화타워",종로구,NO_MATCH,EXACT_JIBUN_ADDRESS,111101330000300006,"서울 종로구 익선동 30-6"
cx_686bd5c797dba3e5,"방배디오슈페리움ⅰ",서초구,NO_MATCH,EXACT_JIBUN_ADDRESS,116501010030010002,"서울 서초구 방배동 3001-2"
cx_686cbd704c1ff2f7,"신현대11차",강남구,NO_MATCH,EXACT_PARCEL,116801100004330000,"서울 강남구 압구정동 433"
cx_68726267f57e1811,"우찬현대(1260-2)",강남구,NO_MATCH,EXACT_JIBUN_ADDRESS,116801030012600002,"서울 강남구 개포동 1260-2"
cx_6873f8862039c1ea,"신동아(22)",강남구,NO_MATCH,EXACT_PARCEL,116801080000220000,"서울 강남구 논현동 22"
cx_6876c3734b34b94b,"개포우성3차",강남구,NO_MATCH,EXACT_PARCEL,116801030006520000,"서울 강남구 개포동 652"
cx_687c9dfd0ed6e9d7,"반포두산힐스빌",서초구,NO_MATCH,EXACT_JIBUN_ADDRESS,116501070000540005,"서울 서초구 반포동 54-5"
cx_688323cff9e0111e,"골드빌4차",강동구,NO_MATCH,EXACT_JIBUN_ADDRESS,117401050003840002,"서울 강동구 길동 384-2"
cx_6886daff76cf65d6,"청록ms(91-9)",은평구,NO_MATCH,EXACT_JIBUN_ADDRESS,113801020000910009,"서울 은평구 녹번동 91-9"
cx_689344cb85ae13ea,"래미안그레이튼(진달래2차)",강남구,NO_MATCH,EXACT_JIBUN_ADDRESS,116801010007620003,"서울 강남구 역삼동 762-3"
cx_68a2c09e724b1b33,"성원105동",도봉구,NO_MATCH,EXACT_JIBUN_ADDRESS,113201060002660003,"서울 도봉구 방학동 266-3"
cx_68abaeff29c11df0,"스테이72여의도",영등포구,NO_MATCH,EXACT_JIBUN_ADDRESS,115601020000750004,"서울 영등포구 영등포동1가 75-4"
cx_68b1e4c9332e0a50,"노원ipark",노원구,NO_MATCH,EXACT_PARCEL,113501050013180000,"서울 노원구 상계동 1318"
cx_68b93487e08d3ec5,"주주베b",은평구,NO_MATCH,EXACT_JIBUN_ADDRESS,113801060000090031,"서울 은평구 대조동 9-31"
cx_68c296887eaa0117,"삼성한마음",강서구,NO_MATCH,EXACT_JIBUN_ADDRESS,115001010002440002,"서울 강서구 염창동 244-2"
cx_68d25831033bf655,"동방",양천구,NO_MATCH,EXACT_JIBUN_ADDRESS,114701030006070001,"서울 양천구 신월동 607-1"
cx_68dc220a471cd20e,"강변에스케이뷰",광진구,NO_MATCH,EXACT_PARCEL,112151030006670000,"서울 광진구 구의동 667"
cx_68ddd34eb9cbee8b,"한티(933-35)",강남구,NO_MATCH,EXACT_JIBUN_ADDRESS,116801060009330035,"서울 강남구 대치동 933-35"
cx_68e255e2aac7d1cc,"(718-12)부국주택",구로구,NO_MATCH,EXACT_JIBUN_ADDRESS,115301020007180012,"서울 구로구 구로동 718-12"
cx_68f030e5f69f9f29,"은진빌라(748-24)",구로구,NO_MATCH,EXACT_JIBUN_ADDRESS,115301020007480024,"서울 구로구 구로동 748-24"
cx_68f48894f35fc2d0,"흥인",종로구,NO_MATCH,EXACT_JIBUN_ADDRESS,111101740006270021,"서울 종로구 창신동 627-21"
cx_68fac5dd4c8e6615,"아크로힐스논현",강남구,NO_MATCH,EXACT_JIBUN_ADDRESS,116801080002760001,"서울 강남구 논현동 276-1"
cx_68fc1871a9d57608,"정익제이원6차",은평구,NO_MATCH,EXACT_JIBUN_ADDRESS,113801060001860012,"서울 은평구 대조동 186-12"
cx_69002619bd90a4da,"새천년드림",은평구,NO_MATCH,EXACT_JIBUN_ADDRESS,113801050002130017,"서울 은평구 구산동 213-17"
cx_6902984729f90d6f,"천우중앙",강서구,NO_MATCH,EXACT_JIBUN_ADDRESS,115001030010720022,"서울 강서구 화곡동 1072-22"
cx_69034dd2c1fb89eb,"로즈빌b",마포구,NO_MATCH,EXACT_JIBUN_ADDRESS,114401020001110416,"서울 마포구 공덕동 111-416"
cx_6903501b76b284cc,"리버센skview롯데캐슬",중랑구,NO_MATCH,NO_MATCH,112601030004620000,"서울 중랑구 중화동 462"
cx_690744a6090bf0db,"신공덕1차삼성래미안1아파트",마포구,NO_MATCH,EXACT_PARCEL,114401030001550000,"서울 마포구 신공덕동 155"
cx_691152bbc1d7961f,"대치한신휴플러스",강남구,NO_MATCH,EXACT_JIBUN_ADDRESS,116801060009070002,"서울 강남구 대치동 907-2"
cx_6913a839aa07a1d5,"텐즈힐(2단지)",성동구,NO_MATCH,EXACT_PARCEL,112001010008110000,"서울 성동구 상왕십리동 811"
cx_6919bb5abae1e7fe,"뉴타운",송파구,NO_MATCH,EXACT_JIBUN_ADDRESS,117101140001970009,"서울 송파구 마천동 197-9"
cx_691a78c5f6096e72,"골드마인(가동)",구로구,NO_MATCH,EXACT_JIBUN_ADDRESS,115301020003170008,"서울 구로구 구로동 317-8"
cx_692588932c6383d6,"청계상가",중구,NO_MATCH,EXACT_JIBUN_ADDRESS,111401570002070001,"서울 중구 산림동 207-1"
cx_693a14dd924f2ca4,"가양우성",강서구,NO_MATCH,EXACT_JIBUN_ADDRESS,115001040000140003,"서울 강서구 가양동 14-3"
cx_69400c27f7f16cf6,"현대아파트",서초구,NO_MATCH,EXACT_PARCEL,116501080013460000,"서울 서초구 서초동 1346"
cx_69416604ab609940,"아르누보팰리스",송파구,NO_MATCH,EXACT_JIBUN_ADDRESS,117101040000070001,"서울 송파구 송파동 7-1"
cx_694b6f11544b039e,"(806-40)",구로구,NO_MATCH,EXACT_JIBUN_ADDRESS,115301020008060040,"서울 구로구 구로동 806-40"
cx_6956c4c4413a74cf,"현대트라움",강남구,NO_MATCH,NO_MATCH,116801010007600007,"서울 강남구 역삼동 760-7"
cx_6957944d1af028ca,"삼환나띠르빌",마포구,NO_MATCH,EXACT_PARCEL,114401010007320000,"서울 마포구 아현동 732"
cx_6959dc1b01da6047,"새한",은평구,NO_MATCH,EXACT_JIBUN_ADDRESS,113801090000340006,"서울 은평구 신사동 34-6"
cx_696828d5e5233fac,"남경리버빌(343-48)",강서구,NO_MATCH,EXACT_JIBUN_ADDRESS,115001030003430048,"서울 강서구 화곡동 343-48"
cx_6975e43051958432,"현대오페라하우스2차",서초구,NO_MATCH,EXACT_JIBUN_ADDRESS,116501010008230014,"서울 서초구 방배동 823-14"
cx_6979096037067b77,"삼익세라믹",도봉구,NO_MATCH,EXACT_PARCEL,113201050000560000,"서울 도봉구 쌍문동 56"
cx_6985211f73211fe3,"굿모닝기룡아파트(96-6)",은평구,NO_MATCH,EXACT_JIBUN_ADDRESS,113801020000960006,"서울 은평구 녹번동 96-6"
cx_6988478706b72546,"호용그린피아",강서구,NO_MATCH,EXACT_PARCEL,115001030011530000,"서울 강서구 화곡동 1153"
cx_698ebc06995ed519,"금호어울림(580)",중랑구,NO_MATCH,MULTI_RECORD_SAME_PARCEL,112601050005800000,"서울 중랑구 망우동 580"
cx_6992ff399b8fb534,"꿈동산(355-22)",강서구,NO_MATCH,EXACT_JIBUN_ADDRESS,115001030003550022,"서울 강서구 화곡동 355-22"
cx_69933f935ea2ab2b,"동원베네스트아파트",서초구,NO_MATCH,EXACT_JIBUN_ADDRESS,116501080013500013,"서울 서초구 서초동 1350-13"
cx_699b3e8324ad40fb,"불암신기102동",노원구,NO_MATCH,EXACT_JIBUN_ADDRESS,113501050001070970,"서울 노원구 상계동 107-970"
cx_69a342d6a7d659bf,"목동파크자이(101동~108동)",양천구,NO_MATCH,EXACT_PARCEL,114701010013250000,"서울 양천구 신정동 1325"
cx_69a4b95ec1df862d,"래미안엘리니티",동대문구,NO_MATCH,EXACT_PARCEL,112301020007960000,"서울 동대문구 용두동 796"
cx_69a55370afe0d32f,"엘에이치삼성도시형생활주택",강남구,NO_MATCH,EXACT_JIBUN_ADDRESS,116801050001090021,"서울 강남구 삼성동 109-21"
cx_69a6291bd8cb0dc6,"송파레이크파크호반써밋ⅱ",송파구,NO_MATCH,EXACT_PARCEL,117101130006070000,"서울 송파구 거여동 607"
cx_69a7eae9274eb014,"집앤사스윗사이드아파트",강동구,NO_MATCH,EXACT_JIBUN_ADDRESS,117401090003280001,"서울 강동구 천호동 328-1"
cx_69bc59a152141528,"관악산센텀",관악구,NO_MATCH,EXACT_JIBUN_ADDRESS,116201030010660013,"서울 관악구 남현동 1066-13"
cx_69c1d6027e9e87a7,"신구",서초구,NO_MATCH,EXACT_JIBUN_ADDRESS,116501010009800048,"서울 서초구 방배동 980-48"
cx_69c20a90b3e01358,"강남한양수자인(4단지)",강남구,NO_MATCH,EXACT_PARCEL,116801120006860000,"서울 강남구 자곡동 686"
cx_69cf1ebe9fc372cb,"강남신동아파밀리에1단지",강남구,NO_MATCH,EXACT_PARCEL,116801110005080000,"서울 강남구 세곡동 508"
cx_69d45d8aec39e213,"한라비발디스튜디오193",서초구,NO_MATCH,EXACT_JIBUN_ADDRESS,116501080013630025,"서울 서초구 서초동 1363-25"
cx_69d4ffc8b1886bc7,"테크노빌라트",강남구,NO_MATCH,EXACT_JIBUN_ADDRESS,116801080002710006,"서울 강남구 논현동 271-6"
cx_69d6a6c8dbeb860b,"신한엔시모",서초구,NO_MATCH,EXACT_JIBUN_ADDRESS,116501010008020004,"서울 서초구 방배동 802-4"
cx_69d9c1eb5cb03a62,"태천해오름주상복합",광진구,NO_MATCH,EXACT_JIBUN_ADDRESS,112151050002190031,"서울 광진구 자양동 219-31"
cx_69e1c2c15f6ccde2,"라인",강동구,NO_MATCH,EXACT_JIBUN_ADDRESS,117401050003650001,"서울 강동구 길동 365-1"
cx_69e5055c16963f65,"중앙드림빌",성북구,NO_MATCH,EXACT_JIBUN_ADDRESS,112901350000330045,"서울 성북구 종암동 33-45"
cx_69f16bc69b05c954,"금강",도봉구,NO_MATCH,EXACT_JIBUN_ADDRESS,113201050003570006,"서울 도봉구 쌍문동 357-6"
cx_6a0193cc0117f870,"(742-66)",구로구,NO_MATCH,EXACT_JIBUN_ADDRESS,115301020007420066,"서울 구로구 구로동 742-66"
cx_6a088bdc531396ae,"오케이a",강서구,NO_MATCH,EXACT_JIBUN_ADDRESS,115001030001020090,"서울 강서구 화곡동 102-90"
cx_6a11ca4c1f469317,"렉스팰리스",종로구,NO_MATCH,EXACT_JIBUN_ADDRESS,111101820000950001,"서울 종로구 구기동 95-1"
cx_6a21a5d33e15bd4d,"미성아파트(연립)",강서구,NO_MATCH,EXACT_JIBUN_ADDRESS,115001030004090248,"서울 강서구 화곡동 409-248"
cx_6a3ec1f5488f9938,"(752-23)",구로구,NO_MATCH,EXACT_JIBUN_ADDRESS,115301020007520023,"서울 구로구 구로동 752-23"
cx_6a4479f883c505ab,"젬스톤타운",강북구,NO_MATCH,EXACT_JIBUN_ADDRESS,113051010001030183,"서울 강북구 미아동 103-183"
cx_6a45a5a1a9c21926,"온누리",송파구,NO_MATCH,EXACT_JIBUN_ADDRESS,117101040001320004,"서울 송파구 송파동 132-4"
cx_6a45f0c2ed59c678,"동도아르떼빌",구로구,NO_MATCH,MULTI_RECORD_SAME_PARCEL,115301020001060000,"서울 구로구 구로동 106"
cx_6a47bee1484ddebb,"골드하임(101동)",강동구,NO_MATCH,EXACT_JIBUN_ADDRESS,117401090000540013,"서울 강동구 천호동 54-13"
cx_6a48c9cd5cb01a6b,"용마프라자",중랑구,NO_MATCH,EXACT_PARCEL,112601050005720000,"서울 중랑구 망우동 572"
cx_6a50b2c486a55cca,"대우유로카운티",강남구,NO_MATCH,EXACT_JIBUN_ADDRESS,116801040000500005,"서울 강남구 청담동 50-5"
cx_6a54bf7740a8b986,"에코벨리",은평구,NO_MATCH,EXACT_JIBUN_ADDRESS,113801090000340007,"서울 은평구 신사동 34-7"
cx_6a70b28f59d76fcb,"마곡경남아너스빌",강서구,NO_MATCH,EXACT_PARCEL,115001050015130000,"서울 강서구 마곡동 1513"
cx_6a7b3d9c10dbfdac,"씨티뷰2차",동작구,NO_MATCH,EXACT_JIBUN_ADDRESS,115901070003030109,"서울 동작구 사당동 303-109"
cx_6a7dae9c8ad7c4cc,"우송그린",송파구,NO_MATCH,MULTI_RECORD_SAME_PARCEL,117101120000760000,"서울 송파구 오금동 76"
cx_6a9a31709db34a66,"신안1",중랑구,NO_MATCH,EXACT_PARCEL,112601040003810000,"서울 중랑구 묵동 381"
cx_6a9c7295bda403e0,"한서3차",강서구,NO_MATCH,EXACT_JIBUN_ADDRESS,115001060006980011,"서울 강서구 내발산동 698-11"
cx_6a9e7b33d756f6ea,"미그린",은평구,NO_MATCH,EXACT_PARCEL,113801100002560000,"서울 은평구 증산동 256"
cx_6a9f81ff925f8f34,"상록수2단지",노원구,NO_MATCH,EXACT_PARCEL,113501050012970000,"서울 노원구 상계동 1297"
cx_6aa723a91ecc279c,"현대아인빌",강남구,NO_MATCH,EXACT_JIBUN_ADDRESS,116801070005690001,"서울 강남구 신사동 569-1"
cx_6abe514a3b4e5de8,"골든팰리스",구로구,NO_MATCH,EXACT_JIBUN_ADDRESS,115301080000810024,"서울 구로구 오류동 81-24"
cx_6ac093e09371e0f5,"서초훼미리하우스",서초구,NO_MATCH,EXACT_JIBUN_ADDRESS,116501010009170004,"서울 서초구 방배동 917-4"
cx_6ac833495f0dffa5,"대흥동태영아파트",마포구,NO_MATCH,EXACT_PARCEL,114401080006600000,"서울 마포구 대흥동 660"
cx_6ad035c2f3cbf788,"주성aura1",강동구,NO_MATCH,EXACT_JIBUN_ADDRESS,117401080004190011,"서울 강동구 성내동 419-11"
cx_6ad08e6def15b772,"월드뷰",서대문구,NO_MATCH,EXACT_JIBUN_ADDRESS,114101110003120223,"서울 서대문구 홍제동 312-223"
cx_6ad5fbc69f6223f4,"금호아파트",강동구,NO_MATCH,EXACT_PARCEL,117401090000440000,"서울 강동구 천호동 44"
cx_6ad6c4d75d29fa87,"청솔하이츠2동",서대문구,NO_MATCH,EXACT_JIBUN_ADDRESS,114101190003040052,"서울 서대문구 북가좌동 304-52"
cx_6adc508c196f3ecc,"롯데캐슬클래식",서초구,NO_MATCH,EXACT_JIBUN_ADDRESS,116501080013120003,"서울 서초구 서초동 1312-3"
cx_6ade7a3726b1e965,"현진베스트빌",동작구,NO_MATCH,EXACT_JIBUN_ADDRESS,115901030005010003,"서울 동작구 상도1동 501-3"
cx_6ae0260f869a7b0f,"반포래미안아이파크",서초구,NO_MATCH,EXACT_PARCEL,116501070013410000,"서울 서초구 반포동 1341"
cx_6ae33b31eb05d7eb,"우방",성동구,NO_MATCH,EXACT_PARCEL,112001140007050000,"서울 성동구 성수동1가 705"
cx_6ae8b744471dbe5d,"로얄",송파구,NO_MATCH,EXACT_JIBUN_ADDRESS,117101130005510011,"서울 송파구 거여동 551-11"
cx_6aeadca9bd198a7e,"웅주아크로파크",강동구,NO_MATCH,EXACT_JIBUN_ADDRESS,117401050003200009,"서울 강동구 길동 320-9"
cx_6b021ed46bec1cba,"장안평월드메르디앙2차",동대문구,NO_MATCH,EXACT_PARCEL,112301060005750000,"서울 동대문구 장안동 575"
cx_6b0e26879b7491b8,"태원팰리스",용산구,NO_MATCH,EXACT_JIBUN_ADDRESS,111701190000050001,"서울 용산구 효창동 5-1"
cx_6b236be5a5a32830,"에스케이북한산시티",강북구,NO_MATCH,EXACT_PARCEL,113051010013530000,"서울 강북구 미아동 1353"
cx_6b28fafd3196aa0a,"상림마을7단지아이파크(730~742동)bl1-14",은평구,NO_MATCH,EXACT_PARCEL,113801140000100000,"서울 은평구 진관동 10"
cx_6b34bfdb381004d3,"트윈빌에이동",용산구,NO_MATCH,EXACT_JIBUN_ADDRESS,111701310000260005,"서울 용산구 한남동 26-5"
cx_6b371e9639d8373a,"삼호한숲",영등포구,NO_MATCH,EXACT_PARCEL,115601280000940000,"서울 영등포구 양평동4가 94"
cx_6b3b22751688298f,"(807-23)",구로구,NO_MATCH,EXACT_JIBUN_ADDRESS,115301020008070023,"서울 구로구 구로동 807-23"
cx_6b49f6ded21a2468,"스위트드림아파트",강서구,NO_MATCH,EXACT_PARCEL,115001030011680000,"서울 강서구 화곡동 1168"
cx_6b4d904c499b847b,"한양수자인어반게이트",강남구,NO_MATCH,EXACT_JIBUN_ADDRESS,116801080002210007,"서울 강남구 논현동 221-7"
cx_6b552c7e8c4ad4f4,"황학동코아루",중구,NO_MATCH,EXACT_PARCEL,111401650008820000,"서울 중구 황학동 882"
cx_6b59bebe762e36ab,"구파발9단지래미안(916~928동)bl3-2",은평구,NO_MATCH,EXACT_PARCEL,113801140000250000,"서울 은평구 진관동 25"
cx_6b6003a2d3852260,"한솔힐스빌",강북구,NO_MATCH,EXACT_JIBUN_ADDRESS,113051030004100045,"서울 강북구 수유동 410-45"
cx_6b76b9a4eb5fb002,"개성팰리스",은평구,NO_MATCH,EXACT_PARCEL,113801080002340000,"서울 은평구 역촌동 234"
cx_6b773ebb94bf9a05,"두영",강남구,NO_MATCH,EXACT_JIBUN_ADDRESS,116801080002160001,"서울 강남구 논현동 216-1"
cx_6b84d345d3e41653,"창전래미안",마포구,NO_MATCH,EXACT_PARCEL,114401140004370000,"서울 마포구 창전동 437"
cx_6b8ce13ceb521166,"보라매우성",동작구,NO_MATCH,EXACT_PARCEL,115901090007060000,"서울 동작구 신대방동 706"
cx_6ba36bbb04a55558,"청원파크빌",동대문구,NO_MATCH,EXACT_PARCEL,112301060005700000,"서울 동대문구 장안동 570"
cx_6ba7f122ab086d2e,"에이원",강서구,NO_MATCH,EXACT_JIBUN_ADDRESS,115001030003920058,"서울 강서구 화곡동 392-58"
cx_6baa5fa701672433,"강동한신휴플러스",강동구,NO_MATCH,EXACT_JIBUN_ADDRESS,117401050004140010,"서울 강동구 길동 414-10"
cx_6bb5138d74b7f5f4,"벽산메가트리움",용산구,NO_MATCH,EXACT_JIBUN_ADDRESS,111701250000020008,"서울 용산구 한강로2가 2-8"
cx_6bc02d783e630a74,"건영",성동구,NO_MATCH,EXACT_PARCEL,112001180000900000,"서울 성동구 송정동 90"
cx_6bca9123b3509c3f,"잠원시티아파트",서초구,NO_MATCH,EXACT_JIBUN_ADDRESS,116501060000710008,"서울 서초구 잠원동 71-8"
cx_6bd27f1a25747c6d,"신정동경남아너스빌2차",양천구,NO_MATCH,EXACT_JIBUN_ADDRESS,114701010002940070,"서울 양천구 신정동 294-70"
cx_6bf03342b0131b9e,"한솔",강동구,NO_MATCH,EXACT_JIBUN_ADDRESS,117401060004900009,"서울 강동구 둔촌동 490-9"
cx_6c0e9440a83951cb,"(740-11)",구로구,NO_MATCH,EXACT_JIBUN_ADDRESS,115301020007400011,"서울 구로구 구로동 740-11"
cx_6c11a8a5a200a0c7,"동남드림빌",강동구,NO_MATCH,EXACT_JIBUN_ADDRESS,117401080000130015,"서울 강동구 성내동 13-15"
cx_6c156cc4631d0d0e,"상지리츠빌(6)",서초구,NO_MATCH,EXACT_JIBUN_ADDRESS,116501080014910031,"서울 서초구 서초동 1491-31"
cx_6c1e18a37b16a0b8,"신명아파트",노원구,NO_MATCH,EXACT_JIBUN_ADDRESS,113501030003820014,"서울 노원구 공릉동 382-14"
cx_6c33763652bb008d,"방배더유엘포레",서초구,NO_MATCH,NO_MATCH,116501010032880000,"서울 서초구 방배동 3288"
cx_6c3613bd404a9c88,"현대하이츠",서대문구,NO_MATCH,EXACT_JIBUN_ADDRESS,114101180004130038,"서울 서대문구 홍은동 413-38"
cx_6c437b8d4315ff87,"자양훼밀리",광진구,NO_MATCH,EXACT_JIBUN_ADDRESS,112151050006780008,"서울 광진구 자양동 678-8"
cx_6c46a580e874e60d,"상도타워a동",동작구,NO_MATCH,EXACT_JIBUN_ADDRESS,115901020002830075,"서울 동작구 상도동 283-75"
cx_6c4882f42c584f18,"성동레인보우",송파구,NO_MATCH,MULTI_RECORD_SAME_PARCEL,117101130001290000,"서울 송파구 거여동 129"
cx_6c49f48131740252,"신동아",동대문구,NO_MATCH,EXACT_PARCEL,112301020007790000,"서울 동대문구 용두동 779"
cx_6c51c5f0a96da873,"풍림아파트a",노원구,NO_MATCH,EXACT_PARCEL,113501030007250000,"서울 노원구 공릉동 725"
cx_6c561c8130363807,"bienestar",강남구,NO_MATCH,EXACT_JIBUN_ADDRESS,116801010006820001,"서울 강남구 역삼동 682-1"
cx_6c577f4bc50a58c8,"동아쉐르빌",성북구,NO_MATCH,EXACT_JIBUN_ADDRESS,112901230000790004,"서울 성북구 안암동3가 79-4"
cx_6c616a396e7b9e5f,"청솔아파트8",노원구,NO_MATCH,EXACT_PARCEL,113501030000910000,"서울 노원구 공릉동 91"
cx_6c667c0854948c66,"원일",서대문구,NO_MATCH,EXACT_JIBUN_ADDRESS,114101110002940036,"서울 서대문구 홍제동 294-36"
cx_6c672bc654e966e2,"성원",강서구,NO_MATCH,EXACT_PARCEL,115001010002950000,"서울 강서구 염창동 295"
cx_6c6b3cf600290f91,"마천동금호타운1",송파구,NO_MATCH,EXACT_PARCEL,117101140003040000,"서울 송파구 마천동 304"
cx_6c722cf2e31672e2,"신동아파밀리에",성북구,NO_MATCH,EXACT_PARCEL,112901390004080000,"서울 성북구 석관동 408"
cx_6c7413906a6ca283,"두성",동작구,NO_MATCH,EXACT_PARCEL,115901070001200000,"서울 동작구 사당동 120"
cx_6c7c739d96d0277f,"탑건위너빌",강동구,NO_MATCH,EXACT_JIBUN_ADDRESS,117401080004630001,"서울 강동구 성내동 463-1"
cx_6c825322a5b94682,"(716-23)우진빌라1차b",구로구,NO_MATCH,EXACT_JIBUN_ADDRESS,115301020007160023,"서울 구로구 구로동 716-23"
cx_6c966b14226843b1,"동구싼타빌",강남구,NO_MATCH,EXACT_JIBUN_ADDRESS,116801050001080002,"서울 강남구 삼성동 108-2"
cx_6c98072aa6d8e46c,"대방파크빌",동작구,NO_MATCH,EXACT_PARCEL,115901080005160000,"서울 동작구 대방동 516"
cx_6caca03d90c3c2b0,"주성파크빌",송파구,NO_MATCH,EXACT_JIBUN_ADDRESS,117101070001690013,"서울 송파구 가락동 169-13"
cx_6cacb4d79e6e1d8c,"아이파크종암동2차",성북구,NO_MATCH,EXACT_PARCEL,112901350001310000,"서울 성북구 종암동 131"
cx_6caef161722babd7,"서래루체",서초구,NO_MATCH,EXACT_JIBUN_ADDRESS,116501070001080005,"서울 서초구 반포동 108-5"
cx_6cb025ad2812a65f,"삼성동드림하우스",강남구,NO_MATCH,EXACT_JIBUN_ADDRESS,116801050000470018,"서울 강남구 삼성동 47-18"
cx_6cb2465dbc2fa3d8,"코오롱",마포구,NO_MATCH,EXACT_PARCEL,114401240005730000,"서울 마포구 연남동 573"
cx_6cd4790bcca86696,"아페르한강",용산구,NO_MATCH,EXACT_JIBUN_ADDRESS,111701330000040018,"서울 용산구 서빙고동 4-18"
cx_6cd74672486cc469,"신림동이모르젠",관악구,NO_MATCH,EXACT_JIBUN_ADDRESS,116201020005180019,"서울 관악구 신림동 518-19"
cx_6cebaa869c531d58,"삼호빌라트",마포구,NO_MATCH,EXACT_JIBUN_ADDRESS,114401250002390025,"서울 마포구 성산동 239-25"
cx_6cfa07762c2463b1,"사슴3",노원구,NO_MATCH,EXACT_JIBUN_ADDRESS,113501020003200011,"서울 노원구 월계동 320-11"
cx_6d029dc22dfe29e3,"청구e편한세상",중구,NO_MATCH,EXACT_PARCEL,111401620008520000,"서울 중구 신당동 852"
cx_6d08f53c70c4104f,"상암월드컵파크4단지",마포구,NO_MATCH,EXACT_PARCEL,114401270016550000,"서울 마포구 상암동 1655"
cx_6d13e37e3c51d7bb,"길성그랑프리텔아파트",노원구,NO_MATCH,EXACT_PARCEL,113501030007530000,"서울 노원구 공릉동 753"
cx_6d21bb9438e56979,"하나세인스톤2차",구로구,NO_MATCH,EXACT_JIBUN_ADDRESS,115301020000970004,"서울 구로구 구로동 97-4"
cx_6d2268f404a66325,"상지리츠빌6",강남구,NO_MATCH,EXACT_JIBUN_ADDRESS,116801040001060001,"서울 강남구 청담동 106-1"
cx_6d2d3618ec2ed58e,"효원빌라트",양천구,NO_MATCH,EXACT_JIBUN_ADDRESS,114701020001350006,"서울 양천구 목동 135-6"
cx_6d2e09b0a3e3a5dc,"장미",영등포구,NO_MATCH,MULTI_RECORD_SAME_PARCEL,115601100000400000,"서울 영등포구 여의도동 40"
cx_6d318f5942492e19,"힐스테이트클래시안",영등포구,NO_MATCH,EXACT_PARCEL,115601320049690000,"서울 영등포구 신길동 4969"
cx_6d38aaf3265ec4aa,"dmc문영퀸즈파크아파트",은평구,NO_MATCH,EXACT_PARCEL,113801100002540000,"서울 은평구 증산동 254"
cx_6d3ce70f281f2595,"sm드림빌",강남구,NO_MATCH,EXACT_JIBUN_ADDRESS,116801050000290011,"서울 강남구 삼성동 29-11"
cx_6d401cfa9fb430fb,"비젼아파트103동",동대문구,NO_MATCH,EXACT_JIBUN_ADDRESS,112301060004540001,"서울 동대문구 장안동 454-1"
cx_6d4053e06db385fb,"수명산그린시아",양천구,NO_MATCH,EXACT_PARCEL,114701030010700000,"서울 양천구 신월동 1070"
cx_6d4f290feaf44869,"예성그린(1667-3)",서초구,NO_MATCH,EXACT_JIBUN_ADDRESS,116501080016670003,"서울 서초구 서초동 1667-3"
cx_6d5bddf48c314c26,"관악산신도브래뉴",금천구,NO_MATCH,EXACT_PARCEL,115451030010170000,"서울 금천구 시흥동 1017"
cx_6d5e61223673a2d0,"굿모닝기룡(369-0)",은평구,NO_MATCH,EXACT_PARCEL,113801090003690000,"서울 은평구 신사동 369"
cx_6d61671779402edd,"성원(사슴4)",노원구,NO_MATCH,EXACT_JIBUN_ADDRESS,113501020003220001,"서울 노원구 월계동 322-1"
cx_6d6735a8f491998a,"거상장미",금천구,NO_MATCH,EXACT_JIBUN_ADDRESS,115451030009530005,"서울 금천구 시흥동 953-5"
cx_6d824b50071cd713,"목동동화옥시죤-7",양천구,NO_MATCH,EXACT_JIBUN_ADDRESS,114701020007470012,"서울 양천구 목동 747-12"
cx_6d8cd853057501b6,"이움빌라",강남구,NO_MATCH,EXACT_JIBUN_ADDRESS,116801080002290013,"서울 강남구 논현동 229-13"
cx_6d96a7b5dea93d79,"광남",송파구,NO_MATCH,EXACT_JIBUN_ADDRESS,117101110001540001,"서울 송파구 방이동 154-1"
cx_6d9b193fb0031366,"스타팰리스이수",동작구,NO_MATCH,NO_MATCH,115901070010080001,"서울 동작구 사당동 1008-1"
cx_6d9d9978a980f34f,"찬솔",강동구,NO_MATCH,EXACT_JIBUN_ADDRESS,117401060000460020,"서울 강동구 둔촌동 46-20"
cx_6da5ec3fe330b959,"용마금호타운",중랑구,NO_MATCH,EXACT_PARCEL,112601010004940000,"서울 중랑구 면목동 494"
cx_6da8b2459553a302,"이펜하우스5단지",양천구,NO_MATCH,EXACT_PARCEL,114701010013180000,"서울 양천구 신정동 1318"
cx_6db2a290007c9c16,"방배서리풀그랑블",서초구,NO_MATCH,EXACT_PARCEL,116501010032790000,"서울 서초구 방배동 3279"
cx_6db525e34e31b756,"내안에이너스",강서구,NO_MATCH,EXACT_JIBUN_ADDRESS,115001060006890012,"서울 강서구 내발산동 689-12"
cx_6dd20c4a472fb6a6,"상지리츠빌(4)",서초구,NO_MATCH,EXACT_JIBUN_ADDRESS,116501080014900036,"서울 서초구 서초동 1490-36"
cx_6dda4bec2aa591f5,"삼성광장2",광진구,NO_MATCH,EXACT_JIBUN_ADDRESS,112151040004530001,"서울 광진구 광장동 453-1"
cx_6ddc65ece5b552df,"더미켈란",서초구,NO_MATCH,EXACT_JIBUN_ADDRESS,116501080014940004,"서울 서초구 서초동 1494-4"
cx_6de76033ac5b81a2,"홍익봄마을(102동)",광진구,NO_MATCH,EXACT_JIBUN_ADDRESS,112151090003460044,"서울 광진구 군자동 346-44"
cx_6e03d1a8bdd55165,"지엘리베라움",영등포구,NO_MATCH,EXACT_PARCEL,115601020000280000,"서울 영등포구 영등포동1가 28"
cx_6e07905565ee2ec4,"시영3차(라이프)아파트",노원구,NO_MATCH,EXACT_PARCEL,113501030007150000,"서울 노원구 공릉동 715"
cx_6e0a719cea1bbd89,"목동신시가지5",양천구,NO_MATCH,EXACT_PARCEL,114701020009120000,"서울 양천구 목동 912"
cx_6e0c33a4a442fb23,"장미1",송파구,NO_MATCH,MULTI_RECORD_SAME_PARCEL,117101020000070000,"서울 송파구 신천동 7"
cx_6e0e6b687a93ab69,"여의도이튼브라운",영등포구,NO_MATCH,EXACT_JIBUN_ADDRESS,115601020000920003,"서울 영등포구 영등포동1가 92-3"
cx_6e168e86388c0f24,"정은sky빌",양천구,NO_MATCH,EXACT_JIBUN_ADDRESS,114701010011940003,"서울 양천구 신정동 1194-3"
cx_6e17269c39b9bba7,"광남캐스빌",강서구,NO_MATCH,EXACT_PARCEL,115001060007190000,"서울 강서구 내발산동 719"
cx_6e19f64079e8570f,"서강1차(1동)",서대문구,NO_MATCH,EXACT_JIBUN_ADDRESS,114101180001860022,"서울 서대문구 홍은동 186-22"
cx_6e2ab41ff3b0853b,"덕현해밀(101동)",양천구,NO_MATCH,EXACT_JIBUN_ADDRESS,114701030000810005,"서울 양천구 신월동 81-5"
cx_6e492cc944c191f8,"동일스카이씨티(37차)",중랑구,NO_MATCH,EXACT_JIBUN_ADDRESS,112601010012860001,"서울 중랑구 면목동 1286-1"
cx_6e4a871035708c13,"힐데스하임빌라",강남구,NO_MATCH,EXACT_JIBUN_ADDRESS,116801180001930001,"서울 강남구 도곡동 193-1"
cx_6e4e7897d2ffdc62,"명가",서대문구,NO_MATCH,EXACT_JIBUN_ADDRESS,114101180003980006,"서울 서대문구 홍은동 398-6"
cx_6e5c0a5fb74733be,"시민",서대문구,NO_MATCH,EXACT_JIBUN_ADDRESS,114101170001880041,"서울 서대문구 연희동 188-41"
cx_6e643596346dbe08,"성암",서대문구,NO_MATCH,EXACT_JIBUN_ADDRESS,114101190000030033,"서울 서대문구 북가좌동 3-33"
cx_6e689e1b6ef8cb42,"신동아리버파크",동작구,NO_MATCH,MULTI_RECORD_SAME_PARCEL,115901010003250000,"서울 동작구 노량진동 325"
cx_6e7f53a2858f72f7,"강변임광",성동구,NO_MATCH,EXACT_JIBUN_ADDRESS,112001150006090002,"서울 성동구 성수동2가 609-2"
cx_6e85167891150539,"세교예지안6차",강서구,NO_MATCH,EXACT_JIBUN_ADDRESS,115001030009240015,"서울 강서구 화곡동 924-15"
cx_6e9a48cb47505a66,"(91-511)",마포구,NO_MATCH,EXACT_JIBUN_ADDRESS,114401110000910511,"서울 마포구 신수동 91-511"
cx_6ea034e202b1ceea,"한성",구로구,NO_MATCH,EXACT_JIBUN_ADDRESS,115301060002270001,"서울 구로구 고척동 227-1"
cx_6ea4c311ca3f5dc1,"솔렌시아",송파구,NO_MATCH,EXACT_JIBUN_ADDRESS,117101140000310002,"서울 송파구 마천동 31-2"
cx_6ea85440c78282be,"현진에버빌2",마포구,NO_MATCH,EXACT_PARCEL,114401230005030000,"서울 마포구 망원동 503"
cx_6eb3fdf658031cf3,"경성빌라",구로구,NO_MATCH,EXACT_JIBUN_ADDRESS,115301020007920099,"서울 구로구 구로동 792-99"
cx_6ebe3d3f8317eba9,"무지개에이",마포구,NO_MATCH,EXACT_JIBUN_ADDRESS,114401240003640008,"서울 마포구 연남동 364-8"
cx_6ec95c8cf35b96b4,"해성아파트",광진구,NO_MATCH,EXACT_JIBUN_ADDRESS,112151030000470023,"서울 광진구 구의동 47-23"
cx_6ed35553ebb9f529,"송림빌라",구로구,NO_MATCH,EXACT_JIBUN_ADDRESS,115301020007450073,"서울 구로구 구로동 745-73"
cx_6edc70f3475d9d26,"트리마제",성동구,NO_MATCH,EXACT_PARCEL,112001140007180000,"서울 성동구 성수동1가 718"
cx_6eeb194448d9a8ce,"포레스트힐시티",영등포구,NO_MATCH,EXACT_JIBUN_ADDRESS,115601040000190002,"서울 영등포구 영등포동3가 19-2"
cx_6eed856d4ee2eefe,"서리풀래디앙아파트",서초구,NO_MATCH,EXACT_JIBUN_ADDRESS,116501010008050014,"서울 서초구 방배동 805-14"
cx_6ef3b6438d89d0ee,"청솔",노원구,NO_MATCH,EXACT_JIBUN_ADDRESS,113501050010490043,"서울 노원구 상계동 1049-43"
cx_6ef425d8faa8267f,"궁동에스하임",구로구,NO_MATCH,EXACT_PARCEL,115301090002930000,"서울 구로구 궁동 293"
cx_6ef4279abc912ea6,"성원(1115-1)",영등포구,NO_MATCH,EXACT_JIBUN_ADDRESS,115601330011150001,"서울 영등포구 대림동 1115-1"
cx_6ef5f175106ac484,"목동휘버스i",양천구,NO_MATCH,EXACT_JIBUN_ADDRESS,114701020007290012,"서울 양천구 목동 729-12"
cx_6f00b2a28b9caae7,"마천금호어울림1차아파트",송파구,NO_MATCH,EXACT_PARCEL,117101140005750000,"서울 송파구 마천동 575"
cx_6f21fd3b4363f2cc,"시가오똠",강동구,NO_MATCH,EXACT_JIBUN_ADDRESS,117401050003340003,"서울 강동구 길동 334-3"
cx_6f25ce396fa34d39,"온세솔내움",중랑구,NO_MATCH,EXACT_PARCEL,112601010015240000,"서울 중랑구 면목동 1524"
cx_6f27c742a56cb1dd,"강변청구3",성동구,NO_MATCH,EXACT_PARCEL,112001150007450000,"서울 성동구 성수동2가 745"
cx_6f335fa9000b1a81,"(751-4)",구로구,NO_MATCH,EXACT_JIBUN_ADDRESS,115301020007510004,"서울 구로구 구로동 751-4"
cx_6f3bdc76c6692c42,"서래아르드빌",서초구,NO_MATCH,EXACT_JIBUN_ADDRESS,116501070000880004,"서울 서초구 반포동 88-4"
cx_6f3d8f727636cff0,"면목루브루",중랑구,NO_MATCH,EXACT_PARCEL,112601010015420000,"서울 중랑구 면목동 1542"
cx_6f4d59c24e7d49ec,"신성새실마을103동",관악구,NO_MATCH,EXACT_JIBUN_ADDRESS,116201010016050040,"서울 관악구 봉천동 1605-40"
cx_6f4f112f0430c542,"이펜하우스1단지",양천구,NO_MATCH,EXACT_PARCEL,114701010013210000,"서울 양천구 신정동 1321"
cx_6f53c1a2a1de8b4d,"동도센트리움",양천구,NO_MATCH,EXACT_PARCEL,114701030010520000,"서울 양천구 신월동 1052"
cx_6f5a1ce49670f88b,"미라보",서초구,NO_MATCH,EXACT_JIBUN_ADDRESS,116501020000100013,"서울 서초구 양재동 10-13"
cx_6f63aaf36684b108,"마포중동현대",마포구,NO_MATCH,EXACT_PARCEL,114401260003920000,"서울 마포구 중동 392"
cx_6f648848b8568576,"상계주공4(고층)",노원구,NO_MATCH,EXACT_JIBUN_ADDRESS,113501050007490005,"서울 노원구 상계동 749-5"
cx_6f69fb872686564f,"누리애",양천구,NO_MATCH,EXACT_JIBUN_ADDRESS,114701030004100010,"서울 양천구 신월동 410-10"
cx_6f75c5efcfe9254d,"성종그린",성북구,NO_MATCH,EXACT_JIBUN_ADDRESS,112901130000180002,"서울 성북구 삼선동3가 18-2"
cx_6f8e108b1c02169f,"(744-47)",구로구,NO_MATCH,EXACT_JIBUN_ADDRESS,115301020007440047,"서울 구로구 구로동 744-47"
cx_6f8f45ecde696dad,"웨스트빌",양천구,NO_MATCH,EXACT_PARCEL,114701020009490000,"서울 양천구 목동 949"
cx_6f901ef0f9e4b1d9,"근상아트프리즘",양천구,NO_MATCH,EXACT_JIBUN_ADDRESS,114701030000450002,"서울 양천구 신월동 45-2"
cx_6f928c4a842b607c,"우방",금천구,NO_MATCH,EXACT_PARCEL,115451030010110000,"서울 금천구 시흥동 1011"
cx_6f9aab8643d16bbf,"삼성파크빌",중구,NO_MATCH,EXACT_JIBUN_ADDRESS,111401510000390001,"서울 중구 을지로5가 39-1"
cx_6f9c77c72e907a36,"청계한양아이클래스",동대문구,NO_MATCH,EXACT_JIBUN_ADDRESS,112301020002550049,"서울 동대문구 용두동 255-49"
cx_6fa1022f9b9db5e4,"트라움하우스3",서초구,NO_MATCH,EXACT_JIBUN_ADDRESS,116501080014960024,"서울 서초구 서초동 1496-24"
cx_6faaab9f047528d9,"성신여대역솔하임",성북구,NO_MATCH,EXACT_PARCEL,112901080000150000,"서울 성북구 동소문동5가 15"
cx_6fb18fef8641396d,"보람그린apt101동",노원구,NO_MATCH,EXACT_JIBUN_ADDRESS,113501050010900002,"서울 노원구 상계동 1090-2"
cx_6fb76fe569d42a51,"주함헤븐101동",양천구,NO_MATCH,EXACT_JIBUN_ADDRESS,114701030002030017,"서울 양천구 신월동 203-17"
cx_6fbaf37c393f7cda,"창림",종로구,NO_MATCH,EXACT_JIBUN_ADDRESS,111101740006390020,"서울 종로구 창신동 639-20"
cx_6fbc11e95eb035b0,"북한산삼부르네상스201동",서대문구,NO_MATCH,EXACT_JIBUN_ADDRESS,114101180000080230,"서울 서대문구 홍은동 8-230"
cx_6fbeba32d970d637,"청호센트레빌",금천구,NO_MATCH,EXACT_JIBUN_ADDRESS,115451020008870005,"서울 금천구 독산동 887-5"
cx_6fbee575873d5f9b,"(432-904)",중구,NO_MATCH,EXACT_JIBUN_ADDRESS,111401620004320904,"서울 중구 신당동 432-904"
cx_6fc686f20b4502b3,"신영체르니",서초구,NO_MATCH,EXACT_PARCEL,116501020000900000,"서울 서초구 양재동 90"
cx_6fda47753b956b5e,"명수대현대",동작구,NO_MATCH,EXACT_PARCEL,115901050000100000,"서울 동작구 흑석동 10"
cx_6fdacd4677445724,"주완위즈빌2",노원구,NO_MATCH,EXACT_JIBUN_ADDRESS,113501030005040005,"서울 노원구 공릉동 504-5"
cx_6fdb14d679979e34,"힐하우스",서초구,NO_MATCH,EXACT_JIBUN_ADDRESS,116501020003780001,"서울 서초구 양재동 378-1"
cx_6fdc2b33d08932a3,"동선",구로구,NO_MATCH,EXACT_PARCEL,115301080003450000,"서울 구로구 오류동 345"
cx_6fe6bc5f3b6caf77,"서초한일",서초구,NO_MATCH,EXACT_JIBUN_ADDRESS,116501080016360001,"서울 서초구 서초동 1636-1"
cx_6fec37310fdcb0d5,"광남캐스빌d",마포구,NO_MATCH,EXACT_JIBUN_ADDRESS,114401230004650032,"서울 마포구 망원동 465-32"
cx_6fee4ae031757fca,"(160-16)",성북구,NO_MATCH,EXACT_JIBUN_ADDRESS,112901250001600016,"서울 성북구 안암동5가 160-16"
cx_6ff0cfec68e0b062,"로얄홈타운(103동)",강서구,NO_MATCH,EXACT_JIBUN_ADDRESS,115001030009280027,"서울 강서구 화곡동 928-27"
cx_6ff939399b618d4e,"평대정원",강동구,NO_MATCH,EXACT_JIBUN_ADDRESS,117401070004530038,"서울 강동구 암사동 453-38"
cx_6fffa95b31a87ab0,"인왕궁맨숀",서대문구,NO_MATCH,EXACT_JIBUN_ADDRESS,114101110001040006,"서울 서대문구 홍제동 104-6"
cx_700bfbab37ece842,"서원빌라",구로구,NO_MATCH,EXACT_JIBUN_ADDRESS,115301020007910047,"서울 구로구 구로동 791-47"
cx_700c6c091af8e3ad,"태승훼미리아파트",노원구,NO_MATCH,EXACT_PARCEL,113501030007590000,"서울 노원구 공릉동 759"
cx_701a73dd64e34a1a,"아키죤ii",송파구,NO_MATCH,EXACT_JIBUN_ADDRESS,117101070001010004,"서울 송파구 가락동 101-4"
cx_701a8974dc997a31,"영풍마드레빌",구로구,NO_MATCH,EXACT_PARCEL,115301080003420000,"서울 구로구 오류동 342"
cx_70203aea466ce512,"그린아파트빌",양천구,NO_MATCH,EXACT_JIBUN_ADDRESS,114701030004380004,"서울 양천구 신월동 438-4"
cx_7025a5ca72392dbe,"진성그린건설테라스아파트",중랑구,NO_MATCH,EXACT_JIBUN_ADDRESS,112601010001730021,"서울 중랑구 면목동 173-21"
cx_7027be13e92aa1d6,"현대백조",송파구,NO_MATCH,EXACT_PARCEL,117101120000110000,"서울 송파구 오금동 11"
cx_702f0c24a213b8f4,"현대",강동구,NO_MATCH,EXACT_JIBUN_ADDRESS,117401080000300002,"서울 강동구 성내동 30-2"
cx_7033cfeda7916378,"정우",용산구,NO_MATCH,EXACT_JIBUN_ADDRESS,111701290003020069,"서울 용산구 이촌동 302-69"
cx_7038f623c7522cbd,"그란츠리버파크",강동구,NO_MATCH,EXACT_PARCEL,117401080006110000,"서울 강동구 성내동 611"
cx_7039162043612d7f,"아녜스타워4",강서구,NO_MATCH,EXACT_JIBUN_ADDRESS,115001030009140037,"서울 강서구 화곡동 914-37"
cx_7039f96018656e79,"서울대입구아이원(1560-62)",관악구,NO_MATCH,EXACT_JIBUN_ADDRESS,116201010015600062,"서울 관악구 봉천동 1560-62"
cx_703f81cfc8a66f71,"신구노빌리티",서초구,NO_MATCH,EXACT_JIBUN_ADDRESS,116501070000840002,"서울 서초구 반포동 84-2"
cx_704330d6b5f57aa3,"가산피어니빌",금천구,NO_MATCH,EXACT_JIBUN_ADDRESS,115451010001430020,"서울 금천구 가산동 143-20"
cx_7045daed36bf6755,"카사빌",관악구,NO_MATCH,EXACT_JIBUN_ADDRESS,116201030006020150,"서울 관악구 남현동 602-150"
cx_704c61adfa77b0f2,"논현베르빌",강남구,NO_MATCH,EXACT_JIBUN_ADDRESS,116801080002140002,"서울 강남구 논현동 214-2"
cx_70512a25d7fa2a50,"삼부",은평구,NO_MATCH,EXACT_PARCEL,113801090003610000,"서울 은평구 신사동 361"
cx_70561144b8c79fc2,"마곡우촌아파트",강서구,NO_MATCH,EXACT_PARCEL,115001090009070000,"서울 강서구 방화동 907"
cx_705bd30d7a3c4edc,"신길파크자이",영등포구,NO_MATCH,EXACT_PARCEL,115601320049670000,"서울 영등포구 신길동 4967"
cx_706475ab15041e2b,"관음삼성",강서구,NO_MATCH,EXACT_PARCEL,115001010002680000,"서울 강서구 염창동 268"
cx_70648b9d7be8d43e,"신당아르브",중구,NO_MATCH,EXACT_JIBUN_ADDRESS,111401620001600005,"서울 중구 신당동 160-5"
cx_706e019744993e72,"비젼아파트101동",서초구,NO_MATCH,EXACT_JIBUN_ADDRESS,116501020000170035,"서울 서초구 양재동 17-35"
cx_707768b28735651f,"우성2차아파트102동",노원구,NO_MATCH,EXACT_JIBUN_ADDRESS,113501030005690028,"서울 노원구 공릉동 569-28"
cx_707b7549d526797c,"거평프리젠",강남구,NO_MATCH,MULTI_RECORD_SAME_PARCEL,116801080001960000,"서울 강남구 논현동 196"
cx_707c08eed3fadadc,"신동양빛여울아파트",강동구,NO_MATCH,EXACT_JIBUN_ADDRESS,117401090000350004,"서울 강동구 천호동 35-4"
cx_7081a04aab79018f,"백련산해모로",은평구,NO_MATCH,EXACT_PARCEL,113801070007680000,"서울 은평구 응암동 768"
cx_7081b58e1dd0f703,"시범(중산1차)",용산구,NO_MATCH,EXACT_JIBUN_ADDRESS,111701290002110002,"서울 용산구 이촌동 211-2"
cx_7086d9bc2ebae110,"현대아파트101동",강남구,NO_MATCH,EXACT_PARCEL,116801050000060000,"서울 강남구 삼성동 6"
cx_7089df356fcfbfc1,"서강아파트",은평구,NO_MATCH,EXACT_JIBUN_ADDRESS,113801030001710059,"서울 은평구 불광동 171-59"
cx_708b88fc0e72685f,"청솔102동",강서구,NO_MATCH,EXACT_JIBUN_ADDRESS,115001060006730014,"서울 강서구 내발산동 673-14"
cx_7095761c2e41d0cc,"엘르빌",서초구,NO_MATCH,EXACT_JIBUN_ADDRESS,116501010009850015,"서울 서초구 방배동 985-15"
cx_70b4a6c24ad943c3,"(793-46)",구로구,NO_MATCH,EXACT_JIBUN_ADDRESS,115301020007930046,"서울 구로구 구로동 793-46"
cx_70ba19c4e483f831,"신내역힐데스하임참좋은아파트",중랑구,NO_MATCH,EXACT_PARCEL,112601050005980000,"서울 중랑구 망우동 598"
cx_70bb67a5e6f0560e,"국화맨션",영등포구,NO_MATCH,EXACT_JIBUN_ADDRESS,115601210000760001,"서울 영등포구 문래동3가 76-1"
cx_70c7e235b5d6cfe5,"수정럭스(428-6)",은평구,NO_MATCH,EXACT_JIBUN_ADDRESS,113801040004280006,"서울 은평구 갈현동 428-6"
cx_70c9011ac7b58250,"신림2차푸르지오",관악구,NO_MATCH,EXACT_PARCEL,116201020017360000,"서울 관악구 신림동 1736"
cx_70ca4a3127d4e1a4,"대우",성북구,NO_MATCH,EXACT_PARCEL,112901330010210000,"서울 성북구 정릉동 1021"
cx_70d2f65231b627e0,"방배아크로타워",서초구,NO_MATCH,EXACT_JIBUN_ADDRESS,116501010009230006,"서울 서초구 방배동 923-6"
cx_70d74104a16dc5c3,"벨라팰리스",강서구,NO_MATCH,EXACT_JIBUN_ADDRESS,115001030003430071,"서울 강서구 화곡동 343-71"
cx_70ed3c6d42282563,"목동신시가지1",양천구,NO_MATCH,EXACT_PARCEL,114701020009010000,"서울 양천구 목동 901"
cx_70f518d7b836e48e,"동은5차",금천구,NO_MATCH,EXACT_JIBUN_ADDRESS,115451020008830021,"서울 금천구 독산동 883-21"
cx_710240815e33c2bb,"sk청암대(64-29)",용산구,NO_MATCH,EXACT_JIBUN_ADDRESS,111701160000640029,"서울 용산구 청암동 64-29"
cx_7108495c23002528,"천우(401-2)",강서구,NO_MATCH,EXACT_JIBUN_ADDRESS,115001030004010002,"서울 강서구 화곡동 401-2"
cx_710bdafb8023ac07,"가산지웰에스테이트",금천구,NO_MATCH,EXACT_JIBUN_ADDRESS,115451010001400009,"서울 금천구 가산동 140-9"
cx_71237768532156ee,"신반포중앙하이츠",서초구,NO_MATCH,EXACT_JIBUN_ADDRESS,116501060000710009,"서울 서초구 잠원동 71-9"
cx_712efbb510422089,"풍산쉐르빌a동",강북구,NO_MATCH,EXACT_JIBUN_ADDRESS,113051030002810032,"서울 강북구 수유동 281-32"
cx_71335904581d4127,"태경하이빌",구로구,NO_MATCH,EXACT_JIBUN_ADDRESS,115301070003670002,"서울 구로구 개봉동 367-2"
cx_713b9ffed1d10cea,"현대14차(203,204,205,206동)",강남구,NO_MATCH,EXACT_PARCEL,116801100004470000,"서울 강남구 압구정동 447"
cx_7144aab8b065615a,"한신베네스트아파트",강서구,NO_MATCH,EXACT_JIBUN_ADDRESS,115001030009150026,"서울 강서구 화곡동 915-26"
cx_714d022108932953,"리더스",강남구,NO_MATCH,EXACT_JIBUN_ADDRESS,116801030011640025,"서울 강남구 개포동 1164-25"
cx_7154cd1c8702393d,"중곡2단지",광진구,NO_MATCH,EXACT_JIBUN_ADDRESS,112151010001900026,"서울 광진구 중곡동 190-26"
cx_716c65a7482b87d4,"대영월드(b동)",양천구,NO_MATCH,EXACT_JIBUN_ADDRESS,114701030000590009,"서울 양천구 신월동 59-9"
cx_7176775187eeaec8,"와이엠프라젠스파",광진구,NO_MATCH,EXACT_JIBUN_ADDRESS,112151050006630021,"서울 광진구 자양동 663-21"
cx_7183526e2529b03d,"신대림자이1단지",영등포구,NO_MATCH,EXACT_PARCEL,115601330011210000,"서울 영등포구 대림동 1121"
cx_719a4f50b12bab2a,"새한",중랑구,NO_MATCH,EXACT_PARCEL,112601060007950000,"서울 중랑구 신내동 795"
cx_71ac7fc0a500894f,"아이파크종암동1차",성북구,NO_MATCH,EXACT_PARCEL,112901350001300000,"서울 성북구 종암동 130"
cx_71b2a1be4e457891,"관악푸르지오",관악구,NO_MATCH,EXACT_PARCEL,116201010017170000,"서울 관악구 봉천동 1717"
cx_71b82c20275856c6,"골든빌(99-1)",강남구,NO_MATCH,EXACT_JIBUN_ADDRESS,116801050000990001,"서울 강남구 삼성동 99-1"
cx_71bde36789c6b0d6,"닷컴힐즈",관악구,NO_MATCH,EXACT_JIBUN_ADDRESS,116201010016530001,"서울 관악구 봉천동 1653-1"
cx_71c48dfeffe7060b,"관악교수",관악구,NO_MATCH,EXACT_JIBUN_ADDRESS,116201010016170044,"서울 관악구 봉천동 1617-44"
cx_71c93b90a420ea96,"대경",관악구,NO_MATCH,EXACT_JIBUN_ADDRESS,116201010015310034,"서울 관악구 봉천동 1531-34"
cx_71f6533905218f27,"청계대주파크빌",성동구,NO_MATCH,EXACT_PARCEL,112001030000530000,"서울 성동구 홍익동 53"
cx_72021cf494156abd,"청담대우멤버스카운티8차",강남구,NO_MATCH,MULTI_RECORD_SAME_PARCEL,116801040001100000,"서울 강남구 청담동 110"
cx_720759ea1f8b84f4,"(50-5)",강서구,NO_MATCH,NO_MATCH,115001080000500005,"서울 강서구 공항동 50-5"
cx_720de0f1db2e70de,"두양그린a동",구로구,NO_MATCH,EXACT_JIBUN_ADDRESS,115301100000990001,"서울 구로구 온수동 99-1"
cx_7212409a78667106,"펭귄",동작구,NO_MATCH,EXACT_JIBUN_ADDRESS,115901090003640055,"서울 동작구 신대방동 364-55"
cx_721c7347cf8c09da,"주공4",노원구,NO_MATCH,EXACT_JIBUN_ADDRESS,113501060003580002,"서울 노원구 중계동 358-2"
cx_721cf1a4fc69cdf1,"우진체리쉬",구로구,NO_MATCH,EXACT_JIBUN_ADDRESS,115301020000970010,"서울 구로구 구로동 97-10"
cx_721e40a5c6ee77f2,"파크사이드",서초구,NO_MATCH,EXACT_JIBUN_ADDRESS,116501020003330009,"서울 서초구 양재동 333-9"
cx_7224fa7af465ff88,"대림아르빌",구로구,NO_MATCH,EXACT_PARCEL,115301020012730000,"서울 구로구 구로동 1273"
cx_7228369ae55d2d24,"동부(105동~106동)",구로구,NO_MATCH,EXACT_PARCEL,115301080003390000,"서울 구로구 오류동 339"
cx_722bb80946e40319,"칼라",송파구,NO_MATCH,EXACT_JIBUN_ADDRESS,117101030003980016,"서울 송파구 풍납동 398-16"
cx_7231525b5e8e8756,"한진한화그랑빌",노원구,NO_MATCH,EXACT_PARCEL,113501020000180000,"서울 노원구 월계동 18"
cx_723288f4da8997b0,"다원애버니아",강동구,NO_MATCH,EXACT_JIBUN_ADDRESS,117401060004900003,"서울 강동구 둔촌동 490-3"
cx_72397440fb84556e,"길음뉴타운5단지(래미안)",성북구,NO_MATCH,EXACT_PARCEL,112901340012820000,"서울 성북구 길음동 1282"
cx_723e4cbcb36d2e90,"녹번jr아파트",은평구,NO_MATCH,EXACT_JIBUN_ADDRESS,113801020002800001,"서울 은평구 녹번동 280-1"
cx_724077de0a97bf07,"푸른솔",동작구,NO_MATCH,EXACT_JIBUN_ADDRESS,115901020001260018,"서울 동작구 상도동 126-18"
cx_7254562f74f61ab6,"ns파크타운",동대문구,NO_MATCH,EXACT_JIBUN_ADDRESS,112301060003460028,"서울 동대문구 장안동 346-28"
cx_725605df030ff6d3,"무지개",서초구,NO_MATCH,NO_MATCH,116501080013350000,"서울 서초구 서초동 1335"
cx_7259bec1a6c6bef8,"메이플라워",서초구,NO_MATCH,EXACT_JIBUN_ADDRESS,116501060000650001,"서울 서초구 잠원동 65-1"
cx_7259d23d46994dea,"삼선푸르지오",성북구,NO_MATCH,EXACT_PARCEL,112901120004250000,"서울 성북구 삼선동2가 425"
cx_725eb186bcbefa1a,"정릉2차e-편한세상",성북구,NO_MATCH,EXACT_PARCEL,112901330010350000,"서울 성북구 정릉동 1035"
cx_7272186b0af81999,"미주파스텔",서초구,NO_MATCH,MULTI_RECORD_SAME_PARCEL,116501060000540000,"서울 서초구 잠원동 54"
cx_728260ea72fd482d,"현대4차",노원구,NO_MATCH,EXACT_PARCEL,113501050012710000,"서울 노원구 상계동 1271"
cx_728c2131c83b4186,"동고",서초구,NO_MATCH,EXACT_PARCEL,116501030000590000,"서울 서초구 우면동 59"
cx_728d91fd80ce79e3,"한건토파즈빌",성동구,NO_MATCH,EXACT_JIBUN_ADDRESS,112001050005120002,"서울 성동구 마장동 512-2"
cx_729bf73809ff33ba,"몬테피오레",용산구,NO_MATCH,EXACT_JIBUN_ADDRESS,111701010000410001,"서울 용산구 후암동 41-1"
cx_72a560b25192c512,"로얄빌리지",강남구,NO_MATCH,EXACT_JIBUN_ADDRESS,116801010006440006,"서울 강남구 역삼동 644-6"
cx_72a5eb80d71e3147,"해태",강서구,NO_MATCH,EXACT_PARCEL,115001080013710000,"서울 강서구 공항동 1371"
cx_72b0d15aff2837b5,"(800-29)",구로구,NO_MATCH,EXACT_JIBUN_ADDRESS,115301020008000029,"서울 구로구 구로동 800-29"
cx_72b16a04455abd44,"서부인터빌아파트",강서구,NO_MATCH,EXACT_JIBUN_ADDRESS,115001030010740018,"서울 강서구 화곡동 1074-18"
cx_72bcf34475e13d6f,"동일하이빌1단지",양천구,NO_MATCH,EXACT_PARCEL,114701010013100000,"서울 양천구 신정동 1310"
cx_72bd779fda5e4587,"통일(479-3)",강서구,NO_MATCH,EXACT_JIBUN_ADDRESS,115001090004790003,"서울 강서구 방화동 479-3"
cx_72c4694f8e91a5a9,"보배빌아파트(90-2)",은평구,NO_MATCH,EXACT_JIBUN_ADDRESS,113801020000900002,"서울 은평구 녹번동 90-2"
cx_72c8ca692a66938b,"mid그린(2동)",종로구,NO_MATCH,EXACT_JIBUN_ADDRESS,111101740006010001,"서울 종로구 창신동 601-1"
cx_72ca83dd82808450,"힐스나인빌리지",서초구,NO_MATCH,EXACT_JIBUN_ADDRESS,116501010007990005,"서울 서초구 방배동 799-5"
cx_72cb8e121a55dc55,"예다움",광진구,NO_MATCH,EXACT_JIBUN_ADDRESS,112151010001100033,"서울 광진구 중곡동 110-33"
cx_72cd5a0370e1ab74,"명도힐스티지",금천구,NO_MATCH,EXACT_JIBUN_ADDRESS,115451020009620032,"서울 금천구 독산동 962-32"
cx_72d9794e28aee79b,"우림루미아트",강남구,NO_MATCH,EXACT_JIBUN_ADDRESS,116801050000750003,"서울 강남구 삼성동 75-3"
cx_72d9cb38fe220e14,"(797-5)",구로구,NO_MATCH,EXACT_JIBUN_ADDRESS,115301020007970005,"서울 구로구 구로동 797-5"
cx_72ddceb67f716ae3,"천우네오젠9차",강서구,NO_MATCH,EXACT_JIBUN_ADDRESS,115001030009160006,"서울 강서구 화곡동 916-6"
cx_72e2b06663f8790e,"삼성동롯데캐슬킹덤",강남구,NO_MATCH,EXACT_PARCEL,116801050000430000,"서울 강남구 삼성동 43"
cx_72e34ba7abff4b61,"풍림아이원1차101동(910-3)",강남구,NO_MATCH,EXACT_JIBUN_ADDRESS,116801060009100003,"서울 강남구 대치동 910-3"
cx_72e5b8769be09c45,"미성",은평구,NO_MATCH,EXACT_JIBUN_ADDRESS,113801090001400001,"서울 은평구 신사동 140-1"
cx_72ff02c6e2ef0508,"강변그대가리버뷰",강동구,NO_MATCH,EXACT_PARCEL,117401090005680000,"서울 강동구 천호동 568"
cx_730034ebf66b1089,"대동황토방",노원구,NO_MATCH,EXACT_PARCEL,113501050012840000,"서울 노원구 상계동 1284"
cx_73017b38adb87efa,"한양7",도봉구,NO_MATCH,EXACT_PARCEL,113201050001580000,"서울 도봉구 쌍문동 158"
cx_7307f677f3b5ed42,"화인하이빌",강남구,NO_MATCH,EXACT_JIBUN_ADDRESS,116801060009500005,"서울 강남구 대치동 950-5"
cx_7308cd77bbe2b1ac,"부광",송파구,NO_MATCH,EXACT_JIBUN_ADDRESS,117101110001070002,"서울 송파구 방이동 107-2"
cx_730df44106310592,"미성2차",강남구,NO_MATCH,EXACT_PARCEL,116801100003970000,"서울 강남구 압구정동 397"
cx_7310c8b71a7045a5,"샤인힐",성북구,NO_MATCH,EXACT_JIBUN_ADDRESS,112901100000750010,"서울 성북구 동소문동7가 75-10"
cx_73193e77d6a47b18,"유원아파트",강동구,NO_MATCH,EXACT_JIBUN_ADDRESS,117401090002870009,"서울 강동구 천호동 287-9"
cx_731c92d4e6df278d,"북아현2차",서대문구,NO_MATCH,EXACT_JIBUN_ADDRESS,114101100001870012,"서울 서대문구 북아현동 187-12"
cx_731ded5a652531ca,"광남벨라스2차아파트(53-32)",강동구,NO_MATCH,EXACT_JIBUN_ADDRESS,117401090000530032,"서울 강동구 천호동 53-32"
cx_73229ae9a10e35cb,"도현블랑빌",중구,NO_MATCH,EXACT_JIBUN_ADDRESS,111401620004322164,"서울 중구 신당동 432-2164"
cx_7336c685ab9772ee,"장원(503)",강북구,NO_MATCH,EXACT_JIBUN_ADDRESS,113051020001480503,"서울 강북구 번동 148-503"
cx_733b787b9884b2d6,"양지마을(대림)2",노원구,NO_MATCH,EXACT_PARCEL,113501060005880000,"서울 노원구 중계동 588"
cx_735ac38d9e3f51d3,"벽산",중랑구,NO_MATCH,EXACT_PARCEL,112601060004370000,"서울 중랑구 신내동 437"
cx_7362fe318727125d,"한성나이스빌",송파구,NO_MATCH,EXACT_JIBUN_ADDRESS,117101110002120003,"서울 송파구 방이동 212-3"
cx_736578e30442ab4b,"강서크라운팰리스",강서구,NO_MATCH,EXACT_JIBUN_ADDRESS,115001030009980005,"서울 강서구 화곡동 998-5"
cx_737fb192dc115233,"문래동원데자뷰",영등포구,NO_MATCH,EXACT_PARCEL,115601210000950000,"서울 영등포구 문래동3가 95"
cx_738302e3b75761e3,"삼익1",송파구,NO_MATCH,EXACT_PARCEL,117101140005730000,"서울 송파구 마천동 573"
cx_738a66252ef453c5,"명진(348-7)",은평구,NO_MATCH,EXACT_JIBUN_ADDRESS,113801090003480007,"서울 은평구 신사동 348-7"
cx_739470526de373b9,"래미안공덕4차",마포구,NO_MATCH,EXACT_PARCEL,114401020004640000,"서울 마포구 공덕동 464"
cx_739513ee82d7a288,"내츄럴2차",강서구,NO_MATCH,EXACT_JIBUN_ADDRESS,115001060006960002,"서울 강서구 내발산동 696-2"
cx_73aad0e5791cee25,"한일써너스빌리젠시1단지(101동)",중랑구,NO_MATCH,MULTI_RECORD_SAME_PARCEL,112601050004790000,"서울 중랑구 망우동 479"
cx_73ac7ed9a97a6b20,"온누리베일리",양천구,NO_MATCH,EXACT_JIBUN_ADDRESS,114701030002070043,"서울 양천구 신월동 207-43"
cx_73b1af9095e31946,"서초네이처힐6단지",서초구,NO_MATCH,EXACT_PARCEL,116501030007370000,"서울 서초구 우면동 737"
cx_73b5b5f7dbb2b435,"브라운스톤구산",은평구,NO_MATCH,EXACT_JIBUN_ADDRESS,113801050001590010,"서울 은평구 구산동 159-10"
cx_73bb2af87b32b6b4,"명남래희안(122-4)",은평구,NO_MATCH,EXACT_JIBUN_ADDRESS,113801070001220004,"서울 은평구 응암동 122-4"
cx_73bd828c8bea1dc2,"당산계룡리슈빌3단지",영등포구,NO_MATCH,EXACT_PARCEL,115601130005650000,"서울 영등포구 당산동3가 565"
cx_73bf490dcd2e42d5,"고덕골든빌(103동)",중랑구,NO_MATCH,EXACT_JIBUN_ADDRESS,112601040001680007,"서울 중랑구 묵동 168-7"
cx_73cc14bef3dde8b5,"아르체움등촌",강서구,NO_MATCH,EXACT_PARCEL,115001010002750000,"서울 강서구 염창동 275"
cx_73ce2ac41fab2db8,"서희스타힐스",동대문구,NO_MATCH,EXACT_JIBUN_ADDRESS,112301060003650004,"서울 동대문구 장안동 365-4"
cx_73cf2ee61935c0bb,"참다움아파트",노원구,NO_MATCH,EXACT_JIBUN_ADDRESS,113501030003950006,"서울 노원구 공릉동 395-6"
cx_73d629cce163d9df,"삼익(217-9)",은평구,NO_MATCH,EXACT_JIBUN_ADDRESS,113801030002170009,"서울 은평구 불광동 217-9"
cx_73d7f1a833c3ad1a,"(752-45)",구로구,NO_MATCH,EXACT_JIBUN_ADDRESS,115301020007520045,"서울 구로구 구로동 752-45"
cx_73d97e962032d780,"라이온즈",용산구,NO_MATCH,EXACT_JIBUN_ADDRESS,111701320003100017,"서울 용산구 동빙고동 310-17"
cx_73e3680916951167,"청우",강서구,NO_MATCH,EXACT_JIBUN_ADDRESS,115001030010550011,"서울 강서구 화곡동 1055-11"
cx_73ee4e906402f8bb,"제이월드에메랄드",강서구,NO_MATCH,EXACT_JIBUN_ADDRESS,115001060006740032,"서울 강서구 내발산동 674-32"
cx_73f15ec949994593,"삼익(1단지)",구로구,NO_MATCH,EXACT_PARCEL,115301060003300000,"서울 구로구 고척동 330"
cx_73f89fd9f7773243,"태원강변",광진구,NO_MATCH,MULTI_RECORD_SAME_PARCEL,112151050005880000,"서울 광진구 자양동 588"
cx_7406c741bdcd56c7,"래미안라센트",성북구,NO_MATCH,EXACT_PARCEL,112901350001340000,"서울 성북구 종암동 134"
cx_74077ce89edf06f6,"월드메르디앙",영등포구,NO_MATCH,EXACT_PARCEL,115601270000190000,"서울 영등포구 양평동3가 19"
cx_7408bbb2cce5fb0b,"삼성월드",동작구,NO_MATCH,EXACT_JIBUN_ADDRESS,115901070010160042,"서울 동작구 사당동 1016-42"
cx_741a6c1535bcce4c,"선릉역대우아이빌(890-49)",강남구,NO_MATCH,EXACT_JIBUN_ADDRESS,116801060008900049,"서울 강남구 대치동 890-49"
cx_741af0cc80a83f15,"우성kbs(113동)",서초구,NO_MATCH,EXACT_JIBUN_ADDRESS,116501020001600002,"서울 서초구 양재동 160-2"
cx_741d935702b15cd5,"현대그린",마포구,NO_MATCH,EXACT_JIBUN_ADDRESS,114401230004640005,"서울 마포구 망원동 464-5"
cx_742004472df8499d,"주상복합태진가람",강서구,NO_MATCH,EXACT_JIBUN_ADDRESS,115001010002630002,"서울 강서구 염창동 263-2"
cx_74458c962032fecf,"신반포19",서초구,NO_MATCH,EXACT_JIBUN_ADDRESS,116501060000610002,"서울 서초구 잠원동 61-2"
cx_7447fd108fe6d9f1,"신주아파트(313)",강동구,NO_MATCH,MULTI_RECORD_SAME_PARCEL,117401090003130000,"서울 강동구 천호동 313"
cx_74486742483b9026,"신성새실마을101동",관악구,NO_MATCH,EXACT_JIBUN_ADDRESS,116201010016050001,"서울 관악구 봉천동 1605-1"
cx_744ab760b990e900,"상봉생활",중랑구,NO_MATCH,NO_MATCH,112601020001160049,"서울 중랑구 상봉동 116-49"
cx_74503b30414a7b3a,"주안펌니스아파트",양천구,NO_MATCH,EXACT_JIBUN_ADDRESS,114701010009520003,"서울 양천구 신정동 952-3"
cx_7453df700a8139f4,"무궁화",은평구,NO_MATCH,EXACT_JIBUN_ADDRESS,113801080000620016,"서울 은평구 역촌동 62-16"
cx_7455a6be1ad7b58b,"한신4차",노원구,NO_MATCH,EXACT_PARCEL,113501050009950000,"서울 노원구 상계동 995"
cx_746a546fc6cc34e5,"송파파인타운8단지",송파구,NO_MATCH,EXACT_PARCEL,117101090008420000,"서울 송파구 장지동 842"
cx_747006c719b8059b,"미아1차래미안",강북구,NO_MATCH,EXACT_PARCEL,113051010007970000,"서울 강북구 미아동 797"
cx_74702ebf5f778d8c,"은하수드림빌",동대문구,NO_MATCH,EXACT_PARCEL,112301060005790000,"서울 동대문구 장안동 579"
cx_747b1f3021f17264,"쌍용플레티넘밸류",강남구,NO_MATCH,EXACT_JIBUN_ADDRESS,116801010008260037,"서울 강남구 역삼동 826-37"
cx_747d4c639db3ddfe,"월든힐스",은평구,NO_MATCH,EXACT_JIBUN_ADDRESS,113801020000290106,"서울 은평구 녹번동 29-106"
cx_748062daf5e530ee,"이튼타워리버3차",광진구,NO_MATCH,EXACT_PARCEL,112151050008550000,"서울 광진구 자양동 855"
cx_74822e7ccff4f774,"삼산금호",성동구,NO_MATCH,EXACT_PARCEL,112001120001800000,"서울 성동구 금호동4가 180"
cx_749c830967e4ee52,"남구로",구로구,NO_MATCH,EXACT_JIBUN_ADDRESS,115301020007930036,"서울 구로구 구로동 793-36"
cx_74a163fa0855ed8a,"염창힐스테이트",강서구,NO_MATCH,EXACT_PARCEL,115001010003060000,"서울 강서구 염창동 306"
cx_74a45a8ca3832e3c,"진주하이츠2차",은평구,NO_MATCH,EXACT_JIBUN_ADDRESS,113801080000100083,"서울 은평구 역촌동 10-83"
cx_74b5dc7ae0b7b95c,"우성트윈캐슬a동",강서구,NO_MATCH,EXACT_JIBUN_ADDRESS,115001030000560252,"서울 강서구 화곡동 56-252"
cx_74bcd253977019be,"매원아파트",중랑구,NO_MATCH,EXACT_JIBUN_ADDRESS,112601020001360100,"서울 중랑구 상봉동 136-100"
cx_74c48b1db7e869a0,"신주에지앙",용산구,NO_MATCH,EXACT_PARCEL,111701010003020000,"서울 용산구 후암동 302"
cx_74c9108f1d953b15,"아남",송파구,NO_MATCH,EXACT_PARCEL,117101140000090000,"서울 송파구 마천동 9"
cx_74cb427b5e4f0ced,"광장동현대ⅰ빌라트",광진구,NO_MATCH,EXACT_JIBUN_ADDRESS,112151040003500001,"서울 광진구 광장동 350-1"
cx_74cfde3f02f03a63,"충우팰리스2",서대문구,NO_MATCH,EXACT_JIBUN_ADDRESS,114101190003250043,"서울 서대문구 북가좌동 325-43"
cx_74d53f27dfe0c664,"래미안신반포리오센트",서초구,NO_MATCH,EXACT_PARCEL,116501060001610000,"서울 서초구 잠원동 161"
cx_74ddd2bbe9a8131a,"세영팔레스타운",강남구,NO_MATCH,EXACT_JIBUN_ADDRESS,116801060009750020,"서울 강남구 대치동 975-20"
cx_74e698e73877cb59,"북한산삼부르네상스301동302동303동",서대문구,NO_MATCH,EXACT_JIBUN_ADDRESS,114101180000080285,"서울 서대문구 홍은동 8-285"
cx_74ed3cbb4c840eed,"상도동래미안1차",동작구,NO_MATCH,EXACT_PARCEL,115901020004500000,"서울 동작구 상도동 450"
cx_750f0c48dfad34f0,"현대아르빌",서초구,NO_MATCH,EXACT_JIBUN_ADDRESS,116501010004590001,"서울 서초구 방배동 459-1"
cx_7522831beceafb9f,"스위트드림아파트",양천구,NO_MATCH,EXACT_PARCEL,114701030010740000,"서울 양천구 신월동 1074"
cx_752658e33ce348a0,"(752-6)",구로구,NO_MATCH,EXACT_JIBUN_ADDRESS,115301020007520006,"서울 구로구 구로동 752-6"
cx_752a93ca0834f351,"성아1",용산구,NO_MATCH,EXACT_JIBUN_ADDRESS,111701310002630010,"서울 용산구 한남동 263-10"
cx_75306a98df76bdde,"그랜드1",강동구,NO_MATCH,EXACT_JIBUN_ADDRESS,117401060005180001,"서울 강동구 둔촌동 518-1"
cx_753458f261567337,"금호타운",노원구,NO_MATCH,EXACT_PARCEL,113501050012700000,"서울 노원구 상계동 1270"
cx_7535ad836e551364,"길동3차이룸",강동구,NO_MATCH,EXACT_JIBUN_ADDRESS,117401050001460001,"서울 강동구 길동 146-1"
cx_75397dfe427c6b93,"방배렉슬",서초구,NO_MATCH,EXACT_JIBUN_ADDRESS,116501010008020010,"서울 서초구 방배동 802-10"
cx_753c2be742899d58,"청운퀸즈",은평구,NO_MATCH,EXACT_JIBUN_ADDRESS,113801080000830067,"서울 은평구 역촌동 83-67"
cx_7549040536d11082,"비앤비(101동)",강동구,NO_MATCH,MULTI_RECORD_SAME_PARCEL,117401080003860000,"서울 강동구 성내동 386"
cx_755f802ec41e0e07,"현대i-park",성동구,NO_MATCH,EXACT_PARCEL,112001150008340000,"서울 성동구 성수동2가 834"
cx_756cf2401a5dbf24,"상림마을7단지아이파크(709~712동)bl1-10",은평구,NO_MATCH,EXACT_PARCEL,113801140000120000,"서울 은평구 진관동 12"
cx_756f623029f76a77,"강서아이파크",강서구,NO_MATCH,EXACT_JIBUN_ADDRESS,115001030009800021,"서울 강서구 화곡동 980-21"
cx_756fc45439b9d974,"양지쉐르빌아파트(415-1)",동대문구,NO_MATCH,EXACT_JIBUN_ADDRESS,112301060004150001,"서울 동대문구 장안동 415-1"
cx_757ba00c55f0a87b,"정은노블스b",은평구,NO_MATCH,EXACT_JIBUN_ADDRESS,113801090000230053,"서울 은평구 신사동 23-53"
cx_7581efd6abc866cb,"푸른마을3",양천구,NO_MATCH,EXACT_PARCEL,114701010012830000,"서울 양천구 신정동 1283"
cx_75825adb7f7e09b8,"힐스테이트서초젠트리스",서초구,NO_MATCH,EXACT_PARCEL,116501110005570000,"서울 서초구 신원동 557"
cx_7585d3b7c49b7e78,"서대문노블루체",서대문구,NO_MATCH,EXACT_JIBUN_ADDRESS,114101180002740032,"서울 서대문구 홍은동 274-32"
cx_75934d933bfecbb2,"극동스타클래스2",서초구,NO_MATCH,EXACT_JIBUN_ADDRESS,116501080016150010,"서울 서초구 서초동 1615-10"
cx_759645e9647d29aa,"디오수페리움2",서초구,NO_MATCH,EXACT_JIBUN_ADDRESS,116501010030010001,"서울 서초구 방배동 3001-1"
cx_759ffd2a909c669d,"상계대림",노원구,NO_MATCH,EXACT_PARCEL,113501050001720000,"서울 노원구 상계동 172"
cx_75b6d35021ccd29e,"동아하이빌아파트101동",노원구,NO_MATCH,EXACT_JIBUN_ADDRESS,113501030006090003,"서울 노원구 공릉동 609-3"
cx_75ccc37d10ce66cd,"피오레",성북구,NO_MATCH,EXACT_PARCEL,112901330010240000,"서울 성북구 정릉동 1024"
cx_75dc564bd05728a6,"광남캐스빌102동",강동구,NO_MATCH,EXACT_JIBUN_ADDRESS,117401060004350008,"서울 강동구 둔촌동 435-8"
cx_75e1a4d984407d6e,"예지향",강남구,NO_MATCH,EXACT_JIBUN_ADDRESS,116801010007280052,"서울 강남구 역삼동 728-52"
cx_75f1c294396f4fab,"벽산베스트블루밍",구로구,NO_MATCH,EXACT_PARCEL,115301060003420000,"서울 구로구 고척동 342"
cx_7600cee1db2c01e3,"신주아파트",강동구,NO_MATCH,EXACT_JIBUN_ADDRESS,117401090000270006,"서울 강동구 천호동 27-6"
cx_760dfb5100296f66,"용두롯데캐슬리치",동대문구,NO_MATCH,EXACT_PARCEL,112301020007940000,"서울 동대문구 용두동 794"
cx_762bb9142aa8bb5c,"성원쌍떼빌팰리스",서대문구,NO_MATCH,EXACT_PARCEL,114101170007420000,"서울 서대문구 연희동 742"
cx_763504360f8eea4f,"드림캐슬타워",동작구,NO_MATCH,NO_MATCH,115901020001830026,"서울 동작구 상도동 183-26"
cx_764652ad39a48270,"길음뉴타운경남아너스빌",성북구,NO_MATCH,EXACT_PARCEL,112901330010150000,"서울 성북구 정릉동 1015"
cx_7649c8a7a0f00aef,"그대家",관악구,NO_MATCH,EXACT_PARCEL,116201020017270000,"서울 관악구 신림동 1727"
cx_765ceef5db4e60f2,"카사벨라(939-9)",서초구,NO_MATCH,EXACT_JIBUN_ADDRESS,116501010009390009,"서울 서초구 방배동 939-9"
cx_765e2f270c35301c,"푸른힐",양천구,NO_MATCH,EXACT_JIBUN_ADDRESS,114701010009490001,"서울 양천구 신정동 949-1"
cx_7662ffcc37f7544f,"약수(372-13)",중구,NO_MATCH,EXACT_JIBUN_ADDRESS,111401620003720013,"서울 중구 신당동 372-13"
cx_76660695fc06880a,"다성이즈빌(320)",강동구,NO_MATCH,EXACT_PARCEL,117401090003200000,"서울 강동구 천호동 320"
cx_76721c22037555e7,"제일1",용산구,NO_MATCH,EXACT_JIBUN_ADDRESS,111701200000030004,"서울 용산구 도원동 3-4"
cx_7673558125f81954,"아인리베(310-5)",동대문구,NO_MATCH,EXACT_JIBUN_ADDRESS,112301060003100005,"서울 동대문구 장안동 310-5"
cx_7674151199753fe6,"하늘.바람",서초구,NO_MATCH,EXACT_JIBUN_ADDRESS,116501070006120032,"서울 서초구 반포동 612-32"
cx_767b87bf3d547926,"우일타운",중구,NO_MATCH,EXACT_JIBUN_ADDRESS,111401630000030004,"서울 중구 흥인동 3-4"
cx_768dc48e9d3d70d6,"롯데낙천대",종로구,NO_MATCH,EXACT_PARCEL,111101830000720000,"서울 종로구 평창동 72"
cx_7690415450f3930f,"서초중흥s-클래스(도시형생활주택)",서초구,NO_MATCH,EXACT_JIBUN_ADDRESS,116501080014510089,"서울 서초구 서초동 1451-89"
cx_76a22f1df42b0b29,"방배2차현대홈타운",서초구,NO_MATCH,EXACT_PARCEL,116501010020010000,"서울 서초구 방배동 2001"
cx_76b5022d917e7bc5,"(780-50)",구로구,NO_MATCH,EXACT_JIBUN_ADDRESS,115301020007800050,"서울 구로구 구로동 780-50"
cx_76b79d34ac66fa92,"그린씨티",강서구,NO_MATCH,EXACT_JIBUN_ADDRESS,115001060007160016,"서울 강서구 내발산동 716-16"
cx_76c4e9fdc3b796ed,"서울숲금강아미움",성동구,NO_MATCH,EXACT_PARCEL,112001150008360000,"서울 성동구 성수동2가 836"
cx_76c57d719370e050,"까치산(102동)",강서구,NO_MATCH,EXACT_JIBUN_ADDRESS,115001030001050502,"서울 강서구 화곡동 105-502"
cx_76c65f7d767db77d,"삼호",강남구,NO_MATCH,NO_MATCH,116801180005400000,"서울 강남구 도곡동 540"
cx_76d1ae6153650ab1,"덕현해밀",성동구,NO_MATCH,EXACT_PARCEL,112001220002520000,"서울 성동구 용답동 252"
cx_76d418629a9f5bba,"삼익플라주서교1",마포구,NO_MATCH,EXACT_PARCEL,114401200004880000,"서울 마포구 서교동 488"
cx_76d7a580e3541642,"다우(459-63)",강북구,NO_MATCH,EXACT_JIBUN_ADDRESS,113051020004590063,"서울 강북구 번동 459-63"
cx_76daa577b59e2553,"중앙하이츠(a)",용산구,NO_MATCH,EXACT_JIBUN_ADDRESS,111701290003000017,"서울 용산구 이촌동 300-17"
cx_76de3272eafeeb59,"새롬",양천구,NO_MATCH,EXACT_JIBUN_ADDRESS,114701030004580001,"서울 양천구 신월동 458-1"
cx_76de669bd04e6e5c,"탑건위너빌1",강동구,NO_MATCH,EXACT_JIBUN_ADDRESS,117401050002290003,"서울 강동구 길동 229-3"
cx_76e380ffb5f2c39f,"창대",강서구,NO_MATCH,EXACT_JIBUN_ADDRESS,115001030008990025,"서울 강서구 화곡동 899-25"
cx_76e68c1d4c542dd4,"에코빌리지",서대문구,NO_MATCH,EXACT_JIBUN_ADDRESS,114101170001690009,"서울 서대문구 연희동 169-9"
cx_76f224264e5f01f1,"목화",양천구,NO_MATCH,EXACT_JIBUN_ADDRESS,114701020007360004,"서울 양천구 목동 736-4"
cx_76f44ba4b2437b9d,"보라매롯데캐슬",관악구,NO_MATCH,EXACT_JIBUN_ADDRESS,116201010007290022,"서울 관악구 봉천동 729-22"
cx_7705825d7bfdcb98,"한남해피트리",용산구,NO_MATCH,EXACT_PARCEL,111701310008270000,"서울 용산구 한남동 827"
cx_770b50df40ee6e1a,"서울중앙",관악구,NO_MATCH,EXACT_JIBUN_ADDRESS,116201020016840009,"서울 관악구 신림동 1684-9"
cx_770be1eabf56961a,"한솔애리즈(438-56)",강동구,NO_MATCH,EXACT_JIBUN_ADDRESS,117401080004380056,"서울 강동구 성내동 438-56"
cx_77140a3d66a396f4,"이안용산1차(102동)",용산구,NO_MATCH,EXACT_JIBUN_ADDRESS,111701220000070006,"서울 용산구 문배동 7-6"
cx_771764fb10cbae32,"우장산아이파크,이편한세상",강서구,NO_MATCH,EXACT_PARCEL,115001030011590000,"서울 강서구 화곡동 1159"
cx_771e9ed111f1f48a,"대림e-편한세상2",은평구,NO_MATCH,EXACT_PARCEL,113801050005460000,"서울 은평구 구산동 546"
cx_772125575c06c23e,"(627-120)",종로구,NO_MATCH,EXACT_JIBUN_ADDRESS,111101740006270120,"서울 종로구 창신동 627-120"
cx_77380ce306d97d9e,"반포동피카소빌",서초구,NO_MATCH,EXACT_JIBUN_ADDRESS,116501070000790005,"서울 서초구 반포동 79-5"
cx_773899d63e715d50,"프라임",서초구,NO_MATCH,EXACT_JIBUN_ADDRESS,116501020004020013,"서울 서초구 양재동 402-13"
cx_773e654652dc7c89,"고덕아르테스미소지움",강동구,NO_MATCH,EXACT_PARCEL,117401030005550000,"서울 강동구 상일동 555"
cx_774ef3d20cb17f31,"현대아파트",은평구,NO_MATCH,EXACT_JIBUN_ADDRESS,113801030001710061,"서울 은평구 불광동 171-61"
cx_774f03bf66e7882f,"고덕센트럴ipark",강동구,NO_MATCH,EXACT_PARCEL,117401030005130000,"서울 강동구 상일동 513"
cx_77539c9324aa7099,"목동우성2",양천구,NO_MATCH,MULTI_RECORD_SAME_PARCEL,114701010003370000,"서울 양천구 신정동 337"
cx_775851a43fec59d9,"두산",구로구,NO_MATCH,EXACT_PARCEL,115301070004720000,"서울 구로구 개봉동 472"
cx_7768d7704f687786,"경지리버캐슬",강동구,NO_MATCH,EXACT_JIBUN_ADDRESS,117401070005100010,"서울 강동구 암사동 510-10"
cx_777bce13edce6000,"신촌금호",마포구,NO_MATCH,EXACT_PARCEL,114401140004380000,"서울 마포구 창전동 438"
cx_7784e445af7220d8,"상아빌라트",강남구,NO_MATCH,EXACT_JIBUN_ADDRESS,116801050000470020,"서울 강남구 삼성동 47-20"
cx_778e3b637cd1213f,"계명나동(56-29)",강서구,NO_MATCH,EXACT_JIBUN_ADDRESS,115001030000560029,"서울 강서구 화곡동 56-29"
cx_77948511f20882e7,"강일리버파크8단지",강동구,NO_MATCH,EXACT_PARCEL,117401100007010000,"서울 강동구 강일동 701"
cx_7794d580e7ac4794,"장한평월드메르디앙",동대문구,NO_MATCH,EXACT_PARCEL,112301060005730000,"서울 동대문구 장안동 573"
cx_779f1a5b387f7d39,"애필리움",은평구,NO_MATCH,EXACT_JIBUN_ADDRESS,113801070001130035,"서울 은평구 응암동 113-35"
cx_77a4fe42a347a7da,"개봉동현대아이파크",구로구,NO_MATCH,EXACT_PARCEL,115301070004890000,"서울 구로구 개봉동 489"
cx_77b6f86bd52974c5,"예청c",은평구,NO_MATCH,EXACT_JIBUN_ADDRESS,113801070001220035,"서울 은평구 응암동 122-35"
cx_77b80aa56a3b7694,"남산퍼시픽",중구,NO_MATCH,EXACT_PARCEL,111401290000420000,"서울 중구 남산동2가 42"
cx_77b9f77734152b93,"라이프씨티",은평구,NO_MATCH,EXACT_PARCEL,113801090003540000,"서울 은평구 신사동 354"
cx_77dc905aecc0d973,"제일캐슬",양천구,NO_MATCH,EXACT_JIBUN_ADDRESS,114701030004940008,"서울 양천구 신월동 494-8"
cx_77deac507bd44862,"크로스캐슬",강서구,NO_MATCH,EXACT_JIBUN_ADDRESS,115001030009180006,"서울 강서구 화곡동 918-6"
cx_77e574593cd4ad3a,"진로아파트",중랑구,NO_MATCH,EXACT_PARCEL,112601060006540000,"서울 중랑구 신내동 654"
cx_77e5dc1ffa0b8f99,"아이리스",서초구,NO_MATCH,EXACT_JIBUN_ADDRESS,116501010010210009,"서울 서초구 방배동 1021-9"
cx_77f88bf4e789fa4f,"(743-8)",구로구,NO_MATCH,EXACT_JIBUN_ADDRESS,115301020007430008,"서울 구로구 구로동 743-8"
cx_77fd6fe8e93a3d88,"강남상가",강남구,NO_MATCH,EXACT_JIBUN_ADDRESS,116801070005100011,"서울 강남구 신사동 510-11"
cx_780595e686db8778,"리치빌",중랑구,NO_MATCH,EXACT_JIBUN_ADDRESS,112601040001770012,"서울 중랑구 묵동 177-12"
cx_78064706f05a4a26,"장원",성동구,NO_MATCH,EXACT_JIBUN_ADDRESS,112001050007670001,"서울 성동구 마장동 767-1"
cx_780a8def29764a82,"태평아트",서초구,NO_MATCH,EXACT_JIBUN_ADDRESS,116501070007010059,"서울 서초구 반포동 701-59"
cx_7816567ea89a0e26,"방이금호어울림",송파구,NO_MATCH,EXACT_PARCEL,117101110001570000,"서울 송파구 방이동 157"
cx_781886cb1321f459,"방배래미안타워",서초구,NO_MATCH,EXACT_JIBUN_ADDRESS,116501010004850003,"서울 서초구 방배동 485-3"
cx_781b60543492b9e7,"한국프라우드",은평구,NO_MATCH,EXACT_PARCEL,113801050002250000,"서울 은평구 구산동 225"
cx_781d553196c1f2cb,"산경",서대문구,NO_MATCH,EXACT_JIBUN_ADDRESS,114101060001170023,"서울 서대문구 천연동 117-23"
cx_781ded48895f9b4d,"성현",은평구,NO_MATCH,EXACT_JIBUN_ADDRESS,113801090002000028,"서울 은평구 신사동 200-28"
cx_7823964581661426,"흑석동양아파트",동작구,NO_MATCH,EXACT_PARCEL,115901050003280000,"서울 동작구 흑석동 328"
cx_783337cbc88bbc64,"금화지구시범",서대문구,NO_MATCH,NO_MATCH,114101050000740099,"서울 서대문구 냉천동 74-99"
cx_7843bea645688bfc,"신성노바빌아파트",송파구,NO_MATCH,EXACT_PARCEL,117101030005100000,"서울 송파구 풍납동 510"
cx_784cdaa3225590d1,"동부브리앙뜨1",송파구,NO_MATCH,EXACT_PARCEL,117101080000740000,"서울 송파구 문정동 74"
cx_784fd52274c04bbe,"궁전아트빌라",구로구,NO_MATCH,EXACT_JIBUN_ADDRESS,115301020007400029,"서울 구로구 구로동 740-29"
cx_785108c238b7896d,"용산파크자이",용산구,NO_MATCH,EXACT_JIBUN_ADDRESS,111701240000500001,"서울 용산구 한강로1가 50-1"
cx_785a51d1f14a9dae,"정석그라시아",중구,NO_MATCH,EXACT_JIBUN_ADDRESS,111401540000900008,"서울 중구 오장동 90-8"
cx_785e6a45005977c3,"아람플러스",중랑구,NO_MATCH,EXACT_JIBUN_ADDRESS,112601010004720008,"서울 중랑구 면목동 472-8"
cx_787361dc7b62eabb,"거상센스빌(960-5)",금천구,NO_MATCH,EXACT_JIBUN_ADDRESS,115451030009600005,"서울 금천구 시흥동 960-5"
cx_7897c4238be5b39c,"리츠뷰",영등포구,NO_MATCH,EXACT_JIBUN_ADDRESS,115601300000950004,"서울 영등포구 양평동6가 95-4"
cx_789f316a7385cffb,"시티프라디움",도봉구,NO_MATCH,EXACT_PARCEL,113201050007340000,"서울 도봉구 쌍문동 734"
cx_78a1e7fca564a933,"두산위브",영등포구,NO_MATCH,EXACT_PARCEL,115601010006490000,"서울 영등포구 영등포동 649"
cx_78bb745fedf9fede,"연세빌라(102-6)",강남구,NO_MATCH,EXACT_JIBUN_ADDRESS,116801040001020006,"서울 강남구 청담동 102-6"
cx_78cc39480c89e8ec,"방배비젼21빌라트",서초구,NO_MATCH,EXACT_JIBUN_ADDRESS,116501010008490002,"서울 서초구 방배동 849-2"
cx_78cd568229d9515f,"다청림(104동)",구로구,NO_MATCH,MULTI_RECORD_SAME_PARCEL,115301090001820000,"서울 구로구 궁동 182"
cx_78d3672b93b3e776,"고려아파트(a동)",강동구,NO_MATCH,EXACT_JIBUN_ADDRESS,117401090000220006,"서울 강동구 천호동 22-6"
cx_78d44d0b8cb23b13,"심미에셈빌",양천구,NO_MATCH,EXACT_PARCEL,114701010008830000,"서울 양천구 신정동 883"
cx_78d7381e43580c6b,"백운한비치5",금천구,NO_MATCH,EXACT_JIBUN_ADDRESS,115451030009620008,"서울 금천구 시흥동 962-8"
cx_78de0b1607ee78f5,"북한산삼부르네상스102동103동104동",서대문구,NO_MATCH,EXACT_JIBUN_ADDRESS,114101180000080920,"서울 서대문구 홍은동 8-920"
cx_78e4301791667980,"현대코아",동대문구,NO_MATCH,EXACT_PARCEL,112301070007380000,"서울 동대문구 청량리동 738"
cx_78f102e1c4cd8195,"동서그랜드맨션",중랑구,NO_MATCH,EXACT_JIBUN_ADDRESS,112601010001740001,"서울 중랑구 면목동 174-1"
cx_78f150b4e6546af1,"예건네스빌",성동구,NO_MATCH,EXACT_JIBUN_ADDRESS,112001130003650011,"서울 성동구 옥수동 365-11"
cx_79064374b492afca,"반포르엘",서초구,NO_MATCH,EXACT_PARCEL,116501060001630000,"서울 서초구 잠원동 163"
cx_79102c0f6085ce48,"다울숲",구로구,NO_MATCH,EXACT_PARCEL,115301020012860000,"서울 구로구 구로동 1286"
cx_793ac07dbbbfc6a9,"도봉금강아미움파크타운",도봉구,NO_MATCH,MULTI_RECORD_SAME_PARCEL,113201050007110000,"서울 도봉구 쌍문동 711"
cx_793f71f35c9ad95e,"강변그대가갤럭시",강동구,NO_MATCH,EXACT_PARCEL,117401090005700000,"서울 강동구 천호동 570"
cx_7946bb2eee36dc06,"공덕2삼성래미안",마포구,NO_MATCH,EXACT_PARCEL,114401020000430000,"서울 마포구 공덕동 43"
cx_794e90ba0db3e9c2,"신라이프",양천구,NO_MATCH,EXACT_JIBUN_ADDRESS,114701030000480013,"서울 양천구 신월동 48-13"
cx_795a6f38448c6a12,"상왕아파트",성동구,NO_MATCH,EXACT_JIBUN_ADDRESS,112001020008900103,"서울 성동구 하왕십리동 890-103"
cx_795ff924fba3ac21,"어반넥서스",동대문구,NO_MATCH,EXACT_JIBUN_ADDRESS,112301030011580040,"서울 동대문구 제기동 1158-40"
cx_7964f5a7e23e8fc2,"박석고개1단지힐스테이트(112~115동)bl2-13",은평구,NO_MATCH,EXACT_PARCEL,113801140001230000,"서울 은평구 진관동 123"
cx_79696871a6fbfe89,"정원",양천구,NO_MATCH,EXACT_JIBUN_ADDRESS,114701030001130014,"서울 양천구 신월동 113-14"
cx_7982b5001582d58c,"청정",양천구,NO_MATCH,EXACT_JIBUN_ADDRESS,114701030006020003,"서울 양천구 신월동 602-3"
cx_798843bb6e9cd595,"등촌5차보람쉬움",강서구,NO_MATCH,EXACT_JIBUN_ADDRESS,115001020006330028,"서울 강서구 등촌동 633-28"
cx_798e8d5d39cc661e,"e편한세상서울대입구1단지",관악구,NO_MATCH,MULTI_RECORD_SAME_PARCEL,116201010017300000,"서울 관악구 봉천동 1730"
cx_79903c9d71c9376c,"구암",은평구,NO_MATCH,EXACT_PARCEL,113801090003660000,"서울 은평구 신사동 366"
cx_799b1d5c5cff94f7,"마고정3단지센트레빌(310~322동)bl2-3",은평구,NO_MATCH,EXACT_PARCEL,113801140001070000,"서울 은평구 진관동 107"
cx_799bb78c6b00901a,"삼호빌라a동",강남구,NO_MATCH,EXACT_JIBUN_ADDRESS,116801040001130016,"서울 강남구 청담동 113-16"
cx_799c40f1db27f974,"공간쉐르빌",강남구,NO_MATCH,EXACT_JIBUN_ADDRESS,116801010007830030,"서울 강남구 역삼동 783-30"
cx_799ce6f36d21e2a7,"이안강동",강동구,NO_MATCH,EXACT_JIBUN_ADDRESS,117401080000250001,"서울 강동구 성내동 25-1"
cx_79a5830d69be113d,"상림마을6단지푸르지오(622~629동)bl1-5",은평구,NO_MATCH,EXACT_PARCEL,113801140000050000,"서울 은평구 진관동 5"
cx_79a8ca4a687e528c,"한성",서초구,NO_MATCH,EXACT_JIBUN_ADDRESS,116501080015110009,"서울 서초구 서초동 1511-9"
cx_79aaa7bfdd803b90,"영화블렌하임",마포구,NO_MATCH,EXACT_PARCEL,114401230005170000,"서울 마포구 망원동 517"
cx_79b8d95b9f890218,"동일스위트리버",동대문구,NO_MATCH,EXACT_PARCEL,112301090003660000,"서울 동대문구 휘경동 366"
cx_79bd7e08c657e10f,"대성이태리하우스",용산구,NO_MATCH,EXACT_PARCEL,111701310008090000,"서울 용산구 한남동 809"
cx_79d214f3a7926256,"aquadcasas",송파구,NO_MATCH,EXACT_JIBUN_ADDRESS,117101110002230013,"서울 송파구 방이동 223-13"
cx_79d43b7be15fba8a,"씨즈건대힐스",광진구,NO_MATCH,EXACT_PARCEL,112151070005300000,"서울 광진구 화양동 530"
cx_79d6da79c8806a43,"르메이에르장안타운6차",동대문구,NO_MATCH,EXACT_JIBUN_ADDRESS,112301060003420003,"서울 동대문구 장안동 342-3"
cx_79d963157dc879c6,"한영해시안아파트",강동구,NO_MATCH,EXACT_JIBUN_ADDRESS,117401080005520001,"서울 강동구 성내동 552-1"
cx_79e0085b7c90b7aa,"서초동대우디오빌프라임",서초구,NO_MATCH,EXACT_JIBUN_ADDRESS,116501080013370022,"서울 서초구 서초동 1337-22"
cx_79e13e7f3e66b8a9,"명륜동주상복합아남아파트",종로구,NO_MATCH,EXACT_PARCEL,111101710002370000,"서울 종로구 명륜2가 237"
cx_79eb40ec07509985,"우암쎈스뷰",강동구,NO_MATCH,EXACT_JIBUN_ADDRESS,117401070004630018,"서울 강동구 암사동 463-18"
cx_79ef10ddedd013af,"서부사이버",서대문구,NO_MATCH,EXACT_JIBUN_ADDRESS,114101180002650054,"서울 서대문구 홍은동 265-54"
cx_79f44b9705559c8a,"신도림3차푸르지오",구로구,NO_MATCH,EXACT_JIBUN_ADDRESS,115301010004350010,"서울 구로구 신도림동 435-10"
cx_79f5cb98fe5bbf18,"청계천대성스카이렉스1",동대문구,NO_MATCH,EXACT_JIBUN_ADDRESS,112301010001090013,"서울 동대문구 신설동 109-13"
cx_79fbf202476645f8,"코오롱",서초구,NO_MATCH,EXACT_PARCEL,116501030000700000,"서울 서초구 우면동 70"
cx_7a063177adcb1e13,"공항동부센트레빌",강서구,NO_MATCH,EXACT_PARCEL,115001080013740000,"서울 강서구 공항동 1374"
cx_7a09cdf9b0f24ab1,"태영",관악구,NO_MATCH,EXACT_JIBUN_ADDRESS,116201020014240028,"서울 관악구 신림동 1424-28"
cx_7a14f376e3a05990,"울트라멤버스",강남구,NO_MATCH,EXACT_JIBUN_ADDRESS,116801180001620004,"서울 강남구 도곡동 162-4"
cx_7a1a7fb020e04028,"대치skview",강남구,NO_MATCH,EXACT_PARCEL,116801060010290000,"서울 강남구 대치동 1029"
cx_7a1e492c9595a93e,"삼성베스트빌",은평구,NO_MATCH,EXACT_JIBUN_ADDRESS,113801100001740008,"서울 은평구 증산동 174-8"
cx_7a207c72adf414ae,"미소세상",은평구,NO_MATCH,EXACT_JIBUN_ADDRESS,113801070001170035,"서울 은평구 응암동 117-35"
cx_7a3222f60a51c4cb,"(797-22)",구로구,NO_MATCH,EXACT_JIBUN_ADDRESS,115301020007970022,"서울 구로구 구로동 797-22"
cx_7a3d595cfab7e5e9,"현대파크빌(907-23)",양천구,NO_MATCH,EXACT_JIBUN_ADDRESS,114701020009070023,"서울 양천구 목동 907-23"
cx_7a41467c60e3c61b,"mid그린(5동)",종로구,NO_MATCH,EXACT_JIBUN_ADDRESS,111101740006010004,"서울 종로구 창신동 601-4"
cx_7a443f721961caf3,"호수",송파구,NO_MATCH,MULTI_RECORD_SAME_PARCEL,117101040000380000,"서울 송파구 송파동 38"
cx_7a4bd3f17329a7c1,"센트레빌아스테리움영등포아파트",영등포구,NO_MATCH,EXACT_PARCEL,115601030004670000,"서울 영등포구 영등포동2가 467"
cx_7a60a758f527a733,"창건애드웰",영등포구,NO_MATCH,EXACT_PARCEL,115601250002700000,"서울 영등포구 양평동1가 270"
cx_7a60e6e1de4d6d9f,"힐탑",서대문구,NO_MATCH,EXACT_JIBUN_ADDRESS,114101110003460007,"서울 서대문구 홍제동 346-7"
cx_7a68495ba44fcb12,"경동미르웰여의도",영등포구,NO_MATCH,EXACT_JIBUN_ADDRESS,115601030000940129,"서울 영등포구 영등포동2가 94-129"
cx_7a721f01534b7d03,"온수동",구로구,NO_MATCH,MULTI_RECORD_SAME_PARCEL,115301100000830000,"서울 구로구 온수동 83"
cx_7aa27673a4c70858,"현대임페리움",서초구,NO_MATCH,EXACT_JIBUN_ADDRESS,116501080016310008,"서울 서초구 서초동 1631-8"
cx_7aa2d291ff1096ce,"보라뷰",송파구,NO_MATCH,EXACT_JIBUN_ADDRESS,117101080000910019,"서울 송파구 문정동 91-19"
cx_7aaf582bfb07331e,"둔촌역아치스톤(101동)",강동구,NO_MATCH,MULTI_RECORD_SAME_PARCEL,117401080004120000,"서울 강동구 성내동 412"
cx_7ab02f95e24155c3,"더샾오데움(103동)",서초구,NO_MATCH,EXACT_JIBUN_ADDRESS,116501080014760018,"서울 서초구 서초동 1476-18"
cx_7ab4414d262698e9,"기정may(247-112)",마포구,NO_MATCH,EXACT_JIBUN_ADDRESS,114401200002470112,"서울 마포구 서교동 247-112"
cx_7aba3a1769fd7416,"리버아인",마포구,NO_MATCH,EXACT_JIBUN_ADDRESS,114401220003960008,"서울 마포구 합정동 396-8"
cx_7abb5c98d0823ebc,"공덕자이",마포구,NO_MATCH,EXACT_PARCEL,114401010008000000,"서울 마포구 아현동 800"
cx_7ac021b414576be9,"현대서초3",서초구,NO_MATCH,EXACT_PARCEL,116501080016440000,"서울 서초구 서초동 1644"
cx_7ac12b1a882fb86f,"삼화아크빌(470-2)",마포구,NO_MATCH,EXACT_JIBUN_ADDRESS,114401230004700002,"서울 마포구 망원동 470-2"
cx_7ac2ebb22c8006e8,"현대성우",도봉구,NO_MATCH,EXACT_PARCEL,113201080006420000,"서울 도봉구 도봉동 642"
cx_7ac6e3e600c50fe4,"성웅",금천구,NO_MATCH,EXACT_JIBUN_ADDRESS,115451020008880018,"서울 금천구 독산동 888-18"
cx_7ace2074c755681a,"은평뉴타운제각말푸르지오(5-4단지)",은평구,NO_MATCH,EXACT_PARCEL,113801140000920000,"서울 은평구 진관동 92"
cx_7ad34fea43031b79,"은하수수목원2차(102동)",구로구,NO_MATCH,EXACT_JIBUN_ADDRESS,115301080001080043,"서울 구로구 오류동 108-43"
cx_7adbcf5d60136708,"삼성오네뜨",강남구,NO_MATCH,EXACT_JIBUN_ADDRESS,116801050001270005,"서울 강남구 삼성동 127-5"
cx_7adfd7dcf9b455a2,"(794-17)",구로구,NO_MATCH,EXACT_JIBUN_ADDRESS,115301020007940017,"서울 구로구 구로동 794-17"
cx_7ae74cea75fccf70,"동성네스트빌(1158-17)",동대문구,NO_MATCH,EXACT_JIBUN_ADDRESS,112301030011580017,"서울 동대문구 제기동 1158-17"
cx_7aee3ec26b9a03f0,"동아2",강동구,NO_MATCH,EXACT_JIBUN_ADDRESS,117401080004240012,"서울 강동구 성내동 424-12"
cx_7af45f3e07a9d1a6,"논현동월드메르디앙",강남구,NO_MATCH,EXACT_JIBUN_ADDRESS,116801080002120013,"서울 강남구 논현동 212-13"
cx_7afeed8969aa307d,"월등스카이뷰",중랑구,NO_MATCH,EXACT_JIBUN_ADDRESS,112601040001700027,"서울 중랑구 묵동 170-27"
cx_7b0395885c1cb4bc,"래미안삼성1차(103-22)",강남구,NO_MATCH,EXACT_JIBUN_ADDRESS,116801050001030022,"서울 강남구 삼성동 103-22"
cx_7b05e088b9e35de2,"도곡우성아파트",강남구,NO_MATCH,EXACT_JIBUN_ADDRESS,116801180009340010,"서울 강남구 도곡동 934-10"
cx_7b0c949d4b20f3ce,"엘림",양천구,NO_MATCH,NO_MATCH,114701030004850011,"서울 양천구 신월동 485-11"
cx_7b0d98766ae3680a,"길훈",양천구,NO_MATCH,EXACT_JIBUN_ADDRESS,114701030003410001,"서울 양천구 신월동 341-1"
cx_7b11791eb2933cb1,"월드빌(120-10)",은평구,NO_MATCH,EXACT_JIBUN_ADDRESS,113801070001200010,"서울 은평구 응암동 120-10"
cx_7b17d012a945a8ba,"현대쉐르빌(302-33)",강북구,NO_MATCH,EXACT_JIBUN_ADDRESS,113051010003020033,"서울 강북구 미아동 302-33"
cx_7b207fcf4dee6044,"수유역하이씨티",강북구,NO_MATCH,EXACT_PARCEL,113051030007330000,"서울 강북구 수유동 733"
cx_7b2c3578edeb3d3c,"신양지(가동)",구로구,NO_MATCH,EXACT_JIBUN_ADDRESS,115301070003180036,"서울 구로구 개봉동 318-36"
cx_7b3195c4af1f5bf4,"홍은동아더프라임",서대문구,NO_MATCH,EXACT_JIBUN_ADDRESS,114101180004390001,"서울 서대문구 홍은동 439-1"
cx_7b33dcd80c6425f6,"방배힐1차",서초구,NO_MATCH,EXACT_JIBUN_ADDRESS,116501010008060001,"서울 서초구 방배동 806-1"
cx_7b4420fb7e9de56c,"비콘아파트",노원구,NO_MATCH,EXACT_PARCEL,113501030007550000,"서울 노원구 공릉동 755"
cx_7b449655234d81dc,"신반포르엘",서초구,NO_MATCH,EXACT_PARCEL,116501060001650000,"서울 서초구 잠원동 165"
cx_7b4b395073713295,"리갈팰리스",강남구,NO_MATCH,MULTI_RECORD_SAME_PARCEL,116801070006260000,"서울 강남구 신사동 626"
cx_7b4be323cc12b046,"제일골드타워",영등포구,NO_MATCH,EXACT_JIBUN_ADDRESS,115601320015150002,"서울 영등포구 신길동 1515-2"
cx_7b50ece8a0973f61,"잠실올림픽공원아이파크",송파구,NO_MATCH,EXACT_PARCEL,117101030005140000,"서울 송파구 풍납동 514"
cx_7b859b4efda0b681,"현대홈타운스위트102",송파구,NO_MATCH,MULTI_RECORD_SAME_PARCEL,117101110001980000,"서울 송파구 방이동 198"
cx_7b8e6535ef7c3007,"세양청마루2차주상복합",양천구,NO_MATCH,EXACT_JIBUN_ADDRESS,114701010002010001,"서울 양천구 신정동 201-1"
cx_7ba63e804b3dde7f,"웨스트밸리",금천구,NO_MATCH,EXACT_JIBUN_ADDRESS,115451030009920020,"서울 금천구 시흥동 992-20"
cx_7ba8e3e6483b9716,"서초자연인아파트(101동)",서초구,NO_MATCH,EXACT_JIBUN_ADDRESS,116501080013440022,"서울 서초구 서초동 1344-22"
cx_7bab6333bd770d6c,"홍연(723-9)",서대문구,NO_MATCH,EXACT_JIBUN_ADDRESS,114101170007230009,"서울 서대문구 연희동 723-9"
cx_7bad65d359f5ab45,"이펜하우스3단지",양천구,NO_MATCH,EXACT_PARCEL,114701010013160000,"서울 양천구 신정동 1316"
cx_7bb0b682ca5bf945,"강동리버스트8단지",강동구,NO_MATCH,EXACT_PARCEL,117401100000660000,"서울 강동구 강일동 66"
cx_7bb1dbfaf6adca0f,"현대하이페리온ii",용산구,NO_MATCH,EXACT_PARCEL,111701310005500000,"서울 용산구 한남동 550"
cx_7bc3c67af3f6b2f8,"삼신",은평구,NO_MATCH,NO_MATCH,113801100002130020,"서울 은평구 증산동 213-20"
cx_7bc43cd8861b767a,"유엔팰리스(131-1)",동대문구,NO_MATCH,EXACT_JIBUN_ADDRESS,112301060001310001,"서울 동대문구 장안동 131-1"
cx_7bca677259609c0d,"동일스카이시티102동",중랑구,NO_MATCH,EXACT_JIBUN_ADDRESS,112601020002840013,"서울 중랑구 상봉동 284-13"
cx_7bce97bb0e82e34c,"래미안도봉",도봉구,NO_MATCH,EXACT_PARCEL,113201080006550000,"서울 도봉구 도봉동 655"
cx_7bd874a1af5a664a,"세화샤이닝2",은평구,NO_MATCH,EXACT_PARCEL,113801050002230000,"서울 은평구 구산동 223"
cx_7bd993fae71383fe,"우영",강서구,NO_MATCH,EXACT_PARCEL,115001030011470000,"서울 강서구 화곡동 1147"
cx_7bdf5ff0db44ed90,"형인휴아름101동",동대문구,NO_MATCH,EXACT_PARCEL,112301060005840000,"서울 동대문구 장안동 584"
cx_7be439e4bab69d25,"삼익가든",강동구,NO_MATCH,EXACT_PARCEL,117401010002700000,"서울 강동구 명일동 270"
cx_7be92fab5a0db3eb,"청구아파트",강남구,NO_MATCH,EXACT_JIBUN_ADDRESS,116801050000780004,"서울 강남구 삼성동 78-4"
cx_7bf0389c20c7904e,"공덕헤리지움",마포구,NO_MATCH,EXACT_JIBUN_ADDRESS,114401020001080057,"서울 마포구 공덕동 108-57"
cx_7bf3821a158d3a70,"서울역센트럴자이",중구,NO_MATCH,EXACT_PARCEL,111401740002730000,"서울 중구 만리동2가 273"
cx_7c07b5ea0f0525d3,"현대13차폴라트리움",광진구,NO_MATCH,EXACT_JIBUN_ADDRESS,112151030001990023,"서울 광진구 구의동 199-23"
cx_7c0e8973ff697bb1,"청솔브레씽a동",노원구,NO_MATCH,EXACT_JIBUN_ADDRESS,113501030003800056,"서울 노원구 공릉동 380-56"
cx_7c106b92dfebd7e8,"서초3차e편한세상",서초구,NO_MATCH,EXACT_JIBUN_ADDRESS,116501080014670037,"서울 서초구 서초동 1467-37"
cx_7c17f8a4d0bf3084,"서초아트빌",서초구,NO_MATCH,EXACT_JIBUN_ADDRESS,116501080013430009,"서울 서초구 서초동 1343-9"
cx_7c1df14290184933,"프라자",강동구,NO_MATCH,MULTI_RECORD_SAME_PARCEL,117401060006030000,"서울 강동구 둔촌동 603"
cx_7c1e66fe19dd688d,"뉴홍현솔레디움",구로구,NO_MATCH,EXACT_PARCEL,115301020012700000,"서울 구로구 구로동 1270"
cx_7c2399f3fd6d0c05,"시그마팰리스",도봉구,NO_MATCH,EXACT_PARCEL,113201050005750000,"서울 도봉구 쌍문동 575"
cx_7c37ce5f951607a7,"서초타워시티빌",서초구,NO_MATCH,EXACT_JIBUN_ADDRESS,116501080013100009,"서울 서초구 서초동 1310-9"
cx_7c3c9fa6bd00d853,"상림마을6단지푸르지오(601~605동)bl1-8",은평구,NO_MATCH,EXACT_PARCEL,113801140000030000,"서울 은평구 진관동 3"
cx_7c43429c2df9d3b7,"금호자이1차",성동구,NO_MATCH,EXACT_PARCEL,112001100012150000,"서울 성동구 금호동2가 1215"
cx_7c4a0ac93d970972,"서울역디오빌",중구,NO_MATCH,EXACT_JIBUN_ADDRESS,111401730000620007,"서울 중구 만리동1가 62-7"
cx_7c4d2fd7a73c42d2,"대조리치빌iii",은평구,NO_MATCH,EXACT_JIBUN_ADDRESS,113801060000040008,"서울 은평구 대조동 4-8"
cx_7c4f134604d13719,"광남캐스빌",마포구,NO_MATCH,EXACT_JIBUN_ADDRESS,114401230004350004,"서울 마포구 망원동 435-4"
cx_7c51cb966c6717c9,"해가든(454-1)",강동구,NO_MATCH,EXACT_JIBUN_ADDRESS,117401080004540001,"서울 강동구 성내동 454-1"
cx_7c5324e90cb5a13d,"태영빌라",구로구,NO_MATCH,EXACT_JIBUN_ADDRESS,115301020007400095,"서울 구로구 구로동 740-95"
cx_7c58c2e1ecde8847,"동아",동작구,NO_MATCH,MULTI_RECORD_SAME_PARCEL,115901020004090000,"서울 동작구 상도동 409"
cx_7c5fd5f347268ec9,"동아에코빌",영등포구,NO_MATCH,EXACT_JIBUN_ADDRESS,115601180001650001,"서울 영등포구 도림동 165-1"
cx_7c627578faab49a7,"남광아파트(1131-11)",강서구,NO_MATCH,EXACT_JIBUN_ADDRESS,115001030011310011,"서울 강서구 화곡동 1131-11"
cx_7c65562451e9a8fe,"풍천",강동구,NO_MATCH,EXACT_JIBUN_ADDRESS,117401070004400007,"서울 강동구 암사동 440-7"
cx_7c6a1daf4417e831,"우성5",영등포구,NO_MATCH,EXACT_PARCEL,115601320049330000,"서울 영등포구 신길동 4933"
cx_7c6b87026198c841,"개나리sk뷰",강남구,NO_MATCH,EXACT_JIBUN_ADDRESS,116801010007160003,"서울 강남구 역삼동 716-3"
cx_7c8457f38b822667,"목동힐스테이트",양천구,NO_MATCH,EXACT_PARCEL,114701010013230000,"서울 양천구 신정동 1323"
cx_7c88ea9f7fccbbd8,"고려",성북구,NO_MATCH,EXACT_JIBUN_ADDRESS,112901350001250001,"서울 성북구 종암동 125-1"
cx_7c91892684250649,"아시아선수촌아파트",송파구,NO_MATCH,EXACT_PARCEL,117101010000860000,"서울 송파구 잠실동 86"
cx_7c9f5f6c203e9274,"모아아파트(101동)",은평구,NO_MATCH,EXACT_JIBUN_ADDRESS,113801060000090021,"서울 은평구 대조동 9-21"
cx_7ca0361c346b7008,"광장자이",광진구,NO_MATCH,EXACT_PARCEL,112151040005810000,"서울 광진구 광장동 581"
cx_7cbed56ce8fdc593,"벽산",양천구,NO_MATCH,EXACT_JIBUN_ADDRESS,114701020009260007,"서울 양천구 목동 926-7"
cx_7ccc30277a99494b,"더샵스타시티",광진구,NO_MATCH,EXACT_JIBUN_ADDRESS,112151050002270007,"서울 광진구 자양동 227-7"
cx_7ccdc90daab1d817,"서초현대타워아파트",서초구,NO_MATCH,EXACT_JIBUN_ADDRESS,116501080013190013,"서울 서초구 서초동 1319-13"
cx_7cd35eaa160743b1,"신우아파트",은평구,NO_MATCH,EXACT_JIBUN_ADDRESS,113801030002410023,"서울 은평구 불광동 241-23"
cx_7cdab5744f50f7e6,"송파해모로아파트",송파구,NO_MATCH,EXACT_PARCEL,117101030005120000,"서울 송파구 풍납동 512"
cx_7cdaf006d808c1a0,"다성씨티아파트",강동구,NO_MATCH,EXACT_JIBUN_ADDRESS,117401090000530009,"서울 강동구 천호동 53-9"
cx_7ce2c0c6be9bb8b4,"자양현대5",광진구,NO_MATCH,EXACT_PARCEL,112151050006420000,"서울 광진구 자양동 642"
cx_7ce5e69e80232fb1,"경희궁의아침2단지",종로구,NO_MATCH,EXACT_PARCEL,111101180000710000,"서울 종로구 내수동 71"
cx_7cf07255407cac9e,"태진한솔",강서구,NO_MATCH,MULTI_RECORD_SAME_PARCEL,115001010002630000,"서울 강서구 염창동 263"
cx_7cf334084d35472c,"신길레전드힐스",영등포구,NO_MATCH,EXACT_JIBUN_ADDRESS,115601320002610022,"서울 영등포구 신길동 261-22"
cx_7cf6684d6bb9fdcc,"청담대림이-편한세상",강남구,NO_MATCH,EXACT_JIBUN_ADDRESS,116801040000300033,"서울 강남구 청담동 30-33"
cx_7cf9a8c73c1576f8,"홍제맨션",서대문구,NO_MATCH,EXACT_JIBUN_ADDRESS,114101110003070009,"서울 서대문구 홍제동 307-9"
cx_7cf9cc9bfb1643f6,"건우그린",서대문구,NO_MATCH,EXACT_PARCEL,114101160003590000,"서울 서대문구 창천동 359"
cx_7d0197786204bcb9,"삼천리",구로구,NO_MATCH,EXACT_PARCEL,115301080003400000,"서울 구로구 오류동 340"
cx_7d06f75a89bd950e,"세인트라디움",도봉구,NO_MATCH,EXACT_JIBUN_ADDRESS,113201070004420017,"서울 도봉구 창동 442-17"
cx_7d0904f95bba492c,"마포동원베네스트",마포구,NO_MATCH,EXACT_PARCEL,114401040005640000,"서울 마포구 도화동 564"
cx_7d0b0ccf0a8faefb,"예지안파크뷰",마포구,NO_MATCH,EXACT_PARCEL,114401230005120000,"서울 마포구 망원동 512"
cx_7d157bf4f76e30fa,"보람아파트",도봉구,NO_MATCH,EXACT_JIBUN_ADDRESS,113201070006070004,"서울 도봉구 창동 607-4"
cx_7d1cb982d53a43d8,"동하아트빌",은평구,NO_MATCH,NO_MATCH,113801010003580011,"서울 은평구 수색동 358-11"
cx_7d1d7b35b23a17e7,"금상아파트",은평구,NO_MATCH,EXACT_JIBUN_ADDRESS,113801030003460003,"서울 은평구 불광동 346-3"
cx_7d1f0ee0b0e8ccda,"청솔아파트9",노원구,NO_MATCH,EXACT_PARCEL,113501030000900000,"서울 노원구 공릉동 90"
cx_7d2fa759925f4a44,"월드아파트",동대문구,NO_MATCH,EXACT_JIBUN_ADDRESS,112301090001080004,"서울 동대문구 휘경동 108-4"
cx_7d30b17b4fb9cfee,"남산센트럴자이",중구,NO_MATCH,EXACT_PARCEL,111401320003060000,"서울 중구 충무로4가 306"
cx_7d3136477ad25ae0,"은평뉴타운제각말푸르지오(5-3단지)",은평구,NO_MATCH,EXACT_PARCEL,113801140000940000,"서울 은평구 진관동 94"
cx_7d36b4bf581b44cc,"썬-타워빌딩",강남구,NO_MATCH,EXACT_JIBUN_ADDRESS,116801070005880016,"서울 강남구 신사동 588-16"
cx_7d3e992057aab450,"염광",노원구,NO_MATCH,EXACT_PARCEL,113501060004450000,"서울 노원구 중계동 445"
cx_7d401a5f343988f3,"미랜드프레임빌",강동구,NO_MATCH,EXACT_JIBUN_ADDRESS,117401080004200020,"서울 강동구 성내동 420-20"
cx_7d5f277015ae9685,"삼환나띠르빌(1002-11)",서초구,NO_MATCH,EXACT_JIBUN_ADDRESS,116501010010020011,"서울 서초구 방배동 1002-11"
cx_7d7406bfdd2b53be,"온누리",영등포구,NO_MATCH,EXACT_PARCEL,115601330011200000,"서울 영등포구 대림동 1120"
cx_7d7fbd3dc62d4cd7,"(751-37)",구로구,NO_MATCH,EXACT_JIBUN_ADDRESS,115301020007510037,"서울 구로구 구로동 751-37"
cx_7d8a265e497cfd94,"돈암코오롱하늘채",성북구,NO_MATCH,MULTI_RECORD_SAME_PARCEL,112901030006440000,"서울 성북구 돈암동 644"
cx_7d9777976a73474f,"(793-13)",구로구,NO_MATCH,EXACT_JIBUN_ADDRESS,115301020007930013,"서울 구로구 구로동 793-13"
cx_7daf068e029bcade,"프라비다2",관악구,NO_MATCH,EXACT_JIBUN_ADDRESS,116201010008670012,"서울 관악구 봉천동 867-12"
cx_7db8485e4311237d,"마곡동후포아파트(14-21)",강서구,NO_MATCH,EXACT_JIBUN_ADDRESS,115001050000140021,"서울 강서구 마곡동 14-21"
cx_7dc9c65f61240172,"목동성원초원",양천구,NO_MATCH,EXACT_JIBUN_ADDRESS,114701020007510004,"서울 양천구 목동 751-4"
cx_7dc9f34128730447,"(745-38)",구로구,NO_MATCH,EXACT_JIBUN_ADDRESS,115301020007450038,"서울 구로구 구로동 745-38"
cx_7dccf7fce59b20a5,"정은스카이빌",중랑구,NO_MATCH,EXACT_JIBUN_ADDRESS,112601040001540018,"서울 중랑구 묵동 154-18"
cx_7dd5bcd5c9cfec51,"더하이어",중랑구,NO_MATCH,EXACT_JIBUN_ADDRESS,112601050005080006,"서울 중랑구 망우동 508-6"
cx_7de410aa470b228b,"브라운스톤서초(1677-1)",서초구,NO_MATCH,EXACT_JIBUN_ADDRESS,116501080016770001,"서울 서초구 서초동 1677-1"
cx_7deb2273b0836526,"마곡현대아파트",강서구,NO_MATCH,EXACT_PARCEL,115001050011710000,"서울 강서구 마곡동 1171"
cx_7dff2567478825ee,"동신",노원구,NO_MATCH,EXACT_PARCEL,113501020004360000,"서울 노원구 월계동 436"
cx_7e01b72116267e2e,"태청",마포구,NO_MATCH,EXACT_PARCEL,114401230005010000,"서울 마포구 망원동 501"
cx_7e037735051548bf,"힐스테이트상도센트럴파크",동작구,NO_MATCH,EXACT_PARCEL,115901020005310000,"서울 동작구 상도동 531"
cx_7e06ff0289bd84be,"망원동동원데쟈뷰",마포구,NO_MATCH,EXACT_PARCEL,114401230005160000,"서울 마포구 망원동 516"
cx_7e0a3488635acfe2,"신한훼미리",양천구,NO_MATCH,EXACT_JIBUN_ADDRESS,114701020004080059,"서울 양천구 목동 408-59"
cx_7e0b892483c5b100,"진넥스빌ⅲ",강동구,NO_MATCH,EXACT_JIBUN_ADDRESS,117401090004470015,"서울 강동구 천호동 447-15"
cx_7e21c06973cf6269,"모아아파트",은평구,NO_MATCH,EXACT_PARCEL,113801070007630000,"서울 은평구 응암동 763"
cx_7e2d03e7e8425876,"보보스빌",송파구,NO_MATCH,EXACT_JIBUN_ADDRESS,117101140002000075,"서울 송파구 마천동 200-75"
cx_7e37834b12ac7362,"정암(363-11)",동대문구,NO_MATCH,EXACT_JIBUN_ADDRESS,112301060003630011,"서울 동대문구 장안동 363-11"
cx_7e396c0a3053d040,"이연아마빌레",노원구,NO_MATCH,EXACT_JIBUN_ADDRESS,113501060000580034,"서울 노원구 중계동 58-34"
cx_7e4fef36f469e6e4,"수정가,나동",은평구,NO_MATCH,NO_MATCH,113801010000170009,"서울 은평구 수색동 17-9"
cx_7e53885f5b036d26,"태청",양천구,NO_MATCH,EXACT_JIBUN_ADDRESS,114701020006240005,"서울 양천구 목동 624-5"
cx_7e53c67dd49344f6,"상록",양천구,NO_MATCH,EXACT_JIBUN_ADDRESS,114701020008060018,"서울 양천구 목동 806-18"
cx_7e57e8d78a4889fd,"구의청정",광진구,NO_MATCH,EXACT_JIBUN_ADDRESS,112151030002260012,"서울 광진구 구의동 226-12"
cx_7e5c76a56953723d,"그랑아파트",중랑구,NO_MATCH,EXACT_JIBUN_ADDRESS,112601020003330001,"서울 중랑구 상봉동 333-1"
cx_7e65357803503dd7,"그랜드아이파크",강서구,NO_MATCH,MULTI_RECORD_SAME_PARCEL,115001030010950000,"서울 강서구 화곡동 1095"
cx_7e68bce2d09f54e7,"벽산3",금천구,NO_MATCH,EXACT_PARCEL,115451030010060000,"서울 금천구 시흥동 1006"
cx_7e6a33dff1648103,"화랑",영등포구,NO_MATCH,EXACT_JIBUN_ADDRESS,115601100000400004,"서울 영등포구 여의도동 40-4"
cx_7e6c462b37048aae,"성원나이스",관악구,NO_MATCH,EXACT_JIBUN_ADDRESS,116201030006020189,"서울 관악구 남현동 602-189"
cx_7e932cee0266440e,"(777-3)두암호은리버빌",구로구,NO_MATCH,EXACT_JIBUN_ADDRESS,115301020007770003,"서울 구로구 구로동 777-3"
cx_7e94885154fa8f37,"고덕아이파크",강동구,NO_MATCH,EXACT_PARCEL,117401020004990000,"서울 강동구 고덕동 499"
cx_7e9ef4601c3ebfbc,"용명브릿지2차",강동구,NO_MATCH,EXACT_JIBUN_ADDRESS,117401080003780006,"서울 강동구 성내동 378-6"
cx_7e9f750d9df163c3,"명남아띠팰리스",용산구,NO_MATCH,EXACT_JIBUN_ADDRESS,111701010002440090,"서울 용산구 후암동 244-90"
cx_7ea678335e00f4fa,"다온아파트",동작구,NO_MATCH,EXACT_JIBUN_ADDRESS,115901020002560028,"서울 동작구 상도동 256-28"
cx_7eae9907b3b4326e,"금강아미움(104동)",관악구,NO_MATCH,EXACT_JIBUN_ADDRESS,116201010015220033,"서울 관악구 봉천동 1522-33"
cx_7eb2a74e1e12aa2b,"천왕이펜하우스6단지",구로구,NO_MATCH,EXACT_PARCEL,115301110002750000,"서울 구로구 천왕동 275"
cx_7eb386e3860df78b,"청호뜨레피움퍼스트아파트",강동구,NO_MATCH,EXACT_PARCEL,117401060000640000,"서울 강동구 둔촌동 64"
cx_7eb70c13901b364a,"리버펠리스1동",강서구,NO_MATCH,MULTI_RECORD_SAME_PARCEL,115001010002570000,"서울 강서구 염창동 257"
cx_7eba15476ef46341,"우성(101동)",강동구,NO_MATCH,EXACT_JIBUN_ADDRESS,117401080003860083,"서울 강동구 성내동 386-83"
cx_7ebeafaa462af353,"아주",노원구,NO_MATCH,EXACT_JIBUN_ADDRESS,113501040001670010,"서울 노원구 하계동 167-10"
cx_7ec2e43d5da65647,"두산위브센티움",강동구,NO_MATCH,EXACT_PARCEL,117401090004140000,"서울 강동구 천호동 414"
cx_7ec320cf33f29b0a,"건영캐스빌",중랑구,NO_MATCH,EXACT_PARCEL,112601020004990000,"서울 중랑구 상봉동 499"
cx_7ec5b9580547784d,"엘림스퀘어ii",강동구,NO_MATCH,EXACT_JIBUN_ADDRESS,117401090004160012,"서울 강동구 천호동 416-12"
cx_7ec97cc90c4d11fd,"승윤노블리안",강서구,NO_MATCH,EXACT_JIBUN_ADDRESS,115001030009160014,"서울 강서구 화곡동 916-14"
cx_7ecc7677153c76f5,"길음현대",성북구,NO_MATCH,EXACT_PARCEL,112901340012770000,"서울 성북구 길음동 1277"
cx_7ed2818fa68b7097,"우정",양천구,NO_MATCH,EXACT_JIBUN_ADDRESS,114701030003500003,"서울 양천구 신월동 350-3"
cx_7ed3423acd74f9ce,"청구빌라트",서초구,NO_MATCH,EXACT_JIBUN_ADDRESS,116501060000550007,"서울 서초구 잠원동 55-7"
cx_7eebfa5faf38df52,"(747-51)",구로구,NO_MATCH,EXACT_JIBUN_ADDRESS,115301020007470051,"서울 구로구 구로동 747-51"
cx_7ef4d492462deb2f,"성림",양천구,NO_MATCH,EXACT_JIBUN_ADDRESS,114701030004870001,"서울 양천구 신월동 487-1"
cx_7efb595afd82bd6a,"에덴드림",은평구,NO_MATCH,EXACT_JIBUN_ADDRESS,113801050000140021,"서울 은평구 구산동 14-21"
cx_7eff49a02405ca3e,"흥해오크팰리스(440-5)",동대문구,NO_MATCH,EXACT_JIBUN_ADDRESS,112301060004400005,"서울 동대문구 장안동 440-5"
cx_7f02eeda7cad3063,"우성에비뉴",구로구,NO_MATCH,EXACT_PARCEL,115301020012840000,"서울 구로구 구로동 1284"
cx_7f11d6fc08e8677b,"한아102(994-73)",금천구,NO_MATCH,EXACT_JIBUN_ADDRESS,115451020009940073,"서울 금천구 독산동 994-73"
cx_7f154f7452e01a78,"이수푸르지오더프레티움",동작구,NO_MATCH,EXACT_PARCEL,115901070011610000,"서울 동작구 사당동 1161"
cx_7f158872e7af8867,"한가람",구로구,NO_MATCH,EXACT_JIBUN_ADDRESS,115301080000630004,"서울 구로구 오류동 63-4"
cx_7f15f7a137270243,"우장산롯데",강서구,NO_MATCH,EXACT_PARCEL,115001030011480000,"서울 강서구 화곡동 1148"
cx_7f1f8d1734928275,"다울101동",중랑구,NO_MATCH,EXACT_JIBUN_ADDRESS,112601010001780050,"서울 중랑구 면목동 178-50"
cx_7f211b36587b6ddd,"한아프라임102동",금천구,NO_MATCH,EXACT_JIBUN_ADDRESS,115451020001470001,"서울 금천구 독산동 147-1"
cx_7f27c310b0e8ef19,"신도림팰러티움",구로구,NO_MATCH,EXACT_JIBUN_ADDRESS,115301010004120003,"서울 구로구 신도림동 412-3"
cx_7f285960b239bea2,"미랜드",은평구,NO_MATCH,EXACT_JIBUN_ADDRESS,113801080000390001,"서울 은평구 역촌동 39-1"
cx_7f2b23b719d098cd,"타워힐101동",강서구,NO_MATCH,EXACT_JIBUN_ADDRESS,115001060006610002,"서울 강서구 내발산동 661-2"
cx_7f2e9b0866e5baa9,"봉일(797-8)",구로구,NO_MATCH,EXACT_JIBUN_ADDRESS,115301020007970008,"서울 구로구 구로동 797-8"
cx_7f33b2eed11a915d,"상록수1단지",노원구,NO_MATCH,EXACT_PARCEL,113501050012960000,"서울 노원구 상계동 1296"
cx_7f39189023b020fe,"삼성쉐르빌",광진구,NO_MATCH,EXACT_JIBUN_ADDRESS,112151030001990018,"서울 광진구 구의동 199-18"
cx_7f3aa1d7846c05bd,"대덕타워",은평구,NO_MATCH,EXACT_JIBUN_ADDRESS,113801060001850071,"서울 은평구 대조동 185-71"
cx_7f4ddb955c87fd85,"명남뉴(32-3)",은평구,NO_MATCH,EXACT_JIBUN_ADDRESS,113801080000320003,"서울 은평구 역촌동 32-3"
cx_7f5a572f81eac9be,"로마",관악구,NO_MATCH,EXACT_PARCEL,116201020017250000,"서울 관악구 신림동 1725"
cx_7f5df9eb4b3d833c,"대우로얄카운티3",강남구,NO_MATCH,EXACT_JIBUN_ADDRESS,116801040001170006,"서울 강남구 청담동 117-6"
cx_7f6da38131e07816,"삼정",관악구,NO_MATCH,EXACT_JIBUN_ADDRESS,116201010001800261,"서울 관악구 봉천동 180-261"
cx_7f6f524f436535e9,"파인마루오피스텔",구로구,NO_MATCH,EXACT_JIBUN_ADDRESS,115301020000980012,"서울 구로구 구로동 98-12"
cx_7f78825adb1b22dd,"한스타워",구로구,NO_MATCH,EXACT_JIBUN_ADDRESS,115301020000460005,"서울 구로구 구로동 46-5"
cx_7f83b3f84b5b8a82,"리슈리안",양천구,NO_MATCH,EXACT_JIBUN_ADDRESS,114701030005000021,"서울 양천구 신월동 500-21"
cx_7f841b1a296007e4,"서울대입구역더하이브센트럴",관악구,NO_MATCH,EXACT_PARCEL,116201010017380000,"서울 관악구 봉천동 1738"
cx_7f8ccfdb6146e22b,"새롬(1164-14)",강남구,NO_MATCH,EXACT_JIBUN_ADDRESS,116801030011640014,"서울 강남구 개포동 1164-14"
cx_7f90aaf4d6031275,"한솔솔파크",강서구,NO_MATCH,EXACT_PARCEL,115001050007160000,"서울 강서구 마곡동 716"
cx_7f94159fda6c04e9,"신내우디안1단지",중랑구,NO_MATCH,EXACT_PARCEL,112601060008160000,"서울 중랑구 신내동 816"
cx_7f9f5c93ed5113c5,"현대캐슬",강북구,NO_MATCH,EXACT_JIBUN_ADDRESS,113051010001330012,"서울 강북구 미아동 133-12"
cx_7fa194c9c092200e,"삼익아파트",성북구,NO_MATCH,EXACT_JIBUN_ADDRESS,112901380000600001,"서울 성북구 장위동 60-1"
cx_7fa4e4389343303d,"현대홈타운",서초구,NO_MATCH,EXACT_JIBUN_ADDRESS,116501080015060088,"서울 서초구 서초동 1506-88"
cx_7fa664d7726da247,"우성아파트",강남구,NO_MATCH,EXACT_JIBUN_ADDRESS,116801040000110025,"서울 강남구 청담동 11-25"
cx_7fa6ac1f47e729db,"유원도봉",도봉구,NO_MATCH,EXACT_PARCEL,113201080000830000,"서울 도봉구 도봉동 83"
cx_7fa843742e562a31,"쌍용남산플래티넘",중구,NO_MATCH,EXACT_PARCEL,111401220000870000,"서울 중구 회현동2가 87"
cx_7fbd9cd54a64d8a9,"신세계드림빌",마포구,NO_MATCH,EXACT_JIBUN_ADDRESS,114401200004700020,"서울 마포구 서교동 470-20"
cx_7fc1fd4cc24b2d37,"서초파크빌",서초구,NO_MATCH,EXACT_JIBUN_ADDRESS,116501020003120003,"서울 서초구 양재동 312-3"
cx_7fc4b5c8c0f70639,"롯데캐슬(1057-0)",양천구,NO_MATCH,MULTI_RECORD_SAME_PARCEL,114701030010570000,"서울 양천구 신월동 1057"
cx_7fc4edc7204ec36e,"하나마을",동작구,NO_MATCH,EXACT_JIBUN_ADDRESS,115901080003910225,"서울 동작구 대방동 391-225"
cx_7fc957faf395acdf,"반포리체",서초구,NO_MATCH,EXACT_JIBUN_ADDRESS,116501070000300026,"서울 서초구 반포동 30-26"
cx_7fc9c0bae1cca5ae,"신당동파라다이스",중구,NO_MATCH,EXACT_PARCEL,111401620008460000,"서울 중구 신당동 846"
cx_7fdb640eefcaa22f,"강서센트레빌3차",강서구,NO_MATCH,EXACT_PARCEL,115001090008930000,"서울 강서구 방화동 893"
cx_7fe6f9e5960c5d27,"마이유",은평구,NO_MATCH,EXACT_JIBUN_ADDRESS,113801070001190029,"서울 은평구 응암동 119-29"
cx_7ff576d88ab52b37,"삼성래미안",도봉구,NO_MATCH,EXACT_PARCEL,113201070000450000,"서울 도봉구 창동 45"
cx_7ff7715a4fc0870c,"신안",관악구,NO_MATCH,EXACT_JIBUN_ADDRESS,116201020000100010,"서울 관악구 신림동 10-10"
cx_7ffaa30a3d4c6730,"정은101동(332-2)",동대문구,NO_MATCH,EXACT_JIBUN_ADDRESS,112301060003320002,"서울 동대문구 장안동 332-2"
cx_7ffab80309516725,"주공6",노원구,NO_MATCH,EXACT_JIBUN_ADDRESS,113501060003640012,"서울 노원구 중계동 364-12"
cx_800b5702989f430b,"시그마",서초구,NO_MATCH,MULTI_RECORD_SAME_PARCEL,116501020003020000,"서울 서초구 양재동 302"
cx_80124a7f613f84de,"서원파인뷰(101동)",송파구,NO_MATCH,EXACT_JIBUN_ADDRESS,117101050002240002,"서울 송파구 석촌동 224-2"
cx_801b24c08ef60b90,"광장11현대홈타운",광진구,NO_MATCH,EXACT_PARCEL,112151040005790000,"서울 광진구 광장동 579"
cx_8023634da30320c0,"드림케슬3차",금천구,NO_MATCH,EXACT_JIBUN_ADDRESS,115451010002370081,"서울 금천구 가산동 237-81"
cx_80239fa52db2c822,"은평신사두산위브",은평구,NO_MATCH,EXACT_PARCEL,113801090003700000,"서울 은평구 신사동 370"
cx_8024b3582a66aae6,"동광오뜨빌",중랑구,NO_MATCH,EXACT_PARCEL,112601060008000000,"서울 중랑구 신내동 800"
cx_802b697335ed1877,"더뷰21",송파구,NO_MATCH,EXACT_JIBUN_ADDRESS,117101120001300003,"서울 송파구 오금동 130-3"
cx_802e87327af7beae,"동아타운21",관악구,NO_MATCH,EXACT_JIBUN_ADDRESS,116201010000070312,"서울 관악구 봉천동 7-312"
cx_8035ee8af48e74a3,"대우트럼프월드ⅰ",영등포구,NO_MATCH,EXACT_JIBUN_ADDRESS,115601100000550001,"서울 영등포구 여의도동 55-1"
cx_803bd8dde6156421,"성원상떼빌",강북구,NO_MATCH,EXACT_PARCEL,113051040000010000,"서울 강북구 우이동 1"
cx_804c31c6e6649de0,"롯데캐슬비엔",동작구,NO_MATCH,EXACT_PARCEL,115901020005300000,"서울 동작구 상도동 530"
cx_8051c298ad792e93,"왕궁",용산구,NO_MATCH,EXACT_JIBUN_ADDRESS,111701290003000011,"서울 용산구 이촌동 300-11"
cx_805f62be4e6b0a45,"낙성대현대(296)",관악구,NO_MATCH,EXACT_PARCEL,116201010002960000,"서울 관악구 봉천동 296"
cx_80665a18e01c6753,"진성",송파구,NO_MATCH,EXACT_JIBUN_ADDRESS,117101120000550003,"서울 송파구 오금동 55-3"
cx_80701210e92948fe,"마포용강삼성래미안",마포구,NO_MATCH,EXACT_PARCEL,114401050003800000,"서울 마포구 용강동 380"
cx_807f040ba70f70f8,"광남벨라스613v",강동구,NO_MATCH,EXACT_JIBUN_ADDRESS,117401050003850003,"서울 강동구 길동 385-3"
cx_80825ed4a7c9a21f,"한성1",용산구,NO_MATCH,EXACT_JIBUN_ADDRESS,111701310000290004,"서울 용산구 한남동 29-4"
cx_8088e7a860cdcb3b,"현대파크(아)",동작구,NO_MATCH,EXACT_JIBUN_ADDRESS,115901070003030060,"서울 동작구 사당동 303-60"
cx_80a275e115119b1e,"대상",구로구,NO_MATCH,EXACT_PARCEL,115301070004770000,"서울 구로구 개봉동 477"
cx_80a8134179a76292,"탑건위너스빌",양천구,NO_MATCH,EXACT_JIBUN_ADDRESS,114701030001450009,"서울 양천구 신월동 145-9"
cx_80a9adfc80df01f8,"신동아아파트1",도봉구,NO_MATCH,EXACT_JIBUN_ADDRESS,113201060002710001,"서울 도봉구 방학동 271-1"
cx_80b1a0d1b84622e5,"아미레스아파트",종로구,NO_MATCH,EXACT_JIBUN_ADDRESS,111101700000450005,"서울 종로구 명륜1가 45-5"
cx_80b53bc67cfe2984,"시티빌아파트",강동구,NO_MATCH,EXACT_JIBUN_ADDRESS,117401090002870016,"서울 강동구 천호동 287-16"
cx_80be3844abdb7139,"트윈빌비동",용산구,NO_MATCH,EXACT_JIBUN_ADDRESS,111701310000260010,"서울 용산구 한남동 26-10"
cx_80c3c64968027182,"동문상가",종로구,NO_MATCH,EXACT_JIBUN_ADDRESS,111101740004360041,"서울 종로구 창신동 436-41"
cx_80cfa2b396cdace7,"효성빌리지",용산구,NO_MATCH,EXACT_PARCEL,111701310007990000,"서울 용산구 한남동 799"
cx_80d75cb22757a4a1,"마고정3단지센트레빌(301~309동)bl2-11",은평구,NO_MATCH,EXACT_PARCEL,113801140001060000,"서울 은평구 진관동 106"
cx_80db7a88cd899dca,"목화102",금천구,NO_MATCH,EXACT_JIBUN_ADDRESS,115451020009610013,"서울 금천구 독산동 961-13"
cx_80e743bed4dfaac8,"e편한세상답십리아르테포레",동대문구,NO_MATCH,NO_MATCH,112301050010160000,"서울 동대문구 답십리동 1016"
cx_80e8ad778307aae2,"인현상가/신성아파트",중구,NO_MATCH,EXACT_JIBUN_ADDRESS,111401340001920030,"서울 중구 인현동2가 192-30"
cx_80f41ed121ddab6f,"동은6차",금천구,NO_MATCH,EXACT_JIBUN_ADDRESS,115451020008830022,"서울 금천구 독산동 883-22"
cx_80f56731a3101e41,"송파파인타운2단지",송파구,NO_MATCH,EXACT_PARCEL,117101090008350000,"서울 송파구 장지동 835"
cx_8105aa92ae4192f1,"용마산하늘채",중랑구,NO_MATCH,EXACT_PARCEL,112601010015370000,"서울 중랑구 면목동 1537"
cx_810739a4cb98cd7f,"코스모그린",관악구,NO_MATCH,EXACT_JIBUN_ADDRESS,116201020014250004,"서울 관악구 신림동 1425-4"
cx_810d06a207e2db67,"백경",동작구,NO_MATCH,EXACT_JIBUN_ADDRESS,115901030003280011,"서울 동작구 상도1동 328-11"
cx_810d2dadf463afa2,"상진지오밸리가동",양천구,NO_MATCH,EXACT_JIBUN_ADDRESS,114701020007430019,"서울 양천구 목동 743-19"
cx_811b04e0aa3f1053,"래미안서초스위트",서초구,NO_MATCH,EXACT_JIBUN_ADDRESS,116501080013010006,"서울 서초구 서초동 1301-6"
cx_8123535db6583de7,"도곡쌍용예가",강남구,NO_MATCH,EXACT_PARCEL,116801180009330000,"서울 강남구 도곡동 933"
cx_8129088cd6eb7428,"내발산우신웨스트빌",강서구,NO_MATCH,EXACT_PARCEL,115001060007330000,"서울 강서구 내발산동 733"
cx_81342a341643815f,"루체클래식",금천구,NO_MATCH,EXACT_JIBUN_ADDRESS,115451030009770001,"서울 금천구 시흥동 977-1"
cx_814e6171d8c0ad93,"광남캐스빌(448-5)",강동구,NO_MATCH,EXACT_JIBUN_ADDRESS,117401080004480005,"서울 강동구 성내동 448-5"
cx_8152863ff0534c02,"신한에스빌-미지엔",송파구,NO_MATCH,EXACT_JIBUN_ADDRESS,117101070001300003,"서울 송파구 가락동 130-3"
cx_815bc24b9a88ed07,"위너빌(winnervill)",중구,NO_MATCH,EXACT_PARCEL,111401650012000000,"서울 중구 황학동 1200"
cx_817585928d2c8e5d,"삼익포레스트아파트",노원구,NO_MATCH,EXACT_PARCEL,113501030007370000,"서울 노원구 공릉동 737"
cx_817cf6a2527d436a,"청화1",용산구,NO_MATCH,EXACT_JIBUN_ADDRESS,111701300000220002,"서울 용산구 이태원동 22-2"
cx_8181766ac8f9f17f,"신반포21",서초구,NO_MATCH,NO_MATCH,116501060000590010,"서울 서초구 잠원동 59-10"
cx_81885765788e20e5,"dmc래미안클라시스",서대문구,AMBIGUOUS,EXACT_PARCEL,114101200003770000,"서울 서대문구 남가좌동 377"
cx_818874f694eea8f3,"래미안프리미어팰리스",광진구,NO_MATCH,EXACT_PARCEL,112151050008590000,"서울 광진구 자양동 859"
cx_818b7d1be63769da,"리버뷰",마포구,NO_MATCH,EXACT_JIBUN_ADDRESS,114401230004550002,"서울 마포구 망원동 455-2"
cx_818fb46f933e80f7,"근상프리즘(342-35)",강서구,NO_MATCH,EXACT_JIBUN_ADDRESS,115001030003420035,"서울 강서구 화곡동 342-35"
cx_8194fb5c035b9fc7,"서울숲아이파크리버포레1차",성동구,NO_MATCH,EXACT_PARCEL,112001140007210000,"서울 성동구 성수동1가 721"
cx_8196b6f38c2669d0,"약수하이츠",중구,NO_MATCH,EXACT_PARCEL,111401620008420000,"서울 중구 신당동 842"
cx_81b809de661513ad,"서초삼성래미안",서초구,NO_MATCH,EXACT_JIBUN_ADDRESS,116501080016410001,"서울 서초구 서초동 1641-1"
cx_81c25a0af09106ce,"(716-22)우진빌라c",구로구,NO_MATCH,EXACT_JIBUN_ADDRESS,115301020007160022,"서울 구로구 구로동 716-22"
cx_81c959e1e5048b6f,"리젠시",서초구,NO_MATCH,MULTI_RECORD_SAME_PARCEL,116501020004010000,"서울 서초구 양재동 401"
cx_81ce586948987cca,"미성빌라트",구로구,NO_MATCH,EXACT_JIBUN_ADDRESS,115301020007800015,"서울 구로구 구로동 780-15"
cx_81d91f90f3da3208,"양천홈타운1차",양천구,NO_MATCH,EXACT_JIBUN_ADDRESS,114701030004560001,"서울 양천구 신월동 456-1"
cx_81dab584930ed3e9,"한울에이치밸리움a동",강서구,NO_MATCH,EXACT_JIBUN_ADDRESS,115001030010650004,"서울 강서구 화곡동 1065-4"
cx_81df20b95937c55f,"월드메르디앙101동",강남구,NO_MATCH,EXACT_JIBUN_ADDRESS,116801180002000001,"서울 강남구 도곡동 200-1"
cx_81eac98de46f5310,"로얄맨숀",용산구,NO_MATCH,EXACT_JIBUN_ADDRESS,111701290003010010,"서울 용산구 이촌동 301-10"
cx_81ebadff25ddc1ac,"광진동양파라곤1단지",광진구,NO_MATCH,EXACT_JIBUN_ADDRESS,112151090003600020,"서울 광진구 군자동 360-20"
cx_81f27360d6680c95,"청솔해오름",강서구,NO_MATCH,EXACT_JIBUN_ADDRESS,115001060006600001,"서울 강서구 내발산동 660-1"
cx_81f8ef0b6767dafc,"뉴현대",강남구,NO_MATCH,EXACT_JIBUN_ADDRESS,116801070005500005,"서울 강남구 신사동 550-5"
cx_81fa540f3fb53c25,"인왕산아이파크",종로구,NO_MATCH,EXACT_PARCEL,111101870000600000,"서울 종로구 무악동 60"
cx_81fc07c316c8526a,"일두(1021)",관악구,NO_MATCH,EXACT_PARCEL,116201010010210000,"서울 관악구 봉천동 1021"
cx_81fcb6df2d9f46c6,"로하스",서대문구,NO_MATCH,MULTI_RECORD_SAME_PARCEL,114101180002810000,"서울 서대문구 홍은동 281"
cx_820bbfa40e5e98ff,"한백아파트",강서구,NO_MATCH,EXACT_JIBUN_ADDRESS,115001030009250001,"서울 강서구 화곡동 925-1"
cx_821957fcaa7d40cf,"청광아트빌(14차)",서초구,NO_MATCH,EXACT_JIBUN_ADDRESS,116501010004820004,"서울 서초구 방배동 482-4"
cx_821ebedeb9a479b8,"삼익플라주(81-10)",양천구,NO_MATCH,EXACT_JIBUN_ADDRESS,114701030000810010,"서울 양천구 신월동 81-10"
cx_82497100e02b579d,"서초캐슬",서초구,NO_MATCH,EXACT_JIBUN_ADDRESS,116501080015680003,"서울 서초구 서초동 1568-3"
cx_825e162044e9edec,"한주리버뷰",송파구,NO_MATCH,EXACT_JIBUN_ADDRESS,117101140000220001,"서울 송파구 마천동 22-1"
cx_8260b495f35835df,"진달래",중구,NO_MATCH,EXACT_JIBUN_ADDRESS,111401620003330042,"서울 중구 신당동 333-42"
cx_82659a8551804083,"정림",서초구,NO_MATCH,EXACT_JIBUN_ADDRESS,116501010004340003,"서울 서초구 방배동 434-3"
cx_826ea54636fbda68,"브라운스톤암사아파트",강동구,NO_MATCH,EXACT_JIBUN_ADDRESS,117401090002880029,"서울 강동구 천호동 288-29"
cx_82729dab70457355,"욱현하이브ⅲ",광진구,NO_MATCH,EXACT_PARCEL,112151010006990000,"서울 광진구 중곡동 699"
cx_82aa8fbdb888209e,"한솔아파트",광진구,NO_MATCH,EXACT_JIBUN_ADDRESS,112151030000560006,"서울 광진구 구의동 56-6"
cx_82b28b10328f3ab4,"초원현대",서초구,NO_MATCH,EXACT_JIBUN_ADDRESS,116501080014440003,"서울 서초구 서초동 1444-3"
cx_82ba84ac5204877e,"당산현대3차",영등포구,NO_MATCH,EXACT_PARCEL,115601140000880000,"서울 영등포구 당산동4가 88"
cx_82c4fa86b282a491,"메카",은평구,NO_MATCH,EXACT_PARCEL,113801040005430000,"서울 은평구 갈현동 543"
cx_82d0aa571d7d97d8,"태천해오름103동",강동구,NO_MATCH,EXACT_JIBUN_ADDRESS,117401010003510011,"서울 강동구 명일동 351-11"
cx_82d39d7546d2d036,"삼익",서초구,NO_MATCH,NO_MATCH,116501010010180001,"서울 서초구 방배동 1018-1"
cx_82d9a1cb5a3cc286,"e-아름다운세상",성동구,NO_MATCH,EXACT_PARCEL,112001150008460000,"서울 성동구 성수동2가 846"
cx_82e31a18d2689502,"연합파크빌",중랑구,NO_MATCH,NO_MATCH,112601030003310064,"서울 중랑구 중화동 331-64"
cx_82f76be073ac5dd8,"예전이룸2차",강동구,NO_MATCH,EXACT_JIBUN_ADDRESS,117401050003370019,"서울 강동구 길동 337-19"
cx_82f78daac9f25b24,"혜우",서대문구,NO_MATCH,EXACT_JIBUN_ADDRESS,114101120001010007,"서울 서대문구 대현동 101-7"
cx_8303db74c33cf27f,"대성드림",중구,NO_MATCH,EXACT_JIBUN_ADDRESS,111401620002900052,"서울 중구 신당동 290-52"
cx_830a729877ad91f2,"노블레스하우스",중구,NO_MATCH,EXACT_JIBUN_ADDRESS,111401620002900067,"서울 중구 신당동 290-67"
cx_83142978043740ba,"대우미래사랑",마포구,NO_MATCH,EXACT_PARCEL,114401200004870000,"서울 마포구 서교동 487"
cx_8315a2a903bfa084,"방배브라운가",서초구,NO_MATCH,EXACT_JIBUN_ADDRESS,116501010009300001,"서울 서초구 방배동 930-1"
cx_83174a628b3f657e,"지고하임(101동)",강남구,NO_MATCH,EXACT_JIBUN_ADDRESS,116801080000440008,"서울 강남구 논현동 44-8"
cx_8317618e44e1a2b1,"마곡보타닉경남아너스빌",강서구,NO_MATCH,EXACT_PARCEL,115001050012520000,"서울 강서구 마곡동 1252"
cx_832a5036ea5f4efb,"상록수",영등포구,NO_MATCH,EXACT_PARCEL,115601260000450000,"서울 영등포구 양평동2가 45"
cx_832de5565a6e1136,"명덕",강서구,NO_MATCH,EXACT_JIBUN_ADDRESS,115001060006550005,"서울 강서구 내발산동 655-5"
cx_8339dbcf75c794c5,"삼성동대성유니드",강남구,NO_MATCH,MULTI_RECORD_SAME_PARCEL,116801050001290000,"서울 강남구 삼성동 129"
cx_83506afeb0d26f80,"남성1차현대타운",서초구,NO_MATCH,EXACT_JIBUN_ADDRESS,116501020000160019,"서울 서초구 양재동 16-19"
cx_83532a0b1779a01f,"삼호한숲",서초구,NO_MATCH,EXACT_JIBUN_ADDRESS,116501010010300001,"서울 서초구 방배동 1030-1"
cx_835b3656be73a7a5,"미아신구",강북구,NO_MATCH,EXACT_PARCEL,113051010013520000,"서울 강북구 미아동 1352"
cx_83625639ac07f29f,"서초로얄",서초구,NO_MATCH,EXACT_JIBUN_ADDRESS,116501080016270003,"서울 서초구 서초동 1627-3"
cx_836331525ecdd550,"래미안라클래시",강남구,NO_MATCH,EXACT_PARCEL,116801050001890000,"서울 강남구 삼성동 189"
cx_83640d66eb733a24,"경남하이빌",동대문구,NO_MATCH,EXACT_PARCEL,112301060005780000,"서울 동대문구 장안동 578"
cx_836767c24d6d763b,"태능에셈빌",중랑구,NO_MATCH,EXACT_JIBUN_ADDRESS,112601030003140001,"서울 중랑구 중화동 314-1"
cx_8373d9a3b673a097,"하이1(113-5)",중구,NO_MATCH,EXACT_JIBUN_ADDRESS,111401620001130005,"서울 중구 신당동 113-5"
cx_83771b1cf3a21912,"길음뉴타운9단지(래미안)",성북구,NO_MATCH,EXACT_PARCEL,112901340012860000,"서울 성북구 길음동 1286"
cx_837cad7da2537a4c,"송파레미니스",송파구,NO_MATCH,EXACT_PARCEL,117101120006160000,"서울 송파구 오금동 616"
cx_839557fe4f6aa3ae,"한양그린",강동구,NO_MATCH,MULTI_RECORD_SAME_PARCEL,117401070004490000,"서울 강동구 암사동 449"
cx_83a4aac446084ac3,"대림미소나눔",송파구,NO_MATCH,EXACT_JIBUN_ADDRESS,117101080000940009,"서울 송파구 문정동 94-9"
cx_83a4ce2d482ece53,"마일스디오빌",강남구,NO_MATCH,EXACT_JIBUN_ADDRESS,116801080000580002,"서울 강남구 논현동 58-2"
cx_83b5fa915d26fed4,"한솔스위트벨리",강서구,NO_MATCH,EXACT_JIBUN_ADDRESS,115001030004040002,"서울 강서구 화곡동 404-2"
cx_83c51297977c30b4,"디아이빌(331-107)",양천구,NO_MATCH,EXACT_JIBUN_ADDRESS,114701030003310107,"서울 양천구 신월동 331-107"
cx_83cb0e527b696af8,"(20-3)",광진구,NO_MATCH,EXACT_JIBUN_ADDRESS,112151070000200003,"서울 광진구 화양동 20-3"
cx_83cbd76eced9aaa2,"란스미어",중구,NO_MATCH,EXACT_JIBUN_ADDRESS,111401620004040002,"서울 중구 신당동 404-2"
cx_83ced7e188ca489f,"래미안장안2차",동대문구,NO_MATCH,EXACT_JIBUN_ADDRESS,112301060003290003,"서울 동대문구 장안동 329-3"
cx_83d94723b8e107ca,"명진에버그린",강서구,NO_MATCH,MULTI_RECORD_SAME_PARCEL,115001060007160000,"서울 강서구 내발산동 716"
cx_83e74407dd96e540,"광산",서대문구,NO_MATCH,EXACT_JIBUN_ADDRESS,114101110001570068,"서울 서대문구 홍제동 157-68"
cx_83e80e88085969e3,"화곡보람",강서구,NO_MATCH,EXACT_PARCEL,115001030011490000,"서울 강서구 화곡동 1149"
cx_83fd0f8ecbb630a0,"월드캐슬",동대문구,NO_MATCH,EXACT_JIBUN_ADDRESS,112301030011580025,"서울 동대문구 제기동 1158-25"
cx_83ff7cbff0b69b1f,"염창동예성그린캐슬",강서구,NO_MATCH,EXACT_JIBUN_ADDRESS,115001010002420008,"서울 강서구 염창동 242-8"
cx_840accc05e28061c,"라움아파트",관악구,NO_MATCH,EXACT_JIBUN_ADDRESS,116201030006020110,"서울 관악구 남현동 602-110"
cx_8412f59f0b0a50d1,"에덴",구로구,NO_MATCH,EXACT_JIBUN_ADDRESS,115301020007620011,"서울 구로구 구로동 762-11"
cx_84160d9f9e4f70ef,"새울센스빌아파트",노원구,NO_MATCH,EXACT_JIBUN_ADDRESS,113501030005890003,"서울 노원구 공릉동 589-3"
cx_841f50f0a9a5d7c0,"송파현대힐스테이트",송파구,NO_MATCH,EXACT_PARCEL,117101030005110000,"서울 송파구 풍납동 511"
cx_8420f03d69325266,"일성빌라트",종로구,NO_MATCH,EXACT_JIBUN_ADDRESS,111101830001450005,"서울 종로구 평창동 145-5"
cx_8427fa37ae0940a1,"안암",성북구,NO_MATCH,EXACT_JIBUN_ADDRESS,112901240000230003,"서울 성북구 안암동4가 23-3"
cx_843db20e369dcde9,"자선메르시안(162-18)",은평구,NO_MATCH,EXACT_JIBUN_ADDRESS,113801100001620018,"서울 은평구 증산동 162-18"
cx_8440c6a12dc97ba7,"신일유토빌(603-0)",강동구,NO_MATCH,EXACT_PARCEL,117401080006030000,"서울 강동구 성내동 603"
cx_8450ffa20f49ae91,"동대문맨션",종로구,NO_MATCH,EXACT_JIBUN_ADDRESS,111101740005780005,"서울 종로구 창신동 578-5"
cx_84542264f06f1959,"예성그린캐슬",중랑구,NO_MATCH,EXACT_PARCEL,112601050005770000,"서울 중랑구 망우동 577"
cx_84546caa5ee9ea7b,"송학파크팰리스",은평구,NO_MATCH,EXACT_JIBUN_ADDRESS,113801020000830047,"서울 은평구 녹번동 83-47"
cx_845a1894180faba9,"이촌코오롱(a)",용산구,NO_MATCH,EXACT_PARCEL,111701290004120000,"서울 용산구 이촌동 412"
cx_845c7520410efae2,"해피플러스1",은평구,NO_MATCH,EXACT_JIBUN_ADDRESS,113801030004830011,"서울 은평구 불광동 483-11"
cx_8462b3dc82efeb80,"현대13차(208~211동)",강남구,NO_MATCH,EXACT_PARCEL,116801100004480000,"서울 강남구 압구정동 448"
cx_846bab1c4e378315,"문정가락현대1차",송파구,NO_MATCH,EXACT_PARCEL,117101080000030000,"서울 송파구 문정동 3"
cx_84788132c57e1694,"현대그린1",강남구,NO_MATCH,EXACT_PARCEL,116801180009640000,"서울 강남구 도곡동 964"
cx_847ad8cf639a3bee,"강림월드타운",마포구,NO_MATCH,EXACT_JIBUN_ADDRESS,114401260000360029,"서울 마포구 중동 36-29"
cx_847b4771ce00c5f7,"브라운스톤",강남구,NO_MATCH,EXACT_JIBUN_ADDRESS,116801080000430003,"서울 강남구 논현동 43-3"
cx_848db7679f06cf56,"리치힐(976-37)",금천구,NO_MATCH,EXACT_JIBUN_ADDRESS,115451020009760037,"서울 금천구 독산동 976-37"
cx_848e3dc8f9ab9a17,"삼익플라주",영등포구,NO_MATCH,EXACT_PARCEL,115601140000970000,"서울 영등포구 당산동4가 97"
cx_849619409dca48c4,"대영(62-68)",광진구,NO_MATCH,EXACT_JIBUN_ADDRESS,112151010000620068,"서울 광진구 중곡동 62-68"
cx_84a80f3e33071d02,"하이캐슬102동",관악구,NO_MATCH,EXACT_JIBUN_ADDRESS,116201010015950012,"서울 관악구 봉천동 1595-12"
cx_84ac6616dd3367b0,"해피그린(171-21)",구로구,NO_MATCH,EXACT_JIBUN_ADDRESS,115301060001710021,"서울 구로구 고척동 171-21"
cx_84af00746d143261,"타워맨션",용산구,NO_MATCH,EXACT_JIBUN_ADDRESS,111701290003020028,"서울 용산구 이촌동 302-28"
cx_84b7c4d94af85b4f,"세방",중랑구,NO_MATCH,EXACT_PARCEL,112601040003830000,"서울 중랑구 묵동 383"
cx_84bfde452223d882,"이산",강남구,NO_MATCH,EXACT_JIBUN_ADDRESS,116801080001940022,"서울 강남구 논현동 194-22"
cx_84c6177f5d0cf119,"쌍용스윗닷홈2차",송파구,NO_MATCH,EXACT_JIBUN_ADDRESS,117101130000270005,"서울 송파구 거여동 27-5"
cx_84ccd4e3942c47c6,"서초네스피아a",서초구,NO_MATCH,EXACT_JIBUN_ADDRESS,116501080014660002,"서울 서초구 서초동 1466-2"
cx_84ce969fb1ed8bbf,"한강동부",용산구,NO_MATCH,EXACT_JIBUN_ADDRESS,111701290003020063,"서울 용산구 이촌동 302-63"
cx_84da974e8fdc49a5,"두일",은평구,NO_MATCH,EXACT_JIBUN_ADDRESS,113801050003080003,"서울 은평구 구산동 308-3"
cx_84dce92eadada38f,"드림리버빌",영등포구,NO_MATCH,EXACT_PARCEL,115601170003780000,"서울 영등포구 당산동 378"
cx_84e8f62a7e5bf8e9,"천우(916-7)",강서구,NO_MATCH,NO_MATCH,115001030009160007,"서울 강서구 화곡동 916-7"
cx_84f1ddaf55edc113,"가락그랑밸리",송파구,NO_MATCH,EXACT_JIBUN_ADDRESS,117101070001410007,"서울 송파구 가락동 141-7"
cx_84f2d6eb0f1ccf0b,"청나아파트",은평구,NO_MATCH,EXACT_JIBUN_ADDRESS,113801030003300014,"서울 은평구 불광동 330-14"
cx_84f3f0d963eee76c,"신사파크빌a동",강남구,NO_MATCH,MULTI_RECORD_SAME_PARCEL,116801070005620000,"서울 강남구 신사동 562"
cx_84fa6e9a8408e07f,"강일리버파크4단지",강동구,NO_MATCH,EXACT_PARCEL,117401100006730000,"서울 강동구 강일동 673"
cx_8503ffed4088363f,"해청파인빌",서초구,NO_MATCH,EXACT_JIBUN_ADDRESS,116501020000190001,"서울 서초구 양재동 19-1"
cx_85066296693b771d,"우성아파트",송파구,NO_MATCH,EXACT_JIBUN_ADDRESS,117101010001010001,"서울 송파구 잠실동 101-1"
cx_85081373110f4777,"라파엘로",서초구,NO_MATCH,EXACT_JIBUN_ADDRESS,116501080014920001,"서울 서초구 서초동 1492-1"
cx_850ae72ff4c3bc4e,"홍은미성",서대문구,NO_MATCH,EXACT_JIBUN_ADDRESS,114101180001860001,"서울 서대문구 홍은동 186-1"
cx_850ddb31ac2d0fa4,"토석아네스아파트",강서구,NO_MATCH,EXACT_JIBUN_ADDRESS,115001030000240138,"서울 강서구 화곡동 24-138"
cx_8517aa85a9cacdf4,"서울숲해오름(717-0)",성동구,NO_MATCH,EXACT_PARCEL,112001140007170000,"서울 성동구 성수동1가 717"
cx_851e96140d5418fa,"예지보금자리",강서구,NO_MATCH,EXACT_JIBUN_ADDRESS,115001030007880039,"서울 강서구 화곡동 788-39"
cx_851f28cf5215fdf8,"남촌홈타운(730-2)",구로구,NO_MATCH,EXACT_JIBUN_ADDRESS,115301020007300002,"서울 구로구 구로동 730-2"
cx_852169942c1da957,"경원시티",관악구,NO_MATCH,EXACT_JIBUN_ADDRESS,116201010000630045,"서울 관악구 봉천동 63-45"
cx_852267611461b63b,"은성아파트",송파구,NO_MATCH,EXACT_JIBUN_ADDRESS,117101110001480007,"서울 송파구 방이동 148-7"
cx_852895d0e8853898,"중흥에스클래스",도봉구,NO_MATCH,EXACT_JIBUN_ADDRESS,113201070006650021,"서울 도봉구 창동 665-21"
cx_852fe8f43927245c,"금호",성동구,NO_MATCH,EXACT_PARCEL,112001140007140000,"서울 성동구 성수동1가 714"
cx_8530457454b8180f,"연서노벨(463-16)",은평구,NO_MATCH,EXACT_JIBUN_ADDRESS,113801040004630016,"서울 은평구 갈현동 463-16"
cx_8539f3296a6c0f8e,"도봉파크빌2",도봉구,NO_MATCH,EXACT_PARCEL,113201080006470000,"서울 도봉구 도봉동 647"
cx_853a1c070166728e,"천우캐슬",강서구,NO_MATCH,EXACT_JIBUN_ADDRESS,115001060007020007,"서울 강서구 내발산동 702-7"
cx_853a5caeb300bb9d,"반포훼미리(104동)",서초구,NO_MATCH,EXACT_JIBUN_ADDRESS,116501070007010001,"서울 서초구 반포동 701-1"
cx_853a62528cbfca70,"북한산네이처파크",강북구,NO_MATCH,EXACT_PARCEL,113051030007340000,"서울 강북구 수유동 734"
cx_853dbf83e4531f13,"한솔애리즈601동",강동구,NO_MATCH,EXACT_JIBUN_ADDRESS,117401080001990019,"서울 강동구 성내동 199-19"
cx_853fc7a804308100,"삼익",동대문구,NO_MATCH,EXACT_PARCEL,112301100000730000,"서울 동대문구 이문동 73"
cx_855073ce719d52e5,"(796-14)",구로구,NO_MATCH,EXACT_JIBUN_ADDRESS,115301020007960014,"서울 구로구 구로동 796-14"
cx_8556dde3f8ff4b53,"대성",용산구,NO_MATCH,EXACT_JIBUN_ADDRESS,111701140000770027,"서울 용산구 신창동 77-27"
cx_8558b211326e27cf,"수유벽산1차",강북구,NO_MATCH,EXACT_PARCEL,113051030002050000,"서울 강북구 수유동 205"
cx_8562c590f495e3c4,"스카이빌(8-87)",강북구,NO_MATCH,EXACT_JIBUN_ADDRESS,113051010000080087,"서울 강북구 미아동 8-87"
cx_85734aec0d015a56,"더샵파크프레스티지",영등포구,NO_MATCH,EXACT_PARCEL,115601320049740000,"서울 영등포구 신길동 4974"
cx_857d21c897c74114,"송파파인타운10단지",송파구,NO_MATCH,EXACT_PARCEL,117101090008560000,"서울 송파구 장지동 856"
cx_858a7dcdffdb2f72,"동문굿모닝탑",양천구,NO_MATCH,EXACT_JIBUN_ADDRESS,114701010003240010,"서울 양천구 신정동 324-10"
cx_85a0c84ac9ee9c35,"동일5차101동",서대문구,NO_MATCH,EXACT_JIBUN_ADDRESS,114101110003120221,"서울 서대문구 홍제동 312-221"
cx_85a972af2c216708,"북한산삼부르네상스202동203동204동",서대문구,NO_MATCH,EXACT_JIBUN_ADDRESS,114101180000080933,"서울 서대문구 홍은동 8-933"
cx_85b96bcd6cb1fa47,"당산효성1차",영등포구,NO_MATCH,EXACT_PARCEL,115601150000120000,"서울 영등포구 당산동5가 12"
cx_85c1194f354b8bbc,"우성7",강남구,NO_MATCH,MULTI_RECORD_SAME_PARCEL,116801140006150000,"서울 강남구 일원동 615"
cx_85cd8a4b2d5dc3d0,"트리지움",송파구,NO_MATCH,EXACT_PARCEL,117101010000350000,"서울 송파구 잠실동 35"
cx_85dda5f0b7f6cf9d,"대경홈타운",은평구,NO_MATCH,EXACT_JIBUN_ADDRESS,113801060000090045,"서울 은평구 대조동 9-45"
cx_85e7937bb5ab55bb,"개나리래미안",강남구,NO_MATCH,MULTI_RECORD_SAME_PARCEL,116801010007540000,"서울 강남구 역삼동 754"
cx_85f081b3caec162c,"태화빌라(733)",서초구,NO_MATCH,EXACT_PARCEL,116501010007330000,"서울 서초구 방배동 733"
cx_860980d05b35320d,"학마을1단지",양천구,NO_MATCH,EXACT_PARCEL,114701010012930000,"서울 양천구 신정동 1293"
cx_861b9e81f4234fce,"에메랄드102동",관악구,NO_MATCH,EXACT_JIBUN_ADDRESS,116201010000410259,"서울 관악구 봉천동 41-259"
cx_861dc72de4b69444,"밀레니엄삼우",은평구,NO_MATCH,NO_MATCH,113801010001480002,"서울 은평구 수색동 148-2"
cx_862294d66b99ed5f,"마곡푸르지오",강서구,NO_MATCH,EXACT_PARCEL,115001050015250000,"서울 강서구 마곡동 1525"
cx_8625e7f1e943fc23,"르가든6차",서초구,NO_MATCH,EXACT_JIBUN_ADDRESS,116501010007980010,"서울 서초구 방배동 798-10"
cx_863b3575e32abc66,"청솔브레싱b동",노원구,NO_MATCH,EXACT_JIBUN_ADDRESS,113501030003800010,"서울 노원구 공릉동 380-10"
cx_8658d5c87b8723d0,"서초래미안",서초구,NO_MATCH,EXACT_PARCEL,116501080016820000,"서울 서초구 서초동 1682"
cx_86597c76ec8eff26,"이수자이",동작구,NO_MATCH,EXACT_JIBUN_ADDRESS,115901070001470029,"서울 동작구 사당동 147-29"
cx_865ef8e513cf3b23,"염창동한강우성",강서구,NO_MATCH,EXACT_JIBUN_ADDRESS,115001010000660009,"서울 강서구 염창동 66-9"
cx_86606ab494bb373e,"한솔(61-116)",강서구,NO_MATCH,EXACT_JIBUN_ADDRESS,115001030000610116,"서울 강서구 화곡동 61-116"
cx_8668784d29bf2149,"신세계4차",강서구,NO_MATCH,EXACT_JIBUN_ADDRESS,115001060006650006,"서울 강서구 내발산동 665-6"
cx_8668b222111443d0,"디아레나서초",서초구,NO_MATCH,EXACT_JIBUN_ADDRESS,116501080015880005,"서울 서초구 서초동 1588-5"
cx_866ab3620b4c95f1,"삼성광장1",광진구,NO_MATCH,EXACT_PARCEL,112151040005610000,"서울 광진구 광장동 561"
cx_866b8df00a0a74d8,"영상라이브센스",강동구,NO_MATCH,EXACT_JIBUN_ADDRESS,117401070004460003,"서울 강동구 암사동 446-3"
cx_866cbbd7631c980e,"한강극동",광진구,NO_MATCH,EXACT_JIBUN_ADDRESS,112151050000570103,"서울 광진구 자양동 57-103"
cx_86712327a32ef5a1,"대림경동아파트",강서구,NO_MATCH,EXACT_PARCEL,115001040014740000,"서울 강서구 가양동 1474"
cx_8676088693d657a2,"대성1",마포구,NO_MATCH,EXACT_JIBUN_ADDRESS,114401230004290004,"서울 마포구 망원동 429-4"
cx_86883f4898e12f60,"동양엔파트",마포구,NO_MATCH,EXACT_PARCEL,114401080008030000,"서울 마포구 대흥동 803"
cx_868860dd7f9ac494,"한진아파트",노원구,NO_MATCH,EXACT_JIBUN_ADDRESS,113501030004080023,"서울 노원구 공릉동 408-23"
cx_868e4ca03f4317cd,"벽산블루밍3차",관악구,NO_MATCH,EXACT_PARCEL,116201010017200000,"서울 관악구 봉천동 1720"
cx_8693c168b647c216,"삼성홈타운",성동구,NO_MATCH,EXACT_PARCEL,112001050008340000,"서울 성동구 마장동 834"
cx_8694a43ced3cf586,"응암하이포롬",은평구,NO_MATCH,EXACT_JIBUN_ADDRESS,113801070001170022,"서울 은평구 응암동 117-22"
cx_869555e0d0311661,"마체스터",서대문구,NO_MATCH,EXACT_JIBUN_ADDRESS,114101110002830036,"서울 서대문구 홍제동 283-36"
cx_869c1cccc5ca1bc2,"녹번현대아파트",은평구,NO_MATCH,EXACT_JIBUN_ADDRESS,113801020001000055,"서울 은평구 녹번동 100-55"
cx_86a7389cc8048bea,"호정빌라트",강남구,NO_MATCH,EXACT_PARCEL,116801140006790000,"서울 강남구 일원동 679"
cx_86ab5a5cffbd4da7,"희훈타워빌",구로구,NO_MATCH,EXACT_JIBUN_ADDRESS,115301020001100001,"서울 구로구 구로동 110-1"
cx_86b723945f30326d,"미소가",관악구,NO_MATCH,EXACT_JIBUN_ADDRESS,116201010000390013,"서울 관악구 봉천동 39-13"
cx_86b8541b590fdeae,"라움(492-45)",강동구,NO_MATCH,EXACT_JIBUN_ADDRESS,117401070004920045,"서울 강동구 암사동 492-45"
cx_86c0d68217f750ec,"만민라이프",은평구,NO_MATCH,EXACT_JIBUN_ADDRESS,113801080000520015,"서울 은평구 역촌동 52-15"
cx_86c14ea3945763bc,"세한(410-150)",강서구,NO_MATCH,EXACT_JIBUN_ADDRESS,115001030004100150,"서울 강서구 화곡동 410-150"
cx_86c948ba8b245142,"북한산대창센시티",은평구,NO_MATCH,EXACT_JIBUN_ADDRESS,113801030000710016,"서울 은평구 불광동 71-16"
cx_86d10d545620b320,"신목동파라곤",양천구,NO_MATCH,EXACT_PARCEL,114701030010850000,"서울 양천구 신월동 1085"
cx_86d21361952ea171,"신원프라자",구로구,NO_MATCH,EXACT_PARCEL,115301060003240000,"서울 구로구 고척동 324"
cx_86da88729cc1a61a,"한양",강동구,NO_MATCH,EXACT_PARCEL,117401010000540000,"서울 강동구 명일동 54"
cx_86f03b3fea3e8a9e,"동심",금천구,NO_MATCH,EXACT_JIBUN_ADDRESS,115451020001840004,"서울 금천구 독산동 184-4"
cx_86f0d460c37f5fb9,"운암화인빌",강동구,NO_MATCH,EXACT_JIBUN_ADDRESS,117401080004090008,"서울 강동구 성내동 409-8"
cx_86f6f8848d2b63de,"삼성빌리지(223-14)",강북구,NO_MATCH,EXACT_JIBUN_ADDRESS,113051030002230014,"서울 강북구 수유동 223-14"
cx_870403d1c8a123d0,"여의",영등포구,NO_MATCH,EXACT_JIBUN_ADDRESS,115601320000010008,"서울 영등포구 신길동 1-8"
cx_87065d8c845d27fa,"우남위시빌",광진구,NO_MATCH,EXACT_JIBUN_ADDRESS,112151030005910029,"서울 광진구 구의동 591-29"
cx_8708d0aedce2ea00,"성용",종로구,NO_MATCH,EXACT_JIBUN_ADDRESS,111101740006400252,"서울 종로구 창신동 640-252"
cx_870e2e6a7c354e49,"미진주택b동",구로구,NO_MATCH,EXACT_JIBUN_ADDRESS,115301080000120002,"서울 구로구 오류동 12-2"
cx_871024e2ad3623a2,"한일유앤아이",노원구,NO_MATCH,EXACT_PARCEL,113501050013090000,"서울 노원구 상계동 1309"
cx_8725492b2cc130bb,"(717-10)",구로구,NO_MATCH,EXACT_JIBUN_ADDRESS,115301020007170010,"서울 구로구 구로동 717-10"
cx_873f0d63d8f71655,"양재파크뷰",서초구,NO_MATCH,EXACT_JIBUN_ADDRESS,116501020000080037,"서울 서초구 양재동 8-37"
cx_873ffbc88e551cb2,"광진트라팰리스",광진구,NO_MATCH,EXACT_PARCEL,112151050008540000,"서울 광진구 자양동 854"
cx_874435dc0176d0cd,"현대(3차)",노원구,NO_MATCH,EXACT_PARCEL,113501060005760000,"서울 노원구 중계동 576"
cx_8744e6b6d6b46c5b,"경남아너스빌",은평구,NO_MATCH,EXACT_PARCEL,113801050002240000,"서울 은평구 구산동 224"
cx_874aa6688f185a33,"뉴타운플러스",양천구,NO_MATCH,NO_MATCH,114701030005610002,"서울 양천구 신월동 561-2"
cx_874bc82b068a8e75,"은하수수목원",구로구,NO_MATCH,EXACT_PARCEL,115301080003490000,"서울 구로구 오류동 349"
cx_874d4e12f702e690,"태원팰리스",중구,NO_MATCH,EXACT_JIBUN_ADDRESS,111401620004130004,"서울 중구 신당동 413-4"
cx_87529766d714434e,"송파센텀레이크",송파구,NO_MATCH,EXACT_PARCEL,117101040002460000,"서울 송파구 송파동 246"
cx_87536970d821619c,"양재테크노3",서초구,NO_MATCH,EXACT_JIBUN_ADDRESS,116501020000060036,"서울 서초구 양재동 6-36"
cx_876502fdec6005bc,"공덕스카이아파트",마포구,NO_MATCH,EXACT_JIBUN_ADDRESS,114401020000040032,"서울 마포구 공덕동 4-32"
cx_87653e33e300e8cd,"연희에스엠",서대문구,NO_MATCH,EXACT_JIBUN_ADDRESS,114101170007050004,"서울 서대문구 연희동 705-4"
cx_877076458fa44cd1,"엘림스퀘어3",동대문구,NO_MATCH,EXACT_JIBUN_ADDRESS,112301050002680003,"서울 동대문구 답십리동 268-3"
cx_877417fe6e55444c,"시흥베르빌",금천구,NO_MATCH,EXACT_PARCEL,115451030010150000,"서울 금천구 시흥동 1015"
cx_877668c0f53484cc,"센트럴파크55",중랑구,NO_MATCH,EXACT_JIBUN_ADDRESS,112601020000870027,"서울 중랑구 상봉동 87-27"
cx_877f3295c2d7353e,"미켈란107",강남구,NO_MATCH,EXACT_PARCEL,116801050001070000,"서울 강남구 삼성동 107"
cx_87818d4c0b7db719,"자양우성7",광진구,NO_MATCH,EXACT_JIBUN_ADDRESS,112151050007830001,"서울 광진구 자양동 783-1"
cx_879418b91a0d20b7,"신안네트빌2단지",강서구,NO_MATCH,EXACT_PARCEL,115001090008690000,"서울 강서구 방화동 869"
cx_879e1801bfc5adfc,"등촌동아이파크",강서구,NO_MATCH,EXACT_PARCEL,115001020007150000,"서울 강서구 등촌동 715"
cx_87a38fffc444d122,"젬스톤타운",도봉구,NO_MATCH,EXACT_PARCEL,113201050005940000,"서울 도봉구 쌍문동 594"
cx_87a3dc02dcc9ee1a,"우찬",강남구,NO_MATCH,EXACT_JIBUN_ADDRESS,116801070005500020,"서울 강남구 신사동 550-20"
cx_87a54b856c208af8,"우물골2단지두산위브(201~203동)bl2-4",은평구,NO_MATCH,EXACT_PARCEL,113801140000820000,"서울 은평구 진관동 82"
cx_87a7a79ddd612ba8,"골든캐슬",강남구,NO_MATCH,EXACT_JIBUN_ADDRESS,116801080001030011,"서울 강남구 논현동 103-11"
cx_87b170adee9131b4,"우성캐릭터빌",강남구,NO_MATCH,EXACT_JIBUN_ADDRESS,116801180004670018,"서울 강남구 도곡동 467-18"
cx_87b72b06edcb1e86,"리버뷰",용산구,NO_MATCH,EXACT_JIBUN_ADDRESS,111701290003000027,"서울 용산구 이촌동 300-27"
cx_87b9d2088c5ae770,"동명베스트(84-21)",은평구,NO_MATCH,EXACT_JIBUN_ADDRESS,113801060000840021,"서울 은평구 대조동 84-21"
cx_87bd214de4f1e6d1,"강변월드메르디앙",강서구,NO_MATCH,EXACT_JIBUN_ADDRESS,115001010002400001,"서울 강서구 염창동 240-1"
cx_87bfc8f993fc252d,"대우디오슈페리움2단지",관악구,NO_MATCH,EXACT_JIBUN_ADDRESS,116201010008560001,"서울 관악구 봉천동 856-1"
cx_87c0206b921ff5ec,"넥서스빌2",서대문구,NO_MATCH,EXACT_JIBUN_ADDRESS,114101180002770069,"서울 서대문구 홍은동 277-69"
cx_87c0f990b1f2a29c,"근상프리즘",영등포구,NO_MATCH,EXACT_JIBUN_ADDRESS,115601080000290130,"서울 영등포구 영등포동7가 29-130"
cx_87c54bb7204b4000,"리안펠리체",영등포구,NO_MATCH,EXACT_JIBUN_ADDRESS,115601090000450008,"서울 영등포구 영등포동8가 45-8"
cx_87d12131ebc25cce,"한신동성",노원구,NO_MATCH,EXACT_JIBUN_ADDRESS,113501040002560005,"서울 노원구 하계동 256-5"
cx_87eb301ed093477b,"홍은그린",서대문구,NO_MATCH,EXACT_JIBUN_ADDRESS,114101180002740099,"서울 서대문구 홍은동 274-99"
cx_87eb3b5c62293d09,"송파파인타운4단지",송파구,NO_MATCH,EXACT_PARCEL,117101090008370000,"서울 송파구 장지동 837"
cx_87ed66ae68fe826f,"space(920-5)",강서구,NO_MATCH,EXACT_JIBUN_ADDRESS,115001030009200005,"서울 강서구 화곡동 920-5"
cx_87f0faa9da007f0d,"마곡센트레빌",강서구,NO_MATCH,EXACT_PARCEL,115001090009060000,"서울 강서구 방화동 906"
cx_87f76cc489228523,"디오엠프리미어",서초구,NO_MATCH,EXACT_JIBUN_ADDRESS,116501010008080003,"서울 서초구 방배동 808-3"
cx_87f8ef853089699c,"대우아이빌명문가(891-23)",강남구,NO_MATCH,EXACT_JIBUN_ADDRESS,116801060008910023,"서울 강남구 대치동 891-23"
cx_88072ff71c59bf7b,"두원",서초구,NO_MATCH,EXACT_JIBUN_ADDRESS,116501010004730001,"서울 서초구 방배동 473-1"
cx_88124e4144a35742,"경남",광진구,NO_MATCH,EXACT_PARCEL,112151050006410000,"서울 광진구 자양동 641"
cx_8812c467a8143071,"염창3차보람",강서구,NO_MATCH,EXACT_PARCEL,115001010003010000,"서울 강서구 염창동 301"
cx_8814712655699d15,"신길자이",영등포구,NO_MATCH,EXACT_PARCEL,115601320049380000,"서울 영등포구 신길동 4938"
cx_881db7a2e4247f0a,"관악월드메르디앙",관악구,NO_MATCH,EXACT_PARCEL,116201010017240000,"서울 관악구 봉천동 1724"
cx_882870aa1a82b6d2,"엘림",마포구,NO_MATCH,EXACT_JIBUN_ADDRESS,114401200004530014,"서울 마포구 서교동 453-14"
cx_882ded5f710b57f9,"다청림라인씨티",관악구,NO_MATCH,EXACT_JIBUN_ADDRESS,116201030006020017,"서울 관악구 남현동 602-17"
cx_8841135ace00d5bf,"반포힐스",서초구,NO_MATCH,EXACT_JIBUN_ADDRESS,116501070000500006,"서울 서초구 반포동 50-6"
cx_884181dd5db753e9,"상신",양천구,NO_MATCH,EXACT_JIBUN_ADDRESS,114701030004390025,"서울 양천구 신월동 439-25"
cx_88419b467fb3ef6c,"한강쌍용",동작구,NO_MATCH,EXACT_PARCEL,115901040001500000,"서울 동작구 본동 150"
cx_885aaee62f6dc8aa,"탑스빌",종로구,NO_MATCH,EXACT_JIBUN_ADDRESS,111101750001780076,"서울 종로구 숭인동 178-76"
cx_88652170e222013e,"은하수",강서구,NO_MATCH,EXACT_JIBUN_ADDRESS,115001030010140012,"서울 강서구 화곡동 1014-12"
cx_8876c98bb6306cc0,"노들",용산구,NO_MATCH,EXACT_JIBUN_ADDRESS,111701290003020045,"서울 용산구 이촌동 302-45"
cx_887ea878c9adebf3,"은하센트리움",강서구,NO_MATCH,EXACT_JIBUN_ADDRESS,115001030008940009,"서울 강서구 화곡동 894-9"
cx_8880b899300940ac,"경일",송파구,NO_MATCH,EXACT_JIBUN_ADDRESS,117101040001390004,"서울 송파구 송파동 139-4"
cx_888198d19d09304a,"2차한양아파트",송파구,NO_MATCH,EXACT_PARCEL,117101040001510000,"서울 송파구 송파동 151"
cx_888496a3d1bee377,"현대코아아파트",강동구,NO_MATCH,EXACT_PARCEL,117401090005650000,"서울 강동구 천호동 565"
cx_888dafcd218c8b9d,"광남캐스빌105동",강동구,NO_MATCH,EXACT_JIBUN_ADDRESS,117401060004350004,"서울 강동구 둔촌동 435-4"
cx_8897abe9d556aa88,"해태보라매타워",동작구,NO_MATCH,EXACT_PARCEL,115901090007080000,"서울 동작구 신대방동 708"
cx_88a13617ee02c0ce,"(185-5)",송파구,NO_MATCH,EXACT_JIBUN_ADDRESS,117101110001850005,"서울 송파구 방이동 185-5"
cx_88a1430a77a6a1ff,"신대림아파트",노원구,NO_MATCH,EXACT_JIBUN_ADDRESS,113501030003790009,"서울 노원구 공릉동 379-9"
cx_88a3417eb0934173,"동아그린",용산구,NO_MATCH,EXACT_PARCEL,111701290004110000,"서울 용산구 이촌동 411"
cx_88a4b6d712a2a6f5,"내일쎄닛빌",강동구,NO_MATCH,EXACT_JIBUN_ADDRESS,117401070004660003,"서울 강동구 암사동 466-3"
cx_88aaec7b173225f8,"골드타워",동작구,NO_MATCH,EXACT_JIBUN_ADDRESS,115901090003510005,"서울 동작구 신대방동 351-5"
cx_88b5070e95078556,"중앙하이츠",서초구,NO_MATCH,EXACT_JIBUN_ADDRESS,116501060000710017,"서울 서초구 잠원동 71-17"
cx_88b824022031eaab,"우방아파트",노원구,NO_MATCH,EXACT_PARCEL,113501030001080000,"서울 노원구 공릉동 108"
cx_88bea7079bf6cd9f,"청솔(시영7)",노원구,NO_MATCH,EXACT_PARCEL,113501040002740000,"서울 노원구 하계동 274"
cx_88c008d86db565f1,"이화101동",성동구,NO_MATCH,EXACT_JIBUN_ADDRESS,112001150003200002,"서울 성동구 성수동2가 320-2"
cx_88cae6c583ac48ea,"태천아파트",강동구,NO_MATCH,EXACT_JIBUN_ADDRESS,117401090000350012,"서울 강동구 천호동 35-12"
cx_88cc0032289068f2,"e편한세상송파파크센트럴",송파구,NO_MATCH,EXACT_PARCEL,117101130006960000,"서울 송파구 거여동 696"
cx_88d05e29df26a0d6,"포레나노원",노원구,NO_MATCH,EXACT_PARCEL,113501050006800000,"서울 노원구 상계동 680"
cx_88d0c07de50b859b,"dmc파인시티자이",은평구,NO_MATCH,EXACT_PARCEL,113801010004310000,"서울 은평구 수색동 431"
cx_88dc322ff5ca652c,"dmc마포청구아파트",마포구,NO_MATCH,EXACT_PARCEL,114401260003900000,"서울 마포구 중동 390"
cx_88e9f7a986bcbe4d,"미래하이츠",구로구,NO_MATCH,EXACT_JIBUN_ADDRESS,115301030001370007,"서울 구로구 가리봉동 137-7"
cx_88eacc7758670136,"인우(281-215)",은평구,NO_MATCH,NO_MATCH,113801040002810215,"서울 은평구 갈현동 281-215"
cx_88ede999f3febf59,"행당두산위브",성동구,NO_MATCH,EXACT_PARCEL,112001070003750000,"서울 성동구 행당동 375"
cx_88ef41da540aea55,"유한베스트빌",은평구,NO_MATCH,EXACT_JIBUN_ADDRESS,113801090000110021,"서울 은평구 신사동 11-21"
cx_88f3dfc7503b3443,"동일아파트",양천구,NO_MATCH,EXACT_JIBUN_ADDRESS,114701010009110009,"서울 양천구 신정동 911-9"
cx_88f5f1ec60da0807,"보라매두산위브",영등포구,NO_MATCH,EXACT_PARCEL,115601320044970000,"서울 영등포구 신길동 4497"
cx_88f668de8e90a8fe,"이문2차푸르지오",동대문구,NO_MATCH,EXACT_PARCEL,112301100004270000,"서울 동대문구 이문동 427"
cx_8905deb38bbab04a,"꿈의숲롯데캐슬",강북구,NO_MATCH,EXACT_PARCEL,113051010000040000,"서울 강북구 미아동 4"
cx_890ad040348bb01c,"마포푸르지오더센트럴",마포구,NO_MATCH,EXACT_JIBUN_ADDRESS,114401010002750002,"서울 마포구 아현동 275-2"
cx_890b8dafc98c78c9,"현대힐타운",양천구,NO_MATCH,EXACT_JIBUN_ADDRESS,114701010009630001,"서울 양천구 신정동 963-1"
cx_890ddc54c163bb3b,"우성6",광진구,NO_MATCH,EXACT_JIBUN_ADDRESS,112151050005150001,"서울 광진구 자양동 515-1"
cx_892ca7e9cacc8eb5,"상림마을8단지롯데캐슬(801~809동)bl1-2",은평구,NO_MATCH,EXACT_PARCEL,113801140000140000,"서울 은평구 진관동 14"
cx_892fa4713d8e9dcb,"양평",영등포구,NO_MATCH,EXACT_JIBUN_ADDRESS,115601260000300005,"서울 영등포구 양평동2가 30-5"
cx_89372c432fc0ace8,"신당푸르지오",중구,NO_MATCH,EXACT_PARCEL,111401620008500000,"서울 중구 신당동 850"
cx_893e0e001623dc24,"삼성하나로",강서구,NO_MATCH,EXACT_JIBUN_ADDRESS,115001010002480003,"서울 강서구 염창동 248-3"
cx_8940b55f7e3b11e2,"해오름시티",은평구,NO_MATCH,EXACT_JIBUN_ADDRESS,113801060000090040,"서울 은평구 대조동 9-40"
cx_8956059bcdf1e841,"우정에쉐르",성북구,NO_MATCH,EXACT_PARCEL,112901330010330000,"서울 성북구 정릉동 1033"
cx_896e7f6076a15206,"창동2차현대",도봉구,NO_MATCH,EXACT_PARCEL,113201070008150000,"서울 도봉구 창동 815"
cx_897ec50f031d87b6,"한림타운",강서구,NO_MATCH,EXACT_JIBUN_ADDRESS,115001040001920009,"서울 강서구 가양동 192-9"
cx_89807c9d57de75aa,"선유도삼성홈타운",영등포구,NO_MATCH,EXACT_PARCEL,115601300001010000,"서울 영등포구 양평동6가 101"
cx_8982479b7d955626,"경남논현",강남구,NO_MATCH,MULTI_RECORD_SAME_PARCEL,116801080002740000,"서울 강남구 논현동 274"
cx_89828bedb8ebcc28,"엘에스타워",송파구,NO_MATCH,EXACT_JIBUN_ADDRESS,117101060000070016,"서울 송파구 삼전동 7-16"
cx_89989eeb66010d9c,"삼익세라믹아파트",도봉구,NO_MATCH,EXACT_PARCEL,113201060002740000,"서울 도봉구 방학동 274"
cx_899fe6347a411bb8,"탑건위너빌",양천구,NO_MATCH,EXACT_JIBUN_ADDRESS,114701030004180004,"서울 양천구 신월동 418-4"
cx_89a4985fadb6c3c9,"신촌포스빌",마포구,NO_MATCH,EXACT_JIBUN_ADDRESS,114401100000010003,"서울 마포구 노고산동 1-3"
cx_89a644cee5047fd5,"보라매스카이아파트(1739)",관악구,NO_MATCH,EXACT_PARCEL,116201020017390000,"서울 관악구 신림동 1739"
cx_89af336c05de366d,"(791-62)",구로구,NO_MATCH,EXACT_JIBUN_ADDRESS,115301020007910062,"서울 구로구 구로동 791-62"
cx_89b7874c4cf47558,"광남캐스빌아파트101동",강동구,NO_MATCH,EXACT_JIBUN_ADDRESS,117401050003960001,"서울 강동구 길동 396-1"
cx_89bba04ab1f95d9f,"미랜드퀸아파트102동",강동구,NO_MATCH,EXACT_JIBUN_ADDRESS,117401060000310001,"서울 강동구 둔촌동 31-1"
cx_89da339171219852,"효산센터빌",중랑구,NO_MATCH,EXACT_PARCEL,112601040003910000,"서울 중랑구 묵동 391"
cx_89f06d0171c1f40f,"진명",중랑구,NO_MATCH,EXACT_JIBUN_ADDRESS,112601050004600026,"서울 중랑구 망우동 460-26"
cx_89f6e94e70ddf19e,"태경맨션",은평구,NO_MATCH,EXACT_JIBUN_ADDRESS,113801080000810017,"서울 은평구 역촌동 81-17"
cx_89fd3c00c4016340,"빌드아르떼apt",강북구,NO_MATCH,EXACT_JIBUN_ADDRESS,113051020004320006,"서울 강북구 번동 432-6"
cx_89fe647cca17a910,"월드",중랑구,NO_MATCH,EXACT_JIBUN_ADDRESS,112601060004930158,"서울 중랑구 신내동 493-158"
cx_89fef50a5d22c0b7,"이너스101동",강서구,NO_MATCH,EXACT_JIBUN_ADDRESS,115001060006880005,"서울 강서구 내발산동 688-5"
cx_8a00b02b031e2198,"우성1차",동작구,NO_MATCH,MULTI_RECORD_SAME_PARCEL,115901090005650000,"서울 동작구 신대방동 565"
cx_8a01da64ea4f0b30,"유원펠리체(924-17)",강서구,NO_MATCH,EXACT_JIBUN_ADDRESS,115001030009240017,"서울 강서구 화곡동 924-17"
cx_8a0481f5bc1175fd,"보라매삼성",관악구,NO_MATCH,EXACT_JIBUN_ADDRESS,116201010016980001,"서울 관악구 봉천동 1698-1"
cx_8a06f156c3456d94,"강동리엔파크14단지",강동구,NO_MATCH,EXACT_PARCEL,117401030000280000,"서울 강동구 상일동 28"
cx_8a08af55e86c1e69,"항동중흥에스클래스베르데카운티",구로구,NO_MATCH,EXACT_PARCEL,115301120002360000,"서울 구로구 항동 236"
cx_8a1bfa0f06e5f2f5,"다성씨티아파트(340-6)",강동구,NO_MATCH,EXACT_JIBUN_ADDRESS,117401090003400006,"서울 강동구 천호동 340-6"
cx_8a243db7fb464714,"리치스",서초구,NO_MATCH,EXACT_JIBUN_ADDRESS,116501020003910012,"서울 서초구 양재동 391-12"
cx_8a2c509dff616629,"현대i-park",양천구,NO_MATCH,EXACT_PARCEL,114701020009400000,"서울 양천구 목동 940"
cx_8a3e5538e8a856f1,"면목동금호어울림아파트",중랑구,NO_MATCH,EXACT_PARCEL,112601010015280000,"서울 중랑구 면목동 1528"
cx_8a45f5ca7c72a69c,"성광(343-38)",강서구,NO_MATCH,EXACT_JIBUN_ADDRESS,115001030003430038,"서울 강서구 화곡동 343-38"
cx_8a46581c4dcf2180,"그린트리",광진구,NO_MATCH,EXACT_JIBUN_ADDRESS,112151010001300001,"서울 광진구 중곡동 130-1"
cx_8a481e4798080004,"제일아파트",서대문구,NO_MATCH,EXACT_PARCEL,114101110004700000,"서울 서대문구 홍제동 470"
cx_8a48771bff4ca694,"현대연예인",구로구,NO_MATCH,EXACT_JIBUN_ADDRESS,115301020006850070,"서울 구로구 구로동 685-70"
cx_8a49f78fd0f696b2,"청담대우멤버스카운티11차",강남구,NO_MATCH,EXACT_JIBUN_ADDRESS,116801040001220015,"서울 강남구 청담동 122-15"
cx_8a5475652c5451cf,"(744-48)",구로구,NO_MATCH,EXACT_JIBUN_ADDRESS,115301020007440048,"서울 구로구 구로동 744-48"
cx_8a549982abf30caf,"트레벨",강남구,NO_MATCH,EXACT_JIBUN_ADDRESS,116801010007660008,"서울 강남구 역삼동 766-8"
cx_8a5652f0112ae5ec,"다성이즈빌클래식",송파구,NO_MATCH,MULTI_RECORD_SAME_PARCEL,117101120000750000,"서울 송파구 오금동 75"
cx_8a62082386c4d035,"문래대림",영등포구,NO_MATCH,EXACT_PARCEL,115601230000010000,"서울 영등포구 문래동5가 1"
cx_8a631330fda1263d,"월드빌(120-5)",은평구,NO_MATCH,EXACT_JIBUN_ADDRESS,113801070001200005,"서울 은평구 응암동 120-5"
cx_8a6687df4120f8b1,"거장메카(116-22)",은평구,NO_MATCH,EXACT_JIBUN_ADDRESS,113801070001160022,"서울 은평구 응암동 116-22"
cx_8a7bb85fc0ccbc65,"길음역롯데캐슬트윈골드",성북구,NO_MATCH,NO_MATCH,112901340005420001,"서울 성북구 길음동 542-1"
cx_8a7d785135fb73ec,"화곡동복지다동",강서구,NO_MATCH,EXACT_JIBUN_ADDRESS,115001030003540052,"서울 강서구 화곡동 354-52"
cx_8a7f4dcaaf69e3c9,"마곡엠벨리(15단지)",강서구,NO_MATCH,EXACT_PARCEL,115001050007510000,"서울 강서구 마곡동 751"
cx_8a878e4fad93665d,"대의아름누리",강동구,NO_MATCH,EXACT_PARCEL,117401070006710000,"서울 강동구 암사동 671"
cx_8a96b35d65617e8f,"아인하우스",용산구,NO_MATCH,EXACT_JIBUN_ADDRESS,111701190000050042,"서울 용산구 효창동 5-42"
cx_8a981fdd1a1ce1df,"네르비",은평구,NO_MATCH,EXACT_JIBUN_ADDRESS,113801100001610008,"서울 은평구 증산동 161-8"
cx_8aaaccafe2c378a7,"정원",강북구,NO_MATCH,EXACT_JIBUN_ADDRESS,113051030002820020,"서울 강북구 수유동 282-20"
cx_8aae8c56cdfa8b54,"임선웰빙아파트",용산구,NO_MATCH,EXACT_JIBUN_ADDRESS,111701190000050072,"서울 용산구 효창동 5-72"
cx_8ab1c01a62943dfa,"(744-5)",구로구,NO_MATCH,EXACT_JIBUN_ADDRESS,115301020007440005,"서울 구로구 구로동 744-5"
cx_8ab5930de568a6e6,"남해오네뜨",동작구,NO_MATCH,EXACT_PARCEL,115901070011430000,"서울 동작구 사당동 1143"
cx_8abc61ddfa6ab666,"한오",강서구,NO_MATCH,EXACT_JIBUN_ADDRESS,115001090005470011,"서울 강서구 방화동 547-11"
cx_8ac55a9201d91635,"그랑",광진구,NO_MATCH,EXACT_JIBUN_ADDRESS,112151010000510031,"서울 광진구 중곡동 51-31"
cx_8ac5de9ab3749897,"한양립스",강동구,NO_MATCH,EXACT_JIBUN_ADDRESS,117401080002440005,"서울 강동구 성내동 244-5"
cx_8ac64c9e2d0e16f8,"한양",관악구,NO_MATCH,EXACT_JIBUN_ADDRESS,116201020015630082,"서울 관악구 신림동 1563-82"
cx_8ac6f41b9378790c,"극동늘푸른",중랑구,NO_MATCH,EXACT_PARCEL,112601040003790000,"서울 중랑구 묵동 379"
cx_8ac75b65067f4126,"전농동삼성래미안",동대문구,NO_MATCH,EXACT_PARCEL,112301040001550000,"서울 동대문구 전농동 155"
cx_8acd7da34acbc244,"갑을아파트",종로구,NO_MATCH,EXACT_PARCEL,111101830005950000,"서울 종로구 평창동 595"
cx_8ae75656004d18c2,"월드쉐르빌",강남구,NO_MATCH,EXACT_JIBUN_ADDRESS,116801080001380009,"서울 강남구 논현동 138-9"
cx_8ae86a94d0d12d3c,"훼미리",양천구,NO_MATCH,EXACT_JIBUN_ADDRESS,114701030004400009,"서울 양천구 신월동 440-9"
cx_8aead20f5b8949bb,"신목",양천구,NO_MATCH,EXACT_JIBUN_ADDRESS,114701020007640004,"서울 양천구 목동 764-4"
cx_8af2fdf660afea45,"거여5단지",송파구,NO_MATCH,EXACT_PARCEL,117101130002940000,"서울 송파구 거여동 294"
cx_8af534cf62d0673e,"우성",동작구,NO_MATCH,EXACT_PARCEL,115901010003230000,"서울 동작구 노량진동 323"
cx_8afa2b7407bdc91f,"신성둔촌미소지움1",강동구,NO_MATCH,EXACT_PARCEL,117401060005460000,"서울 강동구 둔촌동 546"
cx_8b0b4c1dff27960d,"현대빌라(740-27)",구로구,NO_MATCH,EXACT_JIBUN_ADDRESS,115301020007400027,"서울 구로구 구로동 740-27"
cx_8b0c787dc125a94f,"미성",구로구,NO_MATCH,EXACT_PARCEL,115301010002900000,"서울 구로구 신도림동 290"
cx_8b1e6314a1df16bd,"동양브로미(102동)a",양천구,NO_MATCH,EXACT_JIBUN_ADDRESS,114701030004920024,"서울 양천구 신월동 492-24"
cx_8b1f919d56068386,"금홍해오름",송파구,NO_MATCH,EXACT_JIBUN_ADDRESS,117101070001730004,"서울 송파구 가락동 173-4"
cx_8b29330a4abfa65d,"보라매센트럴타운",동작구,NO_MATCH,EXACT_PARCEL,115901080005220000,"서울 동작구 대방동 522"
cx_8b29d2ee20700e9e,"연희궁",서대문구,NO_MATCH,EXACT_JIBUN_ADDRESS,114101170001960001,"서울 서대문구 연희동 196-1"
cx_8b2f245191ac8672,"성내동삼성아파트",강동구,NO_MATCH,EXACT_PARCEL,117401080005900000,"서울 강동구 성내동 590"
cx_8b33877a9bdfa301,"ns파인트리",송파구,NO_MATCH,EXACT_JIBUN_ADDRESS,117101010001830012,"서울 송파구 잠실동 183-12"
cx_8b4103a52ec26416,"파크에비뉴",강북구,NO_MATCH,EXACT_JIBUN_ADDRESS,113051020004460057,"서울 강북구 번동 446-57"
cx_8b416a462615a776,"에비뉴청계ⅰ",종로구,NO_MATCH,EXACT_JIBUN_ADDRESS,111101750014190002,"서울 종로구 숭인동 1419-2"
cx_8b435ee71d6ad0ff,"푸르빌2차",관악구,NO_MATCH,EXACT_JIBUN_ADDRESS,116201010016180024,"서울 관악구 봉천동 1618-24"
cx_8b43c92a140608c8,"브라운스톤당산",영등포구,NO_MATCH,EXACT_PARCEL,115601140000980000,"서울 영등포구 당산동4가 98"
cx_8b45a63a26382f7c,"장원",성북구,NO_MATCH,EXACT_JIBUN_ADDRESS,112901330005080201,"서울 성북구 정릉동 508-201"
cx_8b5f4a8056bbd4ad,"정원쉐르빌",마포구,NO_MATCH,EXACT_JIBUN_ADDRESS,114401220003710003,"서울 마포구 합정동 371-3"
cx_8b6acb1ea9470a2b,"청담아르지움",강남구,NO_MATCH,EXACT_PARCEL,116801040000320000,"서울 강남구 청담동 32"
cx_8b72abe4e5a6a201,"우장산청솔(992-11)",강서구,NO_MATCH,EXACT_JIBUN_ADDRESS,115001030009920011,"서울 강서구 화곡동 992-11"
cx_8b8f8c5a7f92883f,"동익",강남구,NO_MATCH,EXACT_PARCEL,116801150007380000,"서울 강남구 수서동 738"
cx_8b90e5ad2035d009,"쎄비앙101동",강남구,NO_MATCH,MULTI_RECORD_SAME_PARCEL,116801010007780000,"서울 강남구 역삼동 778"
cx_8b96a42106ac9002,"삼정그린뷰",양천구,NO_MATCH,EXACT_PARCEL,114701030010410000,"서울 양천구 신월동 1041"
cx_8b98c49c4a738c1d,"효창맨션",용산구,NO_MATCH,EXACT_JIBUN_ADDRESS,111701190000050495,"서울 용산구 효창동 5-495"
cx_8b99a482478f6a77,"상도1차갑을명가",동작구,NO_MATCH,EXACT_PARCEL,115901020004580000,"서울 동작구 상도동 458"
cx_8ba04d42869a3009,"해오름",은평구,NO_MATCH,EXACT_JIBUN_ADDRESS,113801040003270040,"서울 은평구 갈현동 327-40"
cx_8ba2ff0a26c6150f,"진넥스빌2",강남구,NO_MATCH,EXACT_JIBUN_ADDRESS,116801010007060024,"서울 강남구 역삼동 706-24"
cx_8ba3b111421f63df,"상지리츠빌(7)",서초구,NO_MATCH,EXACT_JIBUN_ADDRESS,116501080014910001,"서울 서초구 서초동 1491-1"
cx_8ba8c4d3374b2fe1,"수영힐(나동)",구로구,NO_MATCH,EXACT_JIBUN_ADDRESS,115301070000630015,"서울 구로구 개봉동 63-15"
cx_8baa3e8e3239a020,"로즈힐파크(b동)",송파구,NO_MATCH,EXACT_JIBUN_ADDRESS,117101070001110012,"서울 송파구 가락동 111-12"
cx_8bb509add0d29ba2,"카후나빌",관악구,NO_MATCH,EXACT_JIBUN_ADDRESS,116201010000410258,"서울 관악구 봉천동 41-258"
cx_8bb520156d1987fc,"상부파크팰리스",양천구,NO_MATCH,EXACT_JIBUN_ADDRESS,114701020005580006,"서울 양천구 목동 558-6"
cx_8bb7bbdd33b33f30,"금강kcc",송파구,NO_MATCH,EXACT_PARCEL,117101040001640000,"서울 송파구 송파동 164"
cx_8bb8df3562c3dd86,"고덕아르테온",강동구,NO_MATCH,EXACT_PARCEL,117401030005190000,"서울 강동구 상일동 519"
cx_8bdb3e521bf60b0d,"현대꿈에그린",강북구,NO_MATCH,EXACT_JIBUN_ADDRESS,113051020002710002,"서울 강북구 번동 271-2"
cx_8bdcef9094de436f,"이수스위첸포레힐즈",동작구,NO_MATCH,MULTI_RECORD_SAME_PARCEL,115901060001020000,"서울 동작구 동작동 102"
cx_8bdebe49f1ee70cc,"신월동로마파빌리온",양천구,NO_MATCH,EXACT_JIBUN_ADDRESS,114701030005380001,"서울 양천구 신월동 538-1"
cx_8bf29dacd14c777e,"dmc상암센트럴파크1단지",마포구,NO_MATCH,EXACT_PARCEL,114401270016300000,"서울 마포구 상암동 1630"
cx_8bf2a9c0ead991dd,"강남태영데시앙루브",서초구,NO_MATCH,EXACT_JIBUN_ADDRESS,116501080013030035,"서울 서초구 서초동 1303-35"
cx_8bf458cca9952a58,"상지리츠빌2차",서초구,NO_MATCH,EXACT_JIBUN_ADDRESS,116501070000990003,"서울 서초구 반포동 99-3"
cx_8bfbd7638e8bec95,"종인아네스트",구로구,NO_MATCH,MULTI_RECORD_SAME_PARCEL,115301020001100000,"서울 구로구 구로동 110"
cx_8c0c199b70001c62,"태경(381-7)",강서구,NO_MATCH,EXACT_JIBUN_ADDRESS,115001030003810007,"서울 강서구 화곡동 381-7"
cx_8c13b7ffd368205b,"청솔아파트(a동)",동대문구,NO_MATCH,EXACT_JIBUN_ADDRESS,112301060003720009,"서울 동대문구 장안동 372-9"
cx_8c323891331f0fad,"진흥",서대문구,NO_MATCH,EXACT_PARCEL,114101180004590000,"서울 서대문구 홍은동 459"
cx_8c33caffd00837d7,"(747-52)",구로구,NO_MATCH,EXACT_JIBUN_ADDRESS,115301020007470052,"서울 구로구 구로동 747-52"
cx_8c47277ed4b728f5,"갈현건영",은평구,NO_MATCH,EXACT_JIBUN_ADDRESS,113801040005410001,"서울 은평구 갈현동 541-1"
cx_8c48a7be92bcd2a1,"현대아이리스1",강남구,NO_MATCH,EXACT_JIBUN_ADDRESS,116801180009440005,"서울 강남구 도곡동 944-5"
cx_8c48ef68f967c83a,"성주아트빌",강동구,NO_MATCH,EXACT_JIBUN_ADDRESS,117401080002030005,"서울 강동구 성내동 203-5"
cx_8c55d6d02e698624,"선영베스트",서초구,NO_MATCH,EXACT_JIBUN_ADDRESS,116501010008490024,"서울 서초구 방배동 849-24"
cx_8c56742d92f60b54,"해동훼미리",중랑구,NO_MATCH,EXACT_JIBUN_ADDRESS,112601020002100002,"서울 중랑구 상봉동 210-2"
cx_8c665273cbaf9750,"장복엘리트타운",서초구,NO_MATCH,EXACT_JIBUN_ADDRESS,116501080015170001,"서울 서초구 서초동 1517-1"
cx_8c681f7e68664010,"(807-26)",구로구,NO_MATCH,EXACT_JIBUN_ADDRESS,115301020008070026,"서울 구로구 구로동 807-26"
cx_8c7d4114777ffd82,"도곡루아르",강남구,NO_MATCH,EXACT_JIBUN_ADDRESS,116801180009410001,"서울 강남구 도곡동 941-1"
cx_8c8553d128594d80,"한강성원",광진구,NO_MATCH,EXACT_JIBUN_ADDRESS,112151050008310001,"서울 광진구 자양동 831-1"
cx_8c909cc026e8f9bb,"르메이에르1차(344-1)",동대문구,NO_MATCH,EXACT_JIBUN_ADDRESS,112301060003440001,"서울 동대문구 장안동 344-1"
cx_8c90a17495c1174b,"동산빌라",구로구,NO_MATCH,EXACT_JIBUN_ADDRESS,115301020007910011,"서울 구로구 구로동 791-11"
cx_8c91ba59bf529886,"동림아파트",서대문구,NO_MATCH,EXACT_JIBUN_ADDRESS,114101190000050019,"서울 서대문구 북가좌동 5-19"
cx_8c9a9efbad2bb5ae,"예림아너스",마포구,NO_MATCH,EXACT_JIBUN_ADDRESS,114401250000130021,"서울 마포구 성산동 13-21"
cx_8c9dfa2a2f798508,"신주",서초구,NO_MATCH,EXACT_JIBUN_ADDRESS,116501010004490003,"서울 서초구 방배동 449-3"
cx_8ca62ca5eeb42e0e,"마포자이",마포구,NO_MATCH,EXACT_PARCEL,114401090005210000,"서울 마포구 염리동 521"
cx_8cae0bd1892dc84d,"삼성더파크뷰",강남구,NO_MATCH,EXACT_JIBUN_ADDRESS,116801050001130017,"서울 강남구 삼성동 113-17"
cx_8cc11ddea0891e2b,"우리파크아파트",마포구,NO_MATCH,EXACT_JIBUN_ADDRESS,114401090000100054,"서울 마포구 염리동 10-54"
cx_8cc55e7c24a38d18,"길음뉴타운3단지푸르지오",성북구,NO_MATCH,EXACT_JIBUN_ADDRESS,112901340012800001,"서울 성북구 길음동 1280-1"
cx_8cd51d6b8d83d585,"대영무지개1",송파구,NO_MATCH,EXACT_JIBUN_ADDRESS,117101130000090006,"서울 송파구 거여동 9-6"
cx_8cdbfcec105e8d8e,"한솔아트빌라",금천구,NO_MATCH,EXACT_JIBUN_ADDRESS,115451020009070021,"서울 금천구 독산동 907-21"
cx_8cdda6b1e538ec3d,"상도푸르지오클라베뉴",동작구,NO_MATCH,EXACT_PARCEL,115901020009060000,"서울 동작구 상도동 906"
cx_8ce1195b4cec1330,"신호",서초구,NO_MATCH,NO_MATCH,116501010005370009,"서울 서초구 방배동 537-9"
cx_8cf759cb52ac181b,"트리니엘",송파구,NO_MATCH,EXACT_PARCEL,117101110004540000,"서울 송파구 방이동 454"
cx_8d11133fa2d96cf6,"설록",서초구,NO_MATCH,EXACT_JIBUN_ADDRESS,116501010008150022,"서울 서초구 방배동 815-22"
cx_8d16004bfd89e567,"영풍",송파구,NO_MATCH,EXACT_JIBUN_ADDRESS,117101120001330016,"서울 송파구 오금동 133-16"
cx_8d1ee35dee8777b5,"엔에스",은평구,NO_MATCH,EXACT_JIBUN_ADDRESS,113801080000460029,"서울 은평구 역촌동 46-29"
cx_8d2aa6658019e3f0,"청담대우멤버스카운티7차",강남구,NO_MATCH,EXACT_JIBUN_ADDRESS,116801040001100003,"서울 강남구 청담동 110-3"
cx_8d2d3e2777af0514,"노블레스빌3",마포구,NO_MATCH,EXACT_JIBUN_ADDRESS,114401240002490001,"서울 마포구 연남동 249-1"
cx_8d33ad94ac96930c,"(748-32)",구로구,NO_MATCH,EXACT_JIBUN_ADDRESS,115301020007480032,"서울 구로구 구로동 748-32"
cx_8d35e3c7f5e24ba9,"영등포푸르지오",영등포구,NO_MATCH,EXACT_PARCEL,115601010006470000,"서울 영등포구 영등포동 647"
cx_8d39549281eb12d1,"dk포시즌",도봉구,NO_MATCH,EXACT_JIBUN_ADDRESS,113201070004420033,"서울 도봉구 창동 442-33"
cx_8d399c8febd87e68,"불광롯데캐슬",은평구,NO_MATCH,EXACT_PARCEL,113801030006450000,"서울 은평구 불광동 645"
cx_8d3cf5be57f897b6,"현대쉴러하우스",서초구,NO_MATCH,EXACT_JIBUN_ADDRESS,116501010008530019,"서울 서초구 방배동 853-19"
cx_8d41e3f614971b3d,"문래두산위브",영등포구,NO_MATCH,EXACT_PARCEL,115601230000140000,"서울 영등포구 문래동5가 14"
cx_8d43a94c63a77147,"현대홈타운아파트",구로구,NO_MATCH,EXACT_PARCEL,115301010006410000,"서울 구로구 신도림동 641"
cx_8d4933cbc856497a,"서광",노원구,NO_MATCH,EXACT_PARCEL,113501020009220000,"서울 노원구 월계동 922"
cx_8d4b2406f7735ee1,"리더스빌",강남구,NO_MATCH,EXACT_JIBUN_ADDRESS,116801080001920001,"서울 강남구 논현동 192-1"
cx_8d54f3a0e1d47f13,"(771-28)",구로구,NO_MATCH,EXACT_JIBUN_ADDRESS,115301020007710028,"서울 구로구 구로동 771-28"
cx_8d5736af564e19b7,"한스빌(836)",강남구,NO_MATCH,MULTI_RECORD_SAME_PARCEL,116801010008360000,"서울 강남구 역삼동 836"
cx_8d660f91f7172735,"롯데2",강서구,NO_MATCH,EXACT_PARCEL,115001060007290000,"서울 강서구 내발산동 729"
cx_8d6c9a6e8c3d3978,"래미안영등포프레비뉴",영등포구,NO_MATCH,EXACT_PARCEL,115601320049450000,"서울 영등포구 신길동 4945"
cx_8d72d45d0b5ec18e,"sm이로빌5차",동대문구,NO_MATCH,EXACT_JIBUN_ADDRESS,112301060003120007,"서울 동대문구 장안동 312-7"
cx_8d77ea51f8add2ef,"양재한신휴플러스",서초구,NO_MATCH,EXACT_JIBUN_ADDRESS,116501020000120010,"서울 서초구 양재동 12-10"
cx_8d7e8d9687370536,"여의도리미티오148",영등포구,NO_MATCH,EXACT_PARCEL,115601030001390000,"서울 영등포구 영등포동2가 139"
cx_8d91a094804e0770,"청학아파트에이동,비동,씨동",강남구,NO_MATCH,EXACT_JIBUN_ADDRESS,116801080000620003,"서울 강남구 논현동 62-3"
cx_8d928962d27b9d61,"개포우성1",강남구,NO_MATCH,EXACT_PARCEL,116801060005030000,"서울 강남구 대치동 503"
cx_8d9ad19602d7ebad,"천우명덕",강서구,NO_MATCH,EXACT_JIBUN_ADDRESS,115001060006800005,"서울 강서구 내발산동 680-5"
cx_8d9b2072c851c0e3,"(1544-0)",중구,NO_MATCH,EXACT_PARCEL,111401650015440000,"서울 중구 황학동 1544"
cx_8d9f5c89a76fb658,"미켈란호수가",송파구,NO_MATCH,EXACT_JIBUN_ADDRESS,117101050001580005,"서울 송파구 석촌동 158-5"
cx_8dad8e23bb07e1c3,"신도림태영타운",구로구,NO_MATCH,EXACT_PARCEL,115301020012670000,"서울 구로구 구로동 1267"
cx_8daf1ca6e1869d9e,"우공팰리스101동",강서구,NO_MATCH,EXACT_JIBUN_ADDRESS,115001030010260027,"서울 강서구 화곡동 1026-27"
cx_8db38a97b20422c1,"벨러스빌",강남구,NO_MATCH,EXACT_JIBUN_ADDRESS,116801080000470011,"서울 강남구 논현동 47-11"
cx_8dba6c01bea3d3c1,"신동아5",동작구,NO_MATCH,EXACT_PARCEL,115901070011370000,"서울 동작구 사당동 1137"
cx_8dda6b3e04e871ed,"태양아파트",은평구,NO_MATCH,EXACT_JIBUN_ADDRESS,113801030000160061,"서울 은평구 불광동 16-61"
cx_8de227365a0b2384,"세림",강서구,NO_MATCH,EXACT_JIBUN_ADDRESS,115001030008990002,"서울 강서구 화곡동 899-2"
cx_8df3130390d3617c,"한신휴플러스",동작구,NO_MATCH,EXACT_PARCEL,115901040004870000,"서울 동작구 본동 487"
cx_8df408df57a46827,"한신오페라하우스2차",강남구,NO_MATCH,EXACT_JIBUN_ADDRESS,116801040000350048,"서울 강남구 청담동 35-48"
cx_8df4754e242e6be7,"도곡지웰카운티101동",강남구,NO_MATCH,EXACT_JIBUN_ADDRESS,116801180001990004,"서울 강남구 도곡동 199-4"
cx_8e082e008c1d62b6,"새롬(1164-12)",강남구,NO_MATCH,EXACT_JIBUN_ADDRESS,116801030011640012,"서울 강남구 개포동 1164-12"
cx_8e1fd5f972cae630,"태솔",중랑구,NO_MATCH,EXACT_JIBUN_ADDRESS,112601030003180081,"서울 중랑구 중화동 318-81"
cx_8e23b8c195efc65a,"우장산월드메르디앙",강서구,NO_MATCH,EXACT_PARCEL,115001060007340000,"서울 강서구 내발산동 734"
cx_8e24e909a7ea375c,"아남1",강동구,NO_MATCH,EXACT_PARCEL,117401020004860000,"서울 강동구 고덕동 486"
cx_8e32c28bd7d8ce52,"옥산그린타워",광진구,NO_MATCH,EXACT_JIBUN_ADDRESS,112151030005870064,"서울 광진구 구의동 587-64"
cx_8e3986135a753a60,"경남",서초구,NO_MATCH,NO_MATCH,116501010010280001,"서울 서초구 방배동 1028-1"
cx_8e3ba01f243de45a,"성원2",마포구,NO_MATCH,EXACT_PARCEL,114401230004890000,"서울 마포구 망원동 489"
cx_8e450f892ca3c5c4,"정릉스카이쌍용아파트",성북구,NO_MATCH,EXACT_PARCEL,112901330010140000,"서울 성북구 정릉동 1014"
cx_8e46301cdbc86cdd,"경일",서대문구,NO_MATCH,EXACT_JIBUN_ADDRESS,114101110003220079,"서울 서대문구 홍제동 322-79"
cx_8e4a951655e4cd0d,"브라운스톤창신",종로구,NO_MATCH,EXACT_JIBUN_ADDRESS,111101740000230076,"서울 종로구 창신동 23-76"
cx_8e4ef3d35ec4f3a4,"신대림신동아파밀리에",영등포구,NO_MATCH,EXACT_PARCEL,115601330011240000,"서울 영등포구 대림동 1124"
cx_8e6e700feb19650a,"한강그린2차",마포구,NO_MATCH,EXACT_JIBUN_ADDRESS,114401220004500011,"서울 마포구 합정동 450-11"
cx_8e6e840b03627ba3,"목동청구한신아파트",양천구,NO_MATCH,EXACT_PARCEL,114701020009290000,"서울 양천구 목동 929"
cx_8e6ef2fd9abbcf2c,"아울스타운",용산구,NO_MATCH,EXACT_JIBUN_ADDRESS,111701320000010044,"서울 용산구 동빙고동 1-44"
cx_8e709acac2fb156f,"더갤러리파크",강남구,NO_MATCH,EXACT_JIBUN_ADDRESS,116801040000540005,"서울 강남구 청담동 54-5"
cx_8e70bce29549bc9a,"서울대입구아이원(1560-61)",관악구,NO_MATCH,EXACT_JIBUN_ADDRESS,116201010015600061,"서울 관악구 봉천동 1560-61"
cx_8e73f38e617bb608,"에덴",은평구,NO_MATCH,EXACT_JIBUN_ADDRESS,113801030003290011,"서울 은평구 불광동 329-11"
cx_8e97d1dc4398c556,"대원칸타빌2",양천구,NO_MATCH,EXACT_PARCEL,114701020009410000,"서울 양천구 목동 941"
cx_8ec08cc22ecd8bb6,"예원아파트",구로구,NO_MATCH,EXACT_JIBUN_ADDRESS,115301020000430002,"서울 구로구 구로동 43-2"
cx_8ec222d39d168c05,"월계흥화브라운빌",노원구,NO_MATCH,EXACT_PARCEL,113501020009390000,"서울 노원구 월계동 939"
cx_8ec8a9d7ed06fc85,"한솔애리즈2차",강동구,NO_MATCH,EXACT_PARCEL,117401080005970000,"서울 강동구 성내동 597"
cx_8eca26b1ea4c703a,"임광",노원구,NO_MATCH,EXACT_PARCEL,113501050006940000,"서울 노원구 상계동 694"
cx_8ed6f9e425ab719a,"강변코아루",강서구,NO_MATCH,EXACT_PARCEL,115001010003030000,"서울 강서구 염창동 303"
cx_8ed732a602f963a7,"(791-21)태영빌라",구로구,NO_MATCH,EXACT_JIBUN_ADDRESS,115301020007910021,"서울 구로구 구로동 791-21"
cx_8edb7bd24337a2e3,"현대비젼21",강남구,NO_MATCH,EXACT_JIBUN_ADDRESS,116801180004670019,"서울 강남구 도곡동 467-19"
cx_8ee380df66e6a78f,"해청3차",서초구,NO_MATCH,EXACT_JIBUN_ADDRESS,116501020000150012,"서울 서초구 양재동 15-12"
cx_8ee4a9a617329d52,"홍제해성",서대문구,NO_MATCH,EXACT_PARCEL,114101110004660000,"서울 서대문구 홍제동 466"
cx_8ee8fff33ae9a80d,"목화수목원102동",구로구,NO_MATCH,EXACT_JIBUN_ADDRESS,115301080001080042,"서울 구로구 오류동 108-42"
cx_8ef688b515c37863,"우성3",광진구,NO_MATCH,EXACT_PARCEL,112151050005160000,"서울 광진구 자양동 516"
cx_8efac909a1f989a1,"예장동삼익",중구,NO_MATCH,EXACT_PARCEL,111401420000090000,"서울 중구 예장동 9"
cx_8efd63e7fff7f44c,"우성1",서초구,NO_MATCH,NO_MATCH,116501080013360000,"서울 서초구 서초동 1336"
cx_8f0e2bdcabeb1613,"잠실한솔",송파구,NO_MATCH,EXACT_PARCEL,117101050002850000,"서울 송파구 석촌동 285"
cx_8f0ec74488749196,"상암월드컵파크12단지",마포구,NO_MATCH,EXACT_PARCEL,114401270017430000,"서울 마포구 상암동 1743"
cx_8f3137db6ed67cdb,"여의도더리브스타일",영등포구,NO_MATCH,EXACT_JIBUN_ADDRESS,115601020000940002,"서울 영등포구 영등포동1가 94-2"
cx_8f3500667806e761,"세종",종로구,NO_MATCH,EXACT_PARCEL,111101170001000000,"서울 종로구 당주동 100"
cx_8f36f8cd846a986e,"목동리버힐",양천구,NO_MATCH,EXACT_JIBUN_ADDRESS,114701020005200011,"서울 양천구 목동 520-11"
cx_8f3763bc3385a896,"명성",은평구,NO_MATCH,EXACT_JIBUN_ADDRESS,113801040005210002,"서울 은평구 갈현동 521-2"
cx_8f384687cf73e32f,"월곡래미안루나밸리",성북구,NO_MATCH,EXACT_PARCEL,112901360002260000,"서울 성북구 하월곡동 226"
cx_8f39048153d0e91e,"청명에버아트1차",동대문구,NO_MATCH,EXACT_JIBUN_ADDRESS,112301060003820003,"서울 동대문구 장안동 382-3"
cx_8f3f41770fe19f8e,"영림",양천구,NO_MATCH,EXACT_JIBUN_ADDRESS,114701010009290026,"서울 양천구 신정동 929-26"
cx_8f423466c48f5c7f,"서초이에스에이3차",서초구,NO_MATCH,EXACT_JIBUN_ADDRESS,116501010010060001,"서울 서초구 방배동 1006-1"
cx_8f4d0f501c6c39ea,"아이에스빌리브",구로구,NO_MATCH,EXACT_PARCEL,115301100001410000,"서울 구로구 온수동 141"
cx_8f50048c73584198,"동일하이빌",도봉구,NO_MATCH,EXACT_JIBUN_ADDRESS,113201070006620103,"서울 도봉구 창동 662-103"
cx_8f6041f46de2299f,"원진아뜨리에",송파구,NO_MATCH,EXACT_JIBUN_ADDRESS,117101110001730001,"서울 송파구 방이동 173-1"
cx_8f6061753e942828,"임탑-a",강서구,NO_MATCH,EXACT_JIBUN_ADDRESS,115001030009150030,"서울 강서구 화곡동 915-30"
cx_8f6fa50c28fbb68e,"조은2차",서대문구,NO_MATCH,EXACT_JIBUN_ADDRESS,114101100000011836,"서울 서대문구 북아현동 1-1836"
cx_8f80f1c72e6a7efe,"강변스카이타워",광진구,NO_MATCH,NO_MATCH,112151030005870006,"서울 광진구 구의동 587-6"
cx_8f878e18e2cf6a7d,"방배한화",서초구,NO_MATCH,EXACT_JIBUN_ADDRESS,116501010001690024,"서울 서초구 방배동 169-24"
cx_8f9d8a5c23954906,"성안마을청구",강동구,NO_MATCH,EXACT_PARCEL,117401080002950000,"서울 강동구 성내동 295"
cx_8f9eb18a910a26e5,"뉴타운",성동구,NO_MATCH,EXACT_JIBUN_ADDRESS,112001020008870002,"서울 성동구 하왕십리동 887-2"
cx_8fa779f82a4959ed,"초록",강서구,NO_MATCH,EXACT_PARCEL,115001030011390000,"서울 강서구 화곡동 1139"
cx_8fa8a4bc228ff4fe,"상록수",강남구,NO_MATCH,EXACT_PARCEL,116801140007340000,"서울 강남구 일원동 734"
cx_8fb5a9a92149645a,"다운페라",동작구,NO_MATCH,EXACT_JIBUN_ADDRESS,115901080003930026,"서울 동작구 대방동 393-26"
cx_8fc268dfc672bd96,"한울네세창",중랑구,NO_MATCH,EXACT_PARCEL,112601050005790000,"서울 중랑구 망우동 579"
cx_8fcef5c14209eb85,"e편한세상독산더타워",금천구,NO_MATCH,EXACT_JIBUN_ADDRESS,115451020010070013,"서울 금천구 독산동 1007-13"
cx_8fcf6fe08b11b7ca,"베벌리힐즈",서대문구,NO_MATCH,EXACT_JIBUN_ADDRESS,114101180003920001,"서울 서대문구 홍은동 392-1"
cx_8fd92a71b301271a,"미가마하나임",은평구,NO_MATCH,NO_MATCH,113801070003760001,"서울 은평구 응암동 376-1"
cx_8fda9185e8524f0f,"길훈엔트런스빌",양천구,NO_MATCH,EXACT_PARCEL,114701030010430000,"서울 양천구 신월동 1043"
cx_8fdd9c042828fa02,"극동그린",성동구,NO_MATCH,MULTI_RECORD_SAME_PARCEL,112001130004360000,"서울 성동구 옥수동 436"
cx_8fddc0029f2a9822,"건영스타밸리",동대문구,NO_MATCH,EXACT_JIBUN_ADDRESS,112301030007570012,"서울 동대문구 제기동 757-12"
cx_8fe4d9936240753d,"심포니하우스",강남구,NO_MATCH,EXACT_JIBUN_ADDRESS,116801050000660001,"서울 강남구 삼성동 66-1"
cx_8ff07301f9e81097,"목동무지개",양천구,NO_MATCH,EXACT_JIBUN_ADDRESS,114701010008810008,"서울 양천구 신정동 881-8"
cx_8ff91f6edece76fc,"삼현팰리체",동대문구,NO_MATCH,EXACT_JIBUN_ADDRESS,112301060003330005,"서울 동대문구 장안동 333-5"
cx_8ffe6ca35be3fb30,"강남아트빌",서초구,NO_MATCH,EXACT_JIBUN_ADDRESS,116501010009800041,"서울 서초구 방배동 980-41"
cx_8fff06b203cce871,"연화",서대문구,NO_MATCH,EXACT_JIBUN_ADDRESS,114101170000890009,"서울 서대문구 연희동 89-9"
cx_9002c752d3900cba,"강서그랜드아이파크주상복합",강서구,NO_MATCH,EXACT_JIBUN_ADDRESS,115001030010950004,"서울 강서구 화곡동 1095-4"
cx_90090d0fdd234a11,"더메디치",구로구,NO_MATCH,EXACT_PARCEL,115301080003500000,"서울 구로구 오류동 350"
cx_9011d8b1f5a3dd64,"대호스카이빌",강서구,NO_MATCH,EXACT_JIBUN_ADDRESS,115001030001610007,"서울 강서구 화곡동 161-7"
cx_90332ef8798be127,"에메랄드(351-5)",동대문구,NO_MATCH,EXACT_JIBUN_ADDRESS,112301060003510005,"서울 동대문구 장안동 351-5"
cx_90395dce94f7eac4,"뉴서울",마포구,NO_MATCH,EXACT_JIBUN_ADDRESS,114401230004120019,"서울 마포구 망원동 412-19"
cx_90443f68cc912995,"그린나래",종로구,NO_MATCH,NO_MATCH,111101830001870001,"서울 종로구 평창동 187-1"
cx_9050434c0621416a,"대동아파트2",노원구,NO_MATCH,EXACT_JIBUN_ADDRESS,113501030003800001,"서울 노원구 공릉동 380-1"
cx_9063c1c22ce90a74,"에스엠이로빌",강동구,NO_MATCH,EXACT_JIBUN_ADDRESS,117401050003580001,"서울 강동구 길동 358-1"
cx_906677cdc4fab251,"문래건영",영등포구,NO_MATCH,EXACT_JIBUN_ADDRESS,115601210000930001,"서울 영등포구 문래동3가 93-1"
cx_9068cbe68dcd0f1c,"청담어퍼하우스",강남구,NO_MATCH,EXACT_JIBUN_ADDRESS,116801040000640001,"서울 강남구 청담동 64-1"
cx_907cd2f9ce4a2aaf,"예지보금자리(102동)",양천구,NO_MATCH,EXACT_JIBUN_ADDRESS,114701010009270004,"서울 양천구 신정동 927-4"
cx_90807fcf3584da63,"금강에스쁘아",양천구,NO_MATCH,EXACT_JIBUN_ADDRESS,114701020007530001,"서울 양천구 목동 753-1"
cx_908352f56b5ffe79,"배재현대",강동구,NO_MATCH,EXACT_PARCEL,117401020003120000,"서울 강동구 고덕동 312"
cx_90ad6e6108d999e9,"워커힐",광진구,NO_MATCH,EXACT_JIBUN_ADDRESS,112151040001450008,"서울 광진구 광장동 145-8"
cx_90ba372b309f6063,"방배팰리스빌라",서초구,NO_MATCH,EXACT_JIBUN_ADDRESS,116501010008090014,"서울 서초구 방배동 809-14"
cx_90ca8be3a1de9457,"신도신월1차",양천구,NO_MATCH,EXACT_PARCEL,114701030010290000,"서울 양천구 신월동 1029"
cx_90d9d970083b9dda,"교수(a)",서대문구,NO_MATCH,EXACT_JIBUN_ADDRESS,114101180002770145,"서울 서대문구 홍은동 277-145"
cx_90db41ff1e5b5d1c,"파라다이스빌",도봉구,NO_MATCH,EXACT_PARCEL,113201050007270000,"서울 도봉구 쌍문동 727"
cx_90dee06795191f29,"교수(b)",서대문구,NO_MATCH,EXACT_JIBUN_ADDRESS,114101180002770148,"서울 서대문구 홍은동 277-148"
cx_90e71cef3c3f587d,"마곡수명산파크3단지",강서구,NO_MATCH,EXACT_PARCEL,115001060007510000,"서울 강서구 내발산동 751"
cx_90e9333c0d8df772,"예원(86-126)",은평구,NO_MATCH,EXACT_JIBUN_ADDRESS,113801020000860126,"서울 은평구 녹번동 86-126"
cx_90eeae4864ac114a,"래미안길음센터피스",성북구,NO_MATCH,EXACT_PARCEL,112901340012880000,"서울 성북구 길음동 1288"
cx_90ffc08a0caf21eb,"현대(명일)",강동구,NO_MATCH,EXACT_JIBUN_ADDRESS,117401010002510001,"서울 강동구 명일동 251-1"
cx_910b0a77af2d056f,"노원우성",노원구,NO_MATCH,EXACT_PARCEL,113501050012510000,"서울 노원구 상계동 1251"
cx_9111ae7607a49357,"써니힐즈",서초구,NO_MATCH,EXACT_JIBUN_ADDRESS,116501010007990008,"서울 서초구 방배동 799-8"
cx_9112dc3b96d3b324,"한솔",서대문구,NO_MATCH,EXACT_JIBUN_ADDRESS,114101190000070002,"서울 서대문구 북가좌동 7-2"
cx_911474c2bdecf309,"미아동부센트레빌",강북구,NO_MATCH,EXACT_PARCEL,113051010004740000,"서울 강북구 미아동 474"
cx_911584cae0e9afdc,"코스코수",관악구,NO_MATCH,EXACT_JIBUN_ADDRESS,116201010016160011,"서울 관악구 봉천동 1616-11"
cx_911641e7bb41958f,"디에이치반포라클라스",서초구,NO_MATCH,EXACT_PARCEL,116501070013430000,"서울 서초구 반포동 1343"
cx_911d48841abd9a4d,"광남캐스빌(198-4)",광진구,NO_MATCH,EXACT_JIBUN_ADDRESS,112151030001980004,"서울 광진구 구의동 198-4"
cx_911dd977df38a2cf,"도곡현대힐스테이트103동",강남구,NO_MATCH,EXACT_JIBUN_ADDRESS,116801180001830008,"서울 강남구 도곡동 183-8"
cx_9126cb0fa54759e2,"(770-29)",구로구,NO_MATCH,EXACT_JIBUN_ADDRESS,115301020007700029,"서울 구로구 구로동 770-29"
cx_912cd23324d9b86a,"우장산힐스테이트",강서구,NO_MATCH,EXACT_PARCEL,115001060006570000,"서울 강서구 내발산동 657"
cx_9130226473c08fda,"양지샤인아파트",강서구,NO_MATCH,EXACT_JIBUN_ADDRESS,115001030008990021,"서울 강서구 화곡동 899-21"
cx_9136c8a35f8e6a16,"해가든",강동구,NO_MATCH,EXACT_JIBUN_ADDRESS,117401080003870048,"서울 강동구 성내동 387-48"
cx_914052e4459abe0c,"현대(62-5)",송파구,NO_MATCH,EXACT_JIBUN_ADDRESS,117101080000620005,"서울 송파구 문정동 62-5"
cx_9141d14a27f10b6b,"벽산아파트2",도봉구,NO_MATCH,EXACT_PARCEL,113201060004960000,"서울 도봉구 방학동 496"
cx_914b3f756350ab22,"대림",용산구,NO_MATCH,EXACT_PARCEL,111701290003950000,"서울 용산구 이촌동 395"
cx_91615042324281fd,"현대웰하임(201동)",강동구,NO_MATCH,EXACT_JIBUN_ADDRESS,117401050003430002,"서울 강동구 길동 343-2"
cx_9169eac6d9721616,"서초자이",서초구,NO_MATCH,EXACT_JIBUN_ADDRESS,116501080014440007,"서울 서초구 서초동 1444-7"
cx_9173a62c4a1a9ea1,"대산빌라",구로구,NO_MATCH,EXACT_JIBUN_ADDRESS,115301020007400002,"서울 구로구 구로동 740-2"
cx_91780092fc3921da,"삼성쉐르빌",성동구,NO_MATCH,EXACT_PARCEL,112001040000690000,"서울 성동구 도선동 69"
cx_917b479d127827c7,"지오프레저102동",양천구,NO_MATCH,EXACT_JIBUN_ADDRESS,114701010009580012,"서울 양천구 신정동 958-12"
cx_917d5ef84796e899,"양우내안애애플",동대문구,NO_MATCH,EXACT_JIBUN_ADDRESS,112301060003730001,"서울 동대문구 장안동 373-1"
cx_917e745b19c02370,"동양브로미(101동)a",양천구,NO_MATCH,EXACT_JIBUN_ADDRESS,114701030004920001,"서울 양천구 신월동 492-1"
cx_9187c317fd6f4f23,"에이치비골드빌(102동)",강동구,NO_MATCH,EXACT_JIBUN_ADDRESS,117401050003840004,"서울 강동구 길동 384-4"
cx_918984445e2e94b4,"올림픽카운티",송파구,NO_MATCH,EXACT_JIBUN_ADDRESS,117101110000510004,"서울 송파구 방이동 51-4"
cx_9189944d6d709034,"현대아파트",강남구,NO_MATCH,EXACT_PARCEL,116801040000230000,"서울 강남구 청담동 23"
cx_91945ef9d4bdeb35,"삼성화원",마포구,NO_MATCH,EXACT_PARCEL,114401230004940000,"서울 마포구 망원동 494"
cx_91a2743dcbd29195,"다우림하우스",강남구,NO_MATCH,EXACT_JIBUN_ADDRESS,116801050000820006,"서울 강남구 삼성동 82-6"
cx_91a7131f6833d7f1,"연세리버빌3",강남구,NO_MATCH,MULTI_RECORD_SAME_PARCEL,116801040001040000,"서울 강남구 청담동 104"
cx_91b91322b5483f05,"고덕삼환아파트",강동구,NO_MATCH,EXACT_PARCEL,117401010000410000,"서울 강동구 명일동 41"
cx_91b94c318f4a0578,"이수브라운스톤상도(527-0)",동작구,NO_MATCH,EXACT_PARCEL,115901020005270000,"서울 동작구 상도동 527"
cx_91ba274dd1a3ad5b,"무림",영등포구,NO_MATCH,EXACT_JIBUN_ADDRESS,115601330009930008,"서울 영등포구 대림동 993-8"
cx_91c91a69c7e1e0ce,"상지리츠빌5a",강남구,NO_MATCH,EXACT_JIBUN_ADDRESS,116801040001270012,"서울 강남구 청담동 127-12"
cx_91cd79c7dc05f3b5,"egsoulleader",중랑구,NO_MATCH,EXACT_JIBUN_ADDRESS,112601050005060008,"서울 중랑구 망우동 506-8"
cx_91d2fb40f1edd311,"현대아파트3",강남구,NO_MATCH,EXACT_PARCEL,116801030001770000,"서울 강남구 개포동 177"
cx_91d9002510d2bc2c,"탑팰리스",강남구,NO_MATCH,EXACT_JIBUN_ADDRESS,116801010007230021,"서울 강남구 역삼동 723-21"
cx_91dcdd04d0cc6e39,"현대홈타운12차",광진구,NO_MATCH,EXACT_PARCEL,112151040005800000,"서울 광진구 광장동 580"
cx_91df410f3545bba5,"(747-19)",구로구,NO_MATCH,EXACT_JIBUN_ADDRESS,115301020007470019,"서울 구로구 구로동 747-19"
cx_91e235a3b3d8a07e,"금일",서초구,NO_MATCH,EXACT_JIBUN_ADDRESS,116501020000060011,"서울 서초구 양재동 6-11"
cx_91f893ec4dd030ba,"풍림아이원",노원구,NO_MATCH,EXACT_PARCEL,113501020009440000,"서울 노원구 월계동 944"
cx_91fa6ef86eedd363,"대원",마포구,NO_MATCH,EXACT_PARCEL,114401250005960000,"서울 마포구 성산동 596"
cx_9205135fba0e78f1,"신도림로제리움",구로구,NO_MATCH,EXACT_JIBUN_ADDRESS,115301020000430001,"서울 구로구 구로동 43-1"
cx_9206600e16b05c43,"을미월드힐",금천구,NO_MATCH,MULTI_RECORD_SAME_PARCEL,115451020009580000,"서울 금천구 독산동 958"
cx_920e7c2c20cb10c7,"오진참사랑",양천구,NO_MATCH,EXACT_JIBUN_ADDRESS,114701030005060003,"서울 양천구 신월동 506-3"
cx_921f6a61e1ee5bc6,"신세대빌라트",강동구,NO_MATCH,EXACT_JIBUN_ADDRESS,117401050003510002,"서울 강동구 길동 351-2"
cx_92282c808d735e41,"sy파크힐",중구,NO_MATCH,EXACT_JIBUN_ADDRESS,111401730000560011,"서울 중구 만리동1가 56-11"
cx_922b4c9c6f37acef,"신한이모르젠",양천구,NO_MATCH,EXACT_PARCEL,114701020009600000,"서울 양천구 목동 960"
cx_923200c1ac8c6469,"트라팰리스이스턴에비뉴",양천구,NO_MATCH,EXACT_JIBUN_ADDRESS,114701020009620001,"서울 양천구 목동 962-1"
cx_923318a2c3ba508a,"상록파라브아파트105동",동대문구,NO_MATCH,EXACT_JIBUN_ADDRESS,112301060004400007,"서울 동대문구 장안동 440-7"
cx_923474d2e803bb5a,"삼성동롯데아파트",강남구,NO_MATCH,EXACT_PARCEL,116801050000170000,"서울 강남구 삼성동 17"
cx_9239fc4db8981ce0,"서울가든",구로구,NO_MATCH,EXACT_JIBUN_ADDRESS,115301060001410001,"서울 구로구 고척동 141-1"
cx_9240d2b746bbea57,"염창1차한화꿈에그린",강서구,NO_MATCH,EXACT_JIBUN_ADDRESS,115001010002810022,"서울 강서구 염창동 281-22"
cx_92476bff7650ce5f,"방배아펠바움",서초구,NO_MATCH,EXACT_JIBUN_ADDRESS,116501010000010015,"서울 서초구 방배동 1-15"
cx_9249341786c82974,"웰빙",광진구,NO_MATCH,EXACT_JIBUN_ADDRESS,112151010000350010,"서울 광진구 중곡동 35-10"
cx_924bb3b34b0449ac,"대우",구로구,NO_MATCH,EXACT_PARCEL,115301060002960000,"서울 구로구 고척동 296"
cx_92667981b7a44cc6,"화랑대디오베이션",노원구,NO_MATCH,EXACT_PARCEL,113501030007600000,"서울 노원구 공릉동 760"
cx_927562d0c1e8d6e4,"관악청광플러스원",관악구,NO_MATCH,EXACT_PARCEL,116201010017260000,"서울 관악구 봉천동 1726"
cx_9275bdd9040fdd07,"(744-23)",구로구,NO_MATCH,EXACT_JIBUN_ADDRESS,115301020007440023,"서울 구로구 구로동 744-23"
cx_928242b551f5f3ec,"만민라이프(a동)",은평구,NO_MATCH,EXACT_JIBUN_ADDRESS,113801080000590015,"서울 은평구 역촌동 59-15"
cx_928c4116eb37bf7f,"서경아파트",은평구,NO_MATCH,EXACT_JIBUN_ADDRESS,113801060001860021,"서울 은평구 대조동 186-21"
cx_928c7f37d6c1463c,"시흥목련",금천구,NO_MATCH,EXACT_PARCEL,115451030010090000,"서울 금천구 시흥동 1009"
cx_928d6d10d2140560,"숭인모범103동",종로구,NO_MATCH,EXACT_JIBUN_ADDRESS,111101750005690004,"서울 종로구 숭인동 569-4"
cx_9297e3419e3dd570,"미도빌라b동",구로구,NO_MATCH,EXACT_JIBUN_ADDRESS,115301020007920058,"서울 구로구 구로동 792-58"
cx_9299660331c6f6b5,"신도브래뉴",금천구,NO_MATCH,MULTI_RECORD_SAME_PARCEL,115451020009550000,"서울 금천구 독산동 955"
cx_929a58e2358ffaee,"예촌a",관악구,NO_MATCH,EXACT_JIBUN_ADDRESS,116201030010720049,"서울 관악구 남현동 1072-49"
cx_929b6832b85deed9,"신동아파밀리에",광진구,NO_MATCH,EXACT_PARCEL,112151040002500000,"서울 광진구 광장동 250"
cx_92a1eed5d6f1abd9,"강동리버스트4단지",강동구,NO_MATCH,EXACT_PARCEL,117401100001140000,"서울 강동구 강일동 114"
cx_92b42f1de8e5c30c,"태양아파트(612-2)",도봉구,NO_MATCH,EXACT_JIBUN_ADDRESS,113201060006120002,"서울 도봉구 방학동 612-2"
cx_92c18240fc14a1b2,"현대4",강동구,NO_MATCH,EXACT_PARCEL,117401060000890000,"서울 강동구 둔촌동 89"
cx_92cfc57edda706d4,"신건영주택a",도봉구,NO_MATCH,EXACT_JIBUN_ADDRESS,113201050003150020,"서울 도봉구 쌍문동 315-20"
cx_92dbadc6798e0ed7,"삼익",성동구,NO_MATCH,EXACT_JIBUN_ADDRESS,112001150002230006,"서울 성동구 성수동2가 223-6"
cx_92e1527c2dc79f7e,"벨루체팰리스",서초구,NO_MATCH,EXACT_JIBUN_ADDRESS,116501010008080010,"서울 서초구 방배동 808-10"
cx_92e171ea72ab6b5d,"두산",동대문구,NO_MATCH,EXACT_PARCEL,112301050009900000,"서울 동대문구 답십리동 990"
cx_92e1ac5008482c22,"굿모닝기룡아파트",은평구,NO_MATCH,EXACT_JIBUN_ADDRESS,113801020000830018,"서울 은평구 녹번동 83-18"
cx_92efd911c549bb77,"금호1차푸르지오",성동구,NO_MATCH,EXACT_PARCEL,112001110009170000,"서울 성동구 금호동3가 917"
cx_92f00fc23dc9e302,"(792-6)",구로구,NO_MATCH,EXACT_JIBUN_ADDRESS,115301020007920006,"서울 구로구 구로동 792-6"
cx_92fecae011f5d1c2,"연세청담파크빌",강남구,NO_MATCH,EXACT_JIBUN_ADDRESS,116801040000590021,"서울 강남구 청담동 59-21"
cx_930d301491c7798b,"어반레프대원",강북구,NO_MATCH,EXACT_JIBUN_ADDRESS,113051030000500024,"서울 강북구 수유동 50-24"
cx_930d3a970038ad70,"상진지오밸리나동",양천구,NO_MATCH,EXACT_JIBUN_ADDRESS,114701020007430020,"서울 양천구 목동 743-20"
cx_932aaf33608adcbe,"논현웰스톤",강남구,NO_MATCH,MULTI_RECORD_SAME_PARCEL,116801080001080000,"서울 강남구 논현동 108"
cx_933c0b8e8516838c,"메이(124-12)",용산구,NO_MATCH,EXACT_JIBUN_ADDRESS,111701300001240012,"서울 용산구 이태원동 124-12"
cx_933f2b67f9d86a18,"금호(444-9)",동대문구,NO_MATCH,EXACT_JIBUN_ADDRESS,112301060004440009,"서울 동대문구 장안동 444-9"
cx_934505b4bfbc8877,"이문삼성래미안아파트",동대문구,NO_MATCH,EXACT_PARCEL,112301100004250000,"서울 동대문구 이문동 425"
cx_934a6ddc50796db6,"용산케이씨씨스위첸",용산구,NO_MATCH,EXACT_PARCEL,111701190002860000,"서울 용산구 효창동 286"
cx_934a895b51439ff3,"금강아미움(102동)",관악구,NO_MATCH,EXACT_JIBUN_ADDRESS,116201010015220029,"서울 관악구 봉천동 1522-29"
cx_9359856c8439de4c,"현대주택조합",동작구,NO_MATCH,EXACT_JIBUN_ADDRESS,,"서울 동작구 사당동 산25-2"
cx_9359c86cfc22f6f9,"광남벨라스1동",마포구,NO_MATCH,EXACT_JIBUN_ADDRESS,114401210002000038,"서울 마포구 동교동 200-38"
cx_935c27ea85a754c2,"고척lig리가2차",구로구,NO_MATCH,EXACT_JIBUN_ADDRESS,115301060003400001,"서울 구로구 고척동 340-1"
cx_9364d10522a20922,"명남뉴타운",은평구,NO_MATCH,EXACT_JIBUN_ADDRESS,113801030000160142,"서울 은평구 불광동 16-142"
cx_9368e1d96b89a11c,"성광",강서구,NO_MATCH,EXACT_JIBUN_ADDRESS,115001030003430037,"서울 강서구 화곡동 343-37"
cx_9369688cbd535ea2,"청계skview",성동구,NO_MATCH,EXACT_PARCEL,112001220002530000,"서울 성동구 용답동 253"
cx_936d4ebd0edd4503,"목련타운",강남구,NO_MATCH,EXACT_PARCEL,116801140007160000,"서울 강남구 일원동 716"
cx_93790ce36eed537b,"구파발10단지어울림(1011~1019동)bl3-1",은평구,NO_MATCH,EXACT_PARCEL,113801140000270000,"서울 은평구 진관동 27"
cx_937aaaa0e6b5b446,"예전이룸1차",강동구,NO_MATCH,EXACT_JIBUN_ADDRESS,117401050002420006,"서울 강동구 길동 242-6"
cx_9385b3fd28472fea,"스톤힐스",서초구,NO_MATCH,EXACT_PARCEL,116501010007340000,"서울 서초구 방배동 734"
cx_9399920261bb0b1e,"신원에벤에셀",도봉구,NO_MATCH,EXACT_PARCEL,113201050002560000,"서울 도봉구 쌍문동 256"
cx_93aa6f0af1b56d5d,"한솔e(a동)",중랑구,NO_MATCH,EXACT_JIBUN_ADDRESS,112601030000190016,"서울 중랑구 중화동 19-16"
cx_93af75a591dcd6df,"장안힐스테이트",동대문구,NO_MATCH,EXACT_JIBUN_ADDRESS,112301060003290002,"서울 동대문구 장안동 329-2"
cx_93cfde9eeb009bed,"청구드림",중구,NO_MATCH,EXACT_JIBUN_ADDRESS,111401620002900090,"서울 중구 신당동 290-90"
cx_93d25ccd88979d84,"은평뉴타운꿈에그린",은평구,NO_MATCH,EXACT_PARCEL,113801140000660000,"서울 은평구 진관동 66"
cx_93db2ce35128a2a1,"동부",관악구,NO_MATCH,EXACT_PARCEL,116201020016950000,"서울 관악구 신림동 1695"
cx_93e55c8682f6d40c,"자양8차현대홈타운",광진구,NO_MATCH,EXACT_PARCEL,112151050007890000,"서울 광진구 자양동 789"
cx_93e621947b9507bd,"대성유니드2차",양천구,NO_MATCH,EXACT_JIBUN_ADDRESS,114701010011980003,"서울 양천구 신정동 1198-3"
cx_93e9cf58bfb805bd,"센트럴힐",성북구,NO_MATCH,EXACT_JIBUN_ADDRESS,112901350000460043,"서울 성북구 종암동 46-43"
cx_93f0fc634cdd8f0b,"디큐브시티",구로구,NO_MATCH,EXACT_PARCEL,115301010006920000,"서울 구로구 신도림동 692"
cx_93f7a5d6dd12149d,"선경3차",강남구,NO_MATCH,EXACT_PARCEL,116801060006020000,"서울 강남구 대치동 602"
cx_94099223a44cc300,"삼성월드타워",강남구,NO_MATCH,EXACT_JIBUN_ADDRESS,116801050000030001,"서울 강남구 삼성동 3-1"
cx_941137cc1193528d,"래미안포레",강남구,NO_MATCH,EXACT_PARCEL,116801120006870000,"서울 강남구 자곡동 687"
cx_9416c78dfe03ed63,"(23-42)",은평구,NO_MATCH,EXACT_JIBUN_ADDRESS,113801090000230042,"서울 은평구 신사동 23-42"
cx_94395ba46306701a,"해태",양천구,NO_MATCH,EXACT_JIBUN_ADDRESS,114701030005140003,"서울 양천구 신월동 514-3"
cx_943deb8a78c3141e,"상지리츠빌카일룸",강남구,NO_MATCH,EXACT_PARCEL,116801180002020000,"서울 강남구 도곡동 202"
cx_943f90ab798cbf0a,"노량진맨션",동작구,NO_MATCH,NO_MATCH,115901010002270005,"서울 동작구 노량진동 227-5"
cx_944207054e918d4b,"자선메르시안(103)",은평구,NO_MATCH,EXACT_JIBUN_ADDRESS,113801100001740002,"서울 은평구 증산동 174-2"
cx_944cea470bafd99f,"한라",서초구,NO_MATCH,EXACT_PARCEL,116501030000670000,"서울 서초구 우면동 67"
cx_945823ee9532acdd,"양재동현대",서초구,NO_MATCH,EXACT_JIBUN_ADDRESS,116501020003060011,"서울 서초구 양재동 306-11"
cx_945ec5f93beca3c3,"현대넥서스a동",강남구,NO_MATCH,EXACT_JIBUN_ADDRESS,116801080002610008,"서울 강남구 논현동 261-8"
cx_9463c5e1f73136e9,"데쟈뷰아파트",광진구,NO_MATCH,EXACT_JIBUN_ADDRESS,112151030000450011,"서울 광진구 구의동 45-11"
cx_946400d79f3dd4ee,"주성아우라",동대문구,NO_MATCH,EXACT_JIBUN_ADDRESS,112301100002540040,"서울 동대문구 이문동 254-40"
cx_94711473b1b2b3a6,"방배롯데캐슬로제",서초구,NO_MATCH,EXACT_JIBUN_ADDRESS,116501010008490030,"서울 서초구 방배동 849-30"
cx_947895c94d538dfc,"신원2",도봉구,NO_MATCH,EXACT_PARCEL,113201050007230000,"서울 도봉구 쌍문동 723"
cx_94844d04cf8aeb8f,"신호",양천구,NO_MATCH,EXACT_JIBUN_ADDRESS,114701010009480024,"서울 양천구 신정동 948-24"
cx_948a3c84ffcfab17,"항동제일풍경채포레스트",구로구,NO_MATCH,EXACT_PARCEL,115301120002460000,"서울 구로구 항동 246"
cx_9496b5026c5c7f76,"현대서초빌라트",서초구,NO_MATCH,EXACT_JIBUN_ADDRESS,116501080014970018,"서울 서초구 서초동 1497-18"
cx_949841f0683273f0,"노바",강동구,NO_MATCH,EXACT_JIBUN_ADDRESS,117401060000610009,"서울 강동구 둔촌동 61-9"
cx_94984fd04373da83,"세인트힐",용산구,NO_MATCH,EXACT_JIBUN_ADDRESS,111701190000050017,"서울 용산구 효창동 5-17"
cx_94bb605f062c22ec,"미주b",용산구,NO_MATCH,EXACT_JIBUN_ADDRESS,111701290003020048,"서울 용산구 이촌동 302-48"
cx_94bdf6a37a6077c5,"두산",종로구,NO_MATCH,EXACT_PARCEL,111101740002320000,"서울 종로구 창신동 232"
cx_94c5b7c8f78adba9,"(749-46)",구로구,NO_MATCH,EXACT_JIBUN_ADDRESS,115301020007490046,"서울 구로구 구로동 749-46"
cx_94cc1c703e26ea97,"(796-11)",구로구,NO_MATCH,EXACT_JIBUN_ADDRESS,115301020007960011,"서울 구로구 구로동 796-11"
cx_94d1a962b46756b5,"솔렌시아",광진구,NO_MATCH,EXACT_JIBUN_ADDRESS,112151030002510177,"서울 광진구 구의동 251-177"
cx_94d2bdd71b1b3293,"노블캐슬",용산구,NO_MATCH,EXACT_JIBUN_ADDRESS,111701320003100010,"서울 용산구 동빙고동 310-10"
cx_94d3e50172dfd824,"kcc웰츠",마포구,NO_MATCH,EXACT_PARCEL,114401030001710000,"서울 마포구 신공덕동 171"
cx_94e4b67d566e6d42,"세라",서대문구,NO_MATCH,EXACT_JIBUN_ADDRESS,114101190000030074,"서울 서대문구 북가좌동 3-74"
cx_94e5878fd2e9285d,"부림베스트빌",은평구,NO_MATCH,EXACT_JIBUN_ADDRESS,113801060001910024,"서울 은평구 대조동 191-24"
cx_94ef785a7d3b3193,"인택파크랜드",송파구,NO_MATCH,MULTI_RECORD_SAME_PARCEL,117101110001850000,"서울 송파구 방이동 185"
cx_94febee8e7d9277d,"아크로파크",강동구,NO_MATCH,EXACT_JIBUN_ADDRESS,117401090000400009,"서울 강동구 천호동 40-9"
cx_9504c2d5bd904947,"서초한빛삼성",서초구,NO_MATCH,EXACT_JIBUN_ADDRESS,116501080015090001,"서울 서초구 서초동 1509-1"
cx_9505c850bbb84531,"산호아파트",서초구,NO_MATCH,EXACT_JIBUN_ADDRESS,116501070007410005,"서울 서초구 반포동 741-5"
cx_9514083e528f63c7,"목동두산위브",양천구,NO_MATCH,EXACT_PARCEL,114701020009530000,"서울 양천구 목동 953"
cx_9515bba0dec246d5,"서초블리스아파트",서초구,NO_MATCH,EXACT_JIBUN_ADDRESS,116501080013640026,"서울 서초구 서초동 1364-26"
cx_951db64ada6ab7d6,"방화3차태승훼미리",강서구,NO_MATCH,EXACT_PARCEL,115001090008890000,"서울 강서구 방화동 889"
cx_9526fc34db9f7ce8,"청계와이즈노벨리아",동대문구,NO_MATCH,EXACT_PARCEL,112301050010080000,"서울 동대문구 답십리동 1008"
cx_9528cacb0d47f5e9,"왕십리지음재",성동구,NO_MATCH,EXACT_JIBUN_ADDRESS,112001020009660019,"서울 성동구 하왕십리동 966-19"
cx_95314c821fafd018,"서희융창",서초구,NO_MATCH,NO_MATCH,116501010004830001,"서울 서초구 방배동 483-1"
cx_953448e48b17c47e,"동진노블클래스",중랑구,NO_MATCH,EXACT_JIBUN_ADDRESS,112601010003530055,"서울 중랑구 면목동 353-55"
cx_9535f5591dc75f6b,"예건미예뜰1동",양천구,NO_MATCH,EXACT_JIBUN_ADDRESS,114701030004940004,"서울 양천구 신월동 494-4"
cx_95390d8b207b78b5,"장미아파트b동",금천구,NO_MATCH,EXACT_JIBUN_ADDRESS,115451020008890036,"서울 금천구 독산동 889-36"
cx_9550538d0f194d9b,"계명(350-34)",강서구,NO_MATCH,EXACT_JIBUN_ADDRESS,115001030003500034,"서울 강서구 화곡동 350-34"
cx_9562414aa2b76263,"극동강변",동작구,NO_MATCH,EXACT_JIBUN_ADDRESS,115901040001480002,"서울 동작구 본동 148-2"
cx_95756e8ece5d9a99,"삼익플로리아",강서구,NO_MATCH,EXACT_JIBUN_ADDRESS,115001030009000039,"서울 강서구 화곡동 900-39"
cx_9582d702ef9d8b09,"서초네스피아b",서초구,NO_MATCH,EXACT_JIBUN_ADDRESS,116501080014660017,"서울 서초구 서초동 1466-17"
cx_9589265a48bc7155,"센츄럴(438-6)",강동구,NO_MATCH,EXACT_JIBUN_ADDRESS,117401080004380006,"서울 강동구 성내동 438-6"
cx_958d0fcebd851bf8,"두산위브",은평구,NO_MATCH,EXACT_PARCEL,113801100002550000,"서울 은평구 증산동 255"
cx_959215eadc2093f0,"해맑은",동작구,NO_MATCH,EXACT_JIBUN_ADDRESS,115901070004490010,"서울 동작구 사당동 449-10"
cx_9593f3a0011cf7b2,"숭실위드",동작구,NO_MATCH,EXACT_JIBUN_ADDRESS,115901020004720024,"서울 동작구 상도동 472-24"
cx_95988d98194f158e,"프라임캐슬(케이빌라트)",종로구,NO_MATCH,EXACT_JIBUN_ADDRESS,111101840002650010,"서울 종로구 부암동 265-10"
cx_959deb9c9676c53e,"삼성래미안1",서초구,NO_MATCH,EXACT_PARCEL,116501010026260000,"서울 서초구 방배동 2626"
cx_95a1148d75d30d77,"힐탑",금천구,NO_MATCH,EXACT_JIBUN_ADDRESS,115451020008940020,"서울 금천구 독산동 894-20"
cx_95bcb1dee767df7d,"마곡드림힐",강서구,NO_MATCH,EXACT_PARCEL,115001090008720000,"서울 강서구 방화동 872"
cx_95c1181ee76750c2,"태솔타워",강북구,NO_MATCH,EXACT_JIBUN_ADDRESS,113051030000510007,"서울 강북구 수유동 51-7"
cx_95cb5913e38b9cbb,"신호빌라트",강동구,NO_MATCH,EXACT_JIBUN_ADDRESS,117401080004520003,"서울 강동구 성내동 452-3"
cx_95d33d3ddf80ec75,"랜드",광진구,NO_MATCH,EXACT_JIBUN_ADDRESS,112151010001090011,"서울 광진구 중곡동 109-11"
cx_95dcfcebc6ed71a9,"삼부",영등포구,NO_MATCH,EXACT_JIBUN_ADDRESS,115601100000300002,"서울 영등포구 여의도동 30-2"
cx_95ddb7dcdd4d47c3,"영광아파트",금천구,NO_MATCH,EXACT_JIBUN_ADDRESS,115451030009920012,"서울 금천구 시흥동 992-12"
cx_95e332fb2545245e,"대명에버빌아파트",강동구,NO_MATCH,EXACT_JIBUN_ADDRESS,117401090000540004,"서울 강동구 천호동 54-4"
cx_95ea49d0d2272f2d,"미라쉘",노원구,NO_MATCH,EXACT_JIBUN_ADDRESS,113501030006700006,"서울 노원구 공릉동 670-6"
cx_95eabfaf6025bfaf,"(792-10)",구로구,NO_MATCH,EXACT_JIBUN_ADDRESS,115301020007920010,"서울 구로구 구로동 792-10"
cx_95f4a651d9da063b,"경남아너스빌(1608-8)",서초구,NO_MATCH,EXACT_JIBUN_ADDRESS,116501080016080008,"서울 서초구 서초동 1608-8"
cx_96006dd9323efef9,"남산정은스카이",중구,NO_MATCH,EXACT_JIBUN_ADDRESS,111401620003660126,"서울 중구 신당동 366-126"
cx_96014edccb589182,"도양라비앙(101동)",서대문구,NO_MATCH,EXACT_JIBUN_ADDRESS,114101180002650296,"서울 서대문구 홍은동 265-296"
cx_96017b5a1aabedaa,"구로두산위브",구로구,NO_MATCH,EXACT_PARCEL,115301020012780000,"서울 구로구 구로동 1278"
cx_9617ae43569f4fc4,"호원빌라",강남구,NO_MATCH,EXACT_JIBUN_ADDRESS,116801040001150017,"서울 강남구 청담동 115-17"
cx_96195d0568294679,"현대홈타운2차",동대문구,NO_MATCH,EXACT_PARCEL,112301060005690000,"서울 동대문구 장안동 569"
cx_961c0251deec560a,"천우네오젠(507-11)",강서구,NO_MATCH,EXACT_JIBUN_ADDRESS,115001020005070011,"서울 강서구 등촌동 507-11"
cx_96216c7897750b6d,"(751-3)",구로구,NO_MATCH,EXACT_JIBUN_ADDRESS,115301020007510003,"서울 구로구 구로동 751-3"
cx_9623102b5a26964e,"예인",구로구,NO_MATCH,EXACT_JIBUN_ADDRESS,115301060002150003,"서울 구로구 고척동 215-3"
cx_962be1b8f6beea79,"동재(b동)",동대문구,NO_MATCH,EXACT_JIBUN_ADDRESS,112301060002410008,"서울 동대문구 장안동 241-8"
cx_96313719d9642549,"용산데시앙포레",용산구,NO_MATCH,EXACT_PARCEL,111701190002880000,"서울 용산구 효창동 288"
cx_963e30bcf4b9daeb,"레그노시티",중랑구,NO_MATCH,EXACT_JIBUN_ADDRESS,112601020000890010,"서울 중랑구 상봉동 89-10"
cx_9646d1e7d0e10180,"우림루미아트1",노원구,NO_MATCH,EXACT_PARCEL,113501050013060000,"서울 노원구 상계동 1306"
cx_964dcc5ee75798f7,"밀란체1",송파구,NO_MATCH,EXACT_JIBUN_ADDRESS,117101050002270012,"서울 송파구 석촌동 227-12"
cx_965351c99e620403,"계림웨스트벨리",구로구,NO_MATCH,EXACT_PARCEL,115301080003600000,"서울 구로구 오류동 360"
cx_9656822c67502e25,"주성힐스톤",광진구,NO_MATCH,EXACT_PARCEL,112151030006640000,"서울 광진구 구의동 664"
cx_965d7c3485a2162a,"우성3",구로구,NO_MATCH,EXACT_PARCEL,115301010006370000,"서울 구로구 신도림동 637"
cx_966cd189493d6234,"하이캐슬102동",강남구,NO_MATCH,MULTI_RECORD_SAME_PARCEL,116801060009860000,"서울 강남구 대치동 986"
cx_96786cd734097114,"궁전(912-1)b동",강서구,NO_MATCH,EXACT_JIBUN_ADDRESS,115001030009120001,"서울 강서구 화곡동 912-1"
cx_967ab76f52516bfa,"현대월드빌리지",송파구,NO_MATCH,MULTI_RECORD_SAME_PARCEL,117101110001910000,"서울 송파구 방이동 191"
cx_967ddf2a45cfb2b6,"자양동현대",광진구,NO_MATCH,EXACT_JIBUN_ADDRESS,112151050006450005,"서울 광진구 자양동 645-5"
cx_967eabb103dc4d8a,"갤러리아팰리스",송파구,NO_MATCH,EXACT_PARCEL,117101010000400000,"서울 송파구 잠실동 40"
cx_9682e4f4306eed84,"상계주공11(고층)",노원구,NO_MATCH,EXACT_PARCEL,113501050006520000,"서울 노원구 상계동 652"
cx_968c54536eb1a53c,"다청림1동",영등포구,NO_MATCH,EXACT_JIBUN_ADDRESS,115601330006870003,"서울 영등포구 대림동 687-3"
cx_96904fddfdb124ef,"한양8(81동한개동)",강남구,NO_MATCH,EXACT_PARCEL,116801100005100000,"서울 강남구 압구정동 510"
cx_969d96c49c89ae4d,"월드메르디앙(오페라)",서초구,NO_MATCH,EXACT_JIBUN_ADDRESS,116501080014500001,"서울 서초구 서초동 1450-1"
cx_96a2210ab1654cdd,"라이프미성",관악구,NO_MATCH,EXACT_PARCEL,116201020016560000,"서울 관악구 신림동 1656"
cx_96a22d73aeb47c55,"명남더블레스(39-4)",은평구,NO_MATCH,EXACT_JIBUN_ADDRESS,113801090000390004,"서울 은평구 신사동 39-4"
cx_96b1f0947af99d20,"북한산청호아파트",도봉구,NO_MATCH,EXACT_PARCEL,113201060007430000,"서울 도봉구 방학동 743"
cx_96c6daf4a765b851,"신원",강북구,NO_MATCH,EXACT_PARCEL,113051020002040000,"서울 강북구 번동 204"
cx_96ce77339691ba17,"산솔트윈",중랑구,NO_MATCH,EXACT_JIBUN_ADDRESS,112601050004610012,"서울 중랑구 망우동 461-12"
cx_96d041d9da334449,"행복주택",구로구,NO_MATCH,EXACT_JIBUN_ADDRESS,115301020007960022,"서울 구로구 구로동 796-22"
cx_96d7abb7cdd05d5f,"헤브론",양천구,NO_MATCH,EXACT_JIBUN_ADDRESS,114701010008930006,"서울 양천구 신정동 893-6"
cx_96dab267f9aaffec,"마곡우림필유아파트",강서구,NO_MATCH,EXACT_PARCEL,115001050014670000,"서울 강서구 마곡동 1467"
cx_96ddcd22c2a20aec,"자양힐101동",광진구,NO_MATCH,EXACT_PARCEL,112151050008100000,"서울 광진구 자양동 810"
cx_96e3d0debe5d14cc,"연지토성",송파구,NO_MATCH,EXACT_JIBUN_ADDRESS,117101030004000005,"서울 송파구 풍납동 400-5"
cx_96e55a52bff6ac72,"방배아트e-편한세상103",서초구,NO_MATCH,EXACT_JIBUN_ADDRESS,116501010004840006,"서울 서초구 방배동 484-6"
cx_96e88105a16ca4c9,"덕동반포빌라트",서초구,NO_MATCH,EXACT_JIBUN_ADDRESS,116501070000790001,"서울 서초구 반포동 79-1"
cx_96e9537cdddc9968,"광남벨라스643v(50-7)",강동구,NO_MATCH,EXACT_JIBUN_ADDRESS,117401090000500007,"서울 강동구 천호동 50-7"
cx_96f09a03c0a09f99,"요진와이시티미니",강남구,NO_MATCH,EXACT_JIBUN_ADDRESS,116801010007270009,"서울 강남구 역삼동 727-9"
cx_96f35dd9e39df084,"우정아파트",강동구,NO_MATCH,EXACT_JIBUN_ADDRESS,117401090000460005,"서울 강동구 천호동 46-5"
cx_96fc2a9f2dfdda7a,"유림",양천구,NO_MATCH,EXACT_JIBUN_ADDRESS,114701030006040006,"서울 양천구 신월동 604-6"
cx_97082b1af8738e4a,"북한산삼부르네상스304동305동",서대문구,NO_MATCH,EXACT_JIBUN_ADDRESS,114101180000080294,"서울 서대문구 홍은동 8-294"
cx_970a28f3cc0edc80,"동도센트리움",도봉구,NO_MATCH,EXACT_PARCEL,113201070008270000,"서울 도봉구 창동 827"
cx_970baa477bc9e8a5,"개화산경남아너스빌",강서구,NO_MATCH,EXACT_PARCEL,115001090008870000,"서울 강서구 방화동 887"
cx_971083e9ee46a5a7,"서울숲더샵",성동구,NO_MATCH,EXACT_PARCEL,112001070003770000,"서울 성동구 행당동 377"
cx_972407c44c58b825,"송파파인타운7단지",송파구,NO_MATCH,EXACT_PARCEL,117101090008440000,"서울 송파구 장지동 844"
cx_97267d04f8b6d8fc,"천우에이스빌",강서구,NO_MATCH,EXACT_JIBUN_ADDRESS,115001060006820010,"서울 강서구 내발산동 682-10"
cx_97356d3c31c28ce0,"동아하이빌아파트102동",노원구,NO_MATCH,EXACT_JIBUN_ADDRESS,113501030006090057,"서울 노원구 공릉동 609-57"
cx_97657ede1116ab04,"한남하우스",용산구,NO_MATCH,EXACT_JIBUN_ADDRESS,111701310007230003,"서울 용산구 한남동 723-3"
cx_977448037417ab29,"강변삼부아파트",강남구,NO_MATCH,EXACT_JIBUN_ADDRESS,116801050000990012,"서울 강남구 삼성동 99-12"
cx_978b9ba19ea6806b,"신한양아파트",노원구,NO_MATCH,EXACT_JIBUN_ADDRESS,113501030004000008,"서울 노원구 공릉동 400-8"
cx_978c7b98ef674cdb,"북한산굿모닝",강북구,NO_MATCH,EXACT_PARCEL,113051040001750000,"서울 강북구 우이동 175"
cx_9791e112a75778a3,"서초두산위브트레지움",서초구,NO_MATCH,EXACT_JIBUN_ADDRESS,116501080013100004,"서울 서초구 서초동 1310-4"
cx_9793018d413d8072,"반포써밋",서초구,NO_MATCH,EXACT_PARCEL,116501070013420000,"서울 서초구 반포동 1342"
cx_9798f6d88f457d5d,"효원",은평구,NO_MATCH,NO_MATCH,113801060000880069,"서울 은평구 대조동 88-69"
cx_979ee7f9b9dcc124,"현대프라자아파트",강동구,NO_MATCH,NO_MATCH,117401090004100105,"서울 강동구 천호동 410-105"
cx_97b3aae489a7d259,"마곡노블리안",강서구,NO_MATCH,EXACT_PARCEL,115001050013970000,"서울 강서구 마곡동 1397"
cx_97b54000e35421c5,"아노스카운트빌라트",강남구,NO_MATCH,EXACT_JIBUN_ADDRESS,116801040000900017,"서울 강남구 청담동 90-17"
cx_97d2d878895f7715,"한빛로얄",금천구,NO_MATCH,EXACT_JIBUN_ADDRESS,115451030007960007,"서울 금천구 시흥동 796-7"
cx_97d509bed50e1cab,"한영(104)",중랑구,NO_MATCH,EXACT_JIBUN_ADDRESS,112601030002740077,"서울 중랑구 중화동 274-77"
cx_97dbc176d33d5921,"점보",용산구,NO_MATCH,EXACT_JIBUN_ADDRESS,111701290003000010,"서울 용산구 이촌동 300-10"
cx_97ed845541e8300f,"한강타운",강서구,NO_MATCH,EXACT_PARCEL,115001040014600000,"서울 강서구 가양동 1460"
cx_97f53dfa1691cf9f,"갑을",관악구,NO_MATCH,EXACT_PARCEL,116201010017000000,"서울 관악구 봉천동 1700"
cx_98023670d9b4f0b1,"서초호반써밋",서초구,NO_MATCH,EXACT_PARCEL,116501030007530000,"서울 서초구 우면동 753"
cx_9814804411b4c6dd,"제일",동작구,NO_MATCH,EXACT_JIBUN_ADDRESS,115901070002400015,"서울 동작구 사당동 240-15"
cx_981a5de3de319f6d,"양지네스코빌",관악구,NO_MATCH,EXACT_JIBUN_ADDRESS,116201030006020188,"서울 관악구 남현동 602-188"
cx_981b40cb4277c059,"백운",중랑구,NO_MATCH,EXACT_JIBUN_ADDRESS,112601040001220146,"서울 중랑구 묵동 122-146"
cx_981b816083cade3f,"보람(685-100)",관악구,NO_MATCH,EXACT_JIBUN_ADDRESS,116201010006850100,"서울 관악구 봉천동 685-100"
cx_981fa313c2e6ce64,"(743-52)",구로구,NO_MATCH,EXACT_JIBUN_ADDRESS,115301020007430052,"서울 구로구 구로동 743-52"
cx_98234044191eccbf,"경원북한산휴그린",강북구,NO_MATCH,EXACT_JIBUN_ADDRESS,113051030002680017,"서울 강북구 수유동 268-17"
cx_982673ad603525fb,"대방전철",영등포구,NO_MATCH,EXACT_PARCEL,115601320013430000,"서울 영등포구 신길동 1343"
cx_982a61616c43eb38,"시티(a동)",강남구,NO_MATCH,MULTI_RECORD_SAME_PARCEL,116801050000970000,"서울 강남구 삼성동 97"
cx_982bb5e0f5171da5,"동부아파트",노원구,NO_MATCH,EXACT_PARCEL,113501030007050000,"서울 노원구 공릉동 705"
cx_9839975269bc4a36,"에이스리버티움",영등포구,NO_MATCH,EXACT_PARCEL,115601280003240000,"서울 영등포구 양평동4가 324"
cx_9845249e13977347,"동자",용산구,NO_MATCH,EXACT_JIBUN_ADDRESS,111701070000190008,"서울 용산구 동자동 19-8"
cx_98567906143499f9,"다온숲",양천구,NO_MATCH,EXACT_JIBUN_ADDRESS,114701020007770020,"서울 양천구 목동 777-20"
cx_98570031e14fdd7d,"동부아파트",중랑구,NO_MATCH,EXACT_PARCEL,112601020004950000,"서울 중랑구 상봉동 495"
cx_98634ef52f091d22,"장원빌리지",동작구,NO_MATCH,EXACT_JIBUN_ADDRESS,115901030004880008,"서울 동작구 상도1동 488-8"
cx_986757c3bf344e3a,"신도금잔디",강서구,NO_MATCH,EXACT_PARCEL,115001030011380000,"서울 강서구 화곡동 1138"
cx_98770ef44f4de1ef,"한숲마을대림",강서구,NO_MATCH,EXACT_PARCEL,115001090008620000,"서울 강서구 방화동 862"
cx_98799cc8d3637e54,"마포한강푸르지오",마포구,NO_MATCH,EXACT_PARCEL,114401220004720000,"서울 마포구 합정동 472"
cx_987ea28fde8a0c12,"동광빌라트",서초구,NO_MATCH,EXACT_JIBUN_ADDRESS,116501010007910010,"서울 서초구 방배동 791-10"
cx_98838ad1c386291b,"럭키",양천구,NO_MATCH,EXACT_JIBUN_ADDRESS,114701010009580010,"서울 양천구 신정동 958-10"
cx_988820973e050fe8,"위례신도시송파푸르지오",송파구,NO_MATCH,EXACT_PARCEL,117101090008780000,"서울 송파구 장지동 878"
cx_988f010c291bf331,"꿈의숲수림채",강북구,NO_MATCH,EXACT_JIBUN_ADDRESS,113051020001180015,"서울 강북구 번동 118-15"
cx_98a086cace668375,"주숭보아파트",종로구,NO_MATCH,EXACT_PARCEL,111101750005350000,"서울 종로구 숭인동 535"
cx_98a7002eac80ff8f,"다울(178-9)",중랑구,NO_MATCH,EXACT_JIBUN_ADDRESS,112601010001780009,"서울 중랑구 면목동 178-9"
cx_98ab760216be69c2,"영남타운",양천구,NO_MATCH,EXACT_JIBUN_ADDRESS,114701030005470007,"서울 양천구 신월동 547-7"
cx_98c0458ad42a8636,"상아아파트",강남구,NO_MATCH,NO_MATCH,116801050000190004,"서울 강남구 삼성동 19-4"
cx_98c05a77b18824fa,"푸른터",금천구,NO_MATCH,MULTI_RECORD_SAME_PARCEL,115451020009570000,"서울 금천구 독산동 957"
cx_98c493bfc33f698f,"금호아파트(768)",양천구,NO_MATCH,EXACT_JIBUN_ADDRESS,114701020007680005,"서울 양천구 목동 768-5"
cx_98c837210c813e6c,"동양",은평구,NO_MATCH,EXACT_JIBUN_ADDRESS,113801050000230030,"서울 은평구 구산동 23-30"
cx_98d338e8572b115a,"방배대우디오빌",서초구,NO_MATCH,EXACT_JIBUN_ADDRESS,116501010008660020,"서울 서초구 방배동 866-20"
cx_98d42f567fc6333a,"삼흥아파트",은평구,NO_MATCH,EXACT_JIBUN_ADDRESS,113801030004840057,"서울 은평구 불광동 484-57"
cx_98d726347b182401,"진도1103동",양천구,NO_MATCH,EXACT_JIBUN_ADDRESS,114701020004080020,"서울 양천구 목동 408-20"
cx_98dab2f44946a363,"홍은드림아파트",서대문구,NO_MATCH,EXACT_JIBUN_ADDRESS,114101180002650350,"서울 서대문구 홍은동 265-350"
cx_98dac3242c3fa080,"에스아이팰리스센트럴성내",강동구,NO_MATCH,EXACT_JIBUN_ADDRESS,117401080005480004,"서울 강동구 성내동 548-4"
cx_98dbb8e9c5679974,"푸른마을(284-3)",동대문구,NO_MATCH,EXACT_JIBUN_ADDRESS,112301060002840003,"서울 동대문구 장안동 284-3"
cx_990269486edba5e4,"에이원b둥",강서구,NO_MATCH,EXACT_JIBUN_ADDRESS,115001030000460410,"서울 강서구 화곡동 46-410"
cx_9904766bb9e7ecc6,"방배3차현대홈타운",서초구,NO_MATCH,EXACT_PARCEL,116501010022330000,"서울 서초구 방배동 2233"
cx_990a7fccc63cbf6b,"태창네스트힐",강서구,NO_MATCH,EXACT_PARCEL,115001030011460000,"서울 강서구 화곡동 1146"
cx_991213bb6a215b69,"신영",강서구,NO_MATCH,EXACT_JIBUN_ADDRESS,115001030004880050,"서울 강서구 화곡동 488-50"
cx_9918473b4cbbf9d7,"청호그린빌",종로구,NO_MATCH,EXACT_PARCEL,111101090000400000,"서울 종로구 누상동 40"
cx_9924c510caceb1a2,"형인허브빌102동(417-11)",동대문구,NO_MATCH,EXACT_JIBUN_ADDRESS,112301060004170011,"서울 동대문구 장안동 417-11"
cx_9926d0b1b3fc47c8,"현대201동",동작구,NO_MATCH,EXACT_PARCEL,115901020004100000,"서울 동작구 상도동 410"
cx_9928840aab19813d,"파로스프라자(1738-1)",관악구,NO_MATCH,EXACT_JIBUN_ADDRESS,116201020017380001,"서울 관악구 신림동 1738-1"
cx_992c16b577be618e,"사당롯데캐슬골든포레",동작구,NO_MATCH,EXACT_PARCEL,115901070011600000,"서울 동작구 사당동 1160"
cx_992c8d24aff01724,"디아인스",강서구,NO_MATCH,EXACT_JIBUN_ADDRESS,115001030008990031,"서울 강서구 화곡동 899-31"
cx_9952d96b948e15c8,"보광드림타운",강서구,NO_MATCH,EXACT_JIBUN_ADDRESS,115001040004480010,"서울 강서구 가양동 448-10"
cx_995a741764e9b62c,"퀸즈w청량리역",동대문구,NO_MATCH,EXACT_JIBUN_ADDRESS,112301040001270359,"서울 동대문구 전농동 127-359"
cx_995c5bcdf722af35,"성수1차대우아파트",성동구,NO_MATCH,EXACT_JIBUN_ADDRESS,112001150002790050,"서울 성동구 성수동2가 279-50"
cx_99609dcff55c24b0,"거산유팰리스2차",강동구,NO_MATCH,EXACT_JIBUN_ADDRESS,117401050004140009,"서울 강동구 길동 414-9"
cx_996934ef55c9abc2,"제이씨라디앙",서대문구,NO_MATCH,EXACT_JIBUN_ADDRESS,114101180002770108,"서울 서대문구 홍은동 277-108"
cx_9982c54ec0b7b2cd,"수산오성",강서구,NO_MATCH,EXACT_JIBUN_ADDRESS,115001060007210003,"서울 강서구 내발산동 721-3"
cx_998fb3c431dcde2a,"풍산쉐르빌101동",중랑구,NO_MATCH,EXACT_JIBUN_ADDRESS,112601020002260020,"서울 중랑구 상봉동 226-20"
cx_9996c78a039ccf63,"강동와이시티",강동구,NO_MATCH,EXACT_JIBUN_ADDRESS,117401050004140004,"서울 강동구 길동 414-4"
cx_99990cb84a6f95eb,"경일역삼",강남구,NO_MATCH,EXACT_JIBUN_ADDRESS,116801010007750014,"서울 강남구 역삼동 775-14"
cx_999cd96a0eb3f73e,"대영2동",광진구,NO_MATCH,EXACT_JIBUN_ADDRESS,112151010001330009,"서울 광진구 중곡동 133-9"
cx_99ac5cedddb5f744,"서초롯데캐슬84",서초구,NO_MATCH,EXACT_JIBUN_ADDRESS,116501080016420014,"서울 서초구 서초동 1642-14"
cx_99b417fd984f02fb,"효창드림빌",용산구,NO_MATCH,EXACT_JIBUN_ADDRESS,111701190000050047,"서울 용산구 효창동 5-47"
cx_99c7db1081f29857,"그린피아",서초구,NO_MATCH,EXACT_JIBUN_ADDRESS,116501070000470004,"서울 서초구 반포동 47-4"
cx_99d49857207a628d,"제이아델리아",서대문구,NO_MATCH,EXACT_JIBUN_ADDRESS,114101170000810006,"서울 서대문구 연희동 81-6"
cx_99d4e863ecff2e30,"르메이에르장안타운3차",동대문구,NO_MATCH,EXACT_JIBUN_ADDRESS,112301060003370003,"서울 동대문구 장안동 337-3"
cx_99eb581de26a065a,"lg선릉에클라트(b)",강남구,NO_MATCH,EXACT_JIBUN_ADDRESS,116801050001420003,"서울 강남구 삼성동 142-3"
cx_9a104496d755e331,"아이유하임(1159)",금천구,NO_MATCH,EXACT_PARCEL,115451020011590000,"서울 금천구 독산동 1159"
cx_9a16dc1491d192a5,"벽산미라지타워",양천구,NO_MATCH,EXACT_JIBUN_ADDRESS,114701020009070014,"서울 양천구 목동 907-14"
cx_9a1fac726ee13e6d,"로즈빌",서초구,NO_MATCH,EXACT_JIBUN_ADDRESS,116501060000320010,"서울 서초구 잠원동 32-10"
cx_9a27c25c958ea631,"현대1차",영등포구,NO_MATCH,EXACT_PARCEL,115601240000460000,"서울 영등포구 문래동6가 46"
cx_9a2d0d7221a6fb57,"한솔로이젠트",서초구,NO_MATCH,EXACT_JIBUN_ADDRESS,116501020000110017,"서울 서초구 양재동 11-17"
cx_9a2eb8c4586493c1,"정릉푸른마을동아",성북구,NO_MATCH,EXACT_PARCEL,112901330002100000,"서울 성북구 정릉동 210"
cx_9a35041d76d20a74,"우창",영등포구,NO_MATCH,EXACT_PARCEL,115601320045010000,"서울 영등포구 신길동 4501"
cx_9a3db071a94ff8b7,"현대아파트(75-1)",강남구,NO_MATCH,EXACT_JIBUN_ADDRESS,116801040000750001,"서울 강남구 청담동 75-1"
cx_9a4d10f26b68effd,"동광팰리스",송파구,NO_MATCH,EXACT_JIBUN_ADDRESS,117101110000500010,"서울 송파구 방이동 50-10"
cx_9a4e855ed52cb73d,"휘경",동대문구,NO_MATCH,EXACT_JIBUN_ADDRESS,112301090000430066,"서울 동대문구 휘경동 43-66"
cx_9a5068005e1aee2d,"현대실크빌",서초구,NO_MATCH,EXACT_JIBUN_ADDRESS,116501060000620006,"서울 서초구 잠원동 62-6"
cx_9a65ffe31631f1eb,"동성아파트",중랑구,NO_MATCH,EXACT_PARCEL,112601060005910000,"서울 중랑구 신내동 591"
cx_9a6613783519c851,"광성금강",강서구,NO_MATCH,EXACT_JIBUN_ADDRESS,115001060007150005,"서울 강서구 내발산동 715-5"
cx_9a69df9e656d574c,"청담2차이-편한세상(204동)",강남구,NO_MATCH,MULTI_RECORD_SAME_PARCEL,116801040000150000,"서울 강남구 청담동 15"
cx_9a6c48f429c2881a,"광진we’vepark",광진구,NO_MATCH,EXACT_PARCEL,112151090005030000,"서울 광진구 군자동 503"
cx_9a6c887888984c26,"희훈리치파크",강서구,NO_MATCH,EXACT_JIBUN_ADDRESS,115001030010110006,"서울 강서구 화곡동 1011-6"
cx_9a6eb88c55195676,"명일지에스아파트",강동구,NO_MATCH,MULTI_RECORD_SAME_PARCEL,117401010003320000,"서울 강동구 명일동 332"
cx_9a7939ee59ea21b9,"대건딜라이트",서초구,NO_MATCH,EXACT_JIBUN_ADDRESS,116501010005930019,"서울 서초구 방배동 593-19"
cx_9a7ab478643a724c,"약수역더시티",중구,NO_MATCH,EXACT_PARCEL,111401620008570000,"서울 중구 신당동 857"
cx_9a7cff95d8dc667e,"우진",양천구,NO_MATCH,EXACT_JIBUN_ADDRESS,114701030000910010,"서울 양천구 신월동 91-10"
cx_9a942d17a49c426f,"성북맨션",노원구,NO_MATCH,EXACT_JIBUN_ADDRESS,113501020003830040,"서울 노원구 월계동 383-40"
cx_9a9c9b0482ff2f16,"닷컴힐즈(1653-3)",관악구,NO_MATCH,EXACT_JIBUN_ADDRESS,116201010016530003,"서울 관악구 봉천동 1653-3"
cx_9aa5069136c50aad,"웰빙",은평구,NO_MATCH,EXACT_JIBUN_ADDRESS,113801040005220016,"서울 은평구 갈현동 522-16"
cx_9ab76473a5191def,"국제산장",관악구,NO_MATCH,EXACT_PARCEL,116201020016930000,"서울 관악구 신림동 1693"
cx_9aca7c9b8f33b9a9,"primaveravill",용산구,NO_MATCH,EXACT_JIBUN_ADDRESS,111701340000430021,"서울 용산구 주성동 43-21"
cx_9acc415758a2c50b,"한양아이클래스",동대문구,NO_MATCH,EXACT_JIBUN_ADDRESS,112301020001120008,"서울 동대문구 용두동 112-8"
cx_9adbf61cf8e6700f,"우방",송파구,NO_MATCH,EXACT_PARCEL,117101120001380000,"서울 송파구 오금동 138"
cx_9adc6ce5a539e144,"동원스위트뷰역삼",강남구,NO_MATCH,EXACT_JIBUN_ADDRESS,116801010007450013,"서울 강남구 역삼동 745-13"
cx_9ae1e8f1750643a3,"파크힐",서대문구,NO_MATCH,EXACT_JIBUN_ADDRESS,114101110003120243,"서울 서대문구 홍제동 312-243"
cx_9ae5ed0b6d89836b,"진주",영등포구,NO_MATCH,EXACT_PARCEL,115601100000540000,"서울 영등포구 여의도동 54"
cx_9aef1016187f3f22,"청정(a)",광진구,NO_MATCH,EXACT_JIBUN_ADDRESS,112151050000240028,"서울 광진구 자양동 24-28"
cx_9aefa910b4371412,"동양브로미(101동)b",양천구,NO_MATCH,EXACT_JIBUN_ADDRESS,114701030004920025,"서울 양천구 신월동 492-25"
cx_9af182dbb62e4929,"등촌센트럴르씨엘",강서구,NO_MATCH,NO_MATCH,115001020008520000,"서울 강서구 등촌동 852"
cx_9af2f6af06b35240,"라이프101동(544)102동(544-1)",강동구,NO_MATCH,EXACT_PARCEL,117401060005440000,"서울 강동구 둔촌동 544"
cx_9af4c46010343981,"미라보",도봉구,NO_MATCH,EXACT_PARCEL,113201050001600000,"서울 도봉구 쌍문동 160"
cx_9afd10da5f18526b,"신사파크빌b동",강남구,NO_MATCH,EXACT_JIBUN_ADDRESS,116801070005620024,"서울 강남구 신사동 562-24"
cx_9afde4e33029ea59,"현대뜨레비앙",종로구,NO_MATCH,EXACT_PARCEL,111101330000550000,"서울 종로구 익선동 55"
cx_9b00639dae2ca6bd,"한신월드",노원구,NO_MATCH,EXACT_JIBUN_ADDRESS,113501060000680001,"서울 노원구 중계동 68-1"
cx_9b042fa63f590a8d,"근상프리즘",강서구,NO_MATCH,EXACT_JIBUN_ADDRESS,115001030000240090,"서울 강서구 화곡동 24-90"
cx_9b10d17009145f27,"연세리버빌6차",광진구,NO_MATCH,EXACT_JIBUN_ADDRESS,112151040001840001,"서울 광진구 광장동 184-1"
cx_9b19c6e535aa43eb,"남해그린힐",은평구,NO_MATCH,EXACT_PARCEL,113801030006320000,"서울 은평구 불광동 632"
cx_9b2399d9137814f8,"리버스타운",금천구,NO_MATCH,EXACT_JIBUN_ADDRESS,115451020010060139,"서울 금천구 독산동 1006-139"
cx_9b241aea13e9c187,"닷컴캐슬",동작구,NO_MATCH,EXACT_JIBUN_ADDRESS,115901070004490028,"서울 동작구 사당동 449-28"
cx_9b257909b8f26013,"남현현대아이빌라",관악구,NO_MATCH,EXACT_JIBUN_ADDRESS,116201030010540042,"서울 관악구 남현동 1054-42"
cx_9b49df16433cfd8f,"대종",강서구,NO_MATCH,EXACT_JIBUN_ADDRESS,115001030010770001,"서울 강서구 화곡동 1077-1"
cx_9b4eef0d953c5246,"보라매경남아너스빌",영등포구,NO_MATCH,EXACT_PARCEL,115601320047800000,"서울 영등포구 신길동 4780"
cx_9b5105ba05306a41,"송정제이빌101동",강서구,NO_MATCH,EXACT_JIBUN_ADDRESS,115001080000420023,"서울 강서구 공항동 42-23"
cx_9b535df742beda14,"시영2단지(라이프)아파트",노원구,NO_MATCH,EXACT_PARCEL,113501030007070000,"서울 노원구 공릉동 707"
cx_9b68d6be058dbd49,"올림픽파크힐",강동구,NO_MATCH,EXACT_JIBUN_ADDRESS,117401080004460017,"서울 강동구 성내동 446-17"
cx_9b69a4f0d689907e,"쌍용노블래스",송파구,NO_MATCH,EXACT_JIBUN_ADDRESS,117101070000290016,"서울 송파구 가락동 29-16"
cx_9b6e663a1e8d7bb4,"세심",강서구,NO_MATCH,EXACT_JIBUN_ADDRESS,115001020005260005,"서울 강서구 등촌동 526-5"
cx_9b7ae2f63dbe06f2,"올림픽베어스타운1",송파구,NO_MATCH,EXACT_PARCEL,117101110001710000,"서울 송파구 방이동 171"
cx_9b7bf6224b25b4e0,"새솔금호",구로구,NO_MATCH,EXACT_JIBUN_ADDRESS,115301020001080002,"서울 구로구 구로동 108-2"
cx_9b80cf1efd8f200a,"경향파크",은평구,NO_MATCH,EXACT_JIBUN_ADDRESS,113801050001620001,"서울 은평구 구산동 162-1"
cx_9b87b76924949f3e,"현대캐슬",동대문구,NO_MATCH,EXACT_JIBUN_ADDRESS,112301090002810024,"서울 동대문구 휘경동 281-24"
cx_9b8890624244c539,"(750-15)",구로구,NO_MATCH,EXACT_JIBUN_ADDRESS,115301020007500015,"서울 구로구 구로동 750-15"
cx_9b88ab8d5f9e17fa,"관악산휴먼시아2단지",관악구,NO_MATCH,MULTI_RECORD_SAME_PARCEL,116201020017350000,"서울 관악구 신림동 1735"
cx_9b8b6d31b8ad30fb,"대치타워",강남구,NO_MATCH,EXACT_JIBUN_ADDRESS,116801060009140008,"서울 강남구 대치동 914-8"
cx_9b8e008ff9e35961,"(770-59)",구로구,NO_MATCH,EXACT_JIBUN_ADDRESS,115301020007700059,"서울 구로구 구로동 770-59"
cx_9b91b5227c56ce9d,"당산반도유보라팰리스",영등포구,NO_MATCH,EXACT_PARCEL,115601140000960000,"서울 영등포구 당산동4가 96"
cx_9b96bb341fe49bfe,"dmc덕원",은평구,NO_MATCH,EXACT_JIBUN_ADDRESS,113801100002200001,"서울 은평구 증산동 220-1"
cx_9b9926ea9e961ff9,"목화",은평구,NO_MATCH,EXACT_JIBUN_ADDRESS,113801100001640005,"서울 은평구 증산동 164-5"
cx_9ba635a68cf3cc2e,"한백e타운아파트",강서구,NO_MATCH,EXACT_JIBUN_ADDRESS,115001030009010013,"서울 강서구 화곡동 901-13"
cx_9bb00a0fd43ee1e7,"목동트윈빌",양천구,NO_MATCH,EXACT_JIBUN_ADDRESS,114701020009050022,"서울 양천구 목동 905-22"
cx_9bcae492c13becfc,"재연",은평구,NO_MATCH,EXACT_JIBUN_ADDRESS,113801070001220026,"서울 은평구 응암동 122-26"
cx_9be02579b5c86a8e,"강변건영아파트",성동구,NO_MATCH,EXACT_PARCEL,112001140007100000,"서울 성동구 성수동1가 710"
cx_9bebf3dd068f66b8,"훼미리하우스117",영등포구,NO_MATCH,EXACT_JIBUN_ADDRESS,115601080000940051,"서울 영등포구 영등포동7가 94-51"
cx_9bedec040e8bf5ca,"천우네오젠(693)",강서구,NO_MATCH,MULTI_RECORD_SAME_PARCEL,115001060006930000,"서울 강서구 내발산동 693"
cx_9c04561a002a4038,"르메이에르장안타운ii(342-11)",동대문구,NO_MATCH,EXACT_JIBUN_ADDRESS,112301060003420011,"서울 동대문구 장안동 342-11"
cx_9c0ead801c9f692a,"sk리더스뷰(파스텔시티)",서초구,NO_MATCH,EXACT_JIBUN_ADDRESS,116501010004440003,"서울 서초구 방배동 444-3"
cx_9c17ff3bb947ea2e,"삼호",영등포구,NO_MATCH,EXACT_PARCEL,115601270000660000,"서울 영등포구 양평동3가 66"
cx_9c1ee3cf5a692632,"한강현대",동작구,NO_MATCH,EXACT_PARCEL,115901050000280000,"서울 동작구 흑석동 28"
cx_9c32ae09d2bdaa97,"서울숲리버그린동아아파트",성동구,NO_MATCH,EXACT_PARCEL,112001080002760000,"서울 성동구 응봉동 276"
cx_9c3677a3bcaac161,"태솔",강북구,NO_MATCH,EXACT_JIBUN_ADDRESS,113051010001350044,"서울 강북구 미아동 135-44"
cx_9c4944c9ede3a6b7,"만민하늘애2차",은평구,NO_MATCH,EXACT_JIBUN_ADDRESS,113801080000420007,"서울 은평구 역촌동 42-7"
cx_9c5242b9d1e15881,"극동",구로구,NO_MATCH,EXACT_PARCEL,115301020003140000,"서울 구로구 구로동 314"
cx_9c53cc050d4bde97,"태솔아파트2차",동대문구,NO_MATCH,EXACT_JIBUN_ADDRESS,112301060003460002,"서울 동대문구 장안동 346-2"
cx_9c54c8122d20b619,"홍제비콘드림힐",서대문구,NO_MATCH,EXACT_PARCEL,114101110004680000,"서울 서대문구 홍제동 468"
cx_9c55baaf1d3d1ae0,"(742-68)",구로구,NO_MATCH,EXACT_JIBUN_ADDRESS,115301020007420068,"서울 구로구 구로동 742-68"
cx_9c66488defd95f39,"한신플러스c",성북구,NO_MATCH,MULTI_RECORD_SAME_PARCEL,112901100000230000,"서울 성북구 동소문동7가 23"
cx_9c6a663e673324a1,"공덕1삼성래미안",마포구,NO_MATCH,EXACT_PARCEL,114401020003710000,"서울 마포구 공덕동 371"
cx_9c6ae839686e11b9,"네스코뮤즈빌",관악구,NO_MATCH,EXACT_JIBUN_ADDRESS,116201030006020216,"서울 관악구 남현동 602-216"
cx_9c6e1163d5c9e480,"뉴현대",서초구,NO_MATCH,MULTI_RECORD_SAME_PARCEL,116501020002920000,"서울 서초구 양재동 292"
cx_9c72388540f51da4,"대영(1동)",광진구,NO_MATCH,EXACT_JIBUN_ADDRESS,112151030002540123,"서울 광진구 구의동 254-123"
cx_9c72405a17c1e7bd,"프리가",영등포구,NO_MATCH,EXACT_JIBUN_ADDRESS,115601320000650021,"서울 영등포구 신길동 65-21"
cx_9c7415b45042b920,"우국한마음",서대문구,NO_MATCH,EXACT_PARCEL,114101170007430000,"서울 서대문구 연희동 743"
cx_9c760cb0430f60a7,"가우디트윈캐슬1",동대문구,NO_MATCH,EXACT_JIBUN_ADDRESS,112301060003740009,"서울 동대문구 장안동 374-9"
cx_9c7d11dde35ebaf9,"미영리치타운103",중랑구,NO_MATCH,EXACT_JIBUN_ADDRESS,112601030002070012,"서울 중랑구 중화동 207-12"
cx_9c8f84fd52348151,"근상프리즘(955-9)",강서구,NO_MATCH,EXACT_JIBUN_ADDRESS,115001030009550009,"서울 강서구 화곡동 955-9"
cx_9c9520634b4bf4e5,"동림",서대문구,NO_MATCH,EXACT_JIBUN_ADDRESS,114101180000080476,"서울 서대문구 홍은동 8-476"
cx_9c966574ec09bf79,"우정에쉐르3",강남구,NO_MATCH,EXACT_JIBUN_ADDRESS,116801010007070015,"서울 강남구 역삼동 707-15"
cx_9c9897caf97405e3,"산장그린",관악구,NO_MATCH,EXACT_JIBUN_ADDRESS,116201020004120137,"서울 관악구 신림동 412-137"
cx_9c9b0c7f03263e06,"마포대림1",마포구,NO_MATCH,EXACT_PARCEL,114401050005000000,"서울 마포구 용강동 500"
cx_9ca2dc0342fba69c,"이안",은평구,NO_MATCH,EXACT_JIBUN_ADDRESS,113801050003080081,"서울 은평구 구산동 308-81"
cx_9ca323a8848f785f,"한신",서초구,NO_MATCH,EXACT_JIBUN_ADDRESS,116501060000560003,"서울 서초구 잠원동 56-3"
cx_9ca38fd16afe6dfd,"방배대우멤버스카운티502",서초구,NO_MATCH,EXACT_JIBUN_ADDRESS,116501010008010005,"서울 서초구 방배동 801-5"
cx_9ca6e0aafc3492d1,"인헌",관악구,NO_MATCH,EXACT_PARCEL,116201010017250000,"서울 관악구 봉천동 1725"
cx_9ca9cc52cbe738cd,"신동아빌라트",강동구,NO_MATCH,EXACT_JIBUN_ADDRESS,117401070004500010,"서울 강동구 암사동 450-10"
cx_9cacfb4dc2141eed,"동현아파트1~6",강남구,NO_MATCH,MULTI_RECORD_SAME_PARCEL,116801080001050000,"서울 강남구 논현동 105"
cx_9cb124e866e9cadb,"신동아3",강동구,NO_MATCH,NO_MATCH,117401050000430000,"서울 강동구 길동 43"
cx_9cb1e9620100c7e9,"수영힐(가동)",구로구,NO_MATCH,EXACT_JIBUN_ADDRESS,115301070000610002,"서울 구로구 개봉동 61-2"
cx_9cb6d4fbe4d64634,"건영6",관악구,NO_MATCH,EXACT_PARCEL,116201010017010000,"서울 관악구 봉천동 1701"
cx_9cd0b2fac2ba2461,"신반포14",서초구,NO_MATCH,NO_MATCH,116501060000740000,"서울 서초구 잠원동 74"
cx_9cd0e37df2ee372d,"삼선에스케이뷰",성북구,NO_MATCH,EXACT_PARCEL,112901130001160000,"서울 성북구 삼선동3가 116"
cx_9cdbff6599a56ba3,"화곡동성재",강서구,NO_MATCH,EXACT_JIBUN_ADDRESS,115001030009110012,"서울 강서구 화곡동 911-12"
cx_9cdfc51bd8d2327d,"한양아트빌(77-3)",은평구,NO_MATCH,EXACT_JIBUN_ADDRESS,113801080000770003,"서울 은평구 역촌동 77-3"
cx_9cf9b9e7f0ede3de,"(746-17)",구로구,NO_MATCH,EXACT_JIBUN_ADDRESS,115301020007460017,"서울 구로구 구로동 746-17"
cx_9cff3e977905b573,"동성아파트(2동)",종로구,NO_MATCH,EXACT_JIBUN_ADDRESS,111101680000040157,"서울 종로구 동숭동 4-157"
cx_9cffacc79d1508bd,"e편한세상문래에듀플라츠",영등포구,NO_MATCH,EXACT_PARCEL,115601240000580000,"서울 영등포구 문래동6가 58"
cx_9d05b7c987d84a97,"디안(89-258)",은평구,NO_MATCH,EXACT_JIBUN_ADDRESS,113801060000890258,"서울 은평구 대조동 89-258"
cx_9d11e4ce1dd21ced,"반도하우드",은평구,NO_MATCH,EXACT_JIBUN_ADDRESS,113801040002580001,"서울 은평구 갈현동 258-1"
cx_9d2046877446f23f,"초안산쌍용스윗닷홈",노원구,NO_MATCH,EXACT_PARCEL,113501020009450000,"서울 노원구 월계동 945"
cx_9d28489107c66710,"광명아파트",송파구,NO_MATCH,EXACT_JIBUN_ADDRESS,117101110001200002,"서울 송파구 방이동 120-2"
cx_9d2b9dfaf8efd396,"자양호반써밋",광진구,NO_MATCH,EXACT_PARCEL,112151050008610000,"서울 광진구 자양동 861"
cx_9d3e5a8b0d885986,"전농우성",동대문구,NO_MATCH,EXACT_PARCEL,112301040000060000,"서울 동대문구 전농동 6"
cx_9d46e35068728852,"현대6차",영등포구,NO_MATCH,EXACT_JIBUN_ADDRESS,115601240000550001,"서울 영등포구 문래동6가 55-1"
cx_9d59475db2b7a2a4,"미영리치타운",중랑구,NO_MATCH,EXACT_JIBUN_ADDRESS,112601030002070014,"서울 중랑구 중화동 207-14"
cx_9d5997245956121f,"미래한건아파트",중랑구,NO_MATCH,EXACT_JIBUN_ADDRESS,112601010001360096,"서울 중랑구 면목동 136-96"
cx_9d624fedf2dc2644,"장미빌라",구로구,NO_MATCH,EXACT_JIBUN_ADDRESS,115301020007990020,"서울 구로구 구로동 799-20"
cx_9d68cb32afed7b7d,"거여1단지",송파구,NO_MATCH,EXACT_PARCEL,117101130002900000,"서울 송파구 거여동 290"
cx_9d72b124a235d4fb,"은평뉴타운기자촌11단지",은평구,NO_MATCH,EXACT_PARCEL,113801140001500000,"서울 은평구 진관동 150"
cx_9d7b62a77e83dd11,"삼동3",양천구,NO_MATCH,NO_MATCH,114701030005620005,"서울 양천구 신월동 562-5"
cx_9d7b78e9e82c4322,"예원캐슬",중랑구,NO_MATCH,EXACT_JIBUN_ADDRESS,112601050005080034,"서울 중랑구 망우동 508-34"
cx_9d807a0fac9cee5e,"래미안리더스원",서초구,NO_MATCH,EXACT_PARCEL,116501080017550000,"서울 서초구 서초동 1755"
cx_9d80e956e197715d,"(749-57)",구로구,NO_MATCH,EXACT_JIBUN_ADDRESS,115301020007490057,"서울 구로구 구로동 749-57"
cx_9d93d6c44baccf19,"우남(저층)",노원구,NO_MATCH,NO_MATCH,113501020004920001,"서울 노원구 월계동 492-1"
cx_9d95e9fcc750d1f2,"대방1차e-편한세상",동작구,NO_MATCH,EXACT_PARCEL,115901080005080000,"서울 동작구 대방동 508"
cx_9d9a86f6976f3814,"신원메트로빌",관악구,NO_MATCH,EXACT_JIBUN_ADDRESS,116201010008700013,"서울 관악구 봉천동 870-13"
cx_9daf07a3dc382b8e,"화곡6차보람쉬움",강서구,NO_MATCH,EXACT_PARCEL,115001030011540000,"서울 강서구 화곡동 1154"
cx_9db6f1e56de289ed,"동도하이츠비동",서대문구,NO_MATCH,EXACT_JIBUN_ADDRESS,114101190002730017,"서울 서대문구 북가좌동 273-17"
cx_9db726db2916341f,"현대하이츠",강남구,NO_MATCH,EXACT_JIBUN_ADDRESS,116801010007750015,"서울 강남구 역삼동 775-15"
cx_9db908898c979651,"성원상떼빌",도봉구,NO_MATCH,EXACT_JIBUN_ADDRESS,113201070007430015,"서울 도봉구 창동 743-15"
cx_9dbb3e8f83f5c3fa,"천마그랑밸리",송파구,NO_MATCH,EXACT_JIBUN_ADDRESS,117101140000680005,"서울 송파구 마천동 68-5"
cx_9dbcd9dc176fb588,"신동아",서초구,NO_MATCH,NO_MATCH,116501010009880001,"서울 서초구 방배동 988-1"
cx_9dd0674b78e7d3ff,"동문타운",종로구,NO_MATCH,EXACT_JIBUN_ADDRESS,111101750001810105,"서울 종로구 숭인동 181-105"
cx_9ddaf2af8bacc990,"청목파크빌",광진구,NO_MATCH,EXACT_JIBUN_ADDRESS,112151030005600015,"서울 광진구 구의동 560-15"
cx_9de5e68341806079,"상지리츠빌카일룸(1009-4)",강남구,NO_MATCH,EXACT_JIBUN_ADDRESS,116801060010090004,"서울 강남구 대치동 1009-4"
cx_9de7b5476d3d3b89,"대동",도봉구,NO_MATCH,EXACT_PARCEL,113201070008110000,"서울 도봉구 창동 811"
cx_9df908a0a66b64cd,"밝은햇살",강서구,NO_MATCH,MULTI_RECORD_SAME_PARCEL,115001010002660000,"서울 강서구 염창동 266"
cx_9dfd69834181a58b,"등촌제이스카이",강서구,NO_MATCH,EXACT_PARCEL,115001010003110000,"서울 강서구 염창동 311"
cx_9e193ea400834eda,"제이클래스목동주상복합",양천구,NO_MATCH,EXACT_JIBUN_ADDRESS,114701010009220001,"서울 양천구 신정동 922-1"
cx_9e21380e1aeb28cb,"앰팰리스아파트",관악구,NO_MATCH,EXACT_PARCEL,116201020017430000,"서울 관악구 신림동 1743"
cx_9e2e37a61b446c0f,"래미안용산더센트럴",용산구,NO_MATCH,EXACT_PARCEL,111701250004220000,"서울 용산구 한강로2가 422"
cx_9e2e835ef4d436f8,"엘리시아",양천구,NO_MATCH,MULTI_RECORD_SAME_PARCEL,114701020005240000,"서울 양천구 목동 524"
cx_9e2f19f931f33628,"코아루센타시아",성북구,NO_MATCH,EXACT_JIBUN_ADDRESS,112901160001210006,"서울 성북구 동선동1가 121-6"
cx_9e3c69e1afff96c1,"성진준빌라트",서초구,NO_MATCH,EXACT_JIBUN_ADDRESS,116501060000480005,"서울 서초구 잠원동 48-5"
cx_9e46192b7493925c,"양재테크노5",서초구,NO_MATCH,EXACT_JIBUN_ADDRESS,116501020000070039,"서울 서초구 양재동 7-39"
cx_9e4ccb9b7bf1e302,"리치빌(177-2)",송파구,NO_MATCH,EXACT_JIBUN_ADDRESS,117101110001770002,"서울 송파구 방이동 177-2"
cx_9e5876ac084dbce3,"지석",강서구,NO_MATCH,EXACT_JIBUN_ADDRESS,115001030009260004,"서울 강서구 화곡동 926-4"
cx_9e5d3dd3c1eefd3e,"율포그레이스빌",구로구,NO_MATCH,EXACT_PARCEL,115301070004830000,"서울 구로구 개봉동 483"
cx_9e66a1a441d1e6f8,"금광포란재",강동구,NO_MATCH,EXACT_PARCEL,117401080006040000,"서울 강동구 성내동 604"
cx_9e6ee40d675de112,"쉼터빌리지",금천구,NO_MATCH,EXACT_JIBUN_ADDRESS,115451030005580017,"서울 금천구 시흥동 558-17"
cx_9e797dc245248b89,"상지리츠빌(10)",서초구,NO_MATCH,EXACT_JIBUN_ADDRESS,116501080015170006,"서울 서초구 서초동 1517-6"
cx_9e79acd455549d3b,"형우럭스빌(33-1)",종로구,NO_MATCH,EXACT_JIBUN_ADDRESS,111101830000330001,"서울 종로구 평창동 33-1"
cx_9e7cd1be16916c05,"송림주택",구로구,NO_MATCH,EXACT_JIBUN_ADDRESS,115301020007930034,"서울 구로구 구로동 793-34"
cx_9e7e493c221f7ec7,"마이스터빌",중구,NO_MATCH,EXACT_JIBUN_ADDRESS,111401620004070007,"서울 중구 신당동 407-7"
cx_9ea1fb631274e02c,"수명산태송팰리채",강서구,NO_MATCH,EXACT_JIBUN_ADDRESS,115001060006880004,"서울 강서구 내발산동 688-4"
cx_9eb0b968bf63bff0,"성광빌딩",구로구,NO_MATCH,NO_MATCH,115301010003090006,"서울 구로구 신도림동 309-6"
cx_9eb9daf0488a9eda,"토미",강남구,NO_MATCH,EXACT_JIBUN_ADDRESS,116801070005930032,"서울 강남구 신사동 593-32"
cx_9ec65a4c6cfbc4cc,"갑지하이린",강동구,NO_MATCH,EXACT_JIBUN_ADDRESS,117401080004430021,"서울 강동구 성내동 443-21"
cx_9edd03d8fc13954e,"개포우성2",강남구,NO_MATCH,EXACT_PARCEL,116801060005000000,"서울 강남구 대치동 500"
cx_9ee1ad2b3b8454dc,"동성네스트빌101",중랑구,NO_MATCH,EXACT_JIBUN_ADDRESS,112601010013390002,"서울 중랑구 면목동 1339-2"
cx_9ee680b8a6609d0a,"율창",강서구,NO_MATCH,EXACT_JIBUN_ADDRESS,115001030008880001,"서울 강서구 화곡동 888-1"
cx_9ee75ccae6efe235,"강일리버파크5단지",강동구,NO_MATCH,EXACT_PARCEL,117401100006700000,"서울 강동구 강일동 670"
cx_9ef4b9c31836fa6d,"서초녹원",서초구,NO_MATCH,EXACT_JIBUN_ADDRESS,116501080016660014,"서울 서초구 서초동 1666-14"
cx_9efdf37356418573,"상지리츠빌(5)",서초구,NO_MATCH,EXACT_JIBUN_ADDRESS,116501080014910014,"서울 서초구 서초동 1491-14"
cx_9f0329003c6c15bb,"현대삼성동1차",강남구,NO_MATCH,EXACT_JIBUN_ADDRESS,116801050000570009,"서울 강남구 삼성동 57-9"
cx_9f0aa3b16bb3dbfb,"신월성원",양천구,NO_MATCH,EXACT_JIBUN_ADDRESS,114701030002220007,"서울 양천구 신월동 222-7"
cx_9f1d00a0a85789d8,"푸른숲2차(474-18)",강서구,NO_MATCH,EXACT_JIBUN_ADDRESS,115001030004740018,"서울 강서구 화곡동 474-18"
cx_9f23cec7e1dbb48e,"현대홈타운스위트",구로구,NO_MATCH,EXACT_PARCEL,115301120002330000,"서울 구로구 항동 233"
cx_9f378907f3acd3e2,"방배샤인힐6차",서초구,NO_MATCH,EXACT_JIBUN_ADDRESS,116501010008400001,"서울 서초구 방배동 840-1"
cx_9f434d225308a9dc,"하나플러스ll",강동구,NO_MATCH,EXACT_PARCEL,117401080006010000,"서울 강동구 성내동 601"
cx_9f456a03a97f74ca,"삼안리치8차",용산구,NO_MATCH,EXACT_JIBUN_ADDRESS,111701010001430023,"서울 용산구 후암동 143-23"
cx_9f4d0a79210014d0,"중곡1단지",광진구,NO_MATCH,EXACT_JIBUN_ADDRESS,112151010001910077,"서울 광진구 중곡동 191-77"
cx_9f537adcc4acef6d,"서초2차e-편한세상",서초구,NO_MATCH,EXACT_PARCEL,116501080015290000,"서울 서초구 서초동 1529"
cx_9f5bf3173fec5e2d,"강동헤리티지자이",강동구,NO_MATCH,EXACT_PARCEL,117401050004830000,"서울 강동구 길동 483"
cx_9f5eadbb9fa1e960,"우공102동",은평구,NO_MATCH,EXACT_JIBUN_ADDRESS,113801090002780034,"서울 은평구 신사동 278-34"
cx_9f5f2fe2798a2e1a,"탑",관악구,NO_MATCH,EXACT_JIBUN_ADDRESS,116201010016720010,"서울 관악구 봉천동 1672-10"
cx_9f6776bbc64d88e9,"(742-64)",구로구,NO_MATCH,EXACT_JIBUN_ADDRESS,115301020007420064,"서울 구로구 구로동 742-64"
cx_9f6d849023b5cea9,"도곡3차아이파크",강남구,NO_MATCH,EXACT_PARCEL,116801180009700000,"서울 강남구 도곡동 970"
cx_9f6e4c1d8fe45d93,"길명1차아파트",마포구,NO_MATCH,EXACT_JIBUN_ADDRESS,114401230004560009,"서울 마포구 망원동 456-9"
cx_9f79fdd59b5f0410,"두레",마포구,NO_MATCH,EXACT_JIBUN_ADDRESS,114401220003860009,"서울 마포구 합정동 386-9"
cx_9f8391f804a136a2,"서초동아",서초구,NO_MATCH,EXACT_JIBUN_ADDRESS,116501080015270014,"서울 서초구 서초동 1527-14"
cx_9f95a536467720e7,"베스트빌(417-10)",동대문구,NO_MATCH,EXACT_JIBUN_ADDRESS,112301060004170010,"서울 동대문구 장안동 417-10"
cx_9f984007f22c0640,"오동공원현대",강북구,NO_MATCH,EXACT_PARCEL,113051020007600000,"서울 강북구 번동 760"
cx_9f9e51b32faeeaef,"동문a",종로구,NO_MATCH,EXACT_PARCEL,111101750005450000,"서울 종로구 숭인동 545"
cx_9fb5ee270d0120e1,"쌍용스윗닷홈(105동)",송파구,NO_MATCH,EXACT_JIBUN_ADDRESS,117101070000510001,"서울 송파구 가락동 51-1"
cx_9fb69673619373b8,"서울숲2차푸르지오",성동구,NO_MATCH,EXACT_PARCEL,112001120002350000,"서울 성동구 금호동4가 235"
cx_9fbdff5fb20b3be9,"궁전",강북구,NO_MATCH,EXACT_JIBUN_ADDRESS,113051030002800014,"서울 강북구 수유동 280-14"
cx_9fdd2777349fd2e4,"태영데시앙",양천구,NO_MATCH,EXACT_PARCEL,114701010012910000,"서울 양천구 신정동 1291"
cx_9fe3c0e5a450dc32,"동답한신",동대문구,NO_MATCH,EXACT_PARCEL,112301050000420000,"서울 동대문구 답십리동 42"
cx_9fe6015a05df16f0,"꿈의숲푸르지오",성북구,NO_MATCH,EXACT_PARCEL,112901360002280000,"서울 성북구 하월곡동 228"
cx_9fea0506813b81cf,"한신23차",서초구,NO_MATCH,NO_MATCH,116501070000010015,"서울 서초구 반포동 1-15"
cx_9ff4b39fd85794bd,"레미앙",양천구,NO_MATCH,EXACT_JIBUN_ADDRESS,114701030010020001,"서울 양천구 신월동 1002-1"
cx_9ff88a1cc7525d10,"라이프",관악구,NO_MATCH,EXACT_PARCEL,116201020017000000,"서울 관악구 신림동 1700"
cx_9ffae22e73e426cd,"g밸리페트라힐스",금천구,NO_MATCH,EXACT_JIBUN_ADDRESS,115451010001390015,"서울 금천구 가산동 139-15"
cx_a0095fc0cd131249,"포시티",중랑구,NO_MATCH,EXACT_JIBUN_ADDRESS,112601020001130001,"서울 중랑구 상봉동 113-1"
cx_a01320c3b6930ded,"(798-27)",구로구,NO_MATCH,EXACT_JIBUN_ADDRESS,115301020007980027,"서울 구로구 구로동 798-27"
cx_a0138d71dfec93b1,"양천벽산블루밍1단지",양천구,NO_MATCH,EXACT_PARCEL,114701030010260000,"서울 양천구 신월동 1026"
cx_a02282ab10c34c79,"다청림(102동)",구로구,NO_MATCH,EXACT_JIBUN_ADDRESS,115301090001820010,"서울 구로구 궁동 182-10"
cx_a02d806db40cfaa9,"다울아파트102동",영등포구,NO_MATCH,EXACT_JIBUN_ADDRESS,115601320004560093,"서울 영등포구 신길동 456-93"
cx_a02fc2ab3d93a2b2,"(746-3)",구로구,NO_MATCH,EXACT_JIBUN_ADDRESS,115301020007460003,"서울 구로구 구로동 746-3"
cx_a0313a6799a208d2,"(해오름)",동대문구,NO_MATCH,EXACT_JIBUN_ADDRESS,112301060004000003,"서울 동대문구 장안동 400-3"
cx_a032ee2ad983fd33,"용명브릿지아파트",강동구,NO_MATCH,MULTI_RECORD_SAME_PARCEL,117401090000280000,"서울 강동구 천호동 28"
cx_a034121925d39255,"동보프리미아",마포구,NO_MATCH,EXACT_JIBUN_ADDRESS,114401230004630002,"서울 마포구 망원동 463-2"
cx_a03d0b022e46dc00,"일신강변",중랑구,NO_MATCH,EXACT_PARCEL,112601010015200000,"서울 중랑구 면목동 1520"
cx_a04344986da56315,"문래미원",영등포구,NO_MATCH,EXACT_PARCEL,115601240000540000,"서울 영등포구 문래동6가 54"
cx_a04466230ab3ef03,"(780-86)",구로구,NO_MATCH,EXACT_JIBUN_ADDRESS,115301020007800086,"서울 구로구 구로동 780-86"
cx_a045f825585e7456,"동원베네스트",동작구,NO_MATCH,EXACT_PARCEL,115901020005280000,"서울 동작구 상도동 528"
cx_a0486e70dbdbb222,"밤섬힐스테이트",마포구,NO_MATCH,EXACT_PARCEL,114401120002200000,"서울 마포구 현석동 220"
cx_a04e50a18a55bd29,"청담cj빌리지",강남구,NO_MATCH,EXACT_JIBUN_ADDRESS,116801040001110011,"서울 강남구 청담동 111-11"
cx_a04f27d247e3968b,"비젼",구로구,NO_MATCH,EXACT_JIBUN_ADDRESS,115301070003330006,"서울 구로구 개봉동 333-6"
cx_a05dbe41ec86801b,"서초노블레스아파트",서초구,NO_MATCH,EXACT_JIBUN_ADDRESS,116501080013620010,"서울 서초구 서초동 1362-10"
cx_a05f0aba2f43aa9c,"진안골드밸리",강북구,NO_MATCH,EXACT_JIBUN_ADDRESS,113051030005620004,"서울 강북구 수유동 562-4"
cx_a0633502c8f3bca0,"밤섬리버베르빌",마포구,NO_MATCH,EXACT_PARCEL,114401150003950000,"서울 마포구 상수동 395"
cx_a0794931305f97f5,"이너스양화6차",강서구,NO_MATCH,EXACT_JIBUN_ADDRESS,115001010002500003,"서울 강서구 염창동 250-3"
cx_a083661afa4c80d1,"상수두산위브",마포구,NO_MATCH,EXACT_PARCEL,114401150003960000,"서울 마포구 상수동 396"
cx_a08f5bb077f87d7a,"(768-2)",구로구,NO_MATCH,EXACT_JIBUN_ADDRESS,115301020007680002,"서울 구로구 구로동 768-2"
cx_a0b3b5b9665d1252,"논현라폴리움",강남구,NO_MATCH,MULTI_RECORD_SAME_PARCEL,116801080002520000,"서울 강남구 논현동 252"
cx_a0b639e16784a22e,"일신파스텔",양천구,NO_MATCH,EXACT_JIBUN_ADDRESS,114701020007210002,"서울 양천구 목동 721-2"
cx_a0bd5b9153ce60f2,"우공",마포구,NO_MATCH,EXACT_JIBUN_ADDRESS,114401090000450027,"서울 마포구 염리동 45-27"
cx_a0bfd992dd47f4d5,"신이문금호어울림",동대문구,NO_MATCH,EXACT_PARCEL,112301100004280000,"서울 동대문구 이문동 428"
cx_a0c346daf10f9de5,"한강월드컵",마포구,NO_MATCH,EXACT_PARCEL,114401230005150000,"서울 마포구 망원동 515"
cx_a0c42276e4b73ae3,"(780-41)",구로구,NO_MATCH,EXACT_JIBUN_ADDRESS,115301020007800041,"서울 구로구 구로동 780-41"
cx_a0ccb5cb31b21838,"메트로아파트",강동구,NO_MATCH,EXACT_JIBUN_ADDRESS,117401050003880005,"서울 강동구 길동 388-5"
cx_a0d59d99df8670bb,"금호한신",성동구,NO_MATCH,EXACT_PARCEL,112001110016620000,"서울 성동구 금호동3가 1662"
cx_a0dd8755bae883ba,"풍림",중랑구,NO_MATCH,EXACT_PARCEL,112601010015140000,"서울 중랑구 면목동 1514"
cx_a0e1102a9a3908f4,"동아에코빌",성북구,NO_MATCH,EXACT_PARCEL,112901370001010000,"서울 성북구 상월곡동 101"
cx_a0e92b9f9e58ccb4,"시티프라디움더강남201동",강남구,NO_MATCH,EXACT_PARCEL,116801010009010000,"서울 강남구 역삼동 901"
cx_a0ea5c0e49045aa5,"동송하이클래스",관악구,NO_MATCH,EXACT_JIBUN_ADDRESS,116201030006020163,"서울 관악구 남현동 602-163"
cx_a0ecd0f9f876bb52,"하니맨션",중구,NO_MATCH,EXACT_JIBUN_ADDRESS,111401370000510011,"서울 중구 필동1가 51-11"
cx_a0ff6969ef70c9e4,"예성그린",은평구,NO_MATCH,EXACT_PARCEL,113801090002420000,"서울 은평구 신사동 242"
cx_a1015767f21a6e0b,"로미아트빌",관악구,NO_MATCH,EXACT_JIBUN_ADDRESS,116201030006020201,"서울 관악구 남현동 602-201"
cx_a11dc70a798c6922,"프라비다트라움",관악구,NO_MATCH,EXACT_JIBUN_ADDRESS,116201020014330055,"서울 관악구 신림동 1433-55"
cx_a11e2f777d5003b1,"북한산힐스테이트7차",은평구,NO_MATCH,EXACT_PARCEL,113801030006430000,"서울 은평구 불광동 643"
cx_a12255637fb1fd8b,"중앙하이츠빌",동대문구,NO_MATCH,EXACT_PARCEL,112301100000840000,"서울 동대문구 이문동 84"
cx_a123cffc160889a5,"서초자연인아파트(102동)",서초구,NO_MATCH,EXACT_JIBUN_ADDRESS,116501080013440023,"서울 서초구 서초동 1344-23"
cx_a1251773da758b11,"sm엘루이",금천구,NO_MATCH,EXACT_JIBUN_ADDRESS,115451030007910040,"서울 금천구 시흥동 791-40"
cx_a13a649c930cc36b,"현대예술아파트",마포구,NO_MATCH,EXACT_JIBUN_ADDRESS,114401040002400001,"서울 마포구 도화동 240-1"
cx_a141489478796bec,"노블레스카운티",송파구,NO_MATCH,EXACT_JIBUN_ADDRESS,117101120000040007,"서울 송파구 오금동 4-7"
cx_a141d87d81d056f1,"연희베벌리힐즈",서대문구,NO_MATCH,EXACT_PARCEL,114101180003040000,"서울 서대문구 홍은동 304"
cx_a1470f061c85a8a2,"송광(484-103)",은평구,NO_MATCH,EXACT_JIBUN_ADDRESS,113801030004840103,"서울 은평구 불광동 484-103"
cx_a1473db2c05eab3c,"예스에이피엠",서대문구,NO_MATCH,EXACT_PARCEL,114101120001450000,"서울 서대문구 대현동 145"
cx_a14babde33f7ab56,"연희리젠시빌",서대문구,NO_MATCH,EXACT_JIBUN_ADDRESS,114101170000930004,"서울 서대문구 연희동 93-4"
cx_a150d842639cfdae,"(806-63)태영빌라",구로구,NO_MATCH,EXACT_JIBUN_ADDRESS,115301020008060063,"서울 구로구 구로동 806-63"
cx_a151897081227bd9,"대우한강베네시티",강동구,NO_MATCH,EXACT_JIBUN_ADDRESS,117401090004250005,"서울 강동구 천호동 425-5"
cx_a15277fe20cf2b7a,"뉴현대파크빌",강남구,NO_MATCH,EXACT_JIBUN_ADDRESS,116801030011640030,"서울 강남구 개포동 1164-30"
cx_a16aed165f1415de,"다성이즈빌(387-2)",강동구,NO_MATCH,EXACT_JIBUN_ADDRESS,117401050003870002,"서울 강동구 길동 387-2"
cx_a16d7af64eb6ad14,"정은노블스",은평구,NO_MATCH,EXACT_JIBUN_ADDRESS,113801060001970009,"서울 은평구 대조동 197-9"
cx_a170b75de9668e5e,"한신서래",서초구,NO_MATCH,EXACT_JIBUN_ADDRESS,116501070000700001,"서울 서초구 반포동 70-1"
cx_a1768f1f89b06988,"(792-86)",구로구,NO_MATCH,EXACT_JIBUN_ADDRESS,115301020007920086,"서울 구로구 구로동 792-86"
cx_a1821949bcbbe5de,"신안네트빌1단지",강서구,NO_MATCH,EXACT_PARCEL,115001090008680000,"서울 강서구 방화동 868"
cx_a1842df7b26ab81b,"천왕이펜하우스3단지",구로구,NO_MATCH,EXACT_PARCEL,115301110002780000,"서울 구로구 천왕동 278"
cx_a18813621d0e08eb,"두산4",중랑구,NO_MATCH,MULTI_RECORD_SAME_PARCEL,112601010015220000,"서울 중랑구 면목동 1522"
cx_a197019286dbc6f4,"대망드림힐1",노원구,NO_MATCH,EXACT_PARCEL,113501050013040000,"서울 노원구 상계동 1304"
cx_a19ce5ef01153ef9,"에피소드1",광진구,NO_MATCH,EXACT_JIBUN_ADDRESS,112151090003550005,"서울 광진구 군자동 355-5"
cx_a1aa439f1131246c,"오류동삼전솔하임",구로구,NO_MATCH,EXACT_JIBUN_ADDRESS,115301080000090231,"서울 구로구 오류동 9-231"
cx_a1b53c63bb245a8e,"천우네오젠(790-3)",강서구,NO_MATCH,EXACT_JIBUN_ADDRESS,115001030007900003,"서울 강서구 화곡동 790-3"
cx_a1bfe89a13e6598d,"(744-21)",구로구,NO_MATCH,EXACT_JIBUN_ADDRESS,115301020007440021,"서울 구로구 구로동 744-21"
cx_a1c9742385b6f200,"우방",노원구,NO_MATCH,EXACT_PARCEL,113501040003530000,"서울 노원구 하계동 353"
cx_a1c9d168f762466d,"도림청구",영등포구,NO_MATCH,EXACT_JIBUN_ADDRESS,115601180002210001,"서울 영등포구 도림동 221-1"
cx_a1e8b483187b396e,"우방1",송파구,NO_MATCH,EXACT_PARCEL,117101130003560000,"서울 송파구 거여동 356"
cx_a1e8f42f476338e5,"방배자이",서초구,NO_MATCH,EXACT_JIBUN_ADDRESS,116501010008880053,"서울 서초구 방배동 888-53"
cx_a1ee87c4ba651db2,"광장힐스테이트",광진구,NO_MATCH,EXACT_PARCEL,112151040005820000,"서울 광진구 광장동 582"
cx_a1f08a73420b7bd7,"마곡엠밸리3단지",강서구,NO_MATCH,EXACT_PARCEL,115001050007360000,"서울 강서구 마곡동 736"
cx_a1f5eba1e98d851a,"두산위브",동대문구,NO_MATCH,EXACT_PARCEL,112301050009980000,"서울 동대문구 답십리동 998"
cx_a1f7052f1a0604f9,"미켈란147",강남구,NO_MATCH,EXACT_JIBUN_ADDRESS,116801050001470002,"서울 강남구 삼성동 147-2"
cx_a1f8cfa41fb705ba,"부영팰리스",도봉구,NO_MATCH,EXACT_JIBUN_ADDRESS,113201060006900003,"서울 도봉구 방학동 690-3"
cx_a1f9b2412103f64a,"희락",노원구,NO_MATCH,EXACT_PARCEL,113501050012800000,"서울 노원구 상계동 1280"
cx_a1fe633d0d59f79b,"창동역블루핀2동",도봉구,NO_MATCH,EXACT_JIBUN_ADDRESS,113201070007430023,"서울 도봉구 창동 743-23"
cx_a1fed7f80cd2ef21,"강서월드메르디앙",강서구,NO_MATCH,EXACT_JIBUN_ADDRESS,115001060006590001,"서울 강서구 내발산동 659-1"
cx_a2026d65c3dae52d,"명남(200-16)",은평구,NO_MATCH,EXACT_JIBUN_ADDRESS,113801090002000016,"서울 은평구 신사동 200-16"
cx_a2055b2036356c9c,"광남캐스빌103동",강동구,NO_MATCH,EXACT_JIBUN_ADDRESS,117401060004350003,"서울 강동구 둔촌동 435-3"
cx_a208819c60d02112,"상아아름",양천구,NO_MATCH,EXACT_JIBUN_ADDRESS,114701030004470003,"서울 양천구 신월동 447-3"
cx_a20995830c9535ba,"종인아네스트",동작구,NO_MATCH,EXACT_JIBUN_ADDRESS,115901020000070092,"서울 동작구 상도동 7-92"
cx_a209d9e049039ae8,"청포도아파트",양천구,NO_MATCH,EXACT_JIBUN_ADDRESS,114701020007450001,"서울 양천구 목동 745-1"
cx_a214efc192125e58,"서초나산스위트",서초구,NO_MATCH,EXACT_JIBUN_ADDRESS,116501080013300016,"서울 서초구 서초동 1330-16"
cx_a24041d9f5971a9e,"흥연",서대문구,NO_MATCH,EXACT_JIBUN_ADDRESS,114101170007210006,"서울 서대문구 연희동 721-6"
cx_a247904571ab8274,"홍익하이빌",마포구,NO_MATCH,EXACT_JIBUN_ADDRESS,114401240004930027,"서울 마포구 연남동 493-27"
cx_a24bfdd3882cb93f,"강림스위트빌",마포구,NO_MATCH,EXACT_PARCEL,114401230005080000,"서울 마포구 망원동 508"
cx_a24da28cb67b362b,"방배현대멤피스2",서초구,NO_MATCH,EXACT_JIBUN_ADDRESS,116501010009820001,"서울 서초구 방배동 982-1"
cx_a264300b92f2c240,"목동다솔",양천구,NO_MATCH,EXACT_JIBUN_ADDRESS,114701020007130029,"서울 양천구 목동 713-29"
cx_a272728318e283db,"박석고개1단지힐스테이트(101~111동)bl2-12",은평구,NO_MATCH,MULTI_RECORD_SAME_PARCEL,113801140001010000,"서울 은평구 진관동 101"
cx_a27771dbd0af594e,"경희궁",서초구,NO_MATCH,EXACT_JIBUN_ADDRESS,116501020003170004,"서울 서초구 양재동 317-4"
cx_a27c217bb1c09fbf,"유진아이디움",은평구,NO_MATCH,EXACT_JIBUN_ADDRESS,113801060001970001,"서울 은평구 대조동 197-1"
cx_a27d68e4097015c3,"관악산휴먼시아1단지",관악구,NO_MATCH,EXACT_JIBUN_ADDRESS,116201020017350001,"서울 관악구 신림동 1735-1"
cx_a2897842820b1597,"신사동한신휴플러스",은평구,NO_MATCH,EXACT_PARCEL,113801090003650000,"서울 은평구 신사동 365"
cx_a2908f9cd9e1a914,"대성스카이뷰아파트",송파구,NO_MATCH,MULTI_RECORD_SAME_PARCEL,117101140000050000,"서울 송파구 마천동 5"
cx_a2971244c0abd6c2,"케이앤피상상",송파구,NO_MATCH,EXACT_JIBUN_ADDRESS,117101030002240001,"서울 송파구 풍납동 224-1"
cx_a2abc822d9552f55,"스마트트라움",중랑구,NO_MATCH,EXACT_JIBUN_ADDRESS,112601020001280034,"서울 중랑구 상봉동 128-34"
cx_a2acc1bc5f60f4f2,"센트럴타워",노원구,NO_MATCH,EXACT_JIBUN_ADDRESS,113501050005810002,"서울 노원구 상계동 581-2"
cx_a2cce28310d24b94,"프라임빌라트",서초구,NO_MATCH,EXACT_JIBUN_ADDRESS,116501070000980004,"서울 서초구 반포동 98-4"
cx_a2d37c7c0222fb77,"한강훼미리(138-62)",중랑구,NO_MATCH,EXACT_JIBUN_ADDRESS,112601010001380062,"서울 중랑구 면목동 138-62"
cx_a2e6fc7dd7ec3bf3,"(739-43)",구로구,NO_MATCH,EXACT_JIBUN_ADDRESS,115301020007390043,"서울 구로구 구로동 739-43"
cx_a2e968943c421ed5,"동대문푸르지오시티(도시형생활주택)",동대문구,NO_MATCH,EXACT_JIBUN_ADDRESS,112301020001040003,"서울 동대문구 용두동 104-3"
cx_a2f70f5ed0b4db9a,"태양아파트(612-34)",도봉구,NO_MATCH,EXACT_JIBUN_ADDRESS,113201060006120034,"서울 도봉구 방학동 612-34"
cx_a30156d4b6044acd,"광남캐스빌b",마포구,NO_MATCH,EXACT_JIBUN_ADDRESS,114401230004650003,"서울 마포구 망원동 465-3"
cx_a324a5b17c92eeee,"서초센트럴ipark",서초구,NO_MATCH,EXACT_JIBUN_ADDRESS,116501080015820003,"서울 서초구 서초동 1582-3"
cx_a32e21be3ea914a3,"대우리츠카운티",강남구,NO_MATCH,EXACT_JIBUN_ADDRESS,116801040001170022,"서울 강남구 청담동 117-22"
cx_a33bc9420b43289e,"나크빌라트",광진구,NO_MATCH,EXACT_JIBUN_ADDRESS,112151030005900007,"서울 광진구 구의동 590-7"
cx_a33e2da415c3e6de,"씨티3차",강남구,NO_MATCH,MULTI_RECORD_SAME_PARCEL,116801040001050000,"서울 강남구 청담동 105"
cx_a344b98645b4d119,"강변한솔솔파크",강서구,NO_MATCH,EXACT_PARCEL,115001010003000000,"서울 강서구 염창동 300"
cx_a348426b6e5e7c9b,"스카이캐슬아파트(512-8)",양천구,NO_MATCH,EXACT_JIBUN_ADDRESS,114701030005120008,"서울 양천구 신월동 512-8"
cx_a349ad93c92a406d,"미래한건(1563-78)",관악구,NO_MATCH,EXACT_JIBUN_ADDRESS,116201020015630078,"서울 관악구 신림동 1563-78"
cx_a35f0383e695e492,"대성유니드아파트",동대문구,NO_MATCH,EXACT_PARCEL,112301100004290000,"서울 동대문구 이문동 429"
cx_a363cd189bccc8f1,"우찬현대(1260-11)",강남구,NO_MATCH,EXACT_JIBUN_ADDRESS,116801030012600011,"서울 강남구 개포동 1260-11"
cx_a36473d6f59a7364,"네오빌",동대문구,NO_MATCH,EXACT_JIBUN_ADDRESS,112301060003390007,"서울 동대문구 장안동 339-7"
cx_a36de10622057d3a,"덕산럭스",서초구,NO_MATCH,EXACT_JIBUN_ADDRESS,116501010004600001,"서울 서초구 방배동 460-1"
cx_a379a1e7e32c37bc,"투니온",동대문구,NO_MATCH,EXACT_JIBUN_ADDRESS,112301100002560002,"서울 동대문구 이문동 256-2"
cx_a37d37313e99aac2,"현대레이크빌1",송파구,NO_MATCH,EXACT_JIBUN_ADDRESS,117101040000310002,"서울 송파구 송파동 31-2"
cx_a38c01acd6c7472c,"포르투나",강북구,NO_MATCH,EXACT_PARCEL,113051010013720000,"서울 강북구 미아동 1372"
cx_a394d00405d2f709,"서초파레스",금천구,NO_MATCH,EXACT_PARCEL,115451020011410000,"서울 금천구 독산동 1141"
cx_a3953296d8344df7,"태승",강서구,NO_MATCH,EXACT_JIBUN_ADDRESS,115001030008870011,"서울 강서구 화곡동 887-11"
cx_a3a035b468af621a,"방배임광3차",서초구,NO_MATCH,EXACT_JIBUN_ADDRESS,116501010010100001,"서울 서초구 방배동 1010-1"
cx_a3aed50b84f1f798,"아원데코빌",서초구,NO_MATCH,EXACT_JIBUN_ADDRESS,116501020002060008,"서울 서초구 양재동 206-8"
cx_a3c80a50ba3f8384,"보람노블레스아파트",노원구,NO_MATCH,EXACT_JIBUN_ADDRESS,113501030005860015,"서울 노원구 공릉동 586-15"
cx_a3cb21fb2447c93b,"밤섬예가클래식",마포구,NO_MATCH,EXACT_PARCEL,114401120001180000,"서울 마포구 현석동 118"
cx_a3cd755b8a62d906,"장안동우성4차",동대문구,NO_MATCH,EXACT_JIBUN_ADDRESS,112301060004630010,"서울 동대문구 장안동 463-10"
cx_a3d36802764b9d84,"래미안베라힐즈",은평구,NO_MATCH,EXACT_PARCEL,113801020002830000,"서울 은평구 녹번동 283"
cx_a3d56f6b661341bf,"독산동중앙하이츠빌",금천구,NO_MATCH,EXACT_PARCEL,115451020011400000,"서울 금천구 독산동 1140"
cx_a3d6f7f9c6762da1,"(749-4)",구로구,NO_MATCH,EXACT_JIBUN_ADDRESS,115301020007490004,"서울 구로구 구로동 749-4"
cx_a3e39921a28b8fcb,"미성1차",강남구,NO_MATCH,EXACT_PARCEL,116801100004140000,"서울 강남구 압구정동 414"
cx_a3e49ea592a99d18,"도곡현대힐스테이트102동",강남구,NO_MATCH,EXACT_JIBUN_ADDRESS,116801180001830007,"서울 강남구 도곡동 183-7"
cx_a3faf466acf9053e,"영진",서초구,NO_MATCH,EXACT_JIBUN_ADDRESS,116501010008360004,"서울 서초구 방배동 836-4"
cx_a407baf493de1b1f,"청담3차이-편한세상(301동)",강남구,NO_MATCH,EXACT_JIBUN_ADDRESS,116801040000440021,"서울 강남구 청담동 44-21"
cx_a41074f77b24c4ac,"태솔에버빌",동대문구,NO_MATCH,EXACT_JIBUN_ADDRESS,112301060003120008,"서울 동대문구 장안동 312-8"
cx_a411fcce290bad4e,"학동",강남구,NO_MATCH,EXACT_JIBUN_ADDRESS,116801080002170034,"서울 강남구 논현동 217-34"
cx_a414325ee52d5847,"당산어울림2차",영등포구,NO_MATCH,EXACT_PARCEL,115601130005630000,"서울 영등포구 당산동3가 563"
cx_a41658cd0edcb1a7,"프리우스역삼102동",강남구,NO_MATCH,MULTI_RECORD_SAME_PARCEL,116801010006360000,"서울 강남구 역삼동 636"
cx_a41771b4d608534d,"한강현대",강동구,NO_MATCH,EXACT_JIBUN_ADDRESS,117401070004420001,"서울 강동구 암사동 442-1"
cx_a41aeb2b5ed16445,"신일해피트리아파트101동",동대문구,NO_MATCH,EXACT_PARCEL,112301060005640000,"서울 동대문구 장안동 564"
cx_a41e9349a4f8adda,"폭포동4단지힐스테이트(426~428동)bl3-11",은평구,NO_MATCH,EXACT_PARCEL,113801140001350000,"서울 은평구 진관동 135"
cx_a427d626a5f9571d,"대림3",구로구,NO_MATCH,EXACT_PARCEL,115301010006910000,"서울 구로구 신도림동 691"
cx_a432b904bd57c6bd,"주공10",노원구,NO_MATCH,EXACT_JIBUN_ADDRESS,113501060003600016,"서울 노원구 중계동 360-16"
cx_a434b7cb6392e9ce,"dh팰리스타워",은평구,NO_MATCH,EXACT_JIBUN_ADDRESS,113801020000830026,"서울 은평구 녹번동 83-26"
cx_a43604616514fc8b,"다원그린",은평구,NO_MATCH,EXACT_JIBUN_ADDRESS,113801090000390011,"서울 은평구 신사동 39-11"
cx_a43abdacf296e548,"증산중앙하이츠",은평구,NO_MATCH,EXACT_PARCEL,113801100002480000,"서울 은평구 증산동 248"
cx_a44376d3ec4b8b32,"아데나339",동작구,NO_MATCH,EXACT_PARCEL,115901080005150000,"서울 동작구 대방동 515"
cx_a44436e064755142,"노원롯데캐슬시그니처",노원구,NO_MATCH,EXACT_PARCEL,113501050014100000,"서울 노원구 상계동 1410"
cx_a445ae5ed8e8166e,"강변",용산구,NO_MATCH,EXACT_JIBUN_ADDRESS,111701290001930003,"서울 용산구 이촌동 193-3"
cx_a44993152e85f7dc,"화곡푸르지오",강서구,NO_MATCH,EXACT_PARCEL,115001030010910000,"서울 강서구 화곡동 1091"
cx_a4613395c4a5115f,"마천대성",송파구,NO_MATCH,EXACT_PARCEL,117101140005740000,"서울 송파구 마천동 574"
cx_a46940571ac4184c,"동구햇살아파트101동",중랑구,NO_MATCH,EXACT_PARCEL,112601030004520000,"서울 중랑구 중화동 452"
cx_a46d5a64455b064f,"동남아이스타즈",강동구,NO_MATCH,EXACT_JIBUN_ADDRESS,117401050004130008,"서울 강동구 길동 413-8"
cx_a4731fd7189baea9,"암사라인",강동구,NO_MATCH,MULTI_RECORD_SAME_PARCEL,117401070004420000,"서울 강동구 암사동 442"
cx_a47b1244a48f2e82,"태흥",강동구,NO_MATCH,EXACT_JIBUN_ADDRESS,117401050003500009,"서울 강동구 길동 350-9"
cx_a485da6f548c1058,"중흥에스-클래스",도봉구,NO_MATCH,EXACT_JIBUN_ADDRESS,113201080000510012,"서울 도봉구 도봉동 51-12"
cx_a488372d4b813b54,"청량리역롯데캐슬sky-l65",동대문구,NO_MATCH,EXACT_JIBUN_ADDRESS,112301040006200047,"서울 동대문구 전농동 620-47"
cx_a48850ca3e6128e1,"(752-37)",구로구,NO_MATCH,EXACT_JIBUN_ADDRESS,115301020007520037,"서울 구로구 구로동 752-37"
cx_a48dd001479e8ade,"서울대입구한양아이클래스",관악구,NO_MATCH,EXACT_JIBUN_ADDRESS,116201010015680001,"서울 관악구 봉천동 1568-1"
cx_a4a46d4c742674a1,"동산",중구,NO_MATCH,EXACT_JIBUN_ADDRESS,111401620004320579,"서울 중구 신당동 432-579"
cx_a4a8f6c93a459eb5,"가락삼익맨숀",송파구,NO_MATCH,EXACT_PARCEL,117101040001660000,"서울 송파구 송파동 166"
cx_a4ad72ea0bbe03a6,"공감대",노원구,NO_MATCH,NO_MATCH,113501050000950274,"서울 노원구 상계동 95-274"
cx_a4adde3404fca372,"브리앙뜨3차",서초구,NO_MATCH,EXACT_JIBUN_ADDRESS,116501070001010010,"서울 서초구 반포동 101-10"
cx_a4b183629f477f65,"일동행복세상",구로구,NO_MATCH,EXACT_JIBUN_ADDRESS,115301020004460054,"서울 구로구 구로동 446-54"
cx_a4ca684575989837,"청담로얄카운티",강남구,NO_MATCH,EXACT_JIBUN_ADDRESS,116801040001170003,"서울 강남구 청담동 117-3"
cx_a4cd1a3b474ce2d9,"유덕휴먼빌",강동구,NO_MATCH,EXACT_JIBUN_ADDRESS,117401050003530040,"서울 강동구 길동 353-40"
cx_a4cf9793911dc0f9,"성원",동작구,NO_MATCH,EXACT_PARCEL,115901080005000000,"서울 동작구 대방동 500"
cx_a4d8fff4f23cacb2,"신성새실마을102동",관악구,NO_MATCH,EXACT_JIBUN_ADDRESS,116201010016050039,"서울 관악구 봉천동 1605-39"
cx_a4db7df0deb870d7,"동마",관악구,NO_MATCH,EXACT_PARCEL,116201020016990000,"서울 관악구 신림동 1699"
cx_a4f6dc7c8344d2c5,"가락현대투웰브(102동)",송파구,NO_MATCH,EXACT_JIBUN_ADDRESS,117101070001980013,"서울 송파구 가락동 198-13"
cx_a5075f90ae2085aa,"피어리스",서대문구,NO_MATCH,EXACT_PARCEL,114101020002220000,"서울 서대문구 충정로3가 222"
cx_a507e547c36b267a,"도무스",서초구,NO_MATCH,EXACT_JIBUN_ADDRESS,116501080014970012,"서울 서초구 서초동 1497-12"
cx_a510448e2605b78a,"이안용산1차(103동)",용산구,NO_MATCH,EXACT_JIBUN_ADDRESS,111701220000110029,"서울 용산구 문배동 11-29"
cx_a519b3c66e867fdf,"대림1",마포구,NO_MATCH,EXACT_PARCEL,114401230004960000,"서울 마포구 망원동 496"
cx_a528b503a0d83b50,"동민맥스빌a동",강남구,NO_MATCH,EXACT_JIBUN_ADDRESS,116801060009380011,"서울 강남구 대치동 938-11"
cx_a52e0a14ae887ef4,"현재맨션",은평구,NO_MATCH,EXACT_JIBUN_ADDRESS,113801020000350122,"서울 은평구 녹번동 35-122"
cx_a5400eb6aa6b0e58,"이편한세상청계센트럴포레",동대문구,NO_MATCH,EXACT_PARCEL,112301020007950000,"서울 동대문구 용두동 795"
cx_a540cb8aaf874fd5,"포엠빌",강북구,NO_MATCH,EXACT_JIBUN_ADDRESS,113051030001900018,"서울 강북구 수유동 190-18"
cx_a5452f52d3f72f02,"진흥아마란스",강남구,NO_MATCH,EXACT_JIBUN_ADDRESS,116801070006260001,"서울 강남구 신사동 626-1"
cx_a55709998646c432,"자양동삼성",광진구,NO_MATCH,EXACT_JIBUN_ADDRESS,112151050006450001,"서울 광진구 자양동 645-1"
cx_a559a2f414c29d09,"동도센트리움(70-12)",구로구,NO_MATCH,EXACT_JIBUN_ADDRESS,115301070000700012,"서울 구로구 개봉동 70-12"
cx_a5673bcd4a7698bd,"퀸스리버빌",용산구,NO_MATCH,EXACT_JIBUN_ADDRESS,111701290003020140,"서울 용산구 이촌동 302-140"
cx_a5696109b4474884,"오렌지카운티을지로",중구,NO_MATCH,EXACT_JIBUN_ADDRESS,111401540001450001,"서울 중구 오장동 145-1"
cx_a56a93e57c82bace,"대아2차아파트",노원구,NO_MATCH,EXACT_JIBUN_ADDRESS,113501030004920001,"서울 노원구 공릉동 492-1"
cx_a56c633f9cba9073,"센타폴리스",은평구,NO_MATCH,EXACT_JIBUN_ADDRESS,113801080000850012,"서울 은평구 역촌동 85-12"
cx_a5723ad3cd394fda,"폭포동4단지힐스테이트(408~422동)bl3-9",은평구,NO_MATCH,EXACT_PARCEL,113801140001400000,"서울 은평구 진관동 140"
cx_a58407cb1c2b3028,"진로",영등포구,NO_MATCH,EXACT_JIBUN_ADDRESS,115601110000160001,"서울 영등포구 당산동1가 16-1"
cx_a597e827a77c9423,"방화4단지",강서구,NO_MATCH,EXACT_PARCEL,115001090008310000,"서울 강서구 방화동 831"
cx_a59a4fcbca9c7904,"(803-13)구로아트빌라8",구로구,NO_MATCH,EXACT_JIBUN_ADDRESS,115301020008030013,"서울 구로구 구로동 803-13"
cx_a59cf6167d5b1d08,"명남더블레스(39-19)",은평구,NO_MATCH,EXACT_JIBUN_ADDRESS,113801090000390019,"서울 은평구 신사동 39-19"
cx_a59df3699ab2c725,"뉴목동",양천구,NO_MATCH,EXACT_JIBUN_ADDRESS,114701010010520029,"서울 양천구 신정동 1052-29"
cx_a59fc5fa4e370b22,"삼영n-city",은평구,NO_MATCH,EXACT_JIBUN_ADDRESS,113801070000960019,"서울 은평구 응암동 96-19"
cx_a5a85f6ba64cc7ce,"수서",강남구,NO_MATCH,MULTI_RECORD_SAME_PARCEL,116801140007110000,"서울 강남구 일원동 711"
cx_a5ad6f9d2f65a272,"래미안강동팰리스",강동구,NO_MATCH,EXACT_PARCEL,117401090005710000,"서울 강동구 천호동 571"
cx_a5ae5d7183989de2,"스마트트라움",도봉구,NO_MATCH,EXACT_JIBUN_ADDRESS,113201070006610055,"서울 도봉구 창동 661-55"
cx_a5ba678afb183850,"다솜금호",구로구,NO_MATCH,EXACT_JIBUN_ADDRESS,115301020000430004,"서울 구로구 구로동 43-4"
cx_a5babde13082e184,"북한산현대홈타운",은평구,NO_MATCH,EXACT_PARCEL,113801030006330000,"서울 은평구 불광동 633"
cx_a5f5af3ee30ef7af,"마곡엠밸리1단지",강서구,NO_MATCH,EXACT_PARCEL,115001050007340000,"서울 강서구 마곡동 734"
cx_a60600c32a66e0e6,"풍림아이원",성동구,NO_MATCH,EXACT_PARCEL,112001130000600000,"서울 성동구 옥수동 60"
cx_a61cdf6f14fbd41b,"뉴타운",양천구,NO_MATCH,EXACT_JIBUN_ADDRESS,114701010009520001,"서울 양천구 신정동 952-1"
cx_a61ef8e55eb17c70,"브라운스톤방학아파트",도봉구,NO_MATCH,MULTI_RECORD_SAME_PARCEL,113201060007130000,"서울 도봉구 방학동 713"
cx_a625ad656d1c2db1,"나눔스타빌",서대문구,NO_MATCH,EXACT_JIBUN_ADDRESS,114101180002650293,"서울 서대문구 홍은동 265-293"
cx_a63851e4e901b52e,"체리빌",강남구,NO_MATCH,EXACT_JIBUN_ADDRESS,116801070005500007,"서울 강남구 신사동 550-7"
cx_a63e1be5af974327,"신부파스카(319-2)",동대문구,NO_MATCH,EXACT_JIBUN_ADDRESS,112301060003190002,"서울 동대문구 장안동 319-2"
cx_a646158f16c73186,"리버하임아파트",강동구,NO_MATCH,EXACT_JIBUN_ADDRESS,117401090004620035,"서울 강동구 천호동 462-35"
cx_a64e3288e2f225c7,"한솔애리즈1",강동구,NO_MATCH,EXACT_JIBUN_ADDRESS,117401080004100016,"서울 강동구 성내동 410-16"
cx_a6549a236fa39259,"kcc엠파이어리버",마포구,NO_MATCH,EXACT_JIBUN_ADDRESS,114401220003810016,"서울 마포구 합정동 381-16"
cx_a65c4f7fee253112,"이니지오2",성북구,NO_MATCH,EXACT_PARCEL,112901330010570000,"서울 성북구 정릉동 1057"
cx_a66f034f275dd72f,"응암아네스트",은평구,NO_MATCH,EXACT_JIBUN_ADDRESS,113801070000880008,"서울 은평구 응암동 88-8"
cx_a66ffebe7b66b8d0,"중계스타클래스",노원구,NO_MATCH,EXACT_PARCEL,113501060005990000,"서울 노원구 중계동 599"
cx_a68b55293bc86675,"세종아파트",종로구,NO_MATCH,EXACT_PARCEL,111101110000560000,"서울 종로구 옥인동 56"
cx_a68eafcc86cc23b6,"신호(199-24)",은평구,NO_MATCH,EXACT_JIBUN_ADDRESS,113801050001990024,"서울 은평구 구산동 199-24"
cx_a692b9011de9d806,"목동신세계아파트",양천구,NO_MATCH,EXACT_JIBUN_ADDRESS,114701010001190175,"서울 양천구 신정동 119-175"
cx_a693ab0f433c5a26,"상지리츠빌카일룸2차",강남구,NO_MATCH,EXACT_JIBUN_ADDRESS,116801040001280018,"서울 강남구 청담동 128-18"
cx_a69e050652c6bdb1,"대아",마포구,NO_MATCH,EXACT_JIBUN_ADDRESS,114401200003290002,"서울 마포구 서교동 329-2"
cx_a6a16ce66a9cac50,"선경에버빌",서초구,NO_MATCH,MULTI_RECORD_SAME_PARCEL,116501020003820000,"서울 서초구 양재동 382"
cx_a6a429dcab741c84,"월드컵아이파크(667)",마포구,NO_MATCH,EXACT_PARCEL,114401250006670000,"서울 마포구 성산동 667"
cx_a6aa455f2c3977b3,"상림마을7단지아이파크(702~705동)bl1-4",은평구,NO_MATCH,EXACT_PARCEL,113801140000060000,"서울 은평구 진관동 6"
cx_a6ad3c9cecace61a,"선정(178)",은평구,NO_MATCH,EXACT_PARCEL,113801100002510000,"서울 은평구 증산동 251"
cx_a6ad43767ab1ee11,"문정대우푸르지오2차",송파구,NO_MATCH,EXACT_PARCEL,117101080000190000,"서울 송파구 문정동 19"
cx_a6be689a73a4be51,"베스트빌",강동구,NO_MATCH,EXACT_JIBUN_ADDRESS,117401090000370024,"서울 강동구 천호동 37-24"
cx_a6bf47e1fcb24ccc,"현대(209)",금천구,NO_MATCH,EXACT_PARCEL,115451030002090000,"서울 금천구 시흥동 209"
cx_a6e1486e42d3aeb6,"대림아크로빌",양천구,NO_MATCH,EXACT_JIBUN_ADDRESS,114701010003240007,"서울 양천구 신정동 324-7"
cx_a6e80d11f8c26819,"유니드",강서구,NO_MATCH,EXACT_JIBUN_ADDRESS,115001060007120002,"서울 강서구 내발산동 712-2"
cx_a6ea8eec6ad8a23f,"목동센트럴푸르지오",양천구,NO_MATCH,EXACT_JIBUN_ADDRESS,114701020004040013,"서울 양천구 목동 404-13"
cx_a6eb9113cf287033,"노블카운티",강남구,NO_MATCH,EXACT_JIBUN_ADDRESS,116801010007940024,"서울 강남구 역삼동 794-24"
cx_a6efb1d8bab7fa12,"한화꿈에그린",마포구,NO_MATCH,EXACT_PARCEL,114401020004600000,"서울 마포구 공덕동 460"
cx_a700d633bb595958,"삼각산아이원",강북구,NO_MATCH,EXACT_PARCEL,113051010013570000,"서울 강북구 미아동 1357"
cx_a70b8e6919bfcd19,"삼성",종로구,NO_MATCH,EXACT_PARCEL,111101830005960000,"서울 종로구 평창동 596"
cx_a70f42e6bafa594b,"범신칼릭스빌",강남구,NO_MATCH,EXACT_PARCEL,116801040001250000,"서울 강남구 청담동 125"
cx_a712edbf3fd1167a,"디우아르떼",은평구,NO_MATCH,EXACT_JIBUN_ADDRESS,113801070005900023,"서울 은평구 응암동 590-23"
cx_a720d3e7b09de261,"위드비엠3",관악구,NO_MATCH,EXACT_JIBUN_ADDRESS,116201020005380039,"서울 관악구 신림동 538-39"
cx_a723b0cb06bc90f1,"영진해가든(2동)",강동구,NO_MATCH,EXACT_JIBUN_ADDRESS,117401070004850002,"서울 강동구 암사동 485-2"
cx_a7267339ab894b84,"유니아테라스",성북구,NO_MATCH,EXACT_JIBUN_ADDRESS,112901130000210004,"서울 성북구 삼선동3가 21-4"
cx_a72765108dd116cd,"문영센스빌",서대문구,NO_MATCH,EXACT_JIBUN_ADDRESS,114101100000010046,"서울 서대문구 북아현동 1-46"
cx_a73503d7bcdea183,"경희궁파크팰리스",종로구,NO_MATCH,EXACT_PARCEL,111101180000950000,"서울 종로구 내수동 95"
cx_a73557d69ea2b4b8,"상지리츠빌4b",강남구,NO_MATCH,EXACT_JIBUN_ADDRESS,116801040001140018,"서울 강남구 청담동 114-18"
cx_a73aa2a21f91802e,"비즈트위트레인보우",구로구,NO_MATCH,EXACT_JIBUN_ADDRESS,115301020000440005,"서울 구로구 구로동 44-5"
cx_a740c0abd586707e,"사직아파트",종로구,NO_MATCH,EXACT_JIBUN_ADDRESS,111101150000010008,"서울 종로구 사직동 1-8"
cx_a7472f865644b58b,"우성2차아파트101동",노원구,NO_MATCH,EXACT_JIBUN_ADDRESS,113501030005690026,"서울 노원구 공릉동 569-26"
cx_a7529ff9142f0364,"성재아이캐슬",영등포구,NO_MATCH,EXACT_JIBUN_ADDRESS,115601170001210136,"서울 영등포구 당산동 121-136"
cx_a753868fd5fd2246,"써니힐",서초구,NO_MATCH,EXACT_JIBUN_ADDRESS,116501070007010031,"서울 서초구 반포동 701-31"
cx_a755d8624ffb812e,"북한산삼부르네상스205동206동207동",서대문구,NO_MATCH,EXACT_JIBUN_ADDRESS,114101180000081091,"서울 서대문구 홍은동 8-1091"
cx_a75e2cf56af8a613,"주성aura",광진구,NO_MATCH,EXACT_JIBUN_ADDRESS,112151010001300005,"서울 광진구 중곡동 130-5"
cx_a75f5ff26e4a924e,"이너스내안에",강북구,NO_MATCH,EXACT_PARCEL,113051010013610000,"서울 강북구 미아동 1361"
cx_a75ff6784de5651b,"송파건원여미지아파트",송파구,NO_MATCH,EXACT_PARCEL,117101140000210000,"서울 송파구 마천동 21"
cx_a767169751eca8fc,"금강102",도봉구,NO_MATCH,EXACT_JIBUN_ADDRESS,113201070006290029,"서울 도봉구 창동 629-29"
cx_a76e1bc554d0597e,"목동글로리파크",양천구,NO_MATCH,EXACT_JIBUN_ADDRESS,114701020007730003,"서울 양천구 목동 773-3"
cx_a7725baafffe51b2,"위더스하임",중구,NO_MATCH,EXACT_JIBUN_ADDRESS,111401630001420001,"서울 중구 흥인동 142-1"
cx_a774b303df15b895,"벨로스",마포구,NO_MATCH,EXACT_JIBUN_ADDRESS,114401250002540007,"서울 마포구 성산동 254-7"
cx_a77b06c026bbb940,"청백4",노원구,NO_MATCH,EXACT_PARCEL,113501020007810000,"서울 노원구 월계동 781"
cx_a77eb54d7b5490cd,"신림스카이아파트",관악구,NO_MATCH,EXACT_PARCEL,116201020017440000,"서울 관악구 신림동 1744"
cx_a77f20f97d4eb509,"송산아파트",성북구,NO_MATCH,EXACT_PARCEL,112901070002790000,"서울 성북구 동소문동4가 279"
cx_a7913a013c91362d,"세양아르비채102동",서초구,NO_MATCH,EXACT_JIBUN_ADDRESS,116501010004250001,"서울 서초구 방배동 425-1"
cx_a795092d0b4cfab4,"예가크레시아",은평구,NO_MATCH,EXACT_JIBUN_ADDRESS,113801060000060013,"서울 은평구 대조동 6-13"
cx_a798edcd318f4e5c,"상인파크빌",마포구,NO_MATCH,EXACT_JIBUN_ADDRESS,114401250002710023,"서울 마포구 성산동 271-23"
cx_a79cef976f88b413,"일진아이윌",서대문구,NO_MATCH,EXACT_JIBUN_ADDRESS,114101170002180016,"서울 서대문구 연희동 218-16"
cx_a7a6092a3504182e,"시니어캐슬클라시온",은평구,NO_MATCH,NO_MATCH,113801020000910007,"서울 은평구 녹번동 91-7"
cx_a7af6fa63c1e2d7f,"영화노블레스아파트",은평구,NO_MATCH,EXACT_JIBUN_ADDRESS,113801060000150122,"서울 은평구 대조동 15-122"
cx_a7bc9b77728e6f43,"건영1",관악구,NO_MATCH,EXACT_JIBUN_ADDRESS,116201020007460043,"서울 관악구 신림동 746-43"
cx_a7c48cc067d52ed9,"방학동삼성래미안2",도봉구,NO_MATCH,EXACT_JIBUN_ADDRESS,113201060007150012,"서울 도봉구 방학동 715-12"
cx_a7c61717bc30d0b5,"행당한진타운",성동구,NO_MATCH,EXACT_PARCEL,112001070003460000,"서울 성동구 행당동 346"
cx_a7d22a1ef1a14b95,"래미안파크스위트",광진구,NO_MATCH,EXACT_PARCEL,112151030006680000,"서울 광진구 구의동 668"
cx_a7dc1270d7050de0,"청송평화",강서구,NO_MATCH,EXACT_JIBUN_ADDRESS,115001030004570001,"서울 강서구 화곡동 457-1"
cx_a7dd6eb6a922dad9,"sr친오애",구로구,NO_MATCH,EXACT_JIBUN_ADDRESS,115301020000970005,"서울 구로구 구로동 97-5"
cx_a7e27efc9e18ea7c,"영암빌라",구로구,NO_MATCH,EXACT_JIBUN_ADDRESS,115301020007920082,"서울 구로구 구로동 792-82"
cx_a7e8af1ff5ee4a94,"개포2차현대아파트(220)",강남구,NO_MATCH,EXACT_JIBUN_ADDRESS,116801030006550002,"서울 강남구 개포동 655-2"
cx_a7e95f88d8fb91fc,"베르체",용산구,NO_MATCH,EXACT_JIBUN_ADDRESS,111701110001320015,"서울 용산구 청파동3가 132-15"
cx_a7f3160a5e9115cc,"그랑밸리(64)",송파구,NO_MATCH,MULTI_RECORD_SAME_PARCEL,117101120000640000,"서울 송파구 오금동 64"
cx_a7ffb129c8a81461,"매그놀리아(2차)",송파구,NO_MATCH,EXACT_JIBUN_ADDRESS,117101120000810001,"서울 송파구 오금동 81-1"
cx_a802a84cd463a14b,"대상타운현대아파트",도봉구,NO_MATCH,EXACT_JIBUN_ADDRESS,113201060007200001,"서울 도봉구 방학동 720-1"
cx_a80f65b12ee031ae,"우성(867-16)",금천구,NO_MATCH,EXACT_JIBUN_ADDRESS,115451030008670016,"서울 금천구 시흥동 867-16"
cx_a819c08e3de79e57,"유일아트리움",은평구,NO_MATCH,EXACT_JIBUN_ADDRESS,113801020001760022,"서울 은평구 녹번동 176-22"
cx_a81ad9521be759bf,"공덕더샵",마포구,NO_MATCH,EXACT_PARCEL,114401020004780000,"서울 마포구 공덕동 478"
cx_a82047951018882d,"로얄클래스",관악구,NO_MATCH,EXACT_JIBUN_ADDRESS,116201010015930014,"서울 관악구 봉천동 1593-14"
cx_a8281f56d10767dc,"베로니스3차",서초구,NO_MATCH,EXACT_JIBUN_ADDRESS,116501010008070011,"서울 서초구 방배동 807-11"
cx_a829578e88148858,"태형",양천구,NO_MATCH,EXACT_JIBUN_ADDRESS,114701030001340017,"서울 양천구 신월동 134-17"
cx_a83d1f9cb4f0158d,"만민라이프(b동)",은평구,NO_MATCH,EXACT_JIBUN_ADDRESS,113801080000590018,"서울 은평구 역촌동 59-18"
cx_a8551c1e1c08338d,"마곡13단지힐스테이트마스터",강서구,NO_MATCH,EXACT_PARCEL,115001050007480000,"서울 강서구 마곡동 748"
cx_a8615fd4529c06b4,"우성포커스",성동구,NO_MATCH,EXACT_JIBUN_ADDRESS,112001070000010004,"서울 성동구 행당동 1-4"
cx_a870d8fe2478f839,"성우",서대문구,NO_MATCH,EXACT_JIBUN_ADDRESS,114101180004020039,"서울 서대문구 홍은동 402-39"
cx_a87e40ed802fcafe,"우진",강서구,NO_MATCH,EXACT_JIBUN_ADDRESS,115001030009150021,"서울 강서구 화곡동 915-21"
cx_a88644d275b38b05,"코지한주",노원구,NO_MATCH,EXACT_JIBUN_ADDRESS,113501050014010008,"서울 노원구 상계동 1401-8"
cx_a88d12bbc0a17fa1,"리치아파트",강서구,NO_MATCH,EXACT_JIBUN_ADDRESS,115001030009240001,"서울 강서구 화곡동 924-1"
cx_a890e0d2321f436a,"한양5",도봉구,NO_MATCH,EXACT_JIBUN_ADDRESS,113201050000590003,"서울 도봉구 쌍문동 59-3"
cx_a894d58cb07de13d,"보라매정은벚꽃마을",영등포구,NO_MATCH,EXACT_PARCEL,115601320049440000,"서울 영등포구 신길동 4944"
cx_a8a0981521c2f7bf,"(792-54)",구로구,NO_MATCH,EXACT_JIBUN_ADDRESS,115301020007920054,"서울 구로구 구로동 792-54"
cx_a8a0ae85a5436c59,"용두두산위브",동대문구,NO_MATCH,EXACT_PARCEL,112301020007910000,"서울 동대문구 용두동 791"
cx_a8a5563fce6abda1,"강동네스빌",강동구,NO_MATCH,EXACT_JIBUN_ADDRESS,117401080004440004,"서울 강동구 성내동 444-4"
cx_a8a868c0ac283f61,"800-27",구로구,NO_MATCH,EXACT_JIBUN_ADDRESS,115301020008000027,"서울 구로구 구로동 800-27"
cx_a8ae83ae87993bd1,"풍산쉐르빌",중랑구,NO_MATCH,EXACT_JIBUN_ADDRESS,112601040001840020,"서울 중랑구 묵동 184-20"
cx_a8aeb5e478051aeb,"레이크해모로",송파구,NO_MATCH,EXACT_JIBUN_ADDRESS,117101040000580004,"서울 송파구 송파동 58-4"
cx_a8b992fdee934918,"오경아파트",강서구,NO_MATCH,EXACT_JIBUN_ADDRESS,115001030008940012,"서울 강서구 화곡동 894-12"
cx_a8c750298b32b1ae,"대성아파트(749-11)",구로구,NO_MATCH,EXACT_JIBUN_ADDRESS,115301020007490011,"서울 구로구 구로동 749-11"
cx_a8c8eeb005f235b8,"관악중앙하이츠포레",관악구,NO_MATCH,EXACT_PARCEL,116201010017370000,"서울 관악구 봉천동 1737"
cx_a8d1fe3da4629caa,"부암스카이뷰",종로구,NO_MATCH,EXACT_JIBUN_ADDRESS,111101840002180001,"서울 종로구 부암동 218-1"
cx_a8d761a75dbe9315,"삼미",강서구,NO_MATCH,EXACT_JIBUN_ADDRESS,115001090005850004,"서울 강서구 방화동 585-4"
cx_a8df47ff3f64ab6b,"모닝아트빌",서초구,NO_MATCH,NO_MATCH,116501010009760015,"서울 서초구 방배동 976-15"
cx_a8e8062305916f51,"금천",금천구,NO_MATCH,EXACT_JIBUN_ADDRESS,115451030008980017,"서울 금천구 시흥동 898-17"
cx_a8ecc70fd61518d5,"백촌빌라트",동작구,NO_MATCH,EXACT_JIBUN_ADDRESS,115901020001590041,"서울 동작구 상도동 159-41"
cx_a8f4b2c882ec8c2e,"유림노르웨이숲(919-1)",강서구,NO_MATCH,EXACT_JIBUN_ADDRESS,115001030009190001,"서울 강서구 화곡동 919-1"
cx_a9073bf74c1f05c8,"그랑디오스",강남구,NO_MATCH,EXACT_JIBUN_ADDRESS,116801080002680012,"서울 강남구 논현동 268-12"
cx_a90b4abb9ffd55ca,"동성라벨뷰",서초구,NO_MATCH,EXACT_JIBUN_ADDRESS,116501070000980007,"서울 서초구 반포동 98-7"
cx_a90b82e1bad9f0c5,"수명산태승훼미리",양천구,NO_MATCH,EXACT_JIBUN_ADDRESS,114701030000180017,"서울 양천구 신월동 18-17"
cx_a90c8d7d02731c3a,"흥해오크팰리스(576-0)",동대문구,NO_MATCH,EXACT_PARCEL,112301060005760000,"서울 동대문구 장안동 576"
cx_a9184d82786387d8,"성내웰빙시티",강동구,NO_MATCH,EXACT_JIBUN_ADDRESS,117401080004100015,"서울 강동구 성내동 410-15"
cx_a9202efc8d6f790a,"서울",양천구,NO_MATCH,EXACT_JIBUN_ADDRESS,114701030005170006,"서울 양천구 신월동 517-6"
cx_a92a22dba1b67910,"삼성그린",동대문구,NO_MATCH,EXACT_JIBUN_ADDRESS,112301060003260010,"서울 동대문구 장안동 326-10"
cx_a92e5c8f9595e88f,"(806-62)",구로구,NO_MATCH,EXACT_JIBUN_ADDRESS,115301020008060062,"서울 구로구 구로동 806-62"
cx_a92e6e7d059bad72,"벽산메트로시티",은평구,NO_MATCH,EXACT_JIBUN_ADDRESS,113801060000040011,"서울 은평구 대조동 4-11"
cx_a941f1d3ea3fea63,"장안위더스빌",동대문구,NO_MATCH,EXACT_PARCEL,112301060005800000,"서울 동대문구 장안동 580"
cx_a9493843c9bd9bd2,"동양엔파트",노원구,NO_MATCH,EXACT_PARCEL,113501050013050000,"서울 노원구 상계동 1305"
cx_a96273ed5ab1a30a,"삼성2차",강남구,NO_MATCH,EXACT_JIBUN_ADDRESS,116801060010140001,"서울 강남구 대치동 1014-1"
cx_a965acd5050cc6f2,"솔본",관악구,NO_MATCH,EXACT_JIBUN_ADDRESS,116201030010850017,"서울 관악구 남현동 1085-17"
cx_a966634eb2fc3fdf,"sm해그린아파트",동대문구,NO_MATCH,EXACT_JIBUN_ADDRESS,112301060003090006,"서울 동대문구 장안동 309-6"
cx_a96ac6bcdc97d36b,"제이슨(360-7)",동대문구,NO_MATCH,EXACT_JIBUN_ADDRESS,112301060003600007,"서울 동대문구 장안동 360-7"
cx_a96e698977285455,"마곡엠밸리12단지",강서구,NO_MATCH,EXACT_JIBUN_ADDRESS,115001050007460001,"서울 강서구 마곡동 746-1"
cx_a973669fe8ebcc62,"천왕역모아엘가트레뷰",구로구,NO_MATCH,EXACT_PARCEL,115301080003620000,"서울 구로구 오류동 362"
cx_a977ba7c3364c28c,"(797-57)",구로구,NO_MATCH,EXACT_JIBUN_ADDRESS,115301020007970057,"서울 구로구 구로동 797-57"
cx_a97a92c4b983e878,"황학아크로타워",중구,NO_MATCH,EXACT_PARCEL,111401650025230000,"서울 중구 황학동 2523"
cx_a99c35b343514083,"브라운스톤공덕아파트",마포구,NO_MATCH,EXACT_PARCEL,114401030001700000,"서울 마포구 신공덕동 170"
cx_a9ad0c8bbe38bb13,"미사아름채아파트",강동구,NO_MATCH,EXACT_JIBUN_ADDRESS,117401090004520015,"서울 강동구 천호동 452-15"
cx_a9add4cd8fbc64bb,"태화상가빌라트",양천구,NO_MATCH,EXACT_JIBUN_ADDRESS,114701010010210007,"서울 양천구 신정동 1021-7"
cx_a9b78473e07ae3ca,"극동",강북구,NO_MATCH,EXACT_JIBUN_ADDRESS,113051030005530061,"서울 강북구 수유동 553-61"
cx_a9bf28c6423d4892,"대림e-편한세상7",구로구,NO_MATCH,EXACT_PARCEL,115301010006490000,"서울 구로구 신도림동 649"
cx_a9c7ff32341c8413,"삼성동브라운스톤레전드",강남구,NO_MATCH,EXACT_JIBUN_ADDRESS,116801050000080002,"서울 강남구 삼성동 8-2"
cx_a9c8c4a30c744ede,"두원프라자",강북구,NO_MATCH,EXACT_PARCEL,113051010013510000,"서울 강북구 미아동 1351"
cx_a9ca8da7851f8a2e,"아이유하임",금천구,NO_MATCH,EXACT_PARCEL,115451020011620000,"서울 금천구 독산동 1162"
cx_a9d35d36c4e281fa,"주공6",강동구,NO_MATCH,NO_MATCH,117401030001240000,"서울 강동구 상일동 124"
cx_a9e545a49e543ef0,"서림골드",강서구,NO_MATCH,EXACT_JIBUN_ADDRESS,115001030001110149,"서울 강서구 화곡동 111-149"
cx_a9f201ee2bb5b752,"잠실푸르지오월드마크",송파구,NO_MATCH,EXACT_JIBUN_ADDRESS,117101020000110004,"서울 송파구 신천동 11-4"
cx_aa00db8ff44e4e76,"대치아이파크",강남구,NO_MATCH,EXACT_PARCEL,116801060008880000,"서울 강남구 대치동 888"
cx_aa018e1b554e74b5,"효삼골드빌",용산구,NO_MATCH,EXACT_JIBUN_ADDRESS,111701190000030003,"서울 용산구 효창동 3-3"
cx_aa04622e89e900e0,"구로에스케이뷰",구로구,NO_MATCH,EXACT_JIBUN_ADDRESS,115301020005670004,"서울 구로구 구로동 567-4"
cx_aa13698178eb1afb,"서초대우아이빌",서초구,NO_MATCH,EXACT_JIBUN_ADDRESS,116501080016750011,"서울 서초구 서초동 1675-11"
cx_aa1f26c9c070a2a5,"우공아트빌",은평구,NO_MATCH,EXACT_JIBUN_ADDRESS,113801050000260004,"서울 은평구 구산동 26-4"
cx_aa25c2cd7facc243,"등촌1,2단지주공아파트",강서구,NO_MATCH,EXACT_PARCEL,115001020006870000,"서울 강서구 등촌동 687"
cx_aa2817103b4cd579,"목4현대",양천구,NO_MATCH,EXACT_JIBUN_ADDRESS,114701020007550001,"서울 양천구 목동 755-1"
cx_aa2ee358b7238f81,"글로리",서대문구,NO_MATCH,EXACT_JIBUN_ADDRESS,114101020000320010,"서울 서대문구 충정로3가 32-10"
cx_aa3966cfde7a3126,"벽산빌라트",성동구,NO_MATCH,EXACT_JIBUN_ADDRESS,112001130001910003,"서울 성동구 옥수동 191-3"
cx_aa3ca73cecb9f0ca,"노블하임",서초구,NO_MATCH,EXACT_JIBUN_ADDRESS,116501010008070005,"서울 서초구 방배동 807-5"
cx_aa450392b311dc7b,"탑스빌아파트(102동)",노원구,NO_MATCH,EXACT_JIBUN_ADDRESS,113501030006900023,"서울 노원구 공릉동 690-23"
cx_aa4dffe831fffc35,"두영이지안102동",마포구,NO_MATCH,EXACT_JIBUN_ADDRESS,114401220003570005,"서울 마포구 합정동 357-5"
cx_aa5376a6ed938579,"묵동자이(1단지)",중랑구,NO_MATCH,EXACT_JIBUN_ADDRESS,112601040001640004,"서울 중랑구 묵동 164-4"
cx_aa542022cabe64cf,"남광",양천구,NO_MATCH,EXACT_JIBUN_ADDRESS,114701010009190001,"서울 양천구 신정동 919-1"
cx_aa578cb8bcec1711,"sm이로빌4차b동(455-4)",동대문구,NO_MATCH,EXACT_JIBUN_ADDRESS,112301060004550004,"서울 동대문구 장안동 455-4"
cx_aa5b7b83976e5ad4,"800-19",구로구,NO_MATCH,EXACT_JIBUN_ADDRESS,115301020008000019,"서울 구로구 구로동 800-19"
cx_aa6b8453a2fd78c3,"서초아트자이",서초구,NO_MATCH,EXACT_JIBUN_ADDRESS,116501080015830010,"서울 서초구 서초동 1583-10"
cx_aa78161cce22fc36,"신반포자이",서초구,NO_MATCH,EXACT_PARCEL,116501060001600000,"서울 서초구 잠원동 160"
cx_aa79112c75b1860a,"당산삼성래미안4차",영등포구,NO_MATCH,EXACT_PARCEL,115601150000420000,"서울 영등포구 당산동5가 42"
cx_aa80fadea5ea1147,"다오아트빌",중구,NO_MATCH,EXACT_JIBUN_ADDRESS,111401620004320498,"서울 중구 신당동 432-498"
cx_aa8dc6bacaa23721,"디아이빌101동",강서구,NO_MATCH,EXACT_JIBUN_ADDRESS,115001040002390001,"서울 강서구 가양동 239-1"
cx_aaa6474dba0aee80,"(770-56)",구로구,NO_MATCH,EXACT_JIBUN_ADDRESS,115301020007700056,"서울 구로구 구로동 770-56"
cx_aab204c22d16a9c2,"고덕그라시움",강동구,NO_MATCH,EXACT_PARCEL,117401020006930000,"서울 강동구 고덕동 693"
cx_aab7a3b463a6478f,"미래하임",은평구,NO_MATCH,EXACT_JIBUN_ADDRESS,113801060000060017,"서울 은평구 대조동 6-17"
cx_aac93e3d32aa0c40,"한강더퍼스트타워",동작구,NO_MATCH,NO_MATCH,115901010000390020,"서울 동작구 노량진동 39-20"
cx_aad94ea73e936993,"역삼이안애에이",강남구,NO_MATCH,EXACT_JIBUN_ADDRESS,116801010007770002,"서울 강남구 역삼동 777-2"
cx_aae9fcbf91be9c6c,"보람빌라트",강북구,NO_MATCH,EXACT_JIBUN_ADDRESS,113051010001980027,"서울 강북구 미아동 198-27"
cx_aaf673efe09b5cd8,"롯데캐슬(1057-1)",양천구,NO_MATCH,EXACT_JIBUN_ADDRESS,114701030010570001,"서울 양천구 신월동 1057-1"
cx_aaf80151cb4b4234,"신트리4",양천구,NO_MATCH,EXACT_PARCEL,114701010012770000,"서울 양천구 신정동 1277"
cx_ab02868c6297cb49,"화이트캐슬",성동구,NO_MATCH,EXACT_JIBUN_ADDRESS,112001130004360006,"서울 성동구 옥수동 436-6"
cx_ab1109c5aadb3202,"현대홈타운스위트101",송파구,NO_MATCH,EXACT_JIBUN_ADDRESS,117101110001970004,"서울 송파구 방이동 197-4"
cx_ab1892e26982d46c,"동양브로미(102동)b",양천구,NO_MATCH,EXACT_JIBUN_ADDRESS,114701030004920023,"서울 양천구 신월동 492-23"
cx_ab1cf034e6aed985,"산장아파트가동,나동",성북구,NO_MATCH,EXACT_PARCEL,112901330007800000,"서울 성북구 정릉동 780"
cx_ab2158132353f53c,"보미리즌빌(101동)",송파구,NO_MATCH,MULTI_RECORD_SAME_PARCEL,117101110001340000,"서울 송파구 방이동 134"
cx_ab2314d468856112,"삼익플라주201동",영등포구,NO_MATCH,EXACT_PARCEL,115601270001050000,"서울 영등포구 양평동3가 105"
cx_ab341c128e75eae0,"보람아파트",양천구,NO_MATCH,EXACT_JIBUN_ADDRESS,114701030004570006,"서울 양천구 신월동 457-6"
cx_ab35af11026bc280,"mid그린(1동)",종로구,NO_MATCH,MULTI_RECORD_SAME_PARCEL,111101740006010000,"서울 종로구 창신동 601"
cx_ab3b39467bce5ddc,"한양4",강남구,NO_MATCH,EXACT_PARCEL,116801100004860000,"서울 강남구 압구정동 486"
cx_ab51497f7337976d,"두란",양천구,NO_MATCH,EXACT_JIBUN_ADDRESS,114701020007140001,"서울 양천구 목동 714-1"
cx_ab5d05f06e9a6a9d,"역촌빌라트",은평구,NO_MATCH,EXACT_JIBUN_ADDRESS,113801080000490012,"서울 은평구 역촌동 49-12"
cx_ab7a7de9a937e78d,"소담빌",노원구,NO_MATCH,EXACT_JIBUN_ADDRESS,113501050003300029,"서울 노원구 상계동 330-29"
cx_ab7cf213d2b0c127,"태솔아파트1차",동대문구,NO_MATCH,EXACT_JIBUN_ADDRESS,112301060003820005,"서울 동대문구 장안동 382-5"
cx_ab7d08abebaf0ea9,"태평양파크1",송파구,NO_MATCH,EXACT_PARCEL,117101110001810000,"서울 송파구 방이동 181"
cx_ab7e90cfc72c3bab,"미랜드프래임빌(102동)",중랑구,NO_MATCH,EXACT_JIBUN_ADDRESS,112601020001150084,"서울 중랑구 상봉동 115-84"
cx_ab80815c0cd52f48,"까치산(101동)",강서구,NO_MATCH,EXACT_JIBUN_ADDRESS,115001030001050500,"서울 강서구 화곡동 105-500"
cx_ab80868d87db1d55,"라이즈2동",동작구,NO_MATCH,EXACT_JIBUN_ADDRESS,115901070000640128,"서울 동작구 사당동 64-128"
cx_ab81babced865643,"용산파크타워(24-1)",용산구,NO_MATCH,EXACT_JIBUN_ADDRESS,111701270000240001,"서울 용산구 용산동5가 24-1"
cx_ab838627d04acf9c,"동성네스트빌1동",중랑구,NO_MATCH,EXACT_JIBUN_ADDRESS,112601020000320001,"서울 중랑구 상봉동 32-1"
cx_ab93968859664548,"명남(23-45)",은평구,NO_MATCH,EXACT_JIBUN_ADDRESS,113801090000230045,"서울 은평구 신사동 23-45"
cx_ab9491ae6a41318c,"(793-6)",구로구,NO_MATCH,EXACT_JIBUN_ADDRESS,115301020007930006,"서울 구로구 구로동 793-6"
cx_ab9a437491c55307,"비젼아파트102동",동대문구,NO_MATCH,EXACT_JIBUN_ADDRESS,112301060004540002,"서울 동대문구 장안동 454-2"
cx_aba39c36bf0355af,"한우리아파트",양천구,NO_MATCH,EXACT_JIBUN_ADDRESS,114701030004670002,"서울 양천구 신월동 467-2"
cx_aba645ee0497ba80,"종로중흥s클래스",종로구,NO_MATCH,EXACT_JIBUN_ADDRESS,111101750002020003,"서울 종로구 숭인동 202-3"
cx_aba888617193b7d1,"쌍용예가클래식",서초구,NO_MATCH,EXACT_JIBUN_ADDRESS,116501010007760003,"서울 서초구 방배동 776-3"
cx_abaacba02fcc825d,"벨뷰아파트",은평구,NO_MATCH,EXACT_JIBUN_ADDRESS,113801050003210028,"서울 은평구 구산동 321-28"
cx_abaeae5f34506901,"가우디트윈캐슬2",동대문구,NO_MATCH,EXACT_JIBUN_ADDRESS,112301060003740008,"서울 동대문구 장안동 374-8"
cx_abb00c308d289ece,"방배삼성홈타운(102)",서초구,NO_MATCH,EXACT_JIBUN_ADDRESS,116501010008770006,"서울 서초구 방배동 877-6"
cx_abb13d1cedded0e1,"스카이빌1차",광진구,NO_MATCH,MULTI_RECORD_SAME_PARCEL,112151050007670000,"서울 광진구 자양동 767"
cx_abb6ca0003b6e759,"프라비다m",관악구,NO_MATCH,EXACT_JIBUN_ADDRESS,116201010008930001,"서울 관악구 봉천동 893-1"
cx_abbaa2ae3b1666f7,"명지해드는터",서초구,NO_MATCH,EXACT_JIBUN_ADDRESS,116501010005930064,"서울 서초구 방배동 593-64"
cx_abbc5fd29353d004,"(796-16)",구로구,NO_MATCH,EXACT_JIBUN_ADDRESS,115301020007960016,"서울 구로구 구로동 796-16"
cx_abbfa127a250c657,"부강아파트",강동구,NO_MATCH,EXACT_JIBUN_ADDRESS,117401090003170031,"서울 강동구 천호동 317-31"
cx_abca39e9abb5c23c,"세종빌라트",강남구,NO_MATCH,EXACT_JIBUN_ADDRESS,116801010007910023,"서울 강남구 역삼동 791-23"
cx_abcd4c87ffbfc03e,"지니스힐",강서구,NO_MATCH,EXACT_JIBUN_ADDRESS,115001090005370001,"서울 강서구 방화동 537-1"
cx_abd60e4f01953c88,"태영데시앙2(1411동)",중랑구,NO_MATCH,EXACT_PARCEL,112601020004980000,"서울 중랑구 상봉동 498"
cx_abf6d8036ebba51b,"성원하이츠(b동)",도봉구,NO_MATCH,EXACT_JIBUN_ADDRESS,113201050005740001,"서울 도봉구 쌍문동 574-1"
cx_abfb3b299db9dd5f,"신일",노원구,NO_MATCH,EXACT_PARCEL,113501060005890000,"서울 노원구 중계동 589"
cx_ac0208f63588ca77,"한영(102)",중랑구,NO_MATCH,EXACT_JIBUN_ADDRESS,112601030002740075,"서울 중랑구 중화동 274-75"
cx_ac13055626a26a39,"그린빌",서대문구,NO_MATCH,EXACT_JIBUN_ADDRESS,114101100000010122,"서울 서대문구 북아현동 1-122"
cx_ac1a5eaf5fcd35d8,"은하수수목원2차(101동)",구로구,NO_MATCH,EXACT_JIBUN_ADDRESS,115301080001080035,"서울 구로구 오류동 108-35"
cx_ac1c27171d166d57,"반포센트레빌아스테리움",서초구,NO_MATCH,EXACT_PARCEL,116501070013440000,"서울 서초구 반포동 1344"
cx_ac2df07a67ee0a37,"현대벤처빌",마포구,NO_MATCH,EXACT_JIBUN_ADDRESS,114401100001070036,"서울 마포구 노고산동 107-36"
cx_ac3feca3122ad5e8,"브라운스톤",용산구,NO_MATCH,EXACT_PARCEL,111701210000900000,"서울 용산구 용문동 90"
cx_ac42a980fd8541da,"미영(102)",서초구,NO_MATCH,EXACT_JIBUN_ADDRESS,116501020000060031,"서울 서초구 양재동 6-31"
cx_ac50f56493b5dc92,"삼일",금천구,NO_MATCH,MULTI_RECORD_SAME_PARCEL,115451030009480000,"서울 금천구 시흥동 948"
cx_ac5adbf9295a0feb,"롯데캐슬갤럭시",서초구,NO_MATCH,MULTI_RECORD_SAME_PARCEL,116501060000500000,"서울 서초구 잠원동 50"
cx_ac61b95265ff540d,"방배호원",서초구,NO_MATCH,EXACT_JIBUN_ADDRESS,116501010005930032,"서울 서초구 방배동 593-32"
cx_ac634dc52f9288ff,"우암쎈스뷰아파트",도봉구,NO_MATCH,EXACT_JIBUN_ADDRESS,113201060007130012,"서울 도봉구 방학동 713-12"
cx_ac66fa8f943682be,"한빛웰리스",송파구,NO_MATCH,EXACT_JIBUN_ADDRESS,117101020000070017,"서울 송파구 신천동 7-17"
cx_ac767af1e32d78a3,"청담2차이-편한세상(205동)",강남구,NO_MATCH,EXACT_JIBUN_ADDRESS,116801040000150021,"서울 강남구 청담동 15-21"
cx_ac7cbe0e99c28e2b,"일현세일",강서구,NO_MATCH,EXACT_JIBUN_ADDRESS,115001030009010010,"서울 강서구 화곡동 901-10"
cx_ac8077bde11d0fcf,"제이타워3",은평구,NO_MATCH,EXACT_JIBUN_ADDRESS,113801060000040014,"서울 은평구 대조동 4-14"
cx_ac813c8e4d09e74a,"태광",은평구,NO_MATCH,EXACT_PARCEL,113801100002490000,"서울 은평구 증산동 249"
cx_ac96f1711672b1f4,"오류동휘버스",구로구,NO_MATCH,EXACT_JIBUN_ADDRESS,115301080000310004,"서울 구로구 오류동 31-4"
cx_aca2f918ca47c9a0,"롯데낙천대",동대문구,NO_MATCH,EXACT_PARCEL,112301090001090000,"서울 동대문구 휘경동 109"
cx_aca337e6eca51936,"한아101(994-33)",금천구,NO_MATCH,EXACT_JIBUN_ADDRESS,115451020009940033,"서울 금천구 독산동 994-33"
cx_aca378c76c23e316,"녹번타워",은평구,NO_MATCH,EXACT_JIBUN_ADDRESS,113801020001600003,"서울 은평구 녹번동 160-3"
cx_acac57f8dae146ab,"동작상떼빌",동작구,NO_MATCH,EXACT_PARCEL,115901090007190000,"서울 동작구 신대방동 719"
cx_acb844ba9f4b6d17,"세원",마포구,NO_MATCH,EXACT_JIBUN_ADDRESS,114401250001420009,"서울 마포구 성산동 142-9"
cx_acbcd12ac19e4715,"명남아파트",은평구,NO_MATCH,EXACT_JIBUN_ADDRESS,113801050001670001,"서울 은평구 구산동 167-1"
cx_acc03882a96044ed,"미니",종로구,NO_MATCH,EXACT_JIBUN_ADDRESS,111101740006380036,"서울 종로구 창신동 638-36"
cx_acc23b85e9dc3d0e,"두산위브(1362)",서초구,NO_MATCH,MULTI_RECORD_SAME_PARCEL,116501080013620000,"서울 서초구 서초동 1362"
cx_acc4b541289a9a83,"포스코더샵",강남구,NO_MATCH,EXACT_PARCEL,116801060009020000,"서울 강남구 대치동 902"
cx_acc6c3484b7a2a9f,"뉴서울(277-19)",은평구,NO_MATCH,EXACT_JIBUN_ADDRESS,113801090002770019,"서울 은평구 신사동 277-19"
cx_accca44b186b2f7f,"오류동금호어울림",구로구,NO_MATCH,EXACT_PARCEL,115301080003470000,"서울 구로구 오류동 347"
cx_acd2ce17b56f9f7a,"별장",관악구,NO_MATCH,EXACT_JIBUN_ADDRESS,116201030006020323,"서울 관악구 남현동 602-323"
cx_ace2136f76e34f2a,"고척월드메르디앙",구로구,NO_MATCH,EXACT_PARCEL,115301060003430000,"서울 구로구 고척동 343"
cx_ace2e04ac07a1e93,"성원",광진구,NO_MATCH,EXACT_PARCEL,112151010006810000,"서울 광진구 중곡동 681"
cx_aceb7ece0e322d2a,"형인허브빌아파트301동",동대문구,NO_MATCH,EXACT_PARCEL,112301060005610000,"서울 동대문구 장안동 561"
cx_acf2f0db19d10bfe,"노원프레미어스엠코",노원구,NO_MATCH,EXACT_JIBUN_ADDRESS,113501030006700020,"서울 노원구 공릉동 670-20"
cx_acf5ef4bbee10c50,"라움",은평구,NO_MATCH,EXACT_JIBUN_ADDRESS,113801080000020100,"서울 은평구 역촌동 2-100"
cx_acf674a2646978f4,"대방",영등포구,NO_MATCH,EXACT_PARCEL,115601320043120000,"서울 영등포구 신길동 4312"
cx_acfe8212402828e4,"호성파크1",양천구,NO_MATCH,EXACT_JIBUN_ADDRESS,114701030000090033,"서울 양천구 신월동 9-33"
cx_ad069471559041e5,"신성미소지움3차아파트",양천구,NO_MATCH,EXACT_PARCEL,114701030010450000,"서울 양천구 신월동 1045"
cx_ad084c75fc0abdda,"광화문스페이스본(101동~105동)",종로구,NO_MATCH,MULTI_RECORD_SAME_PARCEL,111101150000090000,"서울 종로구 사직동 9"
cx_ad12a89e7d0e2b5f,"세종하이츠",관악구,NO_MATCH,EXACT_JIBUN_ADDRESS,116201030010720063,"서울 관악구 남현동 1072-63"
cx_ad13982057bf4230,"현대(2-4차)",송파구,NO_MATCH,EXACT_PARCEL,117101120000430000,"서울 송파구 오금동 43"
cx_ad2f91ec1f668dac,"신반포7",서초구,NO_MATCH,EXACT_JIBUN_ADDRESS,116501060000650032,"서울 서초구 잠원동 65-32"
cx_ad36ac8807df701b,"리베하임",은평구,NO_MATCH,EXACT_JIBUN_ADDRESS,113801020000290108,"서울 은평구 녹번동 29-108"
cx_ad4364a73d285db6,"청공빌딩주상복합-현대빌리지",송파구,NO_MATCH,EXACT_JIBUN_ADDRESS,117101070001370003,"서울 송파구 가락동 137-3"
cx_ad4562c6cb8e0386,"명성화인캐슬",송파구,NO_MATCH,EXACT_JIBUN_ADDRESS,117101120001180023,"서울 송파구 오금동 118-23"
cx_ad534214f91a3445,"바비엥3",중구,NO_MATCH,EXACT_PARCEL,111401680002150000,"서울 중구 순화동 215"
cx_ad539c2077a7fff7,"서초그랑자이",서초구,NO_MATCH,EXACT_PARCEL,116501080017570000,"서울 서초구 서초동 1757"
cx_ad54989d4a02fba0,"둔촌하이츠",강동구,NO_MATCH,EXACT_PARCEL,117401060005450000,"서울 강동구 둔촌동 545"
cx_ad57f37b45d660be,"우성",금천구,NO_MATCH,EXACT_JIBUN_ADDRESS,115451030007950005,"서울 금천구 시흥동 795-5"
cx_ad6373ec735726bf,"egsoulleader",강남구,NO_MATCH,EXACT_JIBUN_ADDRESS,116801010008280028,"서울 강남구 역삼동 828-28"
cx_ad640f4ed84e7187,"풍림아이원(101동)",서초구,NO_MATCH,EXACT_JIBUN_ADDRESS,116501080016070006,"서울 서초구 서초동 1607-6"
cx_ad71f028492c101c,"두레엘리시안",종로구,NO_MATCH,EXACT_JIBUN_ADDRESS,111101130001740001,"서울 종로구 필운동 174-1"
cx_ad78cfd4c0b7ed88,"삼성v아파트b동",중구,NO_MATCH,EXACT_JIBUN_ADDRESS,111401620002900044,"서울 중구 신당동 290-44"
cx_ad7c2e3009969253,"lig서울역리가",중구,NO_MATCH,EXACT_PARCEL,111401730002310000,"서울 중구 만리동1가 231"
cx_ad86ee85e12e3686,"행복자",양천구,NO_MATCH,EXACT_JIBUN_ADDRESS,114701020006270002,"서울 양천구 목동 627-2"
cx_ad8d1cca39f26191,"삼호빌라씨동",강남구,NO_MATCH,EXACT_JIBUN_ADDRESS,116801040001040005,"서울 강남구 청담동 104-5"
cx_ad91e3be25b42a61,"은천2단지아파트",관악구,NO_MATCH,EXACT_JIBUN_ADDRESS,116201010017070001,"서울 관악구 봉천동 1707-1"
cx_ad9f94d1e8dfd8d0,"이펜하우스2단지",양천구,NO_MATCH,EXACT_PARCEL,114701010013220000,"서울 양천구 신정동 1322"
cx_ada4aa786e9bc9c7,"힐스테이트녹번",은평구,NO_MATCH,EXACT_PARCEL,113801020002820000,"서울 은평구 녹번동 282"
cx_adb0e03e2ec09fb9,"충정솔레디움(102동)",서대문구,NO_MATCH,EXACT_JIBUN_ADDRESS,114101020000300002,"서울 서대문구 충정로3가 30-2"
cx_adb4cd6d33150864,"띠에라하우스",서초구,NO_MATCH,EXACT_JIBUN_ADDRESS,116501060000490037,"서울 서초구 잠원동 49-37"
cx_adb7193c5c99abd6,"래미안대치팰리스",강남구,NO_MATCH,EXACT_PARCEL,116801060010270000,"서울 강남구 대치동 1027"
cx_adc8ae8834ae776d,"동원",강동구,NO_MATCH,EXACT_JIBUN_ADDRESS,117401080004570004,"서울 강동구 성내동 457-4"
cx_adccffcb6c523c34,"서초네이처힐2단지",서초구,NO_MATCH,EXACT_PARCEL,116501030007120000,"서울 서초구 우면동 712"
cx_adda5f6a08ffb300,"응암역효성해링턴플레이스",은평구,NO_MATCH,EXACT_PARCEL,113801090003720000,"서울 은평구 신사동 372"
cx_addb0af3aa8f0806,"래미안첼리투스",용산구,NO_MATCH,EXACT_PARCEL,111701290004360000,"서울 용산구 이촌동 436"
cx_adde31374f4cc283,"우장산한화꿈에그린",강서구,NO_MATCH,EXACT_PARCEL,115001030011510000,"서울 강서구 화곡동 1151"
cx_ade10793a5217fef,"우석",중구,NO_MATCH,EXACT_JIBUN_ADDRESS,111401620004322013,"서울 중구 신당동 432-2013"
cx_ade437d249129337,"금강캐스빌",송파구,NO_MATCH,EXACT_PARCEL,117101030005130000,"서울 송파구 풍납동 513"
cx_adec2132cfceaf33,"이너스내안에201동",강서구,NO_MATCH,EXACT_JIBUN_ADDRESS,115001010002450001,"서울 강서구 염창동 245-1"
cx_adf45fcdb148240d,"테마하우스",서초구,NO_MATCH,EXACT_JIBUN_ADDRESS,116501070000950001,"서울 서초구 반포동 95-1"
cx_ae074fabe6c75c58,"강남아르젠",서초구,NO_MATCH,EXACT_JIBUN_ADDRESS,116501080013270023,"서울 서초구 서초동 1327-23"
cx_ae1a41a1b2188504,"진도3차아파트",금천구,NO_MATCH,EXACT_PARCEL,115451020011360000,"서울 금천구 독산동 1136"
cx_ae29d1157f8002f8,"삼익",양천구,NO_MATCH,EXACT_PARCEL,114701020009330000,"서울 양천구 목동 933"
cx_ae2a577a1959e362,"옥산크리스탈",송파구,NO_MATCH,EXACT_JIBUN_ADDRESS,117101110001930037,"서울 송파구 방이동 193-37"
cx_ae2ae62a29b804c2,"은석",강북구,NO_MATCH,EXACT_JIBUN_ADDRESS,113051030006970001,"서울 강북구 수유동 697-1"
cx_ae318de6d0be2854,"신내9진흥",중랑구,NO_MATCH,MULTI_RECORD_SAME_PARCEL,112601060006570000,"서울 중랑구 신내동 657"
cx_ae3e7efba3093bee,"파크타운",광진구,NO_MATCH,EXACT_PARCEL,112151030006650000,"서울 광진구 구의동 665"
cx_ae410b1ef203c070,"대림역와이즈플레이스",구로구,NO_MATCH,EXACT_JIBUN_ADDRESS,115301020000980004,"서울 구로구 구로동 98-4"
cx_ae4c7c2efc4a291a,"관악푸르지오102동",동작구,NO_MATCH,EXACT_PARCEL,115901070011520000,"서울 동작구 사당동 1152"
cx_ae52ddfa8869323d,"미르라이프",은평구,NO_MATCH,EXACT_JIBUN_ADDRESS,113801060001860009,"서울 은평구 대조동 186-9"
cx_ae560c8ee018470f,"광남캐스빌101동",강동구,NO_MATCH,EXACT_JIBUN_ADDRESS,117401060004350007,"서울 강동구 둔촌동 435-7"
cx_ae6572dc7f2c44f8,"코코아파트",성북구,NO_MATCH,NO_MATCH,112901380000681014,"서울 성북구 장위동 68-1014"
cx_ae6637a22d458bde,"남양이룸",동작구,NO_MATCH,EXACT_JIBUN_ADDRESS,115901070002780008,"서울 동작구 사당동 278-8"
cx_ae75a0e9c461c572,"청원",강남구,NO_MATCH,EXACT_JIBUN_ADDRESS,116801060009340001,"서울 강남구 대치동 934-1"
cx_ae7e060fb0597227,"삼익",성북구,NO_MATCH,EXACT_PARCEL,112901230001350000,"서울 성북구 안암동3가 135"
cx_ae7ed50147577ea1,"청구",구로구,NO_MATCH,EXACT_PARCEL,115301060003260000,"서울 구로구 고척동 326"
cx_ae836cf3768d25ed,"동남2",강동구,NO_MATCH,EXACT_JIBUN_ADDRESS,117401080004460012,"서울 강동구 성내동 446-12"
cx_ae977d170fc1b4ed,"코오롱",노원구,NO_MATCH,EXACT_PARCEL,113501050012810000,"서울 노원구 상계동 1281"
cx_ae98563709f37f48,"도곡1차아이파크",강남구,NO_MATCH,EXACT_JIBUN_ADDRESS,116801180005430007,"서울 강남구 도곡동 543-7"
cx_aea8b0335370a73f,"신아굿모닝(64-15)",은평구,NO_MATCH,EXACT_JIBUN_ADDRESS,113801080000640015,"서울 은평구 역촌동 64-15"
cx_aeaaf2a0c40ed136,"양지빌라트",서초구,NO_MATCH,NO_MATCH,116501010009610003,"서울 서초구 방배동 961-3"
cx_aeae68cfac8911b3,"주공1",용산구,NO_MATCH,EXACT_PARCEL,111701300007280000,"서울 용산구 이태원동 728"
cx_aeb03cc382db8642,"송파동부쎈트레빌",송파구,NO_MATCH,EXACT_PARCEL,117101070004780000,"서울 송파구 가락동 478"
cx_aeb8e025468e1196,"우성4",강남구,NO_MATCH,EXACT_PARCEL,116801180004650000,"서울 강남구 도곡동 465"
cx_aeb8e74061295d14,"대흥",서초구,NO_MATCH,EXACT_JIBUN_ADDRESS,116501020000070045,"서울 서초구 양재동 7-45"
cx_aebf6572ebaca59b,"까치산",동작구,NO_MATCH,EXACT_JIBUN_ADDRESS,115901070002880034,"서울 동작구 사당동 288-34"
cx_aebf75015db1b680,"대원칸타빌3",양천구,NO_MATCH,EXACT_PARCEL,114701020009440000,"서울 양천구 목동 944"
cx_aec61d6d9250338c,"(752-17)",구로구,NO_MATCH,EXACT_JIBUN_ADDRESS,115301020007520017,"서울 구로구 구로동 752-17"
cx_aec630c9aef3a145,"동신",송파구,NO_MATCH,EXACT_JIBUN_ADDRESS,117101060001660010,"서울 송파구 삼전동 166-10"
cx_aeda5762d0780d97,"서초프라임빌(1566-9)",서초구,NO_MATCH,EXACT_JIBUN_ADDRESS,116501080015660009,"서울 서초구 서초동 1566-9"
cx_aedba71f21cd126e,"우림루미아트1",강남구,NO_MATCH,EXACT_JIBUN_ADDRESS,116801010007060011,"서울 강남구 역삼동 706-11"
cx_aee2642c8f459bdc,"송주보르미타운",마포구,NO_MATCH,EXACT_JIBUN_ADDRESS,114401230004750003,"서울 마포구 망원동 475-3"
cx_aeeaabcf75c19084,"청성",강서구,NO_MATCH,EXACT_PARCEL,115001090008660000,"서울 강서구 방화동 866"
cx_aef2f4c74ead8ed6,"서경아파트",송파구,NO_MATCH,EXACT_JIBUN_ADDRESS,117101110001240018,"서울 송파구 방이동 124-18"
cx_aef3155e9eb0da6b,"청솔숲속마을101동",강서구,NO_MATCH,EXACT_JIBUN_ADDRESS,115001060006730011,"서울 강서구 내발산동 673-11"
cx_aef4cff91ea9a2b1,"신현",은평구,NO_MATCH,EXACT_JIBUN_ADDRESS,113801090003370005,"서울 은평구 신사동 337-5"
cx_aef72bcf2189f42f,"세방리버하이빌",용산구,NO_MATCH,EXACT_PARCEL,111701140001020000,"서울 용산구 신창동 102"
cx_af058758d158ec1c,"프레스턴(1-62)",서초구,NO_MATCH,EXACT_JIBUN_ADDRESS,116501010000010062,"서울 서초구 방배동 1-62"
cx_af0994b74f5ed9b8,"상봉태솔아파트101동",중랑구,NO_MATCH,EXACT_JIBUN_ADDRESS,112601020001050097,"서울 중랑구 상봉동 105-97"
cx_af0b2c3bcef9b130,"광남벨라스2차아파트",강동구,NO_MATCH,EXACT_JIBUN_ADDRESS,117401090000530006,"서울 강동구 천호동 53-6"
cx_af1dec78e7431d2c,"유림",광진구,NO_MATCH,EXACT_JIBUN_ADDRESS,112151050007700001,"서울 광진구 자양동 770-1"
cx_af2612346b65cfee,"주공1",관악구,NO_MATCH,EXACT_JIBUN_ADDRESS,116201020017040001,"서울 관악구 신림동 1704-1"
cx_af26f7a0505b4488,"우정에쉐르멤버스",강남구,NO_MATCH,EXACT_JIBUN_ADDRESS,116801010007080031,"서울 강남구 역삼동 708-31"
cx_af61b493ef39e522,"대명비발디",강남구,NO_MATCH,EXACT_JIBUN_ADDRESS,116801180009440006,"서울 강남구 도곡동 944-6"
cx_af6691b3c66a44e3,"보문파크뷰자이",성북구,NO_MATCH,EXACT_PARCEL,112901280004580000,"서울 성북구 보문동6가 458"
cx_af6a2956e0a028c5,"(744-13)",구로구,NO_MATCH,EXACT_JIBUN_ADDRESS,115301020007440013,"서울 구로구 구로동 744-13"
cx_af718ffa933820bf,"강촌",용산구,NO_MATCH,EXACT_PARCEL,111701290004020000,"서울 용산구 이촌동 402"
cx_af862053fcbb818a,"삼성동에스케이뷰",강남구,NO_MATCH,MULTI_RECORD_SAME_PARCEL,116801050001010000,"서울 강남구 삼성동 101"
cx_af88c2009aa7f728,"세연파크뷰",강남구,NO_MATCH,EXACT_JIBUN_ADDRESS,116801060009290008,"서울 강남구 대치동 929-8"
cx_af97d43f17b70916,"상아2차아파트",도봉구,NO_MATCH,EXACT_PARCEL,113201070003000000,"서울 도봉구 창동 300"
cx_af9f6e5641b6a5de,"문영마운틴",관악구,NO_MATCH,EXACT_JIBUN_ADDRESS,116201030010720057,"서울 관악구 남현동 1072-57"
cx_afa442244c78197b,"대신홈타운(168-33)",은평구,NO_MATCH,EXACT_JIBUN_ADDRESS,113801020001680033,"서울 은평구 녹번동 168-33"
cx_afa48cec15faceaa,"한남동unvillage루하우스",용산구,NO_MATCH,EXACT_JIBUN_ADDRESS,111701310000010051,"서울 용산구 한남동 1-51"
cx_afa78dd5dd09ad72,"우성",구로구,NO_MATCH,EXACT_PARCEL,115301070004690000,"서울 구로구 개봉동 469"
cx_afab16842ad45dec,"gs자이",용산구,NO_MATCH,EXACT_PARCEL,111701160001810000,"서울 용산구 청암동 181"
cx_afab24cc29780f37,"향교",강서구,NO_MATCH,EXACT_JIBUN_ADDRESS,115001040002510005,"서울 강서구 가양동 251-5"
cx_afab503bb6792773,"유원목동",양천구,NO_MATCH,EXACT_JIBUN_ADDRESS,114701010000870039,"서울 양천구 신정동 87-39"
cx_afb28d32952caa76,"신덕하이빌",광진구,NO_MATCH,EXACT_JIBUN_ADDRESS,112151030002240007,"서울 광진구 구의동 224-7"
cx_afc093150f4b4f37,"우림루미아트아파트",강서구,NO_MATCH,EXACT_PARCEL,115001030011440000,"서울 강서구 화곡동 1144"
cx_afd08fc576f48fdc,"(770-37)",구로구,NO_MATCH,EXACT_JIBUN_ADDRESS,115301020007700037,"서울 구로구 구로동 770-37"
cx_afd88f57659b545b,"우성빌라트",강남구,NO_MATCH,EXACT_JIBUN_ADDRESS,116801010007970012,"서울 강남구 역삼동 797-12"
cx_afdc22079b143cd7,"신도림2차푸르지오",구로구,NO_MATCH,EXACT_PARCEL,115301010003380000,"서울 구로구 신도림동 338"
cx_afdc884b61aedd24,"신대림자이2단지",영등포구,NO_MATCH,EXACT_PARCEL,115601330011220000,"서울 영등포구 대림동 1122"
cx_aff01b480c251d09,"신사동닛시빌라트",강남구,NO_MATCH,EXACT_JIBUN_ADDRESS,116801070006340014,"서울 강남구 신사동 634-14"
cx_aff68ced62b34b91,"광남캐스빌(443-26)",강동구,NO_MATCH,EXACT_JIBUN_ADDRESS,117401080004430026,"서울 강동구 성내동 443-26"
cx_aff87c8a4fcde805,"duo302",중구,NO_MATCH,EXACT_PARCEL,111401650008190000,"서울 중구 황학동 819"
cx_affa810ff4c04e20,"대산",구로구,NO_MATCH,EXACT_JIBUN_ADDRESS,115301080002350002,"서울 구로구 오류동 235-2"
cx_affe1f4a36d96b42,"블레스",송파구,NO_MATCH,EXACT_JIBUN_ADDRESS,117101130000450001,"서울 송파구 거여동 45-1"
cx_b001a148339c03f6,"(743-26)",구로구,NO_MATCH,EXACT_JIBUN_ADDRESS,115301020007430026,"서울 구로구 구로동 743-26"
cx_b010d192cf32bdfc,"선우",도봉구,NO_MATCH,EXACT_JIBUN_ADDRESS,113201050000110005,"서울 도봉구 쌍문동 11-5"
cx_b017810284fb42f7,"삼성아트빌라",구로구,NO_MATCH,EXACT_JIBUN_ADDRESS,115301020007920050,"서울 구로구 구로동 792-50"
cx_b0199de85a367ea0,"우공101동",은평구,NO_MATCH,EXACT_JIBUN_ADDRESS,113801090002780001,"서울 은평구 신사동 278-1"
cx_b01f1230031761bb,"이촌시범",용산구,NO_MATCH,EXACT_JIBUN_ADDRESS,111701290002060027,"서울 용산구 이촌동 206-27"
cx_b0226afb28337f4f,"삼익아파트",노원구,NO_MATCH,EXACT_JIBUN_ADDRESS,113501030006900002,"서울 노원구 공릉동 690-2"
cx_b02b663564edd599,"아키스",송파구,NO_MATCH,EXACT_JIBUN_ADDRESS,117101120000800014,"서울 송파구 오금동 80-14"
cx_b02e27d073341b6a,"탑건화곡동진선미",강서구,NO_MATCH,EXACT_JIBUN_ADDRESS,115001030007860009,"서울 강서구 화곡동 786-9"
cx_b0481df5bc167f6c,"대주그린빌",강동구,NO_MATCH,EXACT_JIBUN_ADDRESS,117401080004200016,"서울 강동구 성내동 420-16"
cx_b062c8c0438858e8,"해모로아파트",강북구,NO_MATCH,EXACT_PARCEL,113051020001390000,"서울 강북구 번동 139"
cx_b0635d27526a1cf6,"청계지웰에스테이트",동대문구,NO_MATCH,EXACT_JIBUN_ADDRESS,112301050004980007,"서울 동대문구 답십리동 498-7"
cx_b07219393fa28f85,"그랜드타워",관악구,NO_MATCH,EXACT_JIBUN_ADDRESS,116201020014250007,"서울 관악구 신림동 1425-7"
cx_b073bb44d1043d2d,"공감대(440-12)",동대문구,NO_MATCH,EXACT_JIBUN_ADDRESS,112301060004400012,"서울 동대문구 장안동 440-12"
cx_b07f692bd2461df3,"선명(101동)",서대문구,NO_MATCH,EXACT_JIBUN_ADDRESS,114101170007030032,"서울 서대문구 연희동 703-32"
cx_b09dd83010d89477,"신동아아파트4",도봉구,NO_MATCH,EXACT_PARCEL,113201060007320000,"서울 도봉구 방학동 732"
cx_b0a04c1483527bb6,"용산남영역롯데캐슬헤리티지",용산구,NO_MATCH,EXACT_JIBUN_ADDRESS,111701040000980006,"서울 용산구 갈월동 98-6"
cx_b0bc47609c067b5a,"남서울",영등포구,NO_MATCH,NO_MATCH,115601320030020000,"서울 영등포구 신길동 3002"
cx_b0cff6214c79dae8,"벽산라이브파크",강북구,NO_MATCH,EXACT_PARCEL,113051010013540000,"서울 강북구 미아동 1354"
cx_b0d267e3e2a0e024,"베르디움stay1",은평구,NO_MATCH,EXACT_PARCEL,113801060002410000,"서울 은평구 대조동 241"
cx_b0dab257035a5587,"유원강변",동작구,NO_MATCH,EXACT_PARCEL,115901040004820000,"서울 동작구 본동 482"
cx_b0e548ba32e6e0c9,"심미에셈빌",강서구,NO_MATCH,EXACT_JIBUN_ADDRESS,115001020006340013,"서울 강서구 등촌동 634-13"
cx_b0e8352316140107,"가락(1차)쌍용아파트",송파구,NO_MATCH,EXACT_PARCEL,117101070001400000,"서울 송파구 가락동 140"
cx_b112e872c6e26cc3,"디에이치아너힐즈",강남구,NO_MATCH,EXACT_PARCEL,116801030012810000,"서울 강남구 개포동 1281"
cx_b115782e12a725dc,"한양5",강남구,NO_MATCH,EXACT_PARCEL,116801100005130000,"서울 강남구 압구정동 513"
cx_b11b90767ebe225f,"정호샤인빌",영등포구,NO_MATCH,EXACT_JIBUN_ADDRESS,115601180002310008,"서울 영등포구 도림동 231-8"
cx_b124e98e57022258,"옥수힐",성동구,NO_MATCH,EXACT_PARCEL,112001130005590000,"서울 성동구 옥수동 559"
cx_b146e0e5f2a0693e,"미주",중구,NO_MATCH,EXACT_JIBUN_ADDRESS,111401390000620016,"서울 중구 필동3가 62-16"
cx_b14ce574b17ec95e,"푸른마을아파트101동~111동",강남구,NO_MATCH,EXACT_PARCEL,116801140007190000,"서울 강남구 일원동 719"
cx_b14ead15232183f5,"동도하이츠",양천구,NO_MATCH,EXACT_JIBUN_ADDRESS,114701030002180012,"서울 양천구 신월동 218-12"
cx_b14ed88fea0f9808,"firstview",강북구,NO_MATCH,EXACT_JIBUN_ADDRESS,113051030002740003,"서울 강북구 수유동 274-3"
cx_b14f6310a5fc3a0f,"레베빌2",서초구,NO_MATCH,EXACT_JIBUN_ADDRESS,116501010008040005,"서울 서초구 방배동 804-5"
cx_b153cd75904f1396,"수정",양천구,NO_MATCH,EXACT_JIBUN_ADDRESS,114701010007330031,"서울 양천구 신정동 733-31"
cx_b1640db959f651d9,"월드102",중랑구,NO_MATCH,EXACT_JIBUN_ADDRESS,112601050005060003,"서울 중랑구 망우동 506-3"
cx_b1697e0aef297bce,"새진6차",관악구,NO_MATCH,EXACT_JIBUN_ADDRESS,116201010001800381,"서울 관악구 봉천동 180-381"
cx_b169da311ed33bd9,"신구로자이",구로구,NO_MATCH,EXACT_PARCEL,115301020005010000,"서울 구로구 구로동 501"
cx_b16dcab7292e0901,"한화꿈에그린",노원구,NO_MATCH,EXACT_PARCEL,113501060005980000,"서울 노원구 중계동 598"
cx_b190dd5834114317,"신안",노원구,NO_MATCH,EXACT_PARCEL,113501060005900000,"서울 노원구 중계동 590"
cx_b191f0dfd934834d,"서광프리메라",강서구,NO_MATCH,EXACT_JIBUN_ADDRESS,115001030009810001,"서울 강서구 화곡동 981-1"
cx_b199e48fb11f8542,"방주아크빌",양천구,NO_MATCH,EXACT_JIBUN_ADDRESS,114701030004260003,"서울 양천구 신월동 426-3"
cx_b1a04eb8516c83b9,"르메이에르7차(313-8)",동대문구,NO_MATCH,EXACT_JIBUN_ADDRESS,112301060003130008,"서울 동대문구 장안동 313-8"
cx_b1b4decd0fdbed79,"채널리저브",강남구,NO_MATCH,EXACT_JIBUN_ADDRESS,116801050001440014,"서울 강남구 삼성동 144-14"
cx_b1c1253292de8379,"호수1차a동",구로구,NO_MATCH,EXACT_JIBUN_ADDRESS,115301090001120010,"서울 구로구 궁동 112-10"
cx_b1c483e24d6fed95,"테라팰리스중곡1",광진구,NO_MATCH,EXACT_JIBUN_ADDRESS,112151010006240019,"서울 광진구 중곡동 624-19"
cx_b1c8d88272976d18,"(791-4)",구로구,NO_MATCH,EXACT_JIBUN_ADDRESS,115301020007910004,"서울 구로구 구로동 791-4"
cx_b1d008e4a77e38cc,"삼현팰리채",강서구,NO_MATCH,EXACT_JIBUN_ADDRESS,115001010002500001,"서울 강서구 염창동 250-1"
cx_b1d72f31664fefac,"관악파크푸르지오",관악구,NO_MATCH,EXACT_PARCEL,116201010017280000,"서울 관악구 봉천동 1728"
cx_b1e0a5f32b3d0be8,"삼성사이버빌리지",중구,NO_MATCH,EXACT_PARCEL,111401710002000000,"서울 중구 중림동 200"
cx_b1e157b658cffd5b,"삼호3",서초구,NO_MATCH,EXACT_JIBUN_ADDRESS,116501010007590003,"서울 서초구 방배동 759-3"
cx_b1e1e249d6f3013a,"가락스타클래스",송파구,NO_MATCH,MULTI_RECORD_SAME_PARCEL,117101070000080000,"서울 송파구 가락동 8"
cx_b1e51928714221c7,"청구",은평구,NO_MATCH,EXACT_PARCEL,113801010004130000,"서울 은평구 수색동 413"
cx_b1f9d0cc3e8e5c12,"올림픽파크센트레빌",송파구,NO_MATCH,EXACT_PARCEL,117101120006150000,"서울 송파구 오금동 615"
cx_b1fa5284c0d18bf4,"한양마이라움",성동구,NO_MATCH,EXACT_PARCEL,112001060003150000,"서울 성동구 사근동 315"
cx_b21245456929d69c,"서안팰리스",동대문구,NO_MATCH,EXACT_JIBUN_ADDRESS,112301020002350030,"서울 동대문구 용두동 235-30"
cx_b21754e8eb07d8fd,"리시본하우스",서초구,NO_MATCH,EXACT_JIBUN_ADDRESS,116501020000150011,"서울 서초구 양재동 15-11"
cx_b21b235e7e194404,"반포훼미리(101동)",서초구,NO_MATCH,EXACT_JIBUN_ADDRESS,116501070007130001,"서울 서초구 반포동 713-1"
cx_b225492e31c09cdd,"온수힐스테이트",구로구,NO_MATCH,EXACT_PARCEL,115301100001550000,"서울 구로구 온수동 155"
cx_b225f47f4dcc40ce,"포레나영등포센트럴",영등포구,NO_MATCH,EXACT_PARCEL,115601080002080000,"서울 영등포구 영등포동7가 208"
cx_b255a91a7faa6489,"삼두",영등포구,NO_MATCH,EXACT_JIBUN_ADDRESS,115601320000020003,"서울 영등포구 신길동 2-3"
cx_b25744bb11e5beef,"애오개아이파크",마포구,NO_MATCH,EXACT_PARCEL,114401010007800000,"서울 마포구 아현동 780"
cx_b26d60b4d44db0dd,"신암밀리안아파트",송파구,NO_MATCH,EXACT_JIBUN_ADDRESS,117101110001690001,"서울 송파구 방이동 169-1"
cx_b279cccc627ab6cb,"is아파트",중랑구,NO_MATCH,EXACT_PARCEL,112601010015340000,"서울 중랑구 면목동 1534"
cx_b27ffc23b7c312ae,"삼호가든맨션(5차)",서초구,NO_MATCH,EXACT_JIBUN_ADDRESS,116501070000300001,"서울 서초구 반포동 30-1"
cx_b289d5663f0c97e8,"강동다온채",강동구,NO_MATCH,EXACT_JIBUN_ADDRESS,117401080004470002,"서울 강동구 성내동 447-2"
cx_b28f9b8cbcfee25f,"한강현대",광진구,NO_MATCH,EXACT_PARCEL,112151050008290000,"서울 광진구 자양동 829"
cx_b299e49b8ecad251,"양촌",강동구,NO_MATCH,EXACT_JIBUN_ADDRESS,117401050003520003,"서울 강동구 길동 352-3"
cx_b2a2821a2b2ca829,"그린파크(코오롱하늘채)",용산구,NO_MATCH,EXACT_PARCEL,111701330002930000,"서울 용산구 서빙고동 293"
cx_b2a57f1a3325d493,"형진",은평구,NO_MATCH,EXACT_JIBUN_ADDRESS,113801090000190084,"서울 은평구 신사동 19-84"
cx_b2ae12194f92d469,"해바라기",관악구,NO_MATCH,EXACT_PARCEL,116201010015000000,"서울 관악구 봉천동 1500"
cx_b2c79e990304522a,"한신휴2차",영등포구,NO_MATCH,EXACT_JIBUN_ADDRESS,115601330008970001,"서울 영등포구 대림동 897-1"
cx_b2c962432bb64c60,"효창한신",용산구,NO_MATCH,EXACT_JIBUN_ADDRESS,111701190000050145,"서울 용산구 효창동 5-145"
cx_b2d95abd9843f680,"판테옹빌라",서초구,NO_MATCH,EXACT_JIBUN_ADDRESS,116501010008410002,"서울 서초구 방배동 841-2"
cx_b2ee31ef0d339e35,"마장동해맑은아파트",성동구,NO_MATCH,EXACT_JIBUN_ADDRESS,112001050007970003,"서울 성동구 마장동 797-3"
cx_b309d2d39a5e6e15,"예성그랑펠리체",관악구,NO_MATCH,EXACT_PARCEL,116201030011380000,"서울 관악구 남현동 1138"
cx_b30d9a5aed73eb5a,"리치타운",강남구,NO_MATCH,EXACT_JIBUN_ADDRESS,116801030012040005,"서울 강남구 개포동 1204-5"
cx_b30ed341807e39de,"북서울자이폴라리스(2단지)",강북구,NO_MATCH,NO_MATCH,113051010013750000,"서울 강북구 미아동 1375"
cx_b312e769660ff16a,"궁전",양천구,NO_MATCH,EXACT_JIBUN_ADDRESS,114701030001270001,"서울 양천구 신월동 127-1"
cx_b3147aac4fc078e9,"리치타워",강남구,NO_MATCH,EXACT_PARCEL,116801010006040000,"서울 강남구 역삼동 604"
cx_b3242286ed66ac49,"상림마을7단지아이파크(706~708동)bl1-3",은평구,NO_MATCH,EXACT_PARCEL,113801140000130000,"서울 은평구 진관동 13"
cx_b32a7ad2790abc61,"역삼푸르지오",강남구,NO_MATCH,EXACT_JIBUN_ADDRESS,116801010007540001,"서울 강남구 역삼동 754-1"
cx_b32f87f1730ea438,"이니그마빌2",강남구,NO_MATCH,EXACT_JIBUN_ADDRESS,116801040000900010,"서울 강남구 청담동 90-10"
cx_b337a66c2603a30b,"금호2",관악구,NO_MATCH,EXACT_PARCEL,116201020017060000,"서울 관악구 신림동 1706"
cx_b3468f2d7a3ebc40,"마곡엠밸리4단지",강서구,NO_MATCH,EXACT_PARCEL,115001050007380000,"서울 강서구 마곡동 738"
cx_b348a2411c69ba5a,"부흥아파트",도봉구,NO_MATCH,EXACT_JIBUN_ADDRESS,113201060006180001,"서울 도봉구 방학동 618-1"
cx_b35a791be66be0ae,"리더스빌",서초구,NO_MATCH,EXACT_JIBUN_ADDRESS,116501070000850001,"서울 서초구 반포동 85-1"
cx_b35b08352ccc773d,"목동휘버스ii",양천구,NO_MATCH,EXACT_JIBUN_ADDRESS,114701020007290018,"서울 양천구 목동 729-18"
cx_b366fb7f14023b02,"성재i캐슬2차",영등포구,NO_MATCH,EXACT_JIBUN_ADDRESS,115601170001210134,"서울 영등포구 당산동 121-134"
cx_b3693057858b9180,"한강빌라",용산구,NO_MATCH,EXACT_JIBUN_ADDRESS,111701360002080001,"서울 용산구 보광동 208-1"
cx_b36bbaa5ee2918e7,"햄프턴코트",서초구,NO_MATCH,EXACT_JIBUN_ADDRESS,116501080014280001,"서울 서초구 서초동 1428-1"
cx_b36f61cae0ce0d20,"새진(645-0)",관악구,NO_MATCH,MULTI_RECORD_SAME_PARCEL,116201010006450000,"서울 관악구 봉천동 645"
cx_b374dff92606a1c7,"세한숲속마을",서대문구,NO_MATCH,NO_MATCH,,"서울 서대문구 홍은동 산11-244"
cx_b3781971263f09eb,"삼환",구로구,NO_MATCH,EXACT_PARCEL,115301070004700000,"서울 구로구 개봉동 470"
cx_b38072fdb41f29d8,"가락우성2",송파구,NO_MATCH,EXACT_JIBUN_ADDRESS,117101070001200004,"서울 송파구 가락동 120-4"
cx_b3857fad7bf5f0df,"잠실시그마타워",송파구,NO_MATCH,EXACT_JIBUN_ADDRESS,117101020000070019,"서울 송파구 신천동 7-19"
cx_b38a01c9e4f19d6f,"센트로힐",강북구,NO_MATCH,EXACT_PARCEL,113051020007610000,"서울 강북구 번동 761"
cx_b3900416f0337862,"현대이에스에이아파트",서초구,NO_MATCH,MULTI_RECORD_SAME_PARCEL,116501080013380000,"서울 서초구 서초동 1338"
cx_b3a280ce3647b3c6,"목화101",금천구,NO_MATCH,EXACT_PARCEL,115451020011320000,"서울 금천구 독산동 1132"
cx_b3b00a990d92c67a,"하이펠리스",서대문구,NO_MATCH,EXACT_PARCEL,114101160004700000,"서울 서대문구 창천동 470"
cx_b3b0c462c28dfcfa,"삼희",동대문구,NO_MATCH,EXACT_JIBUN_ADDRESS,112301050005300005,"서울 동대문구 답십리동 530-5"
cx_b3d2fb8a830de488,"상계주공5(저층)",노원구,NO_MATCH,EXACT_PARCEL,113501050007210000,"서울 노원구 상계동 721"
cx_b3dda18236c22670,"이에스에이아파트2",도봉구,NO_MATCH,EXACT_JIBUN_ADDRESS,113201060007160005,"서울 도봉구 방학동 716-5"
cx_b3dfc60f14f0fa8d,"임성아파트",노원구,NO_MATCH,EXACT_JIBUN_ADDRESS,113501030003890013,"서울 노원구 공릉동 389-13"
cx_b3e48f86671c0de2,"대림(169-8)",동작구,NO_MATCH,EXACT_JIBUN_ADDRESS,115901070001690008,"서울 동작구 사당동 169-8"
cx_b3e9cf83fdd553b0,"이안용산3차",용산구,NO_MATCH,EXACT_JIBUN_ADDRESS,111701220000400039,"서울 용산구 문배동 40-39"
cx_b3f61f2f2aabe40a,"명남스카이뷰",은평구,NO_MATCH,EXACT_JIBUN_ADDRESS,113801070005900010,"서울 은평구 응암동 590-10"
cx_b40a42f40dff1398,"네스코수피아",관악구,NO_MATCH,EXACT_JIBUN_ADDRESS,116201030006020027,"서울 관악구 남현동 602-27"
cx_b40dcec936cef417,"방배대우멤버스카운티",서초구,NO_MATCH,EXACT_JIBUN_ADDRESS,116501010008090022,"서울 서초구 방배동 809-22"
cx_b40e0228a1b394f0,"행복한",서대문구,NO_MATCH,EXACT_JIBUN_ADDRESS,114101020000030046,"서울 서대문구 충정로3가 3-46"
cx_b40e7b82ec307bcc,"한강르네상스",용산구,NO_MATCH,EXACT_JIBUN_ADDRESS,111701330002410047,"서울 용산구 서빙고동 241-47"
cx_b41b3e304ce2ee22,"한신무학",성동구,NO_MATCH,EXACT_PARCEL,112001020009900000,"서울 성동구 하왕십리동 990"
cx_b425c5fcdd8c363c,"홍익봄마을(101동)",광진구,NO_MATCH,EXACT_JIBUN_ADDRESS,112151090003460018,"서울 광진구 군자동 346-18"
cx_b42a34b739db6b77,"태천해오름아파트",강동구,NO_MATCH,EXACT_JIBUN_ADDRESS,117401090000520017,"서울 강동구 천호동 52-17"
cx_b436d7b1ac91204e,"은탑리더스카운티",강남구,NO_MATCH,EXACT_JIBUN_ADDRESS,116801080000440006,"서울 강남구 논현동 44-6"
cx_b442cfdcd792b44b,"송파n-suite",송파구,NO_MATCH,EXACT_JIBUN_ADDRESS,117101030002540002,"서울 송파구 풍납동 254-2"
cx_b44354d64514a5b7,"드림",성동구,NO_MATCH,EXACT_JIBUN_ADDRESS,112001020008900115,"서울 성동구 하왕십리동 890-115"
cx_b443e8d33edaf90b,"세운푸르지오헤리시티",중구,NO_MATCH,EXACT_PARCEL,111401340002400000,"서울 중구 인현동2가 240"
cx_b44b43ff18f5a15d,"(752-19)",구로구,NO_MATCH,EXACT_JIBUN_ADDRESS,115301020007520019,"서울 구로구 구로동 752-19"
cx_b44c15b005c3f67f,"상리제나우스",성동구,NO_MATCH,EXACT_JIBUN_ADDRESS,112001020009660018,"서울 성동구 하왕십리동 966-18"
cx_b4549097c4258ad6,"유로미아파트a동",강남구,NO_MATCH,EXACT_JIBUN_ADDRESS,116801070005470007,"서울 강남구 신사동 547-7"
cx_b46688e25feacd70,"한진리버타운",동작구,NO_MATCH,NO_MATCH,115901050002570008,"서울 동작구 흑석동 257-8"
cx_b46cdb82fc9fc63d,"현대2",은평구,NO_MATCH,EXACT_PARCEL,113801090003550000,"서울 은평구 신사동 355"
cx_b47a27126d38506e,"(794-26)",구로구,NO_MATCH,EXACT_JIBUN_ADDRESS,115301020007940026,"서울 구로구 구로동 794-26"
cx_b47a995360a0fcc6,"삼익선경",노원구,NO_MATCH,EXACT_JIBUN_ADDRESS,113501040002550001,"서울 노원구 하계동 255-1"
cx_b47fff8b04d0e6e3,"에스엠이로빌(379-0)",강동구,NO_MATCH,MULTI_RECORD_SAME_PARCEL,117401050003790000,"서울 강동구 길동 379"
cx_b495037c1bfd93e4,"삼익2차플라주",양천구,NO_MATCH,EXACT_PARCEL,114701030010460000,"서울 양천구 신월동 1046"
cx_b49578793889695a,"참존2차(102동)",마포구,NO_MATCH,EXACT_JIBUN_ADDRESS,114401230004540036,"서울 마포구 망원동 454-36"
cx_b49580140f259f53,"롯데캐슬",송파구,NO_MATCH,EXACT_PARCEL,117101070000790000,"서울 송파구 가락동 79"
cx_b495aec58dabc1e7,"청솔브레싱(a동)(400-1)",동대문구,NO_MATCH,EXACT_JIBUN_ADDRESS,112301060004000001,"서울 동대문구 장안동 400-1"
cx_b4a5e7b61059c0e5,"진넥스빌",광진구,NO_MATCH,EXACT_JIBUN_ADDRESS,112151050005880020,"서울 광진구 자양동 588-20"
cx_b4b4dec239dc6613,"약산",영등포구,NO_MATCH,EXACT_JIBUN_ADDRESS,115601280001600002,"서울 영등포구 양평동4가 160-2"
cx_b4b80b8c3e798cd7,"반포서래월드메르디앙스칼라아파트a동",서초구,NO_MATCH,EXACT_JIBUN_ADDRESS,116501070005500034,"서울 서초구 반포동 550-34"
cx_b4ba189f6e53328d,"거상센스빌(956-6)",금천구,NO_MATCH,EXACT_JIBUN_ADDRESS,115451030009560006,"서울 금천구 시흥동 956-6"
cx_b4cc61cbd8fc1fd3,"삼환sogood",강남구,NO_MATCH,EXACT_JIBUN_ADDRESS,116801060009380016,"서울 강남구 대치동 938-16"
cx_b4cd8d9701e0f6d9,"강오(b동)",중랑구,NO_MATCH,EXACT_JIBUN_ADDRESS,112601030003070006,"서울 중랑구 중화동 307-6"
cx_b4d2987622a64250,"대창쉐르빌",성북구,NO_MATCH,EXACT_JIBUN_ADDRESS,112901330002660032,"서울 성북구 정릉동 266-32"
cx_b4dabfc01ce8bce0,"이문동웰츠타워",동대문구,NO_MATCH,EXACT_JIBUN_ADDRESS,112301100002920010,"서울 동대문구 이문동 292-10"
cx_b4db01945df2a55b,"주공아파트5단지",송파구,NO_MATCH,EXACT_PARCEL,117101010000270000,"서울 송파구 잠실동 27"
cx_b4db3dd8a6ec96cb,"한신공영",영등포구,NO_MATCH,EXACT_JIBUN_ADDRESS,115601250000140001,"서울 영등포구 양평동1가 14-1"
cx_b4e8da3e869844d4,"상지카일룸",강남구,NO_MATCH,MULTI_RECORD_SAME_PARCEL,116801040001280000,"서울 강남구 청담동 128"
cx_b4f23feb612f5e06,"다성이즈빌(주상복합)",강동구,NO_MATCH,EXACT_JIBUN_ADDRESS,117401050003880007,"서울 강동구 길동 388-7"
cx_b4f2d7d814b4f0d5,"삼형아파트",송파구,NO_MATCH,EXACT_JIBUN_ADDRESS,117101080000960012,"서울 송파구 문정동 96-12"
cx_b4f480d1d24b3dde,"cs타워",종로구,NO_MATCH,EXACT_JIBUN_ADDRESS,111101670000620002,"서울 종로구 충신동 62-2"
cx_b502331c51adcde0,"마로니에",서초구,NO_MATCH,EXACT_JIBUN_ADDRESS,116501020003520007,"서울 서초구 양재동 352-7"
cx_b50a7a7a6a68a5ee,"장위지웰에스테이트",성북구,NO_MATCH,EXACT_JIBUN_ADDRESS,112901380003220022,"서울 성북구 장위동 322-22"
cx_b51502696d0ac8aa,"장미(917-1)",관악구,NO_MATCH,EXACT_JIBUN_ADDRESS,116201010009170001,"서울 관악구 봉천동 917-1"
cx_b516a35b4819524b,"동대문베네스트",동대문구,NO_MATCH,EXACT_JIBUN_ADDRESS,112301020001000005,"서울 동대문구 용두동 100-5"
cx_b52067eed9c8709b,"선경쉐르빌(106-15)",송파구,NO_MATCH,EXACT_JIBUN_ADDRESS,117101080001060015,"서울 송파구 문정동 106-15"
cx_b52431ee7b072274,"브라운스톤휘경",동대문구,NO_MATCH,EXACT_PARCEL,112301090003680000,"서울 동대문구 휘경동 368"
cx_b524e6a04b93914d,"광진해모로리버뷰",광진구,NO_MATCH,EXACT_JIBUN_ADDRESS,112151030005470007,"서울 광진구 구의동 547-7"
cx_b52d57844332bbb9,"연대jk",서대문구,NO_MATCH,EXACT_PARCEL,114101160005180000,"서울 서대문구 창천동 518"
cx_b53a6f3606574206,"대림(수유)",강북구,NO_MATCH,EXACT_JIBUN_ADDRESS,113051030000500075,"서울 강북구 수유동 50-75"
cx_b54bb90a376026cc,"마크힐스이스트윙",강남구,NO_MATCH,EXACT_JIBUN_ADDRESS,116801040001300007,"서울 강남구 청담동 130-7"
cx_b567b89d3a71626f,"반포경남아파트",서초구,NO_MATCH,NO_MATCH,116501070000010008,"서울 서초구 반포동 1-8"
cx_b56a38ffeac870ef,"미동",서대문구,NO_MATCH,EXACT_JIBUN_ADDRESS,114101020001890008,"서울 서대문구 충정로3가 189-8"
cx_b56f09fd1fbbef1e,"신동아",도봉구,NO_MATCH,EXACT_JIBUN_ADDRESS,113201050001390052,"서울 도봉구 쌍문동 139-52"
cx_b5709720f7106e10,"서울가든",양천구,NO_MATCH,EXACT_PARCEL,114701030004750000,"서울 양천구 신월동 475"
cx_b57c23a3318ed459,"압구정ainvill",강남구,NO_MATCH,EXACT_JIBUN_ADDRESS,116801070005900007,"서울 강남구 신사동 590-7"
cx_b5800b6a8a216970,"번동완성주상복합아파트",강북구,NO_MATCH,EXACT_JIBUN_ADDRESS,113051020001480496,"서울 강북구 번동 148-496"
cx_b5907f471e486461,"투원씨b동",강서구,NO_MATCH,EXACT_JIBUN_ADDRESS,115001030000260009,"서울 강서구 화곡동 26-9"
cx_b5ab89b27587a425,"현대",서대문구,NO_MATCH,EXACT_JIBUN_ADDRESS,114101010001850015,"서울 서대문구 충정로2가 185-15"
cx_b5b304cd5c8a1d5e,"방주샤인(428-7)",동작구,NO_MATCH,EXACT_JIBUN_ADDRESS,115901030004280007,"서울 동작구 상도1동 428-7"
cx_b5b3afce6f1fc166,"대성유니드(641-0)",성북구,NO_MATCH,EXACT_PARCEL,112901030006410000,"서울 성북구 돈암동 641"
cx_b5bb947e56aa5bef,"월드빌라트(999)",서초구,NO_MATCH,MULTI_RECORD_SAME_PARCEL,116501010009990000,"서울 서초구 방배동 999"
cx_b5bc69b91652ac68,"화인",용산구,NO_MATCH,EXACT_JIBUN_ADDRESS,111701010002440099,"서울 용산구 후암동 244-99"
cx_b5bfde9bc59b59d4,"서울맨션",서대문구,NO_MATCH,EXACT_JIBUN_ADDRESS,114101110003150007,"서울 서대문구 홍제동 315-7"
cx_b5ca74675325162e,"역촌센트레빌",은평구,NO_MATCH,EXACT_PARCEL,113801080002320000,"서울 은평구 역촌동 232"
cx_b5def7fff6556c65,"주은스카이빌",서대문구,NO_MATCH,EXACT_JIBUN_ADDRESS,114101190000680003,"서울 서대문구 북가좌동 68-3"
cx_b5e22825f3ac8434,"천우네오젠5차",강서구,NO_MATCH,EXACT_JIBUN_ADDRESS,115001060006630002,"서울 강서구 내발산동 663-2"
cx_b5f137e39ef8c2d0,"우민",강남구,NO_MATCH,EXACT_JIBUN_ADDRESS,116801080001070044,"서울 강남구 논현동 107-44"
cx_b5f5bb4d3b5a218f,"강변삼성스위트",용산구,NO_MATCH,EXACT_PARCEL,111701180001780000,"서울 용산구 원효로4가 178"
cx_b603c4bb7da0e55d,"화랑타운아파트",노원구,NO_MATCH,EXACT_PARCEL,113501030001110000,"서울 노원구 공릉동 111"
cx_b615a7a598cbc079,"서강스카이빌2",은평구,NO_MATCH,EXACT_JIBUN_ADDRESS,113801070001160017,"서울 은평구 응암동 116-17"
cx_b630eab9575eef58,"리치",영등포구,NO_MATCH,EXACT_JIBUN_ADDRESS,115601080000940083,"서울 영등포구 영등포동7가 94-83"
cx_b63594979d1b58eb,"영진해가든(1동)",강동구,NO_MATCH,EXACT_JIBUN_ADDRESS,117401070004850001,"서울 강동구 암사동 485-1"
cx_b6497b32cd4450eb,"조은1차",서대문구,NO_MATCH,EXACT_JIBUN_ADDRESS,114101100000011201,"서울 서대문구 북아현동 1-1201"
cx_b64d2ee192e625d6,"포레스(b동)",강동구,NO_MATCH,EXACT_JIBUN_ADDRESS,117401080001110066,"서울 강동구 성내동 111-66"
cx_b657a957190b373a,"선경쉐르빌(106-23)",송파구,NO_MATCH,EXACT_JIBUN_ADDRESS,117101080001060023,"서울 송파구 문정동 106-23"
cx_b658c9010871a67c,"신성오크힐",도봉구,NO_MATCH,EXACT_JIBUN_ADDRESS,113201050000810151,"서울 도봉구 쌍문동 81-151"
cx_b661007a4953032e,"뉴서울(277-2)",은평구,NO_MATCH,EXACT_JIBUN_ADDRESS,113801090002770002,"서울 은평구 신사동 277-2"
cx_b66e255c6a3a7c25,"백영아파트",노원구,NO_MATCH,EXACT_JIBUN_ADDRESS,113501030005930006,"서울 노원구 공릉동 593-6"
cx_b6804af8f74103da,"풍림1",송파구,NO_MATCH,MULTI_RECORD_SAME_PARCEL,117101070001420000,"서울 송파구 가락동 142"
cx_b680a027ac852024,"신개봉삼환",구로구,NO_MATCH,EXACT_JIBUN_ADDRESS,115301070001700030,"서울 구로구 개봉동 170-30"
cx_b6813f051ec71470,"어진재",동대문구,NO_MATCH,EXACT_PARCEL,112301030012130000,"서울 동대문구 제기동 1213"
cx_b694857baa470062,"대림e-편한세상4",구로구,NO_MATCH,EXACT_PARCEL,115301010006460000,"서울 구로구 신도림동 646"
cx_b69c897066ca8d2c,"살렘",강서구,NO_MATCH,EXACT_JIBUN_ADDRESS,115001030000560030,"서울 강서구 화곡동 56-30"
cx_b6a4b9c938b77d8c,"양지파크",은평구,NO_MATCH,MULTI_RECORD_SAME_PARCEL,113801090002410000,"서울 은평구 신사동 241"
cx_b6aa1d0be134a0b2,"우남푸르미아",노원구,NO_MATCH,EXACT_PARCEL,113501020009460000,"서울 노원구 월계동 946"
cx_b6ad0daa2bd1ac21,"대광그린",광진구,NO_MATCH,EXACT_JIBUN_ADDRESS,112151010001200018,"서울 광진구 중곡동 120-18"
cx_b6b95b5c495b492a,"세광",마포구,NO_MATCH,EXACT_JIBUN_ADDRESS,114401230004680018,"서울 마포구 망원동 468-18"
cx_b6bed3b6b5622970,"마에스트로캠퍼스타운",관악구,NO_MATCH,EXACT_JIBUN_ADDRESS,116201010008930012,"서울 관악구 봉천동 893-12"
cx_b6c6259a9c038452,"경남1",구로구,NO_MATCH,EXACT_PARCEL,115301060003250000,"서울 구로구 고척동 325"
cx_b6c7117b39cf9497,"계명아파트다동",강서구,NO_MATCH,EXACT_JIBUN_ADDRESS,115001030003430045,"서울 강서구 화곡동 343-45"
cx_b6df555ffd64ab44,"현대빌라(43-1)",강남구,NO_MATCH,EXACT_JIBUN_ADDRESS,116801040000430001,"서울 강남구 청담동 43-1"
cx_b6f287d31bfd387d,"청담동마크노빌",강남구,NO_MATCH,EXACT_JIBUN_ADDRESS,116801040000890012,"서울 강남구 청담동 89-12"
cx_b6f3c1c36e962e45,"북한산힐스테이트1차아파트",은평구,NO_MATCH,EXACT_PARCEL,113801030006350000,"서울 은평구 불광동 635"
cx_b6f5a65057843384,"쌍용",강북구,NO_MATCH,EXACT_JIBUN_ADDRESS,113051020004590110,"서울 강북구 번동 459-110"
cx_b6fe5b3eb738e10a,"신구블레스벨리",서초구,NO_MATCH,EXACT_JIBUN_ADDRESS,116501080015060047,"서울 서초구 서초동 1506-47"
cx_b71569ae8ffc8fdd,"다성이즈빌(명일4차)",강동구,NO_MATCH,EXACT_JIBUN_ADDRESS,117401010003480001,"서울 강동구 명일동 348-1"
cx_b7159df81cbc7447,"극동",도봉구,NO_MATCH,EXACT_JIBUN_ADDRESS,113201080000810001,"서울 도봉구 도봉동 81-1"
cx_b71a2e49e8bf219f,"노블레스2",중구,NO_MATCH,EXACT_JIBUN_ADDRESS,111401620004321653,"서울 중구 신당동 432-1653"
cx_b725014e4223b059,"하나테크노빌",마포구,NO_MATCH,EXACT_JIBUN_ADDRESS,114401110000220035,"서울 마포구 신수동 22-35"
cx_b725ecd020120f5c,"혜성오피아파트",강서구,NO_MATCH,EXACT_JIBUN_ADDRESS,115001030003430049,"서울 강서구 화곡동 343-49"
cx_b72c143776c825bd,"현대주상복합",송파구,NO_MATCH,EXACT_JIBUN_ADDRESS,117101110000480005,"서울 송파구 방이동 48-5"
cx_b72d1eace3342bfd,"대우그린",강서구,NO_MATCH,EXACT_JIBUN_ADDRESS,115001030003590003,"서울 강서구 화곡동 359-3"
cx_b738e9e4a4798ecf,"신원지벤스타5",서대문구,NO_MATCH,EXACT_JIBUN_ADDRESS,114101180003930002,"서울 서대문구 홍은동 393-2"
cx_b74725fe7a6d1558,"(745-43)",구로구,NO_MATCH,EXACT_JIBUN_ADDRESS,115301020007450043,"서울 구로구 구로동 745-43"
cx_b7485e21f2349ba1,"동익파크1동(355-95)",은평구,NO_MATCH,EXACT_JIBUN_ADDRESS,113801050003550095,"서울 은평구 구산동 355-95"
cx_b7498d586a173dfd,"신보",강서구,NO_MATCH,EXACT_JIBUN_ADDRESS,115001030000460116,"서울 강서구 화곡동 46-116"
cx_b74bdaa8f28045aa,"건영1",송파구,NO_MATCH,EXACT_JIBUN_ADDRESS,117101080000720003,"서울 송파구 문정동 72-3"
cx_b754a764484f8476,"원능한빛",양천구,NO_MATCH,EXACT_PARCEL,114701030010160000,"서울 양천구 신월동 1016"
cx_b756c4805a4d1a00,"태영방송인",강서구,NO_MATCH,EXACT_PARCEL,115001030011400000,"서울 강서구 화곡동 1140"
cx_b760ca1544d843fe,"휴브리지빌딩",영등포구,NO_MATCH,EXACT_JIBUN_ADDRESS,115601170001210200,"서울 영등포구 당산동 121-200"
cx_b7610c1c1bb8dde6,"인택스파크뷰",강동구,NO_MATCH,EXACT_JIBUN_ADDRESS,117401080004480017,"서울 강동구 성내동 448-17"
cx_b767d56c3c734af6,"창동주공4단지",도봉구,NO_MATCH,EXACT_PARCEL,113201070003730000,"서울 도봉구 창동 373"
cx_b77169b668dbe22e,"형인허브빌(450-4)",동대문구,NO_MATCH,EXACT_JIBUN_ADDRESS,112301060004500004,"서울 동대문구 장안동 450-4"
cx_b77256b1190c3c18,"두리파크빌",용산구,NO_MATCH,EXACT_JIBUN_ADDRESS,111701040000060048,"서울 용산구 갈월동 6-48"
cx_b77c8cf0bd0c257c,"노빌리티빌리지",강남구,NO_MATCH,EXACT_JIBUN_ADDRESS,116801060010170001,"서울 강남구 대치동 1017-1"
cx_b7954648cdb6763e,"중랑숲리가",중랑구,NO_MATCH,EXACT_PARCEL,112601050005830000,"서울 중랑구 망우동 583"
cx_b797317d1e1e225c,"한남동리첸시아",용산구,NO_MATCH,EXACT_JIBUN_ADDRESS,111701310000720001,"서울 용산구 한남동 72-1"
cx_b79a90347a2d8b2b,"삼화그린",강동구,NO_MATCH,EXACT_JIBUN_ADDRESS,117401070004540010,"서울 강동구 암사동 454-10"
cx_b79bb3b43e23d74b,"로체샤르캐슬",강남구,NO_MATCH,EXACT_JIBUN_ADDRESS,116801080001140023,"서울 강남구 논현동 114-23"
cx_b79d294a7d35bb6c,"래미안청담로이뷰",강남구,NO_MATCH,MULTI_RECORD_SAME_PARCEL,116801040001340000,"서울 강남구 청담동 134"
cx_b79de4d677cd51bc,"신정동로마",양천구,NO_MATCH,EXACT_JIBUN_ADDRESS,114701010009620018,"서울 양천구 신정동 962-18"
cx_b7a1d7abcdd2df2a,"삼성아트빌(1690-163)",관악구,NO_MATCH,EXACT_JIBUN_ADDRESS,116201010016900163,"서울 관악구 봉천동 1690-163"
cx_b7a9b1e9fcae7d41,"대우",강남구,NO_MATCH,NO_MATCH,116801140006900001,"서울 강남구 일원동 690-1"
cx_b7aa81719b0aa750,"상계현대3차",노원구,NO_MATCH,EXACT_PARCEL,113501050010630000,"서울 노원구 상계동 1063"
cx_b7afe1abaeb801e2,"hdx휴팰리스",서대문구,NO_MATCH,EXACT_PARCEL,114101180004650000,"서울 서대문구 홍은동 465"
cx_b7c05511995cbe7b,"은진아파트5차",광진구,NO_MATCH,EXACT_JIBUN_ADDRESS,112151030000570003,"서울 광진구 구의동 57-3"
cx_b7c207ccc957a100,"한빛",금천구,NO_MATCH,EXACT_JIBUN_ADDRESS,115451030007930006,"서울 금천구 시흥동 793-6"
cx_b7ccab08ae4560cf,"서초동아타워",서초구,NO_MATCH,EXACT_JIBUN_ADDRESS,116501080013210006,"서울 서초구 서초동 1321-6"
cx_b7d0529133ca8699,"서초대성유니드",서초구,NO_MATCH,EXACT_JIBUN_ADDRESS,116501080014870121,"서울 서초구 서초동 1487-121"
cx_b7e67124a526c017,"낙성대늘푸른2차",관악구,NO_MATCH,EXACT_JIBUN_ADDRESS,116201010016900159,"서울 관악구 봉천동 1690-159"
cx_b7ee68cad94d1b25,"럭스빌(102동)",은평구,NO_MATCH,EXACT_JIBUN_ADDRESS,113801100001740003,"서울 은평구 증산동 174-3"
cx_b7f56c1617dbf58b,"덕현타워",강서구,NO_MATCH,EXACT_JIBUN_ADDRESS,115001030010260002,"서울 강서구 화곡동 1026-2"
cx_b7f70c6bac061ca6,"새울아파트",도봉구,NO_MATCH,EXACT_JIBUN_ADDRESS,113201070006080167,"서울 도봉구 창동 608-167"
cx_b7fa34f13d7ea0e6,"새롬트윈스아파트(a동)",강동구,NO_MATCH,EXACT_JIBUN_ADDRESS,117401090000390007,"서울 강동구 천호동 39-7"
cx_b800483bb3c9c033,"장미(203-14)",용산구,NO_MATCH,EXACT_JIBUN_ADDRESS,111701290002030014,"서울 용산구 이촌동 203-14"
cx_b80767c93c807033,"목동캐슬아파트",양천구,NO_MATCH,EXACT_JIBUN_ADDRESS,114701010002960028,"서울 양천구 신정동 296-28"
cx_b80eaae69365386d,"아크로리버하임",동작구,NO_MATCH,EXACT_PARCEL,115901050003410000,"서울 동작구 흑석동 341"
cx_b81420ab89afc1a9,"조이너스",강남구,NO_MATCH,EXACT_JIBUN_ADDRESS,116801010007470001,"서울 강남구 역삼동 747-1"
cx_b8273fde1297f7b2,"삼호빌라",구로구,NO_MATCH,EXACT_JIBUN_ADDRESS,115301020007470017,"서울 구로구 구로동 747-17"
cx_b8300631796470a4,"푸른마을(b)",중구,NO_MATCH,EXACT_JIBUN_ADDRESS,111401620004320922,"서울 중구 신당동 432-922"
cx_b8436a4758cab00e,"에이스",양천구,NO_MATCH,EXACT_JIBUN_ADDRESS,114701020007690019,"서울 양천구 목동 769-19"
cx_b84b0926119d3e22,"로엠아트빌(a동)",서대문구,NO_MATCH,EXACT_JIBUN_ADDRESS,114101170000510074,"서울 서대문구 연희동 51-74"
cx_b85453638da8a0bd,"한창늘푸른",노원구,NO_MATCH,EXACT_JIBUN_ADDRESS,113501050009250001,"서울 노원구 상계동 925-1"
cx_b857f7530b1035f9,"남가좌동현대",서대문구,AMBIGUOUS,EXACT_PARCEL,114101200003760000,"서울 서대문구 남가좌동 376"
cx_b86260773276f7b8,"판테옹-2",서초구,NO_MATCH,EXACT_JIBUN_ADDRESS,116501010008030003,"서울 서초구 방배동 803-3"
cx_b87021c0d69fdafe,"한아(987-20)",금천구,NO_MATCH,EXACT_JIBUN_ADDRESS,115451020009870020,"서울 금천구 독산동 987-20"
cx_b870a99e34f845ee,"그린캐슬apt",중랑구,NO_MATCH,EXACT_JIBUN_ADDRESS,112601010001360002,"서울 중랑구 면목동 136-2"
cx_b878b6b9ce3a89bb,"래미안마포리버웰",마포구,NO_MATCH,EXACT_PARCEL,114401050005020000,"서울 마포구 용강동 502"
cx_b882946a31dfc51b,"역삼예명",강남구,NO_MATCH,EXACT_JIBUN_ADDRESS,116801010006640005,"서울 강남구 역삼동 664-5"
cx_b88568f3bb4d0b66,"선진빌라",구로구,NO_MATCH,EXACT_JIBUN_ADDRESS,115301020007490013,"서울 구로구 구로동 749-13"
cx_b891146cab614325,"방배우성",서초구,NO_MATCH,EXACT_PARCEL,116501010025250000,"서울 서초구 방배동 2525"
cx_b8b387b2af0e6e8e,"브라운스톤관악",관악구,NO_MATCH,EXACT_PARCEL,116201010017210000,"서울 관악구 봉천동 1721"
cx_b8b46bbbca587dbd,"이너스102동",강서구,NO_MATCH,EXACT_JIBUN_ADDRESS,115001060006880040,"서울 강서구 내발산동 688-40"
cx_b8bd763e509ce63d,"제니스뷰아파트",서대문구,NO_MATCH,EXACT_JIBUN_ADDRESS,114101110001960026,"서울 서대문구 홍제동 196-26"
cx_b8ca7f7915dd14b3,"비콘드림힐2",노원구,NO_MATCH,EXACT_PARCEL,113501050013080000,"서울 노원구 상계동 1308"
cx_b8cdb240990c55d1,"나이아가라",양천구,NO_MATCH,EXACT_JIBUN_ADDRESS,114701030005070003,"서울 양천구 신월동 507-3"
cx_b8d0b1b0c8ffe468,"서초한신",서초구,NO_MATCH,EXACT_JIBUN_ADDRESS,116501080014540029,"서울 서초구 서초동 1454-29"
cx_b8dc2105220b19b4,"루나클래식2",강서구,NO_MATCH,EXACT_JIBUN_ADDRESS,115001010002830015,"서울 강서구 염창동 283-15"
cx_b8de44b49cfe444c,"대성3,4호(379-58,나동)",강서구,NO_MATCH,EXACT_JIBUN_ADDRESS,115001030003790058,"서울 강서구 화곡동 379-58"
cx_b8e6410c97ac0da8,"신한빌라트-신한미지엔",송파구,NO_MATCH,EXACT_JIBUN_ADDRESS,117101070001300014,"서울 송파구 가락동 130-14"
cx_b8ef6775fc1a2361,"래미안허브리츠",동대문구,NO_MATCH,EXACT_PARCEL,112301020007920000,"서울 동대문구 용두동 792"
cx_b8f9fe9d01eb1819,"삼성빌라트",강남구,NO_MATCH,EXACT_JIBUN_ADDRESS,116801080000790005,"서울 강남구 논현동 79-5"
cx_b8fa0e935b607f73,"한양립스",강남구,NO_MATCH,EXACT_JIBUN_ADDRESS,116801050001420016,"서울 강남구 삼성동 142-16"
cx_b90031fcfd35eeb1,"대명하이빌101동",구로구,NO_MATCH,EXACT_JIBUN_ADDRESS,115301090001840020,"서울 구로구 궁동 184-20"
cx_b90392983a79fbeb,"황산(780-55)",구로구,NO_MATCH,EXACT_JIBUN_ADDRESS,115301020007800055,"서울 구로구 구로동 780-55"
cx_b9066fb7be57a076,"로덴하우스이스트빌리지",강남구,NO_MATCH,EXACT_JIBUN_ADDRESS,116801180004620001,"서울 강남구 도곡동 462-1"
cx_b909bf14240270b2,"송파위례리슈빌",송파구,NO_MATCH,EXACT_PARCEL,117101130006540000,"서울 송파구 거여동 654"
cx_b911c4776e58ec4e,"불암현대",노원구,NO_MATCH,EXACT_PARCEL,113501050012930000,"서울 노원구 상계동 1293"
cx_b91c20e2cbf9ac87,"한건브리앙",강동구,NO_MATCH,EXACT_JIBUN_ADDRESS,117401070004970006,"서울 강동구 암사동 497-6"
cx_b9330f64edc3c2c1,"신일라이프(b동)",도봉구,NO_MATCH,EXACT_JIBUN_ADDRESS,113201050002770005,"서울 도봉구 쌍문동 277-5"
cx_b942379bb980521f,"(798-18)봉일주택",구로구,NO_MATCH,EXACT_JIBUN_ADDRESS,115301020007980018,"서울 구로구 구로동 798-18"
cx_b9425dc569306eb8,"천우네오젠아파트",강서구,NO_MATCH,EXACT_JIBUN_ADDRESS,115001060006650017,"서울 강서구 내발산동 665-17"
cx_b9491248448e1054,"서광",도봉구,NO_MATCH,EXACT_PARCEL,113201080006430000,"서울 도봉구 도봉동 643"
cx_b9503a09ca28d20e,"신원지벤스타2",서대문구,NO_MATCH,EXACT_JIBUN_ADDRESS,114101180003920009,"서울 서대문구 홍은동 392-9"
cx_b950742c989c98d4,"영우",중랑구,NO_MATCH,EXACT_JIBUN_ADDRESS,112601010001570003,"서울 중랑구 면목동 157-3"
cx_b958badf39c51aec,"래미안밤섬리베뉴ⅱ",마포구,NO_MATCH,EXACT_PARCEL,114401150003980000,"서울 마포구 상수동 398"
cx_b95f2e93ca9621a0,"팔라티노",서초구,NO_MATCH,EXACT_JIBUN_ADDRESS,116501010008100014,"서울 서초구 방배동 810-14"
cx_b96e075e1545cfa0,"지원g델타아파트",강동구,NO_MATCH,EXACT_JIBUN_ADDRESS,117401090000540012,"서울 강동구 천호동 54-12"
cx_b97b8fabc68e88b7,"강변",서초구,NO_MATCH,EXACT_JIBUN_ADDRESS,116501060000530015,"서울 서초구 잠원동 53-15"
cx_b97e2bbe3aea3e1b,"신반포17",서초구,NO_MATCH,NO_MATCH,116501060000580022,"서울 서초구 잠원동 58-22"
cx_b98a49ec022ff7a8,"천지",은평구,NO_MATCH,NO_MATCH,113801040002760037,"서울 은평구 갈현동 276-37"
cx_b98e299d249c256b,"원아파트",동작구,NO_MATCH,EXACT_JIBUN_ADDRESS,115901020002560206,"서울 동작구 상도동 256-206"
cx_b98f3820e471ac60,"베로니스2차",서초구,NO_MATCH,EXACT_JIBUN_ADDRESS,116501010008030009,"서울 서초구 방배동 803-9"
cx_b9a363b293fba1c2,"풍산쉐르빌102동",중랑구,NO_MATCH,EXACT_JIBUN_ADDRESS,112601020002260025,"서울 중랑구 상봉동 226-25"
cx_b9a37c4037c85e5a,"다성리치빌",송파구,NO_MATCH,EXACT_JIBUN_ADDRESS,117101050000770007,"서울 송파구 석촌동 77-7"
cx_b9ab7738265049d3,"오성로얄",금천구,NO_MATCH,EXACT_JIBUN_ADDRESS,115451030007980064,"서울 금천구 시흥동 798-64"
cx_b9b1c379f3a87fd6,"봄봄하이츠",동대문구,NO_MATCH,EXACT_JIBUN_ADDRESS,112301040001030231,"서울 동대문구 전농동 103-231"
cx_b9b28e4a4734a789,"래미안삼성1차(105-0)",강남구,NO_MATCH,EXACT_PARCEL,116801050001050000,"서울 강남구 삼성동 105"
cx_b9bd2db561584c46,"구산",강남구,NO_MATCH,EXACT_JIBUN_ADDRESS,116801040001280001,"서울 강남구 청담동 128-1"
cx_b9befe17657ea815,"g&d용산드림",용산구,NO_MATCH,EXACT_JIBUN_ADDRESS,111701290002120041,"서울 용산구 이촌동 212-41"
cx_b9c068664c711faa,"경남아너스빌",강남구,NO_MATCH,MULTI_RECORD_SAME_PARCEL,116801010007220000,"서울 강남구 역삼동 722"
cx_b9d79d2d239badfb,"펜트힐루논현",강남구,NO_MATCH,EXACT_JIBUN_ADDRESS,116801080002110021,"서울 강남구 논현동 211-21"
cx_b9d9d4c51e4d7daa,"보성",구로구,NO_MATCH,EXACT_JIBUN_ADDRESS,115301020007450028,"서울 구로구 구로동 745-28"
cx_b9dd52c261439b0d,"대명루첸",성동구,NO_MATCH,EXACT_PARCEL,112001150008400000,"서울 성동구 성수동2가 840"
cx_b9f4755c1062c482,"서초포레스타6단지",서초구,NO_MATCH,EXACT_PARCEL,116501110006190000,"서울 서초구 신원동 619"
cx_b9f579148e5bbfd3,"세양청마루",양천구,NO_MATCH,EXACT_PARCEL,114701010013060000,"서울 양천구 신정동 1306"
cx_b9f78eb650a38291,"반포에스케이뷰",서초구,NO_MATCH,EXACT_JIBUN_ADDRESS,116501070001120015,"서울 서초구 반포동 112-15"
cx_ba1290991506f0d4,"포시즌",종로구,NO_MATCH,EXACT_JIBUN_ADDRESS,111101820000950015,"서울 종로구 구기동 95-15"
cx_ba1352dc532b36c9,"대림아르빌아파트",강서구,NO_MATCH,EXACT_JIBUN_ADDRESS,115001020006370022,"서울 강서구 등촌동 637-22"
cx_ba2b52d5b527ca2b,"부미아띠랑스힐",관악구,NO_MATCH,EXACT_PARCEL,116201010017150000,"서울 관악구 봉천동 1715"
cx_ba31951f14be5f10,"벽산",구로구,NO_MATCH,EXACT_PARCEL,115301060003340000,"서울 구로구 고척동 334"
cx_ba3f4ad084d68e24,"방학동삼성래미안1",도봉구,NO_MATCH,EXACT_JIBUN_ADDRESS,113201060007200018,"서울 도봉구 방학동 720-18"
cx_ba477e511a7b690a,"현대로얄",구로구,NO_MATCH,EXACT_JIBUN_ADDRESS,115301020007010076,"서울 구로구 구로동 701-76"
cx_ba4cefe18ee4aa56,"두양그린b동",구로구,NO_MATCH,EXACT_JIBUN_ADDRESS,115301100000970002,"서울 구로구 온수동 97-2"
cx_ba52792bda91c155,"롯데캐슬갤럭시(50-1)",서초구,NO_MATCH,EXACT_JIBUN_ADDRESS,116501060000500001,"서울 서초구 잠원동 50-1"
cx_ba5b36b50fe8f45b,"(797-15)",구로구,NO_MATCH,EXACT_JIBUN_ADDRESS,115301020007970015,"서울 구로구 구로동 797-15"
cx_ba61b9638ed70cbd,"신반포9",서초구,NO_MATCH,NO_MATCH,116501060000600006,"서울 서초구 잠원동 60-6"
cx_ba6393025b07ac66,"경향빌라트",서대문구,NO_MATCH,EXACT_JIBUN_ADDRESS,114101170000870033,"서울 서대문구 연희동 87-33"
cx_ba6f98cc54a737be,"브르넨삼성",강남구,NO_MATCH,MULTI_RECORD_SAME_PARCEL,116801050000900000,"서울 강남구 삼성동 90"
cx_ba7680aa9eba17f0,"뉴월드(240-63)",은평구,NO_MATCH,EXACT_JIBUN_ADDRESS,113801070002400063,"서울 은평구 응암동 240-63"
cx_ba770c1e608ed88f,"아크로리버파크",서초구,NO_MATCH,EXACT_JIBUN_ADDRESS,116501070000020012,"서울 서초구 반포동 2-12"
cx_ba8bccb60d35cbcd,"성지",중구,NO_MATCH,EXACT_JIBUN_ADDRESS,111401620003330009,"서울 중구 신당동 333-9"
cx_ba8d6d79c43908b4,"신동아",용산구,NO_MATCH,EXACT_JIBUN_ADDRESS,111701330002410021,"서울 용산구 서빙고동 241-21"
cx_ba8da42dda8f77dd,"스위스빌라",중구,NO_MATCH,EXACT_JIBUN_ADDRESS,111401620004322000,"서울 중구 신당동 432-2000"
cx_ba9079932a812733,"신동아듀크빌",강남구,NO_MATCH,EXACT_JIBUN_ADDRESS,116801050000990011,"서울 강남구 삼성동 99-11"
cx_ba95600cdadade1b,"한아(987-21)",금천구,NO_MATCH,EXACT_JIBUN_ADDRESS,115451020009870021,"서울 금천구 독산동 987-21"
cx_baa25ea1de0922b9,"역삼엔스위트102동",강남구,NO_MATCH,EXACT_JIBUN_ADDRESS,116801010006560031,"서울 강남구 역삼동 656-31"
cx_baa62f5197d5af3f,"장성미모아",서대문구,NO_MATCH,EXACT_JIBUN_ADDRESS,114101180002740060,"서울 서대문구 홍은동 274-60"
cx_baa818f6cc88ba96,"현대아파트",강동구,NO_MATCH,EXACT_JIBUN_ADDRESS,117401090001680006,"서울 강동구 천호동 168-6"
cx_baa8cc31cb1201de,"보라매해담채",관악구,NO_MATCH,EXACT_JIBUN_ADDRESS,116201020004970005,"서울 관악구 신림동 497-5"
cx_baa9828b04a5e6b5,"동남1",강동구,NO_MATCH,EXACT_JIBUN_ADDRESS,117401080004460011,"서울 강동구 성내동 446-11"
cx_bab94feb1f17bb13,"(744-15)",구로구,NO_MATCH,EXACT_JIBUN_ADDRESS,115301020007440015,"서울 구로구 구로동 744-15"
cx_bac69883e32ab4b8,"뉴그린아파트",중구,NO_MATCH,EXACT_JIBUN_ADDRESS,111401620000670129,"서울 중구 신당동 67-129"
cx_bac6ae884e2b9dc6,"화곡대진",강서구,NO_MATCH,EXACT_JIBUN_ADDRESS,115001030009090002,"서울 강서구 화곡동 909-2"
cx_bac88aa0707c5da5,"코아",은평구,NO_MATCH,EXACT_JIBUN_ADDRESS,113801080000790050,"서울 은평구 역촌동 79-50"
cx_baca65e61eb84708,"화성파크빌",강서구,NO_MATCH,EXACT_JIBUN_ADDRESS,115001030000240123,"서울 강서구 화곡동 24-123"
cx_bacb788232cf5219,"동구햇살아파트2차",양천구,NO_MATCH,EXACT_JIBUN_ADDRESS,114701020007150003,"서울 양천구 목동 715-3"
cx_bacbfe7966de6393,"천호동삼성아파트",강동구,NO_MATCH,EXACT_PARCEL,117401090005280000,"서울 강동구 천호동 528"
cx_badffddd85d9ffb7,"upperhouse",서초구,NO_MATCH,EXACT_JIBUN_ADDRESS,116501010000120001,"서울 서초구 방배동 12-1"
cx_bae4367e43c730f8,"명경아트빌",중구,NO_MATCH,EXACT_JIBUN_ADDRESS,111401620004321979,"서울 중구 신당동 432-1979"
cx_bae4da57cfa5f7ac,"태솔타운2차",동대문구,NO_MATCH,EXACT_JIBUN_ADDRESS,112301060003670004,"서울 동대문구 장안동 367-4"
cx_baf49e39f02392d2,"한독",강동구,NO_MATCH,EXACT_JIBUN_ADDRESS,117401080004350002,"서울 강동구 성내동 435-2"
cx_bafb2bd39eef3330,"신월보성",양천구,NO_MATCH,EXACT_JIBUN_ADDRESS,114701030004650005,"서울 양천구 신월동 465-5"
cx_bb002efe25b5b642,"프라자",송파구,NO_MATCH,EXACT_PARCEL,117101070001990000,"서울 송파구 가락동 199"
cx_bb0a1c8dc3029497,"엘림하우스2차",동대문구,NO_MATCH,EXACT_JIBUN_ADDRESS,112301060004260003,"서울 동대문구 장안동 426-3"
cx_bb11839e83877936,"럭스빌(101동)",은평구,NO_MATCH,EXACT_JIBUN_ADDRESS,113801100001740005,"서울 은평구 증산동 174-5"
cx_bb318a4d571a6b51,"북아현1차",서대문구,NO_MATCH,EXACT_JIBUN_ADDRESS,114101100001870014,"서울 서대문구 북아현동 187-14"
cx_bb38bf486277db64,"대성유니드",성동구,NO_MATCH,EXACT_PARCEL,112001050008250000,"서울 성동구 마장동 825"
cx_bb3974029d1ad4a4,"우방아파트",송파구,NO_MATCH,EXACT_PARCEL,117101140005760000,"서울 송파구 마천동 576"
cx_bb48fae4027c3b45,"안산맨숀",서대문구,NO_MATCH,EXACT_JIBUN_ADDRESS,114101110001040020,"서울 서대문구 홍제동 104-20"
cx_bb5827d45e785b78,"청구",양천구,NO_MATCH,EXACT_PARCEL,114701010003360000,"서울 양천구 신정동 336"
cx_bb596b18b4f730fe,"하이브",강동구,NO_MATCH,EXACT_JIBUN_ADDRESS,117401050004560002,"서울 강동구 길동 456-2"
cx_bb59762c694f96e5,"knp주상복합1",강동구,NO_MATCH,MULTI_RECORD_SAME_PARCEL,117401060000670000,"서울 강동구 둔촌동 67"
cx_bb6adf6dfeb17d6c,"에메랄드105동",관악구,NO_MATCH,EXACT_JIBUN_ADDRESS,116201010000410261,"서울 관악구 봉천동 41-261"
cx_bb6df0580ccfc741,"주공1",구로구,NO_MATCH,EXACT_JIBUN_ADDRESS,115301020006850222,"서울 구로구 구로동 685-222"
cx_bb70cc79bdf3ec20,"마곡수명산파크4단지",강서구,NO_MATCH,EXACT_PARCEL,115001060007530000,"서울 강서구 내발산동 753"
cx_bb722b4837091699,"리치빌203",동작구,NO_MATCH,EXACT_JIBUN_ADDRESS,115901080000110001,"서울 동작구 대방동 11-1"
cx_bb73165c84baa75d,"동구햇살",중랑구,NO_MATCH,EXACT_PARCEL,112601040003880000,"서울 중랑구 묵동 388"
cx_bb73caeaa5dc47b3,"대암아파트",은평구,NO_MATCH,EXACT_JIBUN_ADDRESS,113801030002300003,"서울 은평구 불광동 230-3"
cx_bb776326e4b65666,"유림웰스빌",양천구,NO_MATCH,EXACT_JIBUN_ADDRESS,114701030005480001,"서울 양천구 신월동 548-1"
cx_bbaef7a466d9781e,"천호엘크루",강동구,NO_MATCH,EXACT_JIBUN_ADDRESS,117401090004270003,"서울 강동구 천호동 427-3"
cx_bbb21399a9f3f8d5,"나성",강서구,NO_MATCH,EXACT_JIBUN_ADDRESS,115001020006350006,"서울 강서구 등촌동 635-6"
cx_bbb2a2f4d5638ab8,"로얄",강동구,NO_MATCH,EXACT_JIBUN_ADDRESS,117401080004350005,"서울 강동구 성내동 435-5"
cx_bbbb530a99329474,"리스트안암",동대문구,NO_MATCH,EXACT_JIBUN_ADDRESS,112301030001360003,"서울 동대문구 제기동 136-3"
cx_bbc2e5b211a3aae8,"로덴하우스웨스트빌리지",강남구,NO_MATCH,EXACT_JIBUN_ADDRESS,116801180004620002,"서울 강남구 도곡동 462-2"
cx_bbc58aa66611f82b,"수산동우",강서구,NO_MATCH,EXACT_JIBUN_ADDRESS,115001030010180032,"서울 강서구 화곡동 1018-32"
cx_bbc9f3a9f1888d6f,"호반써밋목동",양천구,NO_MATCH,EXACT_PARCEL,114701010013270000,"서울 양천구 신정동 1327"
cx_bbd2d3abf668d2ff,"우성102동",강동구,NO_MATCH,EXACT_JIBUN_ADDRESS,117401010003120257,"서울 강동구 명일동 312-257"
cx_bbd69ace19207c0c,"그랜드팰리스",양천구,NO_MATCH,EXACT_PARCEL,114701030010660000,"서울 양천구 신월동 1066"
cx_bbd6a9cf15634042,"회기힐스테이트",동대문구,NO_MATCH,EXACT_PARCEL,112301080003510000,"서울 동대문구 회기동 351"
cx_bbdbc42ccb52ca83,"벨로스아파트",은평구,NO_MATCH,EXACT_JIBUN_ADDRESS,113801090002410002,"서울 은평구 신사동 241-2"
cx_bbef090b516b5714,"세림아파트",강서구,NO_MATCH,EXACT_JIBUN_ADDRESS,115001030009170004,"서울 강서구 화곡동 917-4"
cx_bbf1236d0a4e7da3,"백련산에스케이뷰아이파크",은평구,NO_MATCH,EXACT_PARCEL,113801070007670000,"서울 은평구 응암동 767"
cx_bbf43733f2c4551c,"방화5",강서구,NO_MATCH,EXACT_PARCEL,115001090008140000,"서울 강서구 방화동 814"
cx_bbfaaa00fe6f73ee,"신촌다올노블리움",마포구,NO_MATCH,EXACT_JIBUN_ADDRESS,114401100000010025,"서울 마포구 노고산동 1-25"
cx_bbfb3e70be9d385a,"다성이즈빌",송파구,NO_MATCH,EXACT_JIBUN_ADDRESS,117101120001190005,"서울 송파구 오금동 119-5"
cx_bbfd622c67bbb5f3,"펠리스아트빌",마포구,NO_MATCH,EXACT_JIBUN_ADDRESS,114401220002000001,"서울 마포구 합정동 200-1"
cx_bc0722f2de30a225,"관악산벽산타운5",금천구,NO_MATCH,EXACT_PARCEL,115451030010130000,"서울 금천구 시흥동 1013"
cx_bc0a4152ea003699,"메가스터디타워",동작구,NO_MATCH,EXACT_JIBUN_ADDRESS,115901010000570001,"서울 동작구 노량진동 57-1"
cx_bc0b1a6ffb80ad24,"한양3",송파구,NO_MATCH,EXACT_PARCEL,117101110002250000,"서울 송파구 방이동 225"
cx_bc0b40305675c768,"염창2차한화꿈에그린",강서구,NO_MATCH,EXACT_PARCEL,115001010003020000,"서울 강서구 염창동 302"
cx_bc0fd5a294a9a457,"신현(101동)",종로구,NO_MATCH,EXACT_JIBUN_ADDRESS,111101020000060013,"서울 종로구 신교동 6-13"
cx_bc10aa2a8d82de5b,"삼천리",양천구,NO_MATCH,EXACT_JIBUN_ADDRESS,114701010009970006,"서울 양천구 신정동 997-6"
cx_bc17bea6f843f8d5,"삼우월드",마포구,NO_MATCH,EXACT_JIBUN_ADDRESS,114401230003840007,"서울 마포구 망원동 384-7"
cx_bc18776cf4cb72ad,"우민늘푸른",송파구,NO_MATCH,EXACT_JIBUN_ADDRESS,117101080000680017,"서울 송파구 문정동 68-17"
cx_bc233d2ee134f48d,"오성",종로구,NO_MATCH,EXACT_PARCEL,111101750008880000,"서울 종로구 숭인동 888"
cx_bc29d1086d2f7317,"양재",서초구,NO_MATCH,EXACT_JIBUN_ADDRESS,116501020000080024,"서울 서초구 양재동 8-24"
cx_bc3bd14bd1e15e4e,"세레노",동작구,NO_MATCH,EXACT_JIBUN_ADDRESS,115901020001260017,"서울 동작구 상도동 126-17"
cx_bc4790e50c78c5c3,"더샵둔촌포레",강동구,NO_MATCH,EXACT_JIBUN_ADDRESS,117401060000300004,"서울 강동구 둔촌동 30-4"
cx_bc54db67c376f1f3,"이스트폴",광진구,NO_MATCH,EXACT_PARCEL,112151050008700000,"서울 광진구 자양동 870"
cx_bc5cdc03dab3280d,"청담4차이-편한세상",강남구,NO_MATCH,EXACT_JIBUN_ADDRESS,116801040000280020,"서울 강남구 청담동 28-20"
cx_bc66e59046eafb61,"한원힐트리움아파트",동대문구,NO_MATCH,EXACT_JIBUN_ADDRESS,112301050004650055,"서울 동대문구 답십리동 465-55"
cx_bc6b3d4fd2fe010b,"신반포22",서초구,NO_MATCH,NO_MATCH,116501060000650033,"서울 서초구 잠원동 65-33"
cx_bc6c6666c391107f,"명남(122-10)",은평구,NO_MATCH,EXACT_JIBUN_ADDRESS,113801070001220010,"서울 은평구 응암동 122-10"
cx_bc7f351511f38c38,"수명산skview",양천구,NO_MATCH,EXACT_PARCEL,114701030010530000,"서울 양천구 신월동 1053"
cx_bc803934830770c1,"구로오네뜨시티",구로구,NO_MATCH,EXACT_JIBUN_ADDRESS,115301020001030006,"서울 구로구 구로동 103-6"
cx_bc95ce8bc254ccb4,"스카이써밋아파트",강남구,NO_MATCH,EXACT_JIBUN_ADDRESS,116801060009150013,"서울 강남구 대치동 915-13"
cx_bc983268c3f564d0,"리첸시아용산b",용산구,NO_MATCH,EXACT_JIBUN_ADDRESS,111701220000400031,"서울 용산구 문배동 40-31"
cx_bc9a12a390f1b453,"세양(453-5)",강서구,NO_MATCH,EXACT_JIBUN_ADDRESS,115001030004530005,"서울 강서구 화곡동 453-5"
cx_bc9ffad809b0b1ae,"메이져비동",송파구,NO_MATCH,NO_MATCH,117101130000340010,"서울 송파구 거여동 34-10"
cx_bcaffc8821ab1c7d,"브라운스톤영등포",영등포구,NO_MATCH,EXACT_PARCEL,115601080002020000,"서울 영등포구 영등포동7가 202"
cx_bcb479c93931c903,"현대플래티앙ⅰ",용산구,NO_MATCH,EXACT_JIBUN_ADDRESS,111701320000010067,"서울 용산구 동빙고동 1-67"
cx_bcb7de0903bdeb20,"화양동동도센트리움캠퍼스파크",광진구,NO_MATCH,EXACT_JIBUN_ADDRESS,112151070001160002,"서울 광진구 화양동 116-2"
cx_bcb906da75895c07,"주함헤븐103동",양천구,NO_MATCH,EXACT_JIBUN_ADDRESS,114701030002030014,"서울 양천구 신월동 203-14"
cx_bcbb74d6b490988c,"송파두산위브",송파구,NO_MATCH,EXACT_PARCEL,117101120001350000,"서울 송파구 오금동 135"
cx_bcbc2fb23fde04ad,"상록파라브2차",동대문구,NO_MATCH,EXACT_JIBUN_ADDRESS,112301060004400002,"서울 동대문구 장안동 440-2"
cx_bcc3f39ac6829f62,"우장산휴먼빌",강서구,NO_MATCH,EXACT_PARCEL,115001030011560000,"서울 강서구 화곡동 1156"
cx_bcc3fbd87073a573,"포레나신길",영등포구,NO_MATCH,EXACT_PARCEL,115601320049370000,"서울 영등포구 신길동 4937"
cx_bcc5fb9535412ace,"dmc롯데캐슬더퍼스트",은평구,NO_MATCH,EXACT_PARCEL,113801010004170000,"서울 은평구 수색동 417"
cx_bcdc12b63763dcb9,"올림픽포레다움아파트",송파구,NO_MATCH,EXACT_PARCEL,117101110004550000,"서울 송파구 방이동 455"
cx_bd04093c47812ed0,"경남아너스빌",구로구,NO_MATCH,EXACT_PARCEL,115301080003440000,"서울 구로구 오류동 344"
cx_bd147a979f91008b,"제이월드",강서구,NO_MATCH,EXACT_JIBUN_ADDRESS,115001030010370027,"서울 강서구 화곡동 1037-27"
cx_bd1bfbca7fd69545,"래미안삼성1차(201동)",강남구,NO_MATCH,MULTI_RECORD_SAME_PARCEL,116801050001020000,"서울 강남구 삼성동 102"
cx_bd25b7fd6a820397,"홍익",은평구,NO_MATCH,EXACT_JIBUN_ADDRESS,113801090000190117,"서울 은평구 신사동 19-117"
cx_bd311cfddea2b7f5,"태승훼밀리",영등포구,NO_MATCH,EXACT_PARCEL,115601270001030000,"서울 영등포구 양평동3가 103"
cx_bd48492b8343402b,"현대빌라(208-19)",송파구,NO_MATCH,EXACT_JIBUN_ADDRESS,117101110002080019,"서울 송파구 방이동 208-19"
cx_bd5ca4604334b09d,"주함해븐타워",중랑구,NO_MATCH,EXACT_JIBUN_ADDRESS,112601020001150061,"서울 중랑구 상봉동 115-61"
cx_bd6065f0656f137c,"서초동에지앙",서초구,NO_MATCH,EXACT_JIBUN_ADDRESS,116501080016790006,"서울 서초구 서초동 1679-6"
cx_bd6aff7e511e9031,"삼호가든맨션(3차)",서초구,NO_MATCH,NO_MATCH,116501070000320008,"서울 서초구 반포동 32-8"
cx_bd70a68b6b75f7da,"다청림",구로구,NO_MATCH,EXACT_JIBUN_ADDRESS,115301080001930016,"서울 구로구 오류동 193-16"
cx_bd8464479cee97b4,"금천롯데캐슬골드파크1차",금천구,NO_MATCH,EXACT_PARCEL,115451020011470000,"서울 금천구 독산동 1147"
cx_bd8730d6c7dd6f30,"가산지웰에스테이트2차",금천구,NO_MATCH,EXACT_JIBUN_ADDRESS,115451010001430006,"서울 금천구 가산동 143-6"
cx_bd8c70a53213528a,"신월대림",양천구,NO_MATCH,EXACT_JIBUN_ADDRESS,114701030004910001,"서울 양천구 신월동 491-1"
cx_bd9431ccbd1e1597,"창방트윈(a동)",성북구,NO_MATCH,EXACT_JIBUN_ADDRESS,112901360000901213,"서울 성북구 하월곡동 90-1213"
cx_bd943e28b561e654,"lumino816",은평구,NO_MATCH,EXACT_JIBUN_ADDRESS,113801030003020013,"서울 은평구 불광동 302-13"
cx_bd94b3232f69ffe1,"휴먼씨티",서초구,NO_MATCH,EXACT_JIBUN_ADDRESS,116501020004020015,"서울 서초구 양재동 402-15"
cx_bd94d71d25792e52,"성산힐아파트",마포구,NO_MATCH,EXACT_JIBUN_ADDRESS,114401250000810106,"서울 마포구 성산동 81-106"
cx_bd9751221c8a61e6,"삼성서초가든스위트",서초구,NO_MATCH,MULTI_RECORD_SAME_PARCEL,116501080013260000,"서울 서초구 서초동 1326"
cx_bd99a504ba6febe1,"대진아파트",양천구,NO_MATCH,EXACT_JIBUN_ADDRESS,114701030004110003,"서울 양천구 신월동 411-3"
cx_bda30f64ce64d54c,"강호",중랑구,NO_MATCH,EXACT_JIBUN_ADDRESS,112601010006240005,"서울 중랑구 면목동 624-5"
cx_bda6d6312c81625e,"시범",영등포구,NO_MATCH,EXACT_PARCEL,115601100000500000,"서울 영등포구 여의도동 50"
cx_bdabf1aed3ac355f,"주공4",강동구,NO_MATCH,NO_MATCH,117401030001340000,"서울 강동구 상일동 134"
cx_bdad41066604b5aa,"영화참마음",구로구,NO_MATCH,EXACT_PARCEL,115301020012680000,"서울 구로구 구로동 1268"
cx_bdaeaee6d3d35176,"내츄럴4차아파트",강서구,NO_MATCH,EXACT_JIBUN_ADDRESS,115001060006870027,"서울 강서구 내발산동 687-27"
cx_bdb453f52198a1e7,"한성",영등포구,NO_MATCH,EXACT_JIBUN_ADDRESS,115601320007690001,"서울 영등포구 신길동 769-1"
cx_bdd091d6e1505a83,"현산푸른숲",동작구,NO_MATCH,EXACT_JIBUN_ADDRESS,115901020001260032,"서울 동작구 상도동 126-32"
cx_bdd85f61b1df64fb,"한주에코",동작구,NO_MATCH,EXACT_JIBUN_ADDRESS,115901030003110001,"서울 동작구 상도1동 311-1"
cx_bdd970ad0e8a6467,"빌라맨션",용산구,NO_MATCH,EXACT_JIBUN_ADDRESS,111701290003020086,"서울 용산구 이촌동 302-86"
cx_bdda2cc3cb7b204a,"더블유에스타워",관악구,NO_MATCH,EXACT_JIBUN_ADDRESS,116201010004630001,"서울 관악구 봉천동 463-1"
cx_bdda840b5edf8f95,"서강gs",마포구,NO_MATCH,EXACT_PARCEL,114401170000300000,"서울 마포구 신정동 30"
cx_bddc2bc068c7120b,"이수역리가",동작구,NO_MATCH,EXACT_PARCEL,115901070011570000,"서울 동작구 사당동 1157"
cx_bddde528311f27fc,"(806-41)가람빌라",구로구,NO_MATCH,EXACT_JIBUN_ADDRESS,115301020008060041,"서울 구로구 구로동 806-41"
cx_bde74129c227ca9e,"주풍그린빌",강동구,NO_MATCH,EXACT_JIBUN_ADDRESS,117401050003230001,"서울 강동구 길동 323-1"
cx_bdeaef2ec7392fd8,"세화샤이닝1",은평구,NO_MATCH,EXACT_PARCEL,113801050002220000,"서울 은평구 구산동 222"
cx_bdf419ee24986e5d,"위더스빌",중랑구,NO_MATCH,EXACT_JIBUN_ADDRESS,112601040001690011,"서울 중랑구 묵동 169-11"
cx_bdf81d65eeb724d0,"원평5차",금천구,NO_MATCH,EXACT_JIBUN_ADDRESS,115451010002390022,"서울 금천구 가산동 239-22"
cx_bdfe50c134a03c7b,"theplusⅲ",용산구,NO_MATCH,EXACT_JIBUN_ADDRESS,111701300001240013,"서울 용산구 이태원동 124-13"
cx_be0216adc3f04d3b,"태진아름",강서구,NO_MATCH,EXACT_PARCEL,115001020006760000,"서울 강서구 등촌동 676"
cx_be037fefe73c1d85,"대진",강서구,NO_MATCH,EXACT_JIBUN_ADDRESS,115001030004250029,"서울 강서구 화곡동 425-29"
cx_be080aa21e5076ef,"아펠바움",강남구,NO_MATCH,EXACT_JIBUN_ADDRESS,116801050000990003,"서울 강남구 삼성동 99-3"
cx_be106e5ef9ea5f2c,"성수동두산위브",성동구,NO_MATCH,EXACT_PARCEL,112001150008380000,"서울 성동구 성수동2가 838"
cx_be12fa8a71c48493,"화계맨숀",강북구,NO_MATCH,EXACT_JIBUN_ADDRESS,113051030004610013,"서울 강북구 수유동 461-13"
cx_be1348ab5aeee5dc,"드림팰리스",송파구,NO_MATCH,EXACT_JIBUN_ADDRESS,117101110001540010,"서울 송파구 방이동 154-10"
cx_be13bc534ca03916,"아이파크",강남구,NO_MATCH,EXACT_PARCEL,116801050000870000,"서울 강남구 삼성동 87"
cx_be197b2e622bb3d9,"꿈의숲대명루첸아파트",성북구,NO_MATCH,EXACT_PARCEL,112901380003170000,"서울 성북구 장위동 317"
cx_be1fa60902fb45cf,"리치카운티",중랑구,NO_MATCH,EXACT_PARCEL,112601010015050000,"서울 중랑구 면목동 1505"
cx_be2010caab56bab1,"서초동삼성쉐르빌2",서초구,NO_MATCH,MULTI_RECORD_SAME_PARCEL,116501080013300000,"서울 서초구 서초동 1330"
cx_be31c4ef6311798a,"함성백합",마포구,NO_MATCH,EXACT_PARCEL,114401230004930000,"서울 마포구 망원동 493"
cx_be35071918d11c56,"아름다운세상",양천구,NO_MATCH,EXACT_PARCEL,114701030010380000,"서울 양천구 신월동 1038"
cx_be3f43ccd48a0398,"마운틴뷰",종로구,NO_MATCH,EXACT_JIBUN_ADDRESS,111101820001250005,"서울 종로구 구기동 125-5"
cx_be448718c14ec86f,"레미안서초6차(1520-9)",서초구,NO_MATCH,EXACT_JIBUN_ADDRESS,116501080015200009,"서울 서초구 서초동 1520-9"
cx_be4a48cc72593ac9,"화랑해링턴플레이스아파트",노원구,NO_MATCH,EXACT_PARCEL,113501030007460000,"서울 노원구 공릉동 746"
cx_be4a70f6b5c80a9b,"우국리더스빌",노원구,NO_MATCH,EXACT_PARCEL,113501030007570000,"서울 노원구 공릉동 757"
cx_be4b00c0ed3ebdeb,"길음뉴타운1단지(래미안길음1차)",성북구,NO_MATCH,EXACT_PARCEL,112901340012790000,"서울 성북구 길음동 1279"
cx_be4d0ad7ecde48d5,"목동미소래",양천구,NO_MATCH,EXACT_PARCEL,114701020009580000,"서울 양천구 목동 958"
cx_be576bb3c25cc526,"민족통일mj캠퍼스외대3차",동대문구,NO_MATCH,EXACT_JIBUN_ADDRESS,112301100003270001,"서울 동대문구 이문동 327-1"
cx_be687780e7289f82,"현진타워",송파구,NO_MATCH,MULTI_RECORD_SAME_PARCEL,117101070001710000,"서울 송파구 가락동 171"
cx_be6cf034237316bf,"노블레스빌(246-1)",마포구,NO_MATCH,EXACT_JIBUN_ADDRESS,114401240002460001,"서울 마포구 연남동 246-1"
cx_be70dba4110ab955,"(748-48)",구로구,NO_MATCH,EXACT_JIBUN_ADDRESS,115301020007480048,"서울 구로구 구로동 748-48"
cx_be75548a9a03d623,"동양타워",강동구,NO_MATCH,EXACT_JIBUN_ADDRESS,117401010000480012,"서울 강동구 명일동 48-12"
cx_be75dd3596f53bcc,"(807-21)",구로구,NO_MATCH,EXACT_JIBUN_ADDRESS,115301020008070021,"서울 구로구 구로동 807-21"
cx_be78e8337b2959f2,"삼성동신영지웰",강남구,NO_MATCH,EXACT_JIBUN_ADDRESS,116801050001140011,"서울 강남구 삼성동 114-11"
cx_be79446c405496bd,"래미안원베일리",서초구,NO_MATCH,EXACT_PARCEL,116501070000010000,"서울 서초구 반포동 1"
cx_be7cbd9e0f1a0223,"서초포레스타2단지",서초구,NO_MATCH,EXACT_PARCEL,116501090003840000,"서울 서초구 내곡동 384"
cx_be7f9cbedab40bda,"우방",성북구,NO_MATCH,EXACT_PARCEL,112901330010160000,"서울 성북구 정릉동 1016"
cx_be8311e4d9da941f,"힐스테이트뉴포레",관악구,NO_MATCH,EXACT_PARCEL,116201020017460000,"서울 관악구 신림동 1746"
cx_be9410650be56da7,"노블스톤",관악구,NO_MATCH,EXACT_JIBUN_ADDRESS,116201030010720050,"서울 관악구 남현동 1072-50"
cx_bea717f6e12a9576,"삼도(102)",양천구,NO_MATCH,EXACT_JIBUN_ADDRESS,114701030005580004,"서울 양천구 신월동 558-4"
cx_beab0da7e96cb980,"한우리(101동)",양천구,NO_MATCH,EXACT_JIBUN_ADDRESS,114701030004670012,"서울 양천구 신월동 467-12"
cx_beb4bf81d59d81b4,"인왕산현대",서대문구,AMBIGUOUS,MULTI_RECORD_SAME_PARCEL,114101110004600000,"서울 서대문구 홍제동 460"
cx_beb5f8723404f485,"주암해븐",성동구,NO_MATCH,EXACT_PARCEL,112001030003660000,"서울 성동구 홍익동 366"
cx_bebaa2252cbaa7f2,"양천홈타운3차",양천구,NO_MATCH,EXACT_JIBUN_ADDRESS,114701030004700026,"서울 양천구 신월동 470-26"
cx_bec1ef5f25274e60,"답십리한화",동대문구,NO_MATCH,EXACT_PARCEL,112301050009940000,"서울 동대문구 답십리동 994"
cx_bed266ace3c6b092,"노블네스트",강동구,NO_MATCH,MULTI_RECORD_SAME_PARCEL,117401080005420000,"서울 강동구 성내동 542"
cx_beda2fa81b2583dd,"청운현대",종로구,NO_MATCH,EXACT_JIBUN_ADDRESS,111101010000560045,"서울 종로구 청운동 56-45"
cx_bee2c9c2fafb65ad,"아차산포레안",광진구,NO_MATCH,EXACT_PARCEL,112151030006630000,"서울 광진구 구의동 663"
cx_bee782edb7851a06,"동림",양천구,NO_MATCH,EXACT_JIBUN_ADDRESS,114701010010190004,"서울 양천구 신정동 1019-4"
cx_bf03180304bd6ea4,"종인아네스트",영등포구,NO_MATCH,EXACT_JIBUN_ADDRESS,115601330007780043,"서울 영등포구 대림동 778-43"
cx_bf1c272f3985eae8,"양재동메트로",서초구,NO_MATCH,EXACT_JIBUN_ADDRESS,116501020003120001,"서울 서초구 양재동 312-1"
cx_bf24eb145a581a23,"삼보드림",광진구,NO_MATCH,EXACT_JIBUN_ADDRESS,112151010001070004,"서울 광진구 중곡동 107-4"
cx_bf2e3a3628f33ffc,"장안동하트리움",동대문구,NO_MATCH,EXACT_JIBUN_ADDRESS,112301060004650004,"서울 동대문구 장안동 465-4"
cx_bf2ed9c54d103009,"서초4현대",서초구,NO_MATCH,EXACT_PARCEL,116501080016840000,"서울 서초구 서초동 1684"
cx_bf3548f98ad669c1,"마포공덕파크팰리스ⅱ",마포구,NO_MATCH,EXACT_PARCEL,114401020004620000,"서울 마포구 공덕동 462"
cx_bf47db90e8b970d1,"장원(101)",강북구,NO_MATCH,EXACT_JIBUN_ADDRESS,113051020001480500,"서울 강북구 번동 148-500"
cx_bf4fd3963c40d0a6,"동도하이츠에이동",서대문구,NO_MATCH,EXACT_JIBUN_ADDRESS,114101190002730012,"서울 서대문구 북가좌동 273-12"
cx_bf55123ae5f1125f,"청광플러스원큐브2차",강동구,NO_MATCH,MULTI_RECORD_SAME_PARCEL,117401050004570000,"서울 강동구 길동 457"
cx_bf600e79ed5abec6,"래미안강남힐즈",강남구,NO_MATCH,EXACT_PARCEL,116801120006110000,"서울 강남구 자곡동 611"
cx_bf646b367af25268,"신아굿모닝(40-55)",은평구,NO_MATCH,EXACT_JIBUN_ADDRESS,113801080000400055,"서울 은평구 역촌동 40-55"
cx_bf68aabc08736267,"뉴파크플러스",송파구,NO_MATCH,EXACT_JIBUN_ADDRESS,117101110001070018,"서울 송파구 방이동 107-18"
cx_bf6e17d9b7f609a4,"(750-8)",구로구,NO_MATCH,EXACT_JIBUN_ADDRESS,115301020007500008,"서울 구로구 구로동 750-8"
cx_bf7b400a7551e0a1,"뉴-동부아파트",노원구,NO_MATCH,NO_MATCH,113501050000950006,"서울 노원구 상계동 95-6"
cx_bf7c1093315051ba,"신반포24",서초구,NO_MATCH,NO_MATCH,116501060000520001,"서울 서초구 잠원동 52-1"
cx_bf7ff42864d842ab,"현대1(4차)",노원구,NO_MATCH,EXACT_PARCEL,113501060005770000,"서울 노원구 중계동 577"
cx_bf833d2e5b1bdc3f,"동아1",강동구,NO_MATCH,EXACT_JIBUN_ADDRESS,117401080004190013,"서울 강동구 성내동 419-13"
cx_bf85d1bfeb37c9b7,"한국리치빌",은평구,NO_MATCH,EXACT_PARCEL,113801080002310000,"서울 은평구 역촌동 231"
cx_bf90d59dd5aa6827,"골드하임(102동)",강동구,NO_MATCH,EXACT_JIBUN_ADDRESS,117401090000540025,"서울 강동구 천호동 54-25"
cx_bf9be98e226c97bb,"sk파크타워",송파구,NO_MATCH,EXACT_JIBUN_ADDRESS,117101070001660002,"서울 송파구 가락동 166-2"
cx_bf9dfaf923a96e28,"sk",송파구,NO_MATCH,EXACT_PARCEL,117101040001700000,"서울 송파구 송파동 170"
cx_bfa2e07b3f4c88e7,"테라스시티",관악구,NO_MATCH,EXACT_JIBUN_ADDRESS,116201020014750026,"서울 관악구 신림동 1475-26"
cx_bfa30cead8332887,"문정대우푸르지오3차",송파구,NO_MATCH,EXACT_PARCEL,117101080001170000,"서울 송파구 문정동 117"
cx_bfba5f2436b89af2,"엘지,쌍용아파트",중랑구,NO_MATCH,EXACT_PARCEL,112601020004840000,"서울 중랑구 상봉동 484"
cx_bfbb505b54926bc6,"승윤노블리안",은평구,NO_MATCH,EXACT_JIBUN_ADDRESS,113801090000190147,"서울 은평구 신사동 19-147"
cx_bfc3425180ebf915,"(744-3)",구로구,NO_MATCH,EXACT_JIBUN_ADDRESS,115301020007440003,"서울 구로구 구로동 744-3"
cx_bfc708265fb54585,"건영3",노원구,NO_MATCH,EXACT_JIBUN_ADDRESS,113501060003600015,"서울 노원구 중계동 360-15"
cx_bfcd11e17391b2b6,"역삼우정에쉐르2",강남구,NO_MATCH,EXACT_JIBUN_ADDRESS,116801010007070018,"서울 강남구 역삼동 707-18"
cx_bfce59cbdd248898,"금강",서초구,NO_MATCH,EXACT_JIBUN_ADDRESS,116501020003520013,"서울 서초구 양재동 352-13"
cx_bfd4fbf622e36e3b,"삼민",광진구,NO_MATCH,EXACT_PARCEL,112151010006090000,"서울 광진구 중곡동 609"
cx_bfd9592710294b64,"힐스빌7",강남구,NO_MATCH,EXACT_JIBUN_ADDRESS,116801080000460002,"서울 강남구 논현동 46-2"
cx_bfdd6a70eb2d394d,"경희궁자이(2단지)",종로구,NO_MATCH,EXACT_PARCEL,111101790001990000,"서울 종로구 홍파동 199"
cx_bfdebf84230c86b9,"회림",은평구,NO_MATCH,EXACT_JIBUN_ADDRESS,113801090000390002,"서울 은평구 신사동 39-2"
cx_bfe005412ed9afcc,"롯데낙천대",동작구,NO_MATCH,EXACT_PARCEL,115901090007130000,"서울 동작구 신대방동 713"
cx_bfe03ce77add6ccb,"세비앙",강동구,NO_MATCH,EXACT_JIBUN_ADDRESS,117401010003120016,"서울 강동구 명일동 312-16"
cx_bfe5f0f3fba43d47,"포이현대빌라트",강남구,NO_MATCH,MULTI_RECORD_SAME_PARCEL,116801030011650000,"서울 강남구 개포동 1165"
cx_bfeea04cff1a5a8b,"월드빌",강남구,NO_MATCH,EXACT_JIBUN_ADDRESS,116801060009500003,"서울 강남구 대치동 950-3"
cx_bff09284006f96de,"그랜빌캐슬",송파구,NO_MATCH,EXACT_JIBUN_ADDRESS,117101080000700016,"서울 송파구 문정동 70-16"
cx_bffc8a6404ac3c04,"은진빌라",구로구,NO_MATCH,EXACT_JIBUN_ADDRESS,115301020007490035,"서울 구로구 구로동 749-35"
cx_c005b409f5ef6f59,"롯데캐슬포레스트",서초구,NO_MATCH,EXACT_JIBUN_ADDRESS,116501010008440027,"서울 서초구 방배동 844-27"
cx_c00aa6a01d03ce18,"아남2",종로구,NO_MATCH,EXACT_PARCEL,111101710002360000,"서울 종로구 명륜2가 236"
cx_c00f8049de86542f,"대한아파트",강서구,NO_MATCH,EXACT_JIBUN_ADDRESS,115001030003810018,"서울 강서구 화곡동 381-18"
cx_c012baa0c9cb4a56,"강동역두산위브센티움",강동구,NO_MATCH,EXACT_JIBUN_ADDRESS,117401090001550005,"서울 강동구 천호동 155-5"
cx_c01698a720677dba,"벧엘forzoom",동작구,NO_MATCH,NO_MATCH,115901010003150013,"서울 동작구 노량진동 315-13"
cx_c0242b41e09f8741,"(743-6)",구로구,NO_MATCH,EXACT_JIBUN_ADDRESS,115301020007430006,"서울 구로구 구로동 743-6"
cx_c0375d0bee87e134,"반포르엘2차",서초구,NO_MATCH,EXACT_PARCEL,116501060001640000,"서울 서초구 잠원동 164"
cx_c037cf2be3987bce,"용마",중랑구,NO_MATCH,EXACT_JIBUN_ADDRESS,112601010003540012,"서울 중랑구 면목동 354-12"
cx_c0496eae171fcfc5,"지오프레저101동",양천구,NO_MATCH,EXACT_JIBUN_ADDRESS,114701010009580016,"서울 양천구 신정동 958-16"
cx_c04e245915fd6d6d,"성호메이플라워멤버스빌",구로구,NO_MATCH,EXACT_JIBUN_ADDRESS,115301020001040009,"서울 구로구 구로동 104-9"
cx_c04fdd2e9207c37d,"이연파레스",송파구,NO_MATCH,EXACT_JIBUN_ADDRESS,117101070000970008,"서울 송파구 가락동 97-8"
cx_c053929b56df72c7,"배명씨앤디",송파구,NO_MATCH,EXACT_JIBUN_ADDRESS,117101050002220007,"서울 송파구 석촌동 222-7"
cx_c054704adb30c26b,"헤렌어반",영등포구,NO_MATCH,EXACT_PARCEL,115601020001440000,"서울 영등포구 영등포동1가 144"
cx_c05b9ade775859ee,"천호역마에스트로",강동구,NO_MATCH,EXACT_JIBUN_ADDRESS,117401090003340002,"서울 강동구 천호동 334-2"
cx_c063a20508dbf875,"참누리아파트",성북구,NO_MATCH,EXACT_JIBUN_ADDRESS,112901380003160005,"서울 성북구 장위동 316-5"
cx_c064feb68e2ee603,"애시안아파트",금천구,NO_MATCH,EXACT_JIBUN_ADDRESS,115451030002662745,"서울 금천구 시흥동 266-2745"
cx_c065d885adb95ed2,"올림픽파크한양수자인",강동구,NO_MATCH,EXACT_PARCEL,117401080006060000,"서울 강동구 성내동 606"
cx_c06cadd076de24e8,"신세계드림빌2",은평구,NO_MATCH,EXACT_JIBUN_ADDRESS,113801060001950020,"서울 은평구 대조동 195-20"
cx_c08996eec17dc648,"경동팰리스힐",강서구,NO_MATCH,EXACT_PARCEL,115001090008980000,"서울 강서구 방화동 898"
cx_c08dae5a31986e60,"세진웰빙101",금천구,NO_MATCH,EXACT_JIBUN_ADDRESS,115451020009920042,"서울 금천구 독산동 992-42"
cx_c08e3b163d8311f8,"이좋은집",구로구,NO_MATCH,EXACT_JIBUN_ADDRESS,115301080000460001,"서울 구로구 오류동 46-1"
cx_c0976fc9732d4483,"동일아파트",도봉구,NO_MATCH,EXACT_JIBUN_ADDRESS,113201060006210006,"서울 도봉구 방학동 621-6"
cx_c09b8e557e727c69,"삼환로즈빌",구로구,NO_MATCH,EXACT_PARCEL,115301060003360000,"서울 구로구 고척동 336"
cx_c09c980f7b6f8f8f,"래미안개포루체하임",강남구,NO_MATCH,EXACT_PARCEL,116801140007410000,"서울 강남구 일원동 741"
cx_c0a6db8dfceeac96,"청광",관악구,NO_MATCH,EXACT_PARCEL,116201020017160000,"서울 관악구 신림동 1716"
cx_c0aa1053f9811c82,"유안",마포구,NO_MATCH,EXACT_JIBUN_ADDRESS,114401250002550011,"서울 마포구 성산동 255-11"
cx_c0b530bb1ccbaabb,"한신플러스타운",구로구,NO_MATCH,EXACT_PARCEL,115301080003410000,"서울 구로구 오류동 341"
cx_c0b5d5eb3be46c38,"개포현대200동",강남구,NO_MATCH,EXACT_JIBUN_ADDRESS,116801030006550001,"서울 강남구 개포동 655-1"
cx_c0c2962403f18b1d,"디아이빌101동(331-101)",양천구,NO_MATCH,EXACT_JIBUN_ADDRESS,114701030003310101,"서울 양천구 신월동 331-101"
cx_c0d3155e4f8e4437,"라이프",금천구,NO_MATCH,EXACT_PARCEL,115451020011310000,"서울 금천구 독산동 1131"
cx_c0d5d5e333455751,"번동한양아파트",강북구,NO_MATCH,EXACT_JIBUN_ADDRESS,113051020001330001,"서울 강북구 번동 133-1"
cx_c0dc487201fa45b0,"(807-16)",구로구,NO_MATCH,EXACT_JIBUN_ADDRESS,115301020008070016,"서울 구로구 구로동 807-16"
cx_c0dfcd1a7b534a31,"녹원한신",서초구,NO_MATCH,NO_MATCH,116501060000600007,"서울 서초구 잠원동 60-7"
cx_c0f1c14567b5fd4b,"(718-24)경원주택",구로구,NO_MATCH,EXACT_JIBUN_ADDRESS,115301020007180024,"서울 구로구 구로동 718-24"
cx_c0f2a207df6623d6,"나스빌3차",서초구,NO_MATCH,EXACT_JIBUN_ADDRESS,116501010008060013,"서울 서초구 방배동 806-13"
cx_c100561e973c6c4c,"풀내음(a동)",중랑구,NO_MATCH,EXACT_JIBUN_ADDRESS,112601040000580001,"서울 중랑구 묵동 58-1"
cx_c107ec095609345e,"청광플러스원큐브3차",강동구,NO_MATCH,EXACT_JIBUN_ADDRESS,117401050004150016,"서울 강동구 길동 415-16"
cx_c111242015774555,"모아(365-35)",은평구,NO_MATCH,EXACT_JIBUN_ADDRESS,113801070003650035,"서울 은평구 응암동 365-35"
cx_c11187ba7baa9f37,"우민조원",관악구,NO_MATCH,EXACT_PARCEL,116201020017190000,"서울 관악구 신림동 1719"
cx_c1119835dd164c62,"상계주공3(고층)",노원구,NO_MATCH,EXACT_JIBUN_ADDRESS,113501050007300002,"서울 노원구 상계동 730-2"
cx_c119687e78b5e866,"동양드림",서대문구,NO_MATCH,EXACT_JIBUN_ADDRESS,114101110000240016,"서울 서대문구 홍제동 24-16"
cx_c11e7c44cf84091e,"다성시티아파트",강동구,NO_MATCH,EXACT_JIBUN_ADDRESS,117401090003580004,"서울 강동구 천호동 358-4"
cx_c128c0b9ba4c9708,"청목아트빌",서초구,NO_MATCH,EXACT_JIBUN_ADDRESS,116501070000950014,"서울 서초구 반포동 95-14"
cx_c12d15b177730360,"윤정",관악구,NO_MATCH,EXACT_JIBUN_ADDRESS,116201020005460007,"서울 관악구 신림동 546-7"
cx_c13b677190aff1e1,"행복드림",성동구,NO_MATCH,EXACT_JIBUN_ADDRESS,112001050007680017,"서울 성동구 마장동 768-17"
cx_c14bf9431219b1fd,"수유아름채",강북구,NO_MATCH,EXACT_JIBUN_ADDRESS,113051030000470023,"서울 강북구 수유동 47-23"
cx_c14e42266d1c0e35,"대림오페라타워",구로구,NO_MATCH,MULTI_RECORD_SAME_PARCEL,115301020000980000,"서울 구로구 구로동 98"
cx_c15b5e4dc0b31bbd,"지캐슬",은평구,NO_MATCH,EXACT_JIBUN_ADDRESS,113801040004870002,"서울 은평구 갈현동 487-2"
cx_c1677c57383a0193,"세진빌딩",동대문구,NO_MATCH,EXACT_JIBUN_ADDRESS,112301100003270007,"서울 동대문구 이문동 327-7"
cx_c1907c4b0260a1b4,"목동현대1",양천구,NO_MATCH,EXACT_PARCEL,114701020009320000,"서울 양천구 목동 932"
cx_c194a498af54b795,"사가정센트럴아이파크",중랑구,NO_MATCH,EXACT_PARCEL,112601010015450000,"서울 중랑구 면목동 1545"
cx_c1a799327a8948a2,"선명(102동)",서대문구,NO_MATCH,EXACT_JIBUN_ADDRESS,114101170007030025,"서울 서대문구 연희동 703-25"
cx_c1c14e82512f82d9,"보르미아파트(948-9)",금천구,NO_MATCH,EXACT_JIBUN_ADDRESS,115451030009480009,"서울 금천구 시흥동 948-9"
cx_c1c4fe59e49e3d1a,"금정노블",서초구,NO_MATCH,EXACT_JIBUN_ADDRESS,116501070000810008,"서울 서초구 반포동 81-8"
cx_c1d6cca9b6544006,"마샹스",서초구,NO_MATCH,EXACT_JIBUN_ADDRESS,116501080014660003,"서울 서초구 서초동 1466-3"
cx_c1dace5618920b43,"동일",서대문구,NO_MATCH,EXACT_PARCEL,114101180004570000,"서울 서대문구 홍은동 457"
cx_c1e6b9f2ce9e3fc0,"주함헤븐102동",양천구,NO_MATCH,EXACT_JIBUN_ADDRESS,114701030002030016,"서울 양천구 신월동 203-16"
cx_c1fb72450b385fbb,"충정",서대문구,NO_MATCH,NO_MATCH,114101020002500005,"서울 서대문구 충정로3가 250-5"
cx_c2045bbfe6ad34d6,"한신플러스a",성북구,NO_MATCH,EXACT_PARCEL,112901070002800000,"서울 성북구 동소문동4가 280"
cx_c2093a85ec38243f,"리더스파크",은평구,NO_MATCH,EXACT_JIBUN_ADDRESS,113801080000850041,"서울 은평구 역촌동 85-41"
cx_c20b808a014ca6ba,"화곡대진(1021-2)",강서구,NO_MATCH,EXACT_JIBUN_ADDRESS,115001030010210002,"서울 강서구 화곡동 1021-2"
cx_c212c512e79ad52d,"경남(2차)",서대문구,NO_MATCH,EXACT_JIBUN_ADDRESS,114101100001180009,"서울 서대문구 북아현동 118-9"
cx_c21c5b4d8f3e5b9f,"조호그레이스",중랑구,NO_MATCH,EXACT_JIBUN_ADDRESS,112601060004920005,"서울 중랑구 신내동 492-5"
cx_c21fa60c9f34d8ed,"명지해드는터",강서구,NO_MATCH,EXACT_JIBUN_ADDRESS,115001030004730004,"서울 강서구 화곡동 473-4"
cx_c22a7a9fd02172af,"대명",마포구,NO_MATCH,EXACT_JIBUN_ADDRESS,114401240002590001,"서울 마포구 연남동 259-1"
cx_c234f27ef53a2372,"청송",은평구,NO_MATCH,EXACT_PARCEL,113801030000300000,"서울 은평구 불광동 30"
cx_c237424ad4d7e273,"삼성홈타운",강서구,NO_MATCH,EXACT_JIBUN_ADDRESS,115001030009110010,"서울 강서구 화곡동 911-10"
cx_c238a46a68f59d86,"양평현대6차",영등포구,NO_MATCH,EXACT_PARCEL,115601270001010000,"서울 영등포구 양평동3가 101"
cx_c249fef8087cc043,"답십리청솔우성",동대문구,NO_MATCH,MULTI_RECORD_SAME_PARCEL,112301050000800000,"서울 동대문구 답십리동 80"
cx_c24f3b4d88913e72,"코원",구로구,NO_MATCH,EXACT_JIBUN_ADDRESS,115301020000970008,"서울 구로구 구로동 97-8"
cx_c2577265bb37ee53,"우정하이비전2",관악구,NO_MATCH,EXACT_PARCEL,116201020017260000,"서울 관악구 신림동 1726"
cx_c258f420f2a9f434,"다성이즈빌(387-4)",강동구,NO_MATCH,EXACT_JIBUN_ADDRESS,117401050003870004,"서울 강동구 길동 387-4"
cx_c26640a6148fb7a7,"시흥동월드메르디앙",금천구,NO_MATCH,MULTI_RECORD_SAME_PARCEL,115451030008060000,"서울 금천구 시흥동 806"
cx_c26698478d089dac,"청담범신칼릭스빌2차",강남구,NO_MATCH,EXACT_JIBUN_ADDRESS,116801040001090016,"서울 강남구 청담동 109-16"
cx_c27f9b3a5ccc0127,"계명(350-33)",강서구,NO_MATCH,EXACT_JIBUN_ADDRESS,115001030003500033,"서울 강서구 화곡동 350-33"
cx_c2835a2fe21462fe,"에버그린3동(980-6)",양천구,NO_MATCH,EXACT_JIBUN_ADDRESS,114701010009800006,"서울 양천구 신정동 980-6"
cx_c28e217ecab7e2e7,"우림루미아트201동",노원구,NO_MATCH,EXACT_PARCEL,113501050013070000,"서울 노원구 상계동 1307"
cx_c29018eca8bc7e77,"민족통일mj캠퍼스경희대",동대문구,NO_MATCH,EXACT_JIBUN_ADDRESS,112301080000670003,"서울 동대문구 회기동 67-3"
cx_c293346e56e74f64,"(796-13)",구로구,NO_MATCH,EXACT_JIBUN_ADDRESS,115301020007960013,"서울 구로구 구로동 796-13"
cx_c29356494fc20b99,"중앙하이츠101동",마포구,NO_MATCH,EXACT_JIBUN_ADDRESS,114401140000420007,"서울 마포구 창전동 42-7"
cx_c2aa4786f0fd6732,"금호베스트빌",광진구,NO_MATCH,EXACT_PARCEL,112151040005780000,"서울 광진구 광장동 578"
cx_c2b61573bd8bf54d,"관악태우미소가",관악구,NO_MATCH,EXACT_JIBUN_ADDRESS,116201010000300008,"서울 관악구 봉천동 30-8"
cx_c2c07f8080103468,"마곡금호어울림",강서구,NO_MATCH,EXACT_PARCEL,115001050007170000,"서울 강서구 마곡동 717"
cx_c2c83f073ae074c2,"대성웰빙",중랑구,NO_MATCH,EXACT_JIBUN_ADDRESS,112601040001720003,"서울 중랑구 묵동 172-3"
cx_c2dddcd730f0b445,"태창네스트빌",중랑구,NO_MATCH,EXACT_PARCEL,112601040003890000,"서울 중랑구 묵동 389"
cx_c2f10de5ab4bef15,"그랑빌",서초구,NO_MATCH,EXACT_JIBUN_ADDRESS,116501070001100006,"서울 서초구 반포동 110-6"
cx_c2f33869a6b39ff4,"(752-13)",구로구,NO_MATCH,EXACT_JIBUN_ADDRESS,115301020007520013,"서울 구로구 구로동 752-13"
cx_c30058afa6144f90,"현대인텔렉스",강남구,NO_MATCH,MULTI_RECORD_SAME_PARCEL,116801080002610000,"서울 강남구 논현동 261"
cx_c310d8f1b4994421,"브이티스타일",동대문구,NO_MATCH,EXACT_JIBUN_ADDRESS,112301060003090007,"서울 동대문구 장안동 309-7"
cx_c314abc22c269e72,"이랜드해가든",금천구,NO_MATCH,EXACT_PARCEL,115451020011430000,"서울 금천구 독산동 1143"
cx_c31698e4ecb7a774,"신대상",강북구,NO_MATCH,EXACT_JIBUN_ADDRESS,113051010001370007,"서울 강북구 미아동 137-7"
cx_c31ec2a724949ed1,"e편한세상서울대입구2차",관악구,NO_MATCH,EXACT_PARCEL,116201010017330000,"서울 관악구 봉천동 1733"
cx_c327a4479ac8a115,"삼성베스트빌(31차)",광진구,NO_MATCH,EXACT_JIBUN_ADDRESS,112151010001860009,"서울 광진구 중곡동 186-9"
cx_c328ef042e1ce692,"롯데",동대문구,NO_MATCH,EXACT_PARCEL,112301090000780000,"서울 동대문구 휘경동 78"
cx_c32ebd8d4481e354,"새진(1653-10)",관악구,NO_MATCH,EXACT_JIBUN_ADDRESS,116201010016530010,"서울 관악구 봉천동 1653-10"
cx_c3354dd728b26c77,"회기아파트(347-7)",동대문구,NO_MATCH,EXACT_JIBUN_ADDRESS,112301080003470007,"서울 동대문구 회기동 347-7"
cx_c3368266b12f483d,"왕궁",구로구,NO_MATCH,EXACT_JIBUN_ADDRESS,115301070003660001,"서울 구로구 개봉동 366-1"
cx_c3519ce650fb0b43,"평화",중구,NO_MATCH,EXACT_JIBUN_ADDRESS,111401210000970002,"서울 중구 회현동1가 97-2"
cx_c352aeeb216a2e30,"(749-99)",구로구,NO_MATCH,EXACT_JIBUN_ADDRESS,115301020007490099,"서울 구로구 구로동 749-99"
cx_c352e8dc87a827f1,"블레스빌",양천구,NO_MATCH,EXACT_PARCEL,114701010003400000,"서울 양천구 신정동 340"
cx_c363a0e19e815574,"당산한양",영등포구,NO_MATCH,EXACT_JIBUN_ADDRESS,115601130000020006,"서울 영등포구 당산동3가 2-6"
cx_c36e50988b1b9019,"서대문푸르지오센트럴파크",서대문구,NO_MATCH,EXACT_PARCEL,114101110004780000,"서울 서대문구 홍제동 478"
cx_c37b629f1d95824e,"우성8",강남구,NO_MATCH,EXACT_PARCEL,116801030001790000,"서울 강남구 개포동 179"
cx_c39e3f3ef946a531,"고덕센트럴푸르지오",강동구,NO_MATCH,EXACT_JIBUN_ADDRESS,117401020002100001,"서울 강동구 고덕동 210-1"
cx_c3a41ef3e177512b,"브라운스톤",광진구,NO_MATCH,EXACT_JIBUN_ADDRESS,112151070000210002,"서울 광진구 화양동 21-2"
cx_c3b70515cc173e4f,"보람(640)",강서구,NO_MATCH,EXACT_PARCEL,115001020006400000,"서울 강서구 등촌동 640"
cx_c3c79c2c70de50cd,"윈저하우스",송파구,NO_MATCH,EXACT_JIBUN_ADDRESS,117101110002110001,"서울 송파구 방이동 211-1"
cx_c3ca65253571fcde,"찬누리",강서구,NO_MATCH,EXACT_JIBUN_ADDRESS,115001030009160011,"서울 강서구 화곡동 916-11"
cx_c3d04870654dc068,"그린빌아파트",성북구,NO_MATCH,EXACT_PARCEL,112901380003140000,"서울 성북구 장위동 314"
cx_c3d30dca7d04a7f1,"대광월드",은평구,NO_MATCH,EXACT_JIBUN_ADDRESS,113801030003910068,"서울 은평구 불광동 391-68"
cx_c3d7d75928f92f46,"동일스카이씨티",동대문구,NO_MATCH,EXACT_JIBUN_ADDRESS,112301080000650081,"서울 동대문구 회기동 65-81"
cx_c3df99652806bcc9,"세양청마루",송파구,NO_MATCH,EXACT_PARCEL,117101080001460000,"서울 송파구 문정동 146"
cx_c3e20087a6c55cee,"린든빌(29-26)",은평구,NO_MATCH,EXACT_JIBUN_ADDRESS,113801090000290026,"서울 은평구 신사동 29-26"
cx_c3e83f00db106b7a,"청구아파트",도봉구,NO_MATCH,EXACT_PARCEL,113201060007340000,"서울 도봉구 방학동 734"
cx_c3ead7163cd1dbfa,"원에디션강남",강남구,NO_MATCH,EXACT_JIBUN_ADDRESS,116801010006530004,"서울 강남구 역삼동 653-4"
cx_c3ebb384bc19e6ca,"몽촌토성",강동구,NO_MATCH,MULTI_RECORD_SAME_PARCEL,117401080004600000,"서울 강동구 성내동 460"
cx_c3ee4689b1b21f43,"초롱타운",구로구,NO_MATCH,EXACT_PARCEL,115301020004680000,"서울 구로구 구로동 468"
cx_c3eec94bcf572b65,"트리움팰리스",강서구,NO_MATCH,EXACT_JIBUN_ADDRESS,115001030009250026,"서울 강서구 화곡동 925-26"
cx_c3ef13de39bcb85d,"상도효성해링턴플레이스",동작구,NO_MATCH,EXACT_PARCEL,115901020005360000,"서울 동작구 상도동 536"
cx_c3f042540e6bcf24,"강남역우정에쉐르",강남구,NO_MATCH,EXACT_JIBUN_ADDRESS,116801010008230007,"서울 강남구 역삼동 823-7"
cx_c3f0608994042bea,"성원팰리스",도봉구,NO_MATCH,EXACT_JIBUN_ADDRESS,113201050001000002,"서울 도봉구 쌍문동 100-2"
cx_c3f4d7de4f9be06f,"빛고을우방",강서구,NO_MATCH,EXACT_JIBUN_ADDRESS,115001040004480009,"서울 강서구 가양동 448-9"
cx_c3f8a052ae66fd32,"옥수파크힐스101동~116동",성동구,NO_MATCH,MULTI_RECORD_SAME_PARCEL,112001130005280000,"서울 성동구 옥수동 528"
cx_c409f2f55c5c80b6,"브라운스톤2차",성동구,NO_MATCH,EXACT_PARCEL,112001120015500000,"서울 성동구 금호동4가 1550"
cx_c4107997416ec7c5,"태솔",강동구,NO_MATCH,EXACT_JIBUN_ADDRESS,117401050003470020,"서울 강동구 길동 347-20"
cx_c414aec022d4de16,"건영",영등포구,NO_MATCH,EXACT_PARCEL,115601320003640000,"서울 영등포구 신길동 364"
cx_c417d32c80569fde,"새울(715-25)",도봉구,NO_MATCH,EXACT_JIBUN_ADDRESS,113201070007150025,"서울 도봉구 창동 715-25"
cx_c419b8cb7a346861,"신동아타워",송파구,NO_MATCH,EXACT_JIBUN_ADDRESS,117101110000390002,"서울 송파구 방이동 39-2"
cx_c4254c0301146447,"양지",성북구,NO_MATCH,EXACT_PARCEL,112901070002410000,"서울 성북구 동소문동4가 241"
cx_c432d8c4f6911de9,"광진청년생활",광진구,NO_MATCH,EXACT_JIBUN_ADDRESS,112151070000180012,"서울 광진구 화양동 18-12"
cx_c437cb0ce42d5131,"방배3차e-편한세상",서초구,NO_MATCH,EXACT_JIBUN_ADDRESS,116501010007970030,"서울 서초구 방배동 797-30"
cx_c44be6e643f2930a,"미래하임(6-19)",은평구,NO_MATCH,EXACT_JIBUN_ADDRESS,113801060000060019,"서울 은평구 대조동 6-19"
cx_c44be9df3cad0ec7,"방배대우유로카운티",서초구,NO_MATCH,EXACT_JIBUN_ADDRESS,116501010008470034,"서울 서초구 방배동 847-34"
cx_c4536e39ea87c738,"예지보금자리",양천구,NO_MATCH,EXACT_JIBUN_ADDRESS,114701030010010006,"서울 양천구 신월동 1001-6"
cx_c457e1063c29ee8e,"부영그린타운1",양천구,NO_MATCH,EXACT_JIBUN_ADDRESS,114701020009070012,"서울 양천구 목동 907-12"
cx_c4589b5db3ef8a80,"비앤비(102동)",강동구,NO_MATCH,EXACT_JIBUN_ADDRESS,117401080003860082,"서울 강동구 성내동 386-82"
cx_c469d8559dcf80e4,"한남하이츠",성동구,NO_MATCH,EXACT_JIBUN_ADDRESS,112001130002200001,"서울 성동구 옥수동 220-1"
cx_c46d57f8e9b2ce65,"한솔마을",강남구,NO_MATCH,EXACT_PARCEL,116801140007310000,"서울 강남구 일원동 731"
cx_c46eb2f239b93440,"독산솔리힐아파트",금천구,NO_MATCH,EXACT_PARCEL,115451020011610000,"서울 금천구 독산동 1161"
cx_c47200e3daa810ea,"천우네오젠6차",강서구,NO_MATCH,EXACT_JIBUN_ADDRESS,115001060006700017,"서울 강서구 내발산동 670-17"
cx_c48327b26fbe95e9,"파라다이스리버빌",광진구,NO_MATCH,EXACT_JIBUN_ADDRESS,112151050006900058,"서울 광진구 자양동 690-58"
cx_c489b98dd623f615,"삼환나띠르빌(1002-10)",서초구,NO_MATCH,EXACT_JIBUN_ADDRESS,116501010010020010,"서울 서초구 방배동 1002-10"
cx_c48e1a34c4417afc,"르미에르장안타운5차",동대문구,NO_MATCH,EXACT_JIBUN_ADDRESS,112301060003350008,"서울 동대문구 장안동 335-8"
cx_c4944ce7fee21e19,"갤러리하우스",강남구,NO_MATCH,EXACT_JIBUN_ADDRESS,116801010007830003,"서울 강남구 역삼동 783-3"
cx_c49670e410325fe5,"대아(제101상가동)",송파구,NO_MATCH,MULTI_RECORD_SAME_PARCEL,117101030001630000,"서울 송파구 풍납동 163"
cx_c496cc901f93df13,"덕산",은평구,NO_MATCH,EXACT_JIBUN_ADDRESS,113801090002630002,"서울 은평구 신사동 263-2"
cx_c49e0ccc8af4e92a,"화인상가",노원구,NO_MATCH,EXACT_PARCEL,113501060005790000,"서울 노원구 중계동 579"
cx_c4a07e330af711d5,"한일아파트",도봉구,NO_MATCH,EXACT_JIBUN_ADDRESS,113201070006210001,"서울 도봉구 창동 621-1"
cx_c4a4046f83f7ee74,"청계리버팰리스b",중구,NO_MATCH,EXACT_PARCEL,111401650020150000,"서울 중구 황학동 2015"
cx_c4aa406691592b18,"두레",양천구,NO_MATCH,EXACT_JIBUN_ADDRESS,114701020005210002,"서울 양천구 목동 521-2"
cx_c4b03dac88486da4,"(746-9)",구로구,NO_MATCH,EXACT_JIBUN_ADDRESS,115301020007460009,"서울 구로구 구로동 746-9"
cx_c4bbd02e3fdeb29d,"대성아파트",종로구,NO_MATCH,EXACT_JIBUN_ADDRESS,111101810000410001,"서울 종로구 행촌동 41-1"
cx_c4c8bb4dc2678184,"드림캐시아1",은평구,NO_MATCH,EXACT_JIBUN_ADDRESS,113801070001160026,"서울 은평구 응암동 116-26"
cx_c4d1ccf1d65f1dce,"라메즈아파트",노원구,NO_MATCH,EXACT_JIBUN_ADDRESS,113501030005750024,"서울 노원구 공릉동 575-24"
cx_c4d718e57edb4912,"진도1",양천구,NO_MATCH,EXACT_PARCEL,114701020009350000,"서울 양천구 목동 935"
cx_c4dd75533a8c72c2,"펜트라우스",마포구,NO_MATCH,EXACT_PARCEL,114401030001720000,"서울 마포구 신공덕동 172"
cx_c4df103937ed10e8,"미원1",마포구,NO_MATCH,EXACT_JIBUN_ADDRESS,114401230004780027,"서울 마포구 망원동 478-27"
cx_c4e18826cc18b00d,"에메랄드104동",관악구,NO_MATCH,EXACT_JIBUN_ADDRESS,116201010000410274,"서울 관악구 봉천동 41-274"
cx_c4e9b35b31f423ff,"파크프라자",강동구,NO_MATCH,EXACT_JIBUN_ADDRESS,117401080004280002,"서울 강동구 성내동 428-2"
cx_c4f2f5347b7067b5,"한신휴플러스(1280-1)",구로구,NO_MATCH,EXACT_JIBUN_ADDRESS,115301020012800001,"서울 구로구 구로동 1280-1"
cx_c4f95dd88c8c9c3d,"동양엔파트",중랑구,NO_MATCH,EXACT_JIBUN_ADDRESS,112601030002080033,"서울 중랑구 중화동 208-33"
cx_c4f9abb9a21afa2a,"주영",중랑구,NO_MATCH,EXACT_JIBUN_ADDRESS,112601050001840013,"서울 중랑구 망우동 184-13"
cx_c5016b38b153e682,"신성은하수",구로구,NO_MATCH,EXACT_PARCEL,115301010006400000,"서울 구로구 신도림동 640"
cx_c504f06cc6338de9,"월드101",중랑구,NO_MATCH,EXACT_JIBUN_ADDRESS,112601050005080050,"서울 중랑구 망우동 508-50"
cx_c50b93352752b21e,"이니그마빌-iii",강남구,NO_MATCH,EXACT_PARCEL,116801180002010000,"서울 강남구 도곡동 201"
cx_c515fd940f4ed8d8,"우정에쉐르",서초구,NO_MATCH,EXACT_JIBUN_ADDRESS,116501080013550024,"서울 서초구 서초동 1355-24"
cx_c51c3c2824008cd8,"대경아르체아파트",은평구,NO_MATCH,EXACT_JIBUN_ADDRESS,113801060000260014,"서울 은평구 대조동 26-14"
cx_c51ff5feb64ddb73,"힐스테이트장승배기역",동작구,NO_MATCH,NO_MATCH,115901010003360000,"서울 동작구 노량진동 336"
cx_c522c7825caceaaf,"파크뷰캐슬",강동구,NO_MATCH,EXACT_JIBUN_ADDRESS,117401080004680003,"서울 강동구 성내동 468-3"
cx_c524cd92689fa544,"자양7차현대홈타운",광진구,NO_MATCH,EXACT_PARCEL,112151050007880000,"서울 광진구 자양동 788"
cx_c52f0b51bd2ef947,"한강동아",강서구,NO_MATCH,EXACT_PARCEL,115001010002930000,"서울 강서구 염창동 293"
cx_c53143e806c3482f,"성원1",마포구,NO_MATCH,MULTI_RECORD_SAME_PARCEL,114401230004200000,"서울 마포구 망원동 420"
cx_c532ab4a92680c4b,"lg그린빌",은평구,NO_MATCH,NO_MATCH,113801100002140008,"서울 은평구 증산동 214-8"
cx_c533969764f91aad,"방배홈타운(479-11)",서초구,NO_MATCH,EXACT_JIBUN_ADDRESS,116501010004790011,"서울 서초구 방배동 479-11"
cx_c547bf66274105a6,"당산대우",영등포구,NO_MATCH,EXACT_JIBUN_ADDRESS,115601120000160001,"서울 영등포구 당산동2가 16-1"
cx_c55d56ebaa9ef983,"방배힐2차",서초구,NO_MATCH,EXACT_JIBUN_ADDRESS,116501010008080011,"서울 서초구 방배동 808-11"
cx_c5680e0c8fe3956d,"경희궁의아침4단지",종로구,NO_MATCH,EXACT_PARCEL,111101180000730000,"서울 종로구 내수동 73"
cx_c5694d17ce5ccef7,"한신휴플러스그린파크",동대문구,NO_MATCH,EXACT_PARCEL,112301050010010000,"서울 동대문구 답십리동 1001"
cx_c56f5fa3b6ec0a89,"동훈타마르(921-18)",강서구,NO_MATCH,EXACT_JIBUN_ADDRESS,115001030009210018,"서울 강서구 화곡동 921-18"
cx_c588057f1104b53d,"(745-14)",구로구,NO_MATCH,EXACT_JIBUN_ADDRESS,115301020007450014,"서울 구로구 구로동 745-14"
cx_c5888b71df4831b2,"역삼르비앙1",강남구,NO_MATCH,EXACT_JIBUN_ADDRESS,116801010008350012,"서울 강남구 역삼동 835-12"
cx_c59035810d8e51e1,"동진신안",노원구,NO_MATCH,MULTI_RECORD_SAME_PARCEL,113501060003640000,"서울 노원구 중계동 364"
cx_c599afb190a5126e,"신암",강동구,NO_MATCH,EXACT_JIBUN_ADDRESS,117401050003730007,"서울 강동구 길동 373-7"
cx_c59df195654a4831,"신월휘버스",양천구,NO_MATCH,EXACT_PARCEL,114701030010240000,"서울 양천구 신월동 1024"
cx_c59f1dd4dedc146e,"스카이(924-10)",강서구,NO_MATCH,EXACT_JIBUN_ADDRESS,115001030009240010,"서울 강서구 화곡동 924-10"
cx_c5b9567fc762c136,"씨제이나인",강동구,NO_MATCH,EXACT_JIBUN_ADDRESS,117401080001640001,"서울 강동구 성내동 164-1"
cx_c5bbeb187d58d75c,"중앙하이츠",성북구,NO_MATCH,EXACT_JIBUN_ADDRESS,112901390001100002,"서울 성북구 석관동 110-2"
cx_c5c47661ecff9aa4,"동일4차",서대문구,NO_MATCH,EXACT_JIBUN_ADDRESS,114101110003120248,"서울 서대문구 홍제동 312-248"
cx_c5ca398f923bc7c0,"강서쌍용예가",강서구,NO_MATCH,EXACT_PARCEL,115001010003080000,"서울 강서구 염창동 308"
cx_c5cfa6a4efaa5096,"현대한강빌라",강남구,NO_MATCH,MULTI_RECORD_SAME_PARCEL,116801040001060000,"서울 강남구 청담동 106"
cx_c5d208cb52bbde8d,"대원",양천구,NO_MATCH,EXACT_JIBUN_ADDRESS,114701020005020007,"서울 양천구 목동 502-7"
cx_c5e5ea4caadbad2c,"미진주택a동",구로구,NO_MATCH,EXACT_JIBUN_ADDRESS,115301080000110082,"서울 구로구 오류동 11-82"
cx_c5e7efe2e9b98083,"장안동공감대(375-11)",동대문구,NO_MATCH,EXACT_JIBUN_ADDRESS,112301060003750011,"서울 동대문구 장안동 375-11"
cx_c5eaade59c5b6502,"이지마루오장",중구,NO_MATCH,EXACT_JIBUN_ADDRESS,111401540002060034,"서울 중구 오장동 206-34"
cx_c6093337f46b2c8d,"청자",양천구,NO_MATCH,EXACT_JIBUN_ADDRESS,114701010009150012,"서울 양천구 신정동 915-12"
cx_c61036c0fc858181,"진흥아파트",서초구,NO_MATCH,EXACT_PARCEL,116501080013150000,"서울 서초구 서초동 1315"
cx_c61667d2ccb85274,"광진파크프라이빗",광진구,NO_MATCH,EXACT_PARCEL,112151030006700000,"서울 광진구 구의동 670"
cx_c61ff6fe44e67409,"대호프라자아파트",은평구,NO_MATCH,EXACT_JIBUN_ADDRESS,113801030006310001,"서울 은평구 불광동 631-1"
cx_c63500203a201924,"임탑(12-1)100동",은평구,NO_MATCH,EXACT_JIBUN_ADDRESS,113801090000120001,"서울 은평구 신사동 12-1"
cx_c6371f2f732a6396,"화곡삼익",강서구,NO_MATCH,EXACT_PARCEL,115001030011410000,"서울 강서구 화곡동 1141"
cx_c63d2adc381f34f8,"양지빌라트",관악구,NO_MATCH,EXACT_JIBUN_ADDRESS,116201030006020212,"서울 관악구 남현동 602-212"
cx_c6442c31a4e084ba,"남성",영등포구,NO_MATCH,EXACT_PARCEL,115601200000350000,"서울 영등포구 문래동2가 35"
cx_c6457a8ed6fa025a,"신정숲속마을",양천구,NO_MATCH,EXACT_PARCEL,114701010013240000,"서울 양천구 신정동 1324"
cx_c64caf0fce8ac1a8,"신반포10",서초구,NO_MATCH,NO_MATCH,116501060000580016,"서울 서초구 잠원동 58-16"
cx_c65344adf60979de,"동아",강서구,NO_MATCH,EXACT_PARCEL,115001010002920000,"서울 강서구 염창동 292"
cx_c65d8de1fb7b3f7f,"창동주공18단지",도봉구,NO_MATCH,EXACT_PARCEL,113201070000300000,"서울 도봉구 창동 30"
cx_c6651caacdf96dc8,"상록타워아파트",광진구,NO_MATCH,EXACT_PARCEL,112151040005700000,"서울 광진구 광장동 570"
cx_c668160087c9c004,"동대문롯데캐슬노블레스",동대문구,NO_MATCH,EXACT_PARCEL,112301040006950000,"서울 동대문구 전농동 695"
cx_c671447bb0cebce1,"광남캐스빌(c동)",송파구,NO_MATCH,NO_MATCH,117101080001400000,"서울 송파구 문정동 140"
cx_c678117457183c4c,"한양3",강남구,NO_MATCH,EXACT_PARCEL,116801100004890000,"서울 강남구 압구정동 489"
cx_c67ccdcf6890ef77,"loft129",동대문구,NO_MATCH,EXACT_PARCEL,112301020008010000,"서울 동대문구 용두동 801"
cx_c67d7b7f63568711,"대훈",은평구,NO_MATCH,EXACT_JIBUN_ADDRESS,113801040001360006,"서울 은평구 갈현동 136-6"
cx_c68b5d25b61f7574,"한보구암마을",강서구,NO_MATCH,EXACT_PARCEL,115001040014950000,"서울 강서구 가양동 1495"
cx_c68ba761b684d6c0,"오투힐",양천구,NO_MATCH,EXACT_JIBUN_ADDRESS,114701030005410001,"서울 양천구 신월동 541-1"
cx_c694734aa5f8a9f7,"방배블레스밸리",서초구,NO_MATCH,EXACT_JIBUN_ADDRESS,116501010010190003,"서울 서초구 방배동 1019-3"
cx_c696f8223b6b85f1,"송도그린빌b동",서대문구,NO_MATCH,EXACT_JIBUN_ADDRESS,114101110003220091,"서울 서대문구 홍제동 322-91"
cx_c6991b10143ef103,"힐탑아파트3차(894-3)",금천구,NO_MATCH,EXACT_JIBUN_ADDRESS,115451020008940003,"서울 금천구 독산동 894-3"
cx_c6a18c02f39aac5c,"삼호1동~3동",서초구,NO_MATCH,EXACT_JIBUN_ADDRESS,116501010007700001,"서울 서초구 방배동 770-1"
cx_c6a1d6ae77d36f3d,"마포현대",마포구,NO_MATCH,EXACT_JIBUN_ADDRESS,114401020001880108,"서울 마포구 공덕동 188-108"
cx_c6ae180e6ae4176e,"신부파스카빌",송파구,NO_MATCH,EXACT_JIBUN_ADDRESS,117101050000600002,"서울 송파구 석촌동 60-2"
cx_c6b3f89c1201563e,"그랜드아파트",광진구,NO_MATCH,EXACT_JIBUN_ADDRESS,112151050006360011,"서울 광진구 자양동 636-11"
cx_c6c509eabd54b6cf,"대원(1536-20)",관악구,NO_MATCH,EXACT_JIBUN_ADDRESS,116201010015360002,"서울 관악구 봉천동 1536-2"
cx_c6cd0941bd856b94,"보미",노원구,NO_MATCH,EXACT_JIBUN_ADDRESS,113501050001440003,"서울 노원구 상계동 144-3"
cx_c6d0996dd70ddc31,"신주아파트(101동)",강동구,NO_MATCH,EXACT_JIBUN_ADDRESS,117401090003170004,"서울 강동구 천호동 317-4"
cx_c6d0d59da0c6c516,"대상4",마포구,NO_MATCH,EXACT_PARCEL,114401230004920000,"서울 마포구 망원동 492"
cx_c6e3039a2858e343,"몽마르뜨빌(577-4)",서초구,NO_MATCH,EXACT_JIBUN_ADDRESS,116501070005770004,"서울 서초구 반포동 577-4"
cx_c6e3e5cf2f278dc7,"보성제이드",양천구,NO_MATCH,EXACT_JIBUN_ADDRESS,114701010009060004,"서울 양천구 신정동 906-4"
cx_c6ed1e2f43ecc54c,"금강프리빌",서초구,NO_MATCH,EXACT_JIBUN_ADDRESS,116501010009400008,"서울 서초구 방배동 940-8"
cx_c70155e67d0afac0,"창동",구로구,NO_MATCH,EXACT_JIBUN_ADDRESS,115301070000200001,"서울 구로구 개봉동 20-1"
cx_c704f87f7be8c7a5,"희훈리치파크1",강동구,NO_MATCH,EXACT_PARCEL,117401050004720000,"서울 강동구 길동 472"
cx_c71358e2ff1349c6,"효성트럼프",동대문구,NO_MATCH,EXACT_JIBUN_ADDRESS,112301030001340073,"서울 동대문구 제기동 134-73"
cx_c7191bbf8e1db376,"형우베스트빌3차",용산구,NO_MATCH,EXACT_JIBUN_ADDRESS,111701310000270002,"서울 용산구 한남동 27-2"
cx_c73416d8040cf5f5,"우물골2단지두산위브(245~255동)bl2-6",은평구,NO_MATCH,EXACT_PARCEL,113801140000810000,"서울 은평구 진관동 81"
cx_c7345e2549c5c0e8,"벽산늘푸른",강서구,NO_MATCH,EXACT_PARCEL,115001010002900000,"서울 강서구 염창동 290"
cx_c73dc6f50ed622de,"반포푸르지오",서초구,NO_MATCH,EXACT_PARCEL,116501070000100000,"서울 서초구 반포동 10"
cx_c7415f58d6322dab,"성원2",양천구,NO_MATCH,EXACT_JIBUN_ADDRESS,114701020007090002,"서울 양천구 목동 709-2"
cx_c7572fa4fc1016aa,"화곡3차보람",강서구,NO_MATCH,EXACT_PARCEL,115001030011500000,"서울 강서구 화곡동 1150"
cx_c758b51b25519ffd,"래미안도곡카운티",강남구,NO_MATCH,EXACT_JIBUN_ADDRESS,116801180005380003,"서울 강남구 도곡동 538-3"
cx_c75b0e1f4bb350f7,"(748-20)",구로구,NO_MATCH,EXACT_JIBUN_ADDRESS,115301020007480020,"서울 구로구 구로동 748-20"
cx_c75ce2097cf4bb54,"신이모닝빌",강동구,NO_MATCH,EXACT_JIBUN_ADDRESS,117401080004130006,"서울 강동구 성내동 413-6"
cx_c75fef2fea55ab7d,"한강훼미리주상복합아파트",동대문구,NO_MATCH,EXACT_JIBUN_ADDRESS,112301060003810003,"서울 동대문구 장안동 381-3"
cx_c766bcf713447dcf,"현대성우아파트",노원구,NO_MATCH,EXACT_PARCEL,113501030007410000,"서울 노원구 공릉동 741"
cx_c7699d32b571249b,"부흥아파트(33-10)",은평구,NO_MATCH,EXACT_JIBUN_ADDRESS,113801090000330010,"서울 은평구 신사동 33-10"
cx_c76e20a3ac157d60,"스타파크",광진구,NO_MATCH,EXACT_JIBUN_ADDRESS,112151030000590001,"서울 광진구 구의동 59-1"
cx_c77566f1f8dbe402,"동성아파트(101동)",송파구,NO_MATCH,MULTI_RECORD_SAME_PARCEL,117101070000150000,"서울 송파구 가락동 15"
cx_c7828374a7f4893c,"경남",영등포구,NO_MATCH,EXACT_JIBUN_ADDRESS,115601320000670001,"서울 영등포구 신길동 67-1"
cx_c78a4a9872fe6f66,"하버라인3단지",구로구,NO_MATCH,EXACT_PARCEL,115301120002420000,"서울 구로구 항동 242"
cx_c78dffd5b933028f,"충우하이빌",서대문구,NO_MATCH,EXACT_JIBUN_ADDRESS,114101170000510151,"서울 서대문구 연희동 51-151"
cx_c799a6432da8f25a,"한신3차",서초구,NO_MATCH,NO_MATCH,116501070000010001,"서울 서초구 반포동 1-1"
cx_c7a7d052ddeca6b3,"래미안펜타빌",강남구,NO_MATCH,EXACT_JIBUN_ADDRESS,116801010007130007,"서울 강남구 역삼동 713-7"
cx_c7ac494bf78993ad,"파크하비오",송파구,NO_MATCH,EXACT_PARCEL,117101080006180000,"서울 송파구 문정동 618"
cx_c7aeac24917528f0,"범양프레체",중랑구,NO_MATCH,EXACT_JIBUN_ADDRESS,112601030002080004,"서울 중랑구 중화동 208-4"
cx_c7b5d37ce82506f6,"서초로즈힐",서초구,NO_MATCH,EXACT_JIBUN_ADDRESS,116501080015270010,"서울 서초구 서초동 1527-10"
cx_c7bb07cae700f2eb,"dmc월드",은평구,NO_MATCH,EXACT_PARCEL,113801100002500000,"서울 은평구 증산동 250"
cx_c7c69a546feb871f,"가양2단지(성지)",강서구,NO_MATCH,EXACT_PARCEL,115001040014610000,"서울 강서구 가양동 1461"
cx_c7c91db9a751095a,"정산(103동)",강동구,NO_MATCH,EXACT_JIBUN_ADDRESS,117401070004410003,"서울 강동구 암사동 441-3"
cx_c7d3553b430f4da0,"도곡현대힐스테이트105동",강남구,NO_MATCH,EXACT_JIBUN_ADDRESS,116801180001840003,"서울 강남구 도곡동 184-3"
cx_c7d75626bf8a1984,"청구",도봉구,NO_MATCH,EXACT_PARCEL,113201050001950000,"서울 도봉구 쌍문동 195"
cx_c7e30f3926fadd43,"망우역신원아침도시",중랑구,NO_MATCH,EXACT_PARCEL,112601060008380000,"서울 중랑구 신내동 838"
cx_c7e6680dffb519dc,"노블레스빌",종로구,NO_MATCH,EXACT_JIBUN_ADDRESS,111101830001550001,"서울 종로구 평창동 155-1"
cx_c7ed8b8032d6b5b9,"금성파크b동",도봉구,NO_MATCH,EXACT_JIBUN_ADDRESS,113201070006650026,"서울 도봉구 창동 665-26"
cx_c7f820571cc0e7a8,"쌍용대치2",강남구,NO_MATCH,EXACT_PARCEL,116801060000650000,"서울 강남구 대치동 65"
cx_c8043b47ccad1352,"보라매에스케이뷰",영등포구,NO_MATCH,EXACT_PARCEL,115601320049580000,"서울 영등포구 신길동 4958"
cx_c8062f9a7f9edb2a,"강남드리움2차",동작구,NO_MATCH,EXACT_JIBUN_ADDRESS,115901070010510006,"서울 동작구 사당동 1051-6"
cx_c80b96b181588564,"우물골2단지두산위브(209~222동)bl2-8",은평구,NO_MATCH,EXACT_PARCEL,113801140000880000,"서울 은평구 진관동 88"
cx_c80e3232368970b0,"신아",은평구,NO_MATCH,EXACT_JIBUN_ADDRESS,113801090000060005,"서울 은평구 신사동 6-5"
cx_c824b8a151c28927,"삼우지엔씨",강서구,NO_MATCH,EXACT_JIBUN_ADDRESS,115001020006460028,"서울 강서구 등촌동 646-28"
cx_c826f64c4c4fb9ab,"정성드리움",관악구,NO_MATCH,EXACT_JIBUN_ADDRESS,116201020004600019,"서울 관악구 신림동 460-19"
cx_c8283e85bc33a6c8,"신현대9차",강남구,NO_MATCH,EXACT_PARCEL,116801100004260000,"서울 강남구 압구정동 426"
cx_c82f7b7fe8a788aa,"서원",도봉구,NO_MATCH,EXACT_PARCEL,113201080006410000,"서울 도봉구 도봉동 641"
cx_c841a4033db3da8a,"덕현해밀(102동)",양천구,NO_MATCH,EXACT_JIBUN_ADDRESS,114701030000810007,"서울 양천구 신월동 81-7"
cx_c84b1e348f957b00,"꿈의숲코오롱하늘채",성북구,NO_MATCH,EXACT_PARCEL,112901380003190000,"서울 성북구 장위동 319"
cx_c852f4dc204f75d5,"서초네이처힐7단지",서초구,NO_MATCH,EXACT_PARCEL,116501030007350000,"서울 서초구 우면동 735"
cx_c85b2d34d445826a,"금광아크존(635-14)",강남구,NO_MATCH,EXACT_JIBUN_ADDRESS,116801070006350014,"서울 강남구 신사동 635-14"
cx_c85b2e4880ed80fa,"함성참좋은",마포구,NO_MATCH,EXACT_JIBUN_ADDRESS,114401200002470072,"서울 마포구 서교동 247-72"
cx_c85f08655eb72b10,"에벤에셀프라자",금천구,NO_MATCH,EXACT_JIBUN_ADDRESS,115451030009120020,"서울 금천구 시흥동 912-20"
cx_c86b406830cb02dc,"청구",광진구,NO_MATCH,EXACT_PARCEL,112151040005660000,"서울 광진구 광장동 566"
cx_c872dd605b74419f,"신사동씨티빌",강남구,NO_MATCH,EXACT_JIBUN_ADDRESS,116801070005230004,"서울 강남구 신사동 523-4"
cx_c882b34641dd79ae,"경서",중구,NO_MATCH,EXACT_JIBUN_ADDRESS,111401120002050044,"서울 중구 남창동 205-44"
cx_c88660a1ba2805cc,"상지리츠빌장충동카일룸",중구,NO_MATCH,EXACT_PARCEL,111401430001040000,"서울 중구 장충동1가 104"
cx_c89bcb72d69a793d,"비전",동작구,NO_MATCH,NO_MATCH,115901080000430009,"서울 동작구 대방동 43-9"
cx_c8a2a8a1aa56a80c,"(792-98)",구로구,NO_MATCH,EXACT_JIBUN_ADDRESS,115301020007920098,"서울 구로구 구로동 792-98"
cx_c8acdcff97f9fcc7,"태영빌라2",구로구,NO_MATCH,EXACT_JIBUN_ADDRESS,115301020007400079,"서울 구로구 구로동 740-79"
cx_c8b301d1b123f5c3,"코오롱(1차)",강동구,NO_MATCH,EXACT_JIBUN_ADDRESS,117401080001960008,"서울 강동구 성내동 196-8"
cx_c8b4967d1280a3c2,"동궁리치웰(101동)",송파구,NO_MATCH,EXACT_JIBUN_ADDRESS,117101070001960001,"서울 송파구 가락동 196-1"
cx_c8b692529eaaff37,"중앙하이츠",마포구,NO_MATCH,EXACT_JIBUN_ADDRESS,114401090001610001,"서울 마포구 염리동 161-1"
cx_c8ba370bd1920a72,"대치푸르지오써밋",강남구,NO_MATCH,EXACT_PARCEL,116801060010320000,"서울 강남구 대치동 1032"
cx_c8d60a74765ff139,"하이파크아파트",송파구,NO_MATCH,EXACT_JIBUN_ADDRESS,117101060000380012,"서울 송파구 삼전동 38-12"
cx_c8d9a70d08ee7d9b,"비젼21(2차)",서초구,NO_MATCH,EXACT_JIBUN_ADDRESS,116501010008490001,"서울 서초구 방배동 849-1"
cx_c8ecd97624efad6d,"개봉푸르지오",구로구,NO_MATCH,EXACT_PARCEL,115301070004920000,"서울 구로구 개봉동 492"
cx_c90e6172a74174aa,"자산메르시안(164-31)",은평구,NO_MATCH,EXACT_JIBUN_ADDRESS,113801100001640031,"서울 은평구 증산동 164-31"
cx_c9177c5ac00df3ba,"도곡월드메르디앙아파트",강남구,NO_MATCH,EXACT_PARCEL,116801180009730000,"서울 강남구 도곡동 973"
cx_c92d57156fdb5fff,"오페라하우스",서초구,NO_MATCH,MULTI_RECORD_SAME_PARCEL,116501060000710000,"서울 서초구 잠원동 71"
cx_c92f2f126da9e153,"신성미소시티",용산구,NO_MATCH,EXACT_JIBUN_ADDRESS,111701310000960003,"서울 용산구 한남동 96-3"
cx_c9357fd5a4be629b,"세모하이츠(b)",중랑구,NO_MATCH,EXACT_JIBUN_ADDRESS,112601010001320064,"서울 중랑구 면목동 132-64"
cx_c9399a8f1ab1d557,"선경이노블",동대문구,NO_MATCH,EXACT_JIBUN_ADDRESS,112301060003460011,"서울 동대문구 장안동 346-11"
cx_c93bad4926b72e44,"대치현대",강남구,NO_MATCH,EXACT_PARCEL,116801060009740000,"서울 강남구 대치동 974"
cx_c93bdfcfb6814bc5,"(791-5)",구로구,NO_MATCH,EXACT_JIBUN_ADDRESS,115301020007910005,"서울 구로구 구로동 791-5"
cx_c93cc14bc7aaa6ec,"송파더플래티넘",송파구,NO_MATCH,EXACT_PARCEL,117101120000670000,"서울 송파구 오금동 67"
cx_c940a9ac1a89e3c7,"트윈팰리스(101동)",송파구,NO_MATCH,MULTI_RECORD_SAME_PARCEL,117101080001120000,"서울 송파구 문정동 112"
cx_c940ed4cac4cfa1d,"길음뉴타운6단지(래미안)",성북구,NO_MATCH,EXACT_PARCEL,112901340012830000,"서울 성북구 길음동 1283"
cx_c946a477ce295a8b,"삼익",용산구,NO_MATCH,EXACT_JIBUN_ADDRESS,111701290003000301,"서울 용산구 이촌동 300-301"
cx_c950cbfd6e5a1675,"상암월드컵파크10단지",마포구,NO_MATCH,EXACT_PARCEL,114401270017360000,"서울 마포구 상암동 1736"
cx_c9582f8b7d622a10,"영등포중흥에스클래스",영등포구,NO_MATCH,EXACT_PARCEL,115601250002710000,"서울 영등포구 양평동1가 271"
cx_c9585d81bf350842,"경남아너스빌",노원구,NO_MATCH,EXACT_PARCEL,113501060005970000,"서울 노원구 중계동 597"
cx_c965c0751f331083,"강남신동아파밀리에2단지",강남구,NO_MATCH,EXACT_PARCEL,116801110005110000,"서울 강남구 세곡동 511"
cx_c981ea018f8c107b,"이수프라자",동작구,NO_MATCH,EXACT_JIBUN_ADDRESS,115901070001380003,"서울 동작구 사당동 138-3"
cx_c98fe56b8eea215d,"삼성동센트럴아이파크",강남구,NO_MATCH,EXACT_PARCEL,116801050001880000,"서울 강남구 삼성동 188"
cx_c9977795229887e0,"솔렌시아2",광진구,NO_MATCH,EXACT_JIBUN_ADDRESS,112151030002360025,"서울 광진구 구의동 236-25"
cx_c997c49a0725c685,"뉴파크플러스(1608-27)",관악구,NO_MATCH,EXACT_JIBUN_ADDRESS,116201010016080027,"서울 관악구 봉천동 1608-27"
cx_c9ae257caae55cdd,"(770-4)",구로구,NO_MATCH,EXACT_JIBUN_ADDRESS,115301020007700004,"서울 구로구 구로동 770-4"
cx_c9b3f4c9c6cdedbd,"북한산동호스카이",은평구,NO_MATCH,EXACT_PARCEL,113801030006440000,"서울 은평구 불광동 644"
cx_c9b7b64f417bdd5e,"그린월드",서초구,NO_MATCH,EXACT_JIBUN_ADDRESS,116501080015080025,"서울 서초구 서초동 1508-25"
cx_c9c2db44bce4a7fa,"대성월드빌",강북구,NO_MATCH,EXACT_JIBUN_ADDRESS,113051030000450093,"서울 강북구 수유동 45-93"
cx_c9c935ff1cfb4dd2,"다우하임아파트",중랑구,NO_MATCH,EXACT_JIBUN_ADDRESS,112601050001330014,"서울 중랑구 망우동 133-14"
cx_c9ca55e9fe649eb4,"백광",서대문구,NO_MATCH,EXACT_JIBUN_ADDRESS,114101170000690021,"서울 서대문구 연희동 69-21"
cx_c9cd389f4fcd218f,"파크빌",서대문구,NO_MATCH,EXACT_JIBUN_ADDRESS,114101170007120025,"서울 서대문구 연희동 712-25"
cx_c9cdecda623f1df2,"대림e-편한세상5",구로구,NO_MATCH,EXACT_PARCEL,115301010006470000,"서울 구로구 신도림동 647"
cx_c9d24424697f3ef3,"한강맨숀",용산구,NO_MATCH,EXACT_JIBUN_ADDRESS,111701290003000023,"서울 용산구 이촌동 300-23"
cx_c9daef4683c1b601,"상계주공12(고층)",노원구,NO_MATCH,EXACT_PARCEL,113501050006470000,"서울 노원구 상계동 647"
cx_c9dccec73f6c66b5,"대원리버빌",광진구,NO_MATCH,EXACT_JIBUN_ADDRESS,112151050005870006,"서울 광진구 자양동 587-6"
cx_c9e22da4a6a9f9a0,"한건브리앙",중랑구,NO_MATCH,EXACT_JIBUN_ADDRESS,112601010000880052,"서울 중랑구 면목동 88-52"
cx_c9e7f9cf59fb580a,"태성",성동구,NO_MATCH,EXACT_PARCEL,112001050008290000,"서울 성동구 마장동 829"
cx_c9ed0235ecca960c,"도곡렉슬",강남구,NO_MATCH,EXACT_PARCEL,116801180005270000,"서울 강남구 도곡동 527"
cx_c9f2c3b519d43d7b,"힐스테이트세운센트럴2단지",중구,NO_MATCH,EXACT_PARCEL,111401560002800000,"서울 중구 입정동 280"
cx_c9fa666ff64763c7,"대호",노원구,NO_MATCH,EXACT_PARCEL,113501060005910000,"서울 노원구 중계동 591"
cx_ca051b49aa3e55c5,"메종드로제",강서구,NO_MATCH,EXACT_JIBUN_ADDRESS,115001030009260003,"서울 강서구 화곡동 926-3"
cx_ca07ae72741ecbc4,"하이캐슬",강남구,NO_MATCH,EXACT_JIBUN_ADDRESS,116801060009860014,"서울 강남구 대치동 986-14"
cx_ca0f0874c2f89ef3,"벽산타운ii",관악구,NO_MATCH,EXACT_PARCEL,116201010017160000,"서울 관악구 봉천동 1716"
cx_ca10c3d0991a6178,"삼성한사랑1",강서구,NO_MATCH,EXACT_JIBUN_ADDRESS,115001020006320004,"서울 강서구 등촌동 632-4"
cx_ca1b2acbbb95a50d,"대림",노원구,NO_MATCH,EXACT_PARCEL,113501050006950000,"서울 노원구 상계동 695"
cx_ca1ed97d884d74e7,"엘리제빌",서초구,NO_MATCH,EXACT_JIBUN_ADDRESS,116501070000990001,"서울 서초구 반포동 99-1"
cx_ca2309b5cd198be7,"더클래스",서초구,NO_MATCH,EXACT_JIBUN_ADDRESS,116501080016190002,"서울 서초구 서초동 1619-2"
cx_ca2e7fa546d10472,"파라다이스(477-7)",서초구,NO_MATCH,EXACT_JIBUN_ADDRESS,116501010004770007,"서울 서초구 방배동 477-7"
cx_ca31c20300bb877c,"동원로데오",양천구,NO_MATCH,EXACT_PARCEL,114701010013080000,"서울 양천구 신정동 1308"
cx_ca34174d7161fdf5,"우성2",구로구,NO_MATCH,EXACT_PARCEL,115301010006390000,"서울 구로구 신도림동 639"
cx_ca37c1ad8a3c5909,"베로니스6차",서초구,NO_MATCH,EXACT_JIBUN_ADDRESS,116501070005510067,"서울 서초구 반포동 551-67"
cx_ca3c45c00356358e,"미래드림캐슬",양천구,NO_MATCH,EXACT_JIBUN_ADDRESS,114701020007130030,"서울 양천구 목동 713-30"
cx_ca43b35904d90b98,"호성그린아트빌",강서구,NO_MATCH,EXACT_JIBUN_ADDRESS,115001030000800004,"서울 강서구 화곡동 80-4"
cx_ca492f3b83cca27c,"현대빌라트",관악구,NO_MATCH,EXACT_JIBUN_ADDRESS,116201030006020199,"서울 관악구 남현동 602-199"
cx_ca5413d6b879f14f,"한화꿈에그린",광진구,NO_MATCH,EXACT_PARCEL,112151050008530000,"서울 광진구 자양동 853"
cx_ca54357e10f62fce,"청우",동대문구,NO_MATCH,EXACT_JIBUN_ADDRESS,112301030011580010,"서울 동대문구 제기동 1158-10"
cx_ca5d53206cc69623,"현대휴앤미(102동)",중랑구,NO_MATCH,EXACT_JIBUN_ADDRESS,112601030000110007,"서울 중랑구 중화동 11-7"
cx_ca604ce2a8f9895a,"성진위드빌",동대문구,NO_MATCH,EXACT_JIBUN_ADDRESS,112301060003820014,"서울 동대문구 장안동 382-14"
cx_ca67620695488aaf,"종로청계힐스테이트",종로구,NO_MATCH,EXACT_PARCEL,111101750007660000,"서울 종로구 숭인동 766"
cx_ca677bc29f3478b0,"(749-30)",구로구,NO_MATCH,EXACT_JIBUN_ADDRESS,115301020007490030,"서울 구로구 구로동 749-30"
cx_ca784709c2ce2f03,"상계주공6(고층)",노원구,NO_MATCH,EXACT_PARCEL,113501050007200000,"서울 노원구 상계동 720"
cx_ca858ae875b5f637,"광남벨라스(1차)",마포구,NO_MATCH,EXACT_JIBUN_ADDRESS,114401200004650001,"서울 마포구 서교동 465-1"
cx_ca986869b43e0343,"라르파크",영등포구,NO_MATCH,EXACT_PARCEL,115601010006510000,"서울 영등포구 영등포동 651"
cx_ca9b9466eb6c8470,"예미원",마포구,NO_MATCH,EXACT_JIBUN_ADDRESS,114401010003710001,"서울 마포구 아현동 371-1"
cx_caa5b779d0cba8c7,"금강",구로구,NO_MATCH,EXACT_PARCEL,115301080003350000,"서울 구로구 오류동 335"
cx_caaeebde589195cb,"극동",강서구,NO_MATCH,EXACT_JIBUN_ADDRESS,115001010002460023,"서울 강서구 염창동 246-23"
cx_cac69c4fb7606a7a,"삼성꽃마을",강서구,NO_MATCH,EXACT_PARCEL,115001090008580000,"서울 강서구 방화동 858"
cx_cae2163045d5ed08,"새롬",서대문구,NO_MATCH,EXACT_JIBUN_ADDRESS,114101020000030019,"서울 서대문구 충정로3가 3-19"
cx_cae5849ae802dc1d,"월계역신도브래뉴",노원구,NO_MATCH,EXACT_PARCEL,113501020009420000,"서울 노원구 월계동 942"
cx_caf10c63400b8b80,"호산프라자",강남구,NO_MATCH,EXACT_PARCEL,116801050000370000,"서울 강남구 삼성동 37"
cx_caf229b5ac63cfbd,"리센츠",송파구,NO_MATCH,EXACT_PARCEL,117101010000220000,"서울 송파구 잠실동 22"
cx_caf313b049862dc1,"두산",성북구,NO_MATCH,EXACT_PARCEL,112901390000100000,"서울 성북구 석관동 10"
cx_caf40870c01a49ab,"현대쉐르빌",양천구,NO_MATCH,EXACT_JIBUN_ADDRESS,114701010011960016,"서울 양천구 신정동 1196-16"
cx_cafb959f10c8aecb,"원산",도봉구,NO_MATCH,EXACT_JIBUN_ADDRESS,113201050001380033,"서울 도봉구 쌍문동 138-33"
cx_caff922144a448da,"대림동갑을명가아파트",영등포구,NO_MATCH,EXACT_PARCEL,115601330011190000,"서울 영등포구 대림동 1119"
cx_cb01b7c63e800f0b,"우창",송파구,NO_MATCH,EXACT_PARCEL,117101120001640000,"서울 송파구 오금동 164"
cx_cb08e76c3240dfbc,"미성",영등포구,NO_MATCH,EXACT_PARCEL,115601100000370000,"서울 영등포구 여의도동 37"
cx_cb0c0bc9958f2d47,"한마을",구로구,NO_MATCH,EXACT_PARCEL,115301070004760000,"서울 구로구 개봉동 476"
cx_cb1351113bf09516,"대양코리아나타워",송파구,NO_MATCH,EXACT_JIBUN_ADDRESS,117101110001820002,"서울 송파구 방이동 182-2"
cx_cb153ba117abb117,"역삼래미안",강남구,NO_MATCH,EXACT_PARCEL,116801010007570000,"서울 강남구 역삼동 757"
cx_cb1e053178190607,"신도1차아파트",노원구,NO_MATCH,EXACT_PARCEL,113501030007480000,"서울 노원구 공릉동 748"
cx_cb230fd48e895601,"현대휴앤미",중랑구,NO_MATCH,MULTI_RECORD_SAME_PARCEL,112601030000110000,"서울 중랑구 중화동 11"
cx_cb3010e39989454f,"upperhouse2",서초구,NO_MATCH,EXACT_JIBUN_ADDRESS,116501010000120005,"서울 서초구 방배동 12-5"
cx_cb3c35bd9aeb930f,"대성유니드1차",양천구,NO_MATCH,EXACT_JIBUN_ADDRESS,114701010011980023,"서울 양천구 신정동 1198-23"
cx_cb579ea5158e5fdc,"금호베스트빌1",용산구,NO_MATCH,EXACT_PARCEL,111701330002960000,"서울 용산구 서빙고동 296"
cx_cb6c10f32bafc72e,"아일랜드캐슬",용산구,NO_MATCH,EXACT_JIBUN_ADDRESS,111701310006840085,"서울 용산구 한남동 684-85"
cx_cb7e45292944740b,"서강예가",마포구,NO_MATCH,EXACT_PARCEL,114401140004440000,"서울 마포구 창전동 444"
cx_cb800e75d6dc50c5,"중앙아트",동작구,NO_MATCH,EXACT_JIBUN_ADDRESS,115901070004280003,"서울 동작구 사당동 428-3"
cx_cb87a85183cde806,"집앤사비키아파트",강동구,NO_MATCH,EXACT_JIBUN_ADDRESS,117401080005450008,"서울 강동구 성내동 545-8"
cx_cb9a0e7affd5825e,"현대아이파크",강서구,NO_MATCH,EXACT_JIBUN_ADDRESS,115001010002820019,"서울 강서구 염창동 282-19"
cx_cba3d2e13803192b,"서초자이르네",서초구,NO_MATCH,EXACT_PARCEL,116501080017580000,"서울 서초구 서초동 1758"
cx_cba9faab5b62cd74,"늘푸른동아",중랑구,NO_MATCH,EXACT_PARCEL,112601010007150000,"서울 중랑구 면목동 715"
cx_cbb28d55b7783cf5,"더-위일이노펠리체",은평구,NO_MATCH,EXACT_JIBUN_ADDRESS,113801080000850001,"서울 은평구 역촌동 85-1"
cx_cbd49e4578a52a8b,"주성아트빌",송파구,NO_MATCH,EXACT_JIBUN_ADDRESS,117101080000610011,"서울 송파구 문정동 61-11"
cx_cbd96f6f4ab308f8,"북한산아이파크5차",도봉구,NO_MATCH,EXACT_PARCEL,113201070008250000,"서울 도봉구 창동 825"
cx_cbe517ab20ca507b,"상지리츠빌6차",서초구,NO_MATCH,EXACT_JIBUN_ADDRESS,116501010008430010,"서울 서초구 방배동 843-10"
cx_cbe77eccc0742447,"현대웰하임(101동)",강동구,NO_MATCH,EXACT_JIBUN_ADDRESS,117401050003430001,"서울 강동구 길동 343-1"
cx_cbe86e740efa5eee,"개포자이르네",강남구,NO_MATCH,EXACT_PARCEL,116801030012830000,"서울 강남구 개포동 1283"
cx_cbfcaebab48a62a4,"엘림퍼스트중곡동",광진구,NO_MATCH,EXACT_JIBUN_ADDRESS,112151010001900029,"서울 광진구 중곡동 190-29"
cx_cbfda3f80160e327,"월드메르디앙102동",강남구,NO_MATCH,EXACT_JIBUN_ADDRESS,116801180002000005,"서울 강남구 도곡동 200-5"
cx_cc0a98a6be5042b1,"연지프로빌",양천구,NO_MATCH,EXACT_JIBUN_ADDRESS,114701020004050300,"서울 양천구 목동 405-300"
cx_cc0d69ddfb9797ca,"(751-5)",구로구,NO_MATCH,EXACT_JIBUN_ADDRESS,115301020007510005,"서울 구로구 구로동 751-5"
cx_cc0e917917517755,"한림리첸빌101동",강서구,NO_MATCH,EXACT_PARCEL,115001050011680000,"서울 강서구 마곡동 1168"
cx_cc3814dc9190353d,"서초대림빌라트",서초구,NO_MATCH,EXACT_JIBUN_ADDRESS,116501080015180006,"서울 서초구 서초동 1518-6"
cx_cc492d7a5a1ee84f,"장안푸르미에",동대문구,NO_MATCH,EXACT_JIBUN_ADDRESS,112301060004660005,"서울 동대문구 장안동 466-5"
cx_cc68bee1d8a70b25,"삼성웰피아",강남구,NO_MATCH,EXACT_JIBUN_ADDRESS,116801050001300002,"서울 강남구 삼성동 130-2"
cx_cc7bb48adc8e85e4,"골드스타",은평구,NO_MATCH,EXACT_JIBUN_ADDRESS,113801040004560019,"서울 은평구 갈현동 456-19"
cx_cc7d917632d357a3,"관악",관악구,NO_MATCH,MULTI_RECORD_SAME_PARCEL,116201020002440000,"서울 관악구 신림동 244"
cx_cc8aec5135968680,"북한산삼부르네상스101동",서대문구,NO_MATCH,EXACT_JIBUN_ADDRESS,114101180000080205,"서울 서대문구 홍은동 8-205"
cx_cc8b58057c991f28,"풍림아이원4차(1007-2)",강남구,NO_MATCH,EXACT_JIBUN_ADDRESS,116801060010070002,"서울 강남구 대치동 1007-2"
cx_cc94113c9ac2697e,"종로유케이201",종로구,NO_MATCH,EXACT_JIBUN_ADDRESS,111101750002010011,"서울 종로구 숭인동 201-11"
cx_ccac9f21c12f3f7b,"방화메이빌",강서구,NO_MATCH,EXACT_PARCEL,115001090009020000,"서울 강서구 방화동 902"
cx_ccb516750249de14,"이스턴오피스텔",강남구,NO_MATCH,EXACT_JIBUN_ADDRESS,116801010007350015,"서울 강남구 역삼동 735-15"
cx_ccba5f045c650618,"우민b",서대문구,NO_MATCH,EXACT_JIBUN_ADDRESS,114101100000010049,"서울 서대문구 북아현동 1-49"
cx_cce82ca1efe15e3c,"라인",서초구,NO_MATCH,MULTI_RECORD_SAME_PARCEL,116501070000700000,"서울 서초구 반포동 70"
cx_ccef087ff2654114,"청솔아파트(b동)",동대문구,NO_MATCH,EXACT_JIBUN_ADDRESS,112301060003720016,"서울 동대문구 장안동 372-16"
cx_ccfc98d82cd1a165,"삼정그린코아",강서구,NO_MATCH,MULTI_RECORD_SAME_PARCEL,115001010002820000,"서울 강서구 염창동 282"
cx_ccffd961e06eb3cf,"두산베어스타워",동대문구,NO_MATCH,EXACT_JIBUN_ADDRESS,112301020001380041,"서울 동대문구 용두동 138-41"
cx_cd07c32f65fa1628,"새롬트윈스아파트(b동)",강동구,NO_MATCH,EXACT_JIBUN_ADDRESS,117401090000390006,"서울 강동구 천호동 39-6"
cx_cd086452b820a53d,"새마을",마포구,NO_MATCH,EXACT_JIBUN_ADDRESS,114401240002440015,"서울 마포구 연남동 244-15"
cx_cd0a29b45b1c8c3f,"e편한세상",도봉구,NO_MATCH,EXACT_PARCEL,113201050007310000,"서울 도봉구 쌍문동 731"
cx_cd0a5fc8ec24eac6,"dmc서부인터빌",서대문구,NO_MATCH,EXACT_PARCEL,114101190004670000,"서울 서대문구 북가좌동 467"
cx_cd1006eaf6e1a5d5,"프라임펠리스",용산구,NO_MATCH,EXACT_JIBUN_ADDRESS,111701220000240008,"서울 용산구 문배동 24-8"
cx_cd1ba80bad8026fb,"타워빌",강서구,NO_MATCH,EXACT_JIBUN_ADDRESS,115001030010090008,"서울 강서구 화곡동 1009-8"
cx_cd1cb6311ee9a94d,"방배2차e-편한세상",서초구,NO_MATCH,EXACT_JIBUN_ADDRESS,116501010008810026,"서울 서초구 방배동 881-26"
cx_cd27c4f0c84653f9,"보라매자이더포레스트",동작구,NO_MATCH,EXACT_PARCEL,115901090007240000,"서울 동작구 신대방동 724"
cx_cd287f903d576df9,"풍림아이원3차(1007-1)",강남구,NO_MATCH,EXACT_JIBUN_ADDRESS,116801060010070001,"서울 강남구 대치동 1007-1"
cx_cd348d91dd2e1dc4,"골든빌6차",마포구,NO_MATCH,EXACT_JIBUN_ADDRESS,114401250000650002,"서울 마포구 성산동 65-2"
cx_cd34a973a189d812,"창동주공2단지",도봉구,NO_MATCH,EXACT_PARCEL,113201070003160000,"서울 도봉구 창동 316"
cx_cd35ae5a73b6ad26,"위례중앙푸르지오2단지",송파구,NO_MATCH,EXACT_PARCEL,117101090008960000,"서울 송파구 장지동 896"
cx_cd3c77fc200ee1bc,"세원",중랑구,NO_MATCH,EXACT_PARCEL,112601040003770000,"서울 중랑구 묵동 377"
cx_cd47a863c23cc650,"천신하이츠",구로구,NO_MATCH,EXACT_JIBUN_ADDRESS,115301070003330003,"서울 구로구 개봉동 333-3"
cx_cd4d9ccddb6e4f97,"청우아트빌라",구로구,NO_MATCH,EXACT_JIBUN_ADDRESS,115301020007400005,"서울 구로구 구로동 740-5"
cx_cd51c5377b402603,"대원",영등포구,NO_MATCH,EXACT_JIBUN_ADDRESS,115601240000470001,"서울 영등포구 문래동6가 47-1"
cx_cd52c4abd075fb36,"우성그린",동대문구,NO_MATCH,EXACT_JIBUN_ADDRESS,112301050009890001,"서울 동대문구 답십리동 989-1"
cx_cd586d78e1021f72,"삼혜아트빌",양천구,NO_MATCH,EXACT_JIBUN_ADDRESS,114701030010070004,"서울 양천구 신월동 1007-4"
cx_cd5b9c324463cf96,"힐탑이루미",양천구,NO_MATCH,EXACT_PARCEL,114701010013050000,"서울 양천구 신정동 1305"
cx_cd605af6e0bda88f,"파인빌리지",서초구,NO_MATCH,EXACT_JIBUN_ADDRESS,116501010008430001,"서울 서초구 방배동 843-1"
cx_cd64b1069497122f,"한진타운",성동구,NO_MATCH,EXACT_PARCEL,112001140007040000,"서울 성동구 성수동1가 704"
cx_cd733ceed0cb30cc,"솔루체",마포구,NO_MATCH,EXACT_JIBUN_ADDRESS,114401230004390001,"서울 마포구 망원동 439-1"
cx_cd7c6f28e87e8bff,"한사랑2삼성",강서구,NO_MATCH,EXACT_JIBUN_ADDRESS,115001020006340002,"서울 강서구 등촌동 634-2"
cx_cd89c9aff1eabc82,"이수교신동아아파트",동작구,NO_MATCH,EXACT_PARCEL,115901060003290000,"서울 동작구 동작동 329"
cx_cd8c6cb2676a45c9,"문수해오름",노원구,NO_MATCH,EXACT_PARCEL,113501050013030000,"서울 노원구 상계동 1303"
cx_cd8d8148b7594268,"대동1",송파구,NO_MATCH,EXACT_PARCEL,117101030001720000,"서울 송파구 풍납동 172"
cx_cd8e173eb17ce525,"펠리체",서초구,NO_MATCH,EXACT_JIBUN_ADDRESS,116501070006120033,"서울 서초구 반포동 612-33"
cx_cd9088c0bcd432c8,"대일아이안(9-25)",은평구,NO_MATCH,EXACT_JIBUN_ADDRESS,113801060000090025,"서울 은평구 대조동 9-25"
cx_cd98ac571848ca23,"우성(353-27)",강서구,NO_MATCH,EXACT_JIBUN_ADDRESS,115001030003530027,"서울 강서구 화곡동 353-27"
cx_cda0521b1bbae44f,"대한",중랑구,NO_MATCH,EXACT_JIBUN_ADDRESS,112601010006360005,"서울 중랑구 면목동 636-5"
cx_cda1e7fb638a9e4f,"경남",강남구,NO_MATCH,EXACT_PARCEL,116801180009670000,"서울 강남구 도곡동 967"
cx_cda364b12155a28a,"전농sk",동대문구,NO_MATCH,EXACT_PARCEL,112301040000100000,"서울 동대문구 전농동 10"
cx_cda3b4fbbb2a73b9,"삼성동씨엘케이",강남구,NO_MATCH,EXACT_JIBUN_ADDRESS,116801050000030002,"서울 강남구 삼성동 3-2"
cx_cda56a58f5d01e8f,"광진하우스토리한강",광진구,NO_MATCH,EXACT_PARCEL,112151050008130000,"서울 광진구 자양동 813"
cx_cdb63a02680dd027,"타운빌라트",강동구,NO_MATCH,EXACT_JIBUN_ADDRESS,117401080004470005,"서울 강동구 성내동 447-5"
cx_cdbc541b5735a95b,"삼보글로벌101동",광진구,NO_MATCH,EXACT_JIBUN_ADDRESS,112151010006470001,"서울 광진구 중곡동 647-1"
cx_cdce80e03f55958d,"주공19단지(창동리버타운)",도봉구,NO_MATCH,EXACT_PARCEL,113201070000270000,"서울 도봉구 창동 27"
cx_cdd0b38d26f8887f,"푸른마을2",양천구,NO_MATCH,EXACT_PARCEL,114701010012810000,"서울 양천구 신정동 1281"
cx_cdd6cec1ad44a52f,"백조",금천구,NO_MATCH,EXACT_JIBUN_ADDRESS,115451030008180014,"서울 금천구 시흥동 818-14"
cx_cdd6e8f37bd767b8,"(799-11)",구로구,NO_MATCH,EXACT_JIBUN_ADDRESS,115301020007990011,"서울 구로구 구로동 799-11"
cx_cddd0954dcffa330,"경방필하우스",강동구,NO_MATCH,EXACT_JIBUN_ADDRESS,117401060005180006,"서울 강동구 둔촌동 518-6"
cx_cddd1521a909fc3a,"삼성맨션",은평구,NO_MATCH,EXACT_JIBUN_ADDRESS,113801070001200050,"서울 은평구 응암동 120-50"
cx_cddd619c66df8d4e,"청우아트빌라3차",구로구,NO_MATCH,EXACT_JIBUN_ADDRESS,115301020007400009,"서울 구로구 구로동 740-9"
cx_cddf5a145e9b935b,"논현빌라트",강남구,NO_MATCH,EXACT_JIBUN_ADDRESS,116801080001020009,"서울 강남구 논현동 102-9"
cx_cde52e32ef3c60b5,"(749-49)",구로구,NO_MATCH,EXACT_JIBUN_ADDRESS,115301020007490049,"서울 구로구 구로동 749-49"
cx_cdef00d3e36b34bb,"내츄럴아파트3차",강서구,NO_MATCH,EXACT_JIBUN_ADDRESS,115001060006880021,"서울 강서구 내발산동 688-21"
cx_cdf5e8c0b6244b52,"동신대아",강서구,NO_MATCH,EXACT_PARCEL,115001040014590000,"서울 강서구 가양동 1459"
cx_cdf6090353c4d703,"대동황토빌라트",노원구,NO_MATCH,EXACT_JIBUN_ADDRESS,113501050010210012,"서울 노원구 상계동 1021-12"
cx_cdf7e7972972a6a8,"방배트리플",서초구,NO_MATCH,EXACT_JIBUN_ADDRESS,116501010008160003,"서울 서초구 방배동 816-3"
cx_cdf91bb465ad424c,"신동아",송파구,NO_MATCH,MULTI_RECORD_SAME_PARCEL,117101140000200000,"서울 송파구 마천동 20"
cx_ce04913543ba1555,"우성",강남구,NO_MATCH,EXACT_JIBUN_ADDRESS,116801080001800006,"서울 강남구 논현동 180-6"
cx_ce0667caf440575b,"공감대(380-1)",동대문구,NO_MATCH,EXACT_JIBUN_ADDRESS,112301060003800001,"서울 동대문구 장안동 380-1"
cx_ce069eb3c7fa18bb,"보성주상복합",양천구,NO_MATCH,EXACT_JIBUN_ADDRESS,114701010009920001,"서울 양천구 신정동 992-1"
cx_ce1296da996982f7,"대림",서초구,NO_MATCH,EXACT_PARCEL,116501030000570000,"서울 서초구 우면동 57"
cx_ce178812217e51c1,"위너스이즈",관악구,NO_MATCH,EXACT_JIBUN_ADDRESS,116201010016080028,"서울 관악구 봉천동 1608-28"
cx_ce1e5cab96a76f44,"강남데시앙파크",강남구,NO_MATCH,EXACT_PARCEL,116801110005250000,"서울 강남구 세곡동 525"
cx_ce2aac7318b8407d,"신아",송파구,NO_MATCH,EXACT_JIBUN_ADDRESS,117101030002710003,"서울 송파구 풍납동 271-3"
cx_ce3aa7c302cfb95b,"영화",구로구,NO_MATCH,EXACT_PARCEL,115301070004750000,"서울 구로구 개봉동 475"
cx_ce3cfbd35fa094ee,"양재테크노2차",서초구,NO_MATCH,EXACT_JIBUN_ADDRESS,116501020000060013,"서울 서초구 양재동 6-13"
cx_ce4656fbed08a895,"한성아파트",동작구,NO_MATCH,EXACT_JIBUN_ADDRESS,115901090004700008,"서울 동작구 신대방동 470-8"
cx_ce4d8edfa62ed379,"혜화훼미리",종로구,NO_MATCH,EXACT_JIBUN_ADDRESS,111101690000200012,"서울 종로구 혜화동 20-12"
cx_ce5133c5d3338ff1,"원다벨라빌",강서구,NO_MATCH,EXACT_JIBUN_ADDRESS,115001060006720015,"서울 강서구 내발산동 672-15"
cx_ce5228428094a8d5,"대길b",구로구,NO_MATCH,EXACT_JIBUN_ADDRESS,115301020007990005,"서울 구로구 구로동 799-5"
cx_ce53e2ff9410499a,"공릉동한보에센시티아파트",노원구,NO_MATCH,EXACT_PARCEL,113501030007430000,"서울 노원구 공릉동 743"
cx_ce5d62f7ba87b7be,"삼라마이다스빌2",용산구,NO_MATCH,EXACT_JIBUN_ADDRESS,111701220000400019,"서울 용산구 문배동 40-19"
cx_ce6ced2a373cc1d7,"상림마을8단지롯데캐슬(821~830동)bl1-12",은평구,NO_MATCH,EXACT_PARCEL,113801140000200000,"서울 은평구 진관동 20"
cx_ce6e49911c300288,"(46-220)",강서구,NO_MATCH,EXACT_JIBUN_ADDRESS,115001030000460220,"서울 강서구 화곡동 46-220"
cx_ce7078016a2a5e2b,"롯데캐슬스파",서초구,NO_MATCH,EXACT_JIBUN_ADDRESS,116501080016470001,"서울 서초구 서초동 1647-1"
cx_ce79f5a531eabe76,"이지마루충무로",중구,NO_MATCH,EXACT_JIBUN_ADDRESS,111401330000360019,"서울 중구 충무로5가 36-19"
cx_ce7b4179e7349141,"삼선동",성북구,NO_MATCH,EXACT_PARCEL,112901150000680000,"서울 성북구 삼선동5가 68"
cx_ce81ecf7701fd9ab,"염창하이츠빌딩",강서구,NO_MATCH,EXACT_JIBUN_ADDRESS,115001010002480007,"서울 강서구 염창동 248-7"
cx_ce8d69980cd17de5,"새진4차",관악구,NO_MATCH,EXACT_JIBUN_ADDRESS,116201010001800374,"서울 관악구 봉천동 180-374"
cx_ce8d8a33df757d23,"대우멤버스카운티ⅱ",강남구,NO_MATCH,EXACT_JIBUN_ADDRESS,116801040000590002,"서울 강남구 청담동 59-2"
cx_ceadf8b4e9d88cb1,"유림그랑블",서대문구,NO_MATCH,EXACT_JIBUN_ADDRESS,114101180004350010,"서울 서대문구 홍은동 435-10"
cx_ceb671833bc76c2e,"삼우장미",서대문구,NO_MATCH,EXACT_JIBUN_ADDRESS,114101170001060002,"서울 서대문구 연희동 106-2"
cx_cebb3178e1fbca8c,"오장동오팰리오",중구,NO_MATCH,EXACT_JIBUN_ADDRESS,111401540001390007,"서울 중구 오장동 139-7"
cx_cebe8185f804b7e8,"강변상지리츠빌",강남구,NO_MATCH,EXACT_JIBUN_ADDRESS,116801040001060017,"서울 강남구 청담동 106-17"
cx_ced31bd3fb38ea7b,"우성(343-75)",강서구,NO_MATCH,EXACT_JIBUN_ADDRESS,115001030003430075,"서울 강서구 화곡동 343-75"
cx_ced8b40bc6d2d6d8,"기용",도봉구,NO_MATCH,EXACT_PARCEL,113201050001530000,"서울 도봉구 쌍문동 153"
cx_ceeac3f2a09249c1,"태천해오름(412-1)",강동구,NO_MATCH,EXACT_JIBUN_ADDRESS,117401080004120001,"서울 강동구 성내동 412-1"
cx_cef285d03fec1f16,"서초포레스타3단지",서초구,NO_MATCH,EXACT_PARCEL,116501110005680000,"서울 서초구 신원동 568"
cx_cefb2cbd0b369869,"덕수펠리체(45)",양천구,NO_MATCH,EXACT_JIBUN_ADDRESS,114701030000450003,"서울 양천구 신월동 45-3"
cx_cefe8797e826341f,"쌍용플래티넘s",영등포구,NO_MATCH,EXACT_PARCEL,115601330007170000,"서울 영등포구 대림동 717"
cx_cf169e7c17edaeaa,"네스코뮤즈빌(a)",서초구,NO_MATCH,EXACT_JIBUN_ADDRESS,116501010009710008,"서울 서초구 방배동 971-8"
cx_cf1d68fda7ee5b2f,"대명이룸아파트(565-0)",동대문구,NO_MATCH,EXACT_PARCEL,112301060005650000,"서울 동대문구 장안동 565"
cx_cf2644c1acb99da5,"송파파인타운1단지",송파구,NO_MATCH,EXACT_PARCEL,117101090008330000,"서울 송파구 장지동 833"
cx_cf28310734817e97,"한신apt",도봉구,NO_MATCH,MULTI_RECORD_SAME_PARCEL,113201070004510000,"서울 도봉구 창동 451"
cx_cf2842ef9b0ffab8,"낙원빌라",구로구,NO_MATCH,EXACT_JIBUN_ADDRESS,115301020007910022,"서울 구로구 구로동 791-22"
cx_cf2be09c915f0db8,"뉴타운1동(a동)",관악구,NO_MATCH,EXACT_JIBUN_ADDRESS,116201030006020329,"서울 관악구 남현동 602-329"
cx_cf2d27354e4344cf,"칸리버팰리스",영등포구,NO_MATCH,EXACT_JIBUN_ADDRESS,115601170001210140,"서울 영등포구 당산동 121-140"
cx_cf42848ddfe2adfc,"두진아이브(305-22)",은평구,NO_MATCH,NO_MATCH,113801030003050022,"서울 은평구 불광동 305-22"
cx_cf4cc52b41592e26,"서초태동스위트",서초구,NO_MATCH,EXACT_JIBUN_ADDRESS,116501080016680001,"서울 서초구 서초동 1668-1"
cx_cf5d58fc08332161,"형제",강서구,NO_MATCH,EXACT_JIBUN_ADDRESS,115001090006150103,"서울 강서구 방화동 615-103"
cx_cf70de7b03ed8f3a,"프리우스역삼101동",강남구,NO_MATCH,EXACT_JIBUN_ADDRESS,116801010006360033,"서울 강남구 역삼동 636-33"
cx_cf721a8906f63074,"태원팰리스5차(432-1132)",중구,NO_MATCH,EXACT_JIBUN_ADDRESS,111401620004321132,"서울 중구 신당동 432-1132"
cx_cf8a2e3bcac9e79d,"베네캐슬",강동구,NO_MATCH,EXACT_JIBUN_ADDRESS,117401090003150003,"서울 강동구 천호동 315-3"
cx_cf8af8a3cf43a077,"경희궁자이(3단지)",종로구,NO_MATCH,EXACT_PARCEL,111101770002330000,"서울 종로구 평동 233"
cx_cf94044782d368de,"오류동역솔리스타",구로구,NO_MATCH,EXACT_JIBUN_ADDRESS,115301080000750002,"서울 구로구 오류동 75-2"
cx_cf94d9c39826e444,"브라이튼n40",강남구,NO_MATCH,EXACT_PARCEL,116801080000400000,"서울 강남구 논현동 40"
cx_cf9505853959f809,"형인허브빌아파트",강동구,NO_MATCH,EXACT_PARCEL,117401050001000000,"서울 강동구 길동 100"
cx_cf958790af5e8d4e,"인왕드림빌",서대문구,NO_MATCH,EXACT_JIBUN_ADDRESS,114101110000820081,"서울 서대문구 홍제동 82-81"
cx_cf97c577f9b9a281,"삼인",동작구,NO_MATCH,EXACT_JIBUN_ADDRESS,115901080003850011,"서울 동작구 대방동 385-11"
cx_cfa5101c0626e5e2,"신원1차(24-124)",강서구,NO_MATCH,EXACT_JIBUN_ADDRESS,115001030000240124,"서울 강서구 화곡동 24-124"
cx_cfa54d6f8d087408,"(751-32)",구로구,NO_MATCH,EXACT_JIBUN_ADDRESS,115301020007510032,"서울 구로구 구로동 751-32"
cx_cfa92adde0829ad6,"마곡엠밸리11단지",강서구,NO_MATCH,MULTI_RECORD_SAME_PARCEL,115001050007460000,"서울 강서구 마곡동 746"
cx_cfaddc2a81d8fd89,"효창아트빌2차",용산구,NO_MATCH,EXACT_JIBUN_ADDRESS,111701190000050158,"서울 용산구 효창동 5-158"
cx_cfb9c03ec5a77d6b,"새신아",강서구,NO_MATCH,EXACT_JIBUN_ADDRESS,115001060006730006,"서울 강서구 내발산동 673-6"
cx_cfba77e0231b8bf9,"북아현경남",서대문구,NO_MATCH,EXACT_PARCEL,114101100010060000,"서울 서대문구 북아현동 1006"
cx_cfbc704bd749a83d,"비엥에뜨르",서초구,NO_MATCH,EXACT_JIBUN_ADDRESS,116501070000860005,"서울 서초구 반포동 86-5"
cx_cfbd8017bc31e9a9,"수산트리플",도봉구,NO_MATCH,EXACT_PARCEL,113201070008170000,"서울 도봉구 창동 817"
cx_cfbf6704e0c97911,"포인트아파트비동",중랑구,NO_MATCH,EXACT_JIBUN_ADDRESS,112601010001420008,"서울 중랑구 면목동 142-8"
cx_cfc522fd09ad0834,"등촌라인(조합)",강서구,NO_MATCH,EXACT_JIBUN_ADDRESS,115001020006280015,"서울 강서구 등촌동 628-15"
cx_cfd0fc469ff9520d,"대우멤버스카운티(101동)",강남구,NO_MATCH,EXACT_JIBUN_ADDRESS,116801050000980018,"서울 강남구 삼성동 98-18"
cx_cfd26e99dee445ce,"북한산월드메르디앙",도봉구,NO_MATCH,EXACT_PARCEL,113201050007280000,"서울 도봉구 쌍문동 728"
cx_cfda5de825699676,"쌍용더플래티넘용마산",중랑구,NO_MATCH,EXACT_PARCEL,112601010015480000,"서울 중랑구 면목동 1548"
cx_cfdeb9a48bf1564b,"아르젠종로",종로구,NO_MATCH,EXACT_JIBUN_ADDRESS,111101600001630003,"서울 종로구 연지동 163-3"
cx_cfe7c3c74e22c171,"더-클라스",서초구,NO_MATCH,EXACT_JIBUN_ADDRESS,116501020004020006,"서울 서초구 양재동 402-6"
cx_cfed393f88db6706,"마곡승윤노블리안아파트",강서구,NO_MATCH,EXACT_PARCEL,115001050013600000,"서울 강서구 마곡동 1360"
cx_cff8bbad0731735d,"문국",강서구,NO_MATCH,EXACT_JIBUN_ADDRESS,115001060007080001,"서울 강서구 내발산동 708-1"
cx_cffbbf9f619c2857,"트윈팰리스(102동)",송파구,NO_MATCH,EXACT_JIBUN_ADDRESS,117101080001120019,"서울 송파구 문정동 112-19"
cx_d0021524bdd0c18a,"효창그린아파트",마포구,NO_MATCH,EXACT_JIBUN_ADDRESS,114401020000110168,"서울 마포구 공덕동 11-168"
cx_d0051e2670a995cb,"골드넷멤버스빌리지",서초구,NO_MATCH,EXACT_JIBUN_ADDRESS,116501070000780011,"서울 서초구 반포동 78-11"
cx_d005dd53c5398f85,"리치힐(1052-5)",금천구,NO_MATCH,EXACT_JIBUN_ADDRESS,115451020010520005,"서울 금천구 독산동 1052-5"
cx_d00ae5c85f7b8f6c,"진주하이츠(10-89)",은평구,NO_MATCH,EXACT_JIBUN_ADDRESS,113801080000100089,"서울 은평구 역촌동 10-89"
cx_d0141156bd2fa70f,"거성리젠시2차",은평구,NO_MATCH,EXACT_JIBUN_ADDRESS,113801080000440006,"서울 은평구 역촌동 44-6"
cx_d01a826118cb08dc,"개포주공4단지",강남구,NO_MATCH,NO_MATCH,116801030001890000,"서울 강남구 개포동 189"
cx_d01b163f613b8b74,"송암",노원구,NO_MATCH,EXACT_JIBUN_ADDRESS,113501020004960002,"서울 노원구 월계동 496-2"
cx_d01beae410f8927c,"삼성",중구,NO_MATCH,EXACT_PARCEL,111401620008430000,"서울 중구 신당동 843"
cx_d01ef6545855f7e5,"루체비스타",구로구,NO_MATCH,EXACT_JIBUN_ADDRESS,115301080000060063,"서울 구로구 오류동 6-63"
cx_d020be9102f4c0d2,"거성푸르뫼",구로구,NO_MATCH,EXACT_JIBUN_ADDRESS,115301070000600101,"서울 구로구 개봉동 60-101"
cx_d02afcc13596e2f6,"(807-30)",구로구,NO_MATCH,EXACT_JIBUN_ADDRESS,115301020008070030,"서울 구로구 구로동 807-30"
cx_d0372ed59a7118a9,"강동이루미아파트",강동구,NO_MATCH,MULTI_RECORD_SAME_PARCEL,117401090000460000,"서울 강동구 천호동 46"
cx_d03d2237890fa984,"목동신시가지13",양천구,NO_MATCH,EXACT_PARCEL,114701010003270000,"서울 양천구 신정동 327"
cx_d045368106813bdc,"방배동갤러리하우스3",서초구,NO_MATCH,EXACT_JIBUN_ADDRESS,116501010000010007,"서울 서초구 방배동 1-7"
cx_d045cd4740a98602,"동부센트레빌",송파구,NO_MATCH,MULTI_RECORD_SAME_PARCEL,117101070000950000,"서울 송파구 가락동 95"
cx_d04f8ec91fbcb007,"푸르빌3차",관악구,NO_MATCH,EXACT_JIBUN_ADDRESS,116201010016080023,"서울 관악구 봉천동 1608-23"
cx_d05701b48a017c52,"명산그린빌",양천구,NO_MATCH,EXACT_JIBUN_ADDRESS,114701030005470001,"서울 양천구 신월동 547-1"
cx_d0588f4fae7384d1,"상계주공16(고층)",노원구,NO_MATCH,MULTI_RECORD_SAME_PARCEL,113501050006240000,"서울 노원구 상계동 624"
cx_d05a88bed0c62c21,"대림e-편한세상1",서초구,NO_MATCH,EXACT_JIBUN_ADDRESS,116501010008840021,"서울 서초구 방배동 884-21"
cx_d0604e1891f782cc,"현대코럴",강동구,NO_MATCH,EXACT_JIBUN_ADDRESS,117401080004680006,"서울 강동구 성내동 468-6"
cx_d06a97e191c0588a,"동궁리치웰(102동)",송파구,NO_MATCH,MULTI_RECORD_SAME_PARCEL,117101070001960000,"서울 송파구 가락동 196"
cx_d073835eeb8ed0d5,"계명가동",강서구,NO_MATCH,EXACT_JIBUN_ADDRESS,115001030000560028,"서울 강서구 화곡동 56-28"
cx_d081915fb2090111,"새서울맨션",서초구,NO_MATCH,EXACT_JIBUN_ADDRESS,116501060000190004,"서울 서초구 잠원동 19-4"
cx_d085090047a97db3,"신반포20",서초구,NO_MATCH,EXACT_JIBUN_ADDRESS,116501060000600078,"서울 서초구 잠원동 60-78"
cx_d08df0a344119374,"길명2차(455-4)",마포구,NO_MATCH,EXACT_JIBUN_ADDRESS,114401230004550004,"서울 마포구 망원동 455-4"
cx_d09692e6af6bb38c,"민족통일mj캠퍼스외대2차",동대문구,NO_MATCH,EXACT_JIBUN_ADDRESS,112301100003270004,"서울 동대문구 이문동 327-4"
cx_d0987ecfc8108342,"삼동5",양천구,NO_MATCH,EXACT_JIBUN_ADDRESS,114701030005590005,"서울 양천구 신월동 559-5"
cx_d09c301b47ac711f,"반석블레스포레",서대문구,NO_MATCH,EXACT_JIBUN_ADDRESS,114101060000980017,"서울 서대문구 천연동 98-17"
cx_d0a1e0f0e1ed81b1,"성원하이츠(c동)",도봉구,NO_MATCH,EXACT_PARCEL,113201050005670000,"서울 도봉구 쌍문동 567"
cx_d0a9daf758ae4f54,"래미안서초4차",서초구,NO_MATCH,EXACT_JIBUN_ADDRESS,116501080014730002,"서울 서초구 서초동 1473-2"
cx_d0b0ae3ce3bb3fd9,"리첸시아방배",서초구,NO_MATCH,EXACT_JIBUN_ADDRESS,116501010007550014,"서울 서초구 방배동 755-14"
cx_d0b81a38e1eb693f,"마이홈",양천구,NO_MATCH,EXACT_JIBUN_ADDRESS,114701010011940005,"서울 양천구 신정동 1194-5"
cx_d0badd21400b9399,"삼호4",노원구,NO_MATCH,EXACT_PARCEL,113501020000120000,"서울 노원구 월계동 12"
cx_d0d1071d67916909,"덕수궁롯데캐슬",중구,NO_MATCH,EXACT_PARCEL,111401680002170000,"서울 중구 순화동 217"
cx_d0e12c05a135100a,"이안애빌",강남구,NO_MATCH,MULTI_RECORD_SAME_PARCEL,116801050001300000,"서울 강남구 삼성동 130"
cx_d0e7b72cd9665950,"한양수자인",성북구,NO_MATCH,EXACT_JIBUN_ADDRESS,112901190002950001,"서울 성북구 동선동4가 295-1"
cx_d0f056c16c98ed17,"래미안대치하이스턴",강남구,NO_MATCH,EXACT_PARCEL,116801060009850000,"서울 강남구 대치동 985"
cx_d0f2a943a93dbc97,"에이치비골드빌(103동)",강동구,NO_MATCH,EXACT_JIBUN_ADDRESS,117401050003840005,"서울 강동구 길동 384-5"
cx_d10ceb95b6d311a1,"송학휴스테이",도봉구,NO_MATCH,MULTI_RECORD_SAME_PARCEL,113201060006360000,"서울 도봉구 방학동 636"
cx_d10dac7cc5044e31,"푸른숲",강서구,NO_MATCH,EXACT_JIBUN_ADDRESS,115001030004600001,"서울 강서구 화곡동 460-1"
cx_d1309029db71a66a,"우물골2단지두산위브(223~244동)bl2-7",은평구,NO_MATCH,EXACT_PARCEL,113801140000840000,"서울 은평구 진관동 84"
cx_d13c451f0c57cf7f,"그레이스(b동)",서대문구,NO_MATCH,EXACT_JIBUN_ADDRESS,114101110001310009,"서울 서대문구 홍제동 131-9"
cx_d144960472533c66,"현대리버빌1지구",송파구,NO_MATCH,EXACT_PARCEL,117101030002600000,"서울 송파구 풍납동 260"
cx_d146208cbb17b80a,"경동미주",동대문구,NO_MATCH,NO_MATCH,112301030008920068,"서울 동대문구 제기동 892-68"
cx_d1495dcad4d9178b,"롯데캐슬",강서구,NO_MATCH,EXACT_JIBUN_ADDRESS,115001010002720011,"서울 강서구 염창동 272-11"
cx_d15778913bbc4ee3,"로즈힐파크(a동)",송파구,NO_MATCH,EXACT_JIBUN_ADDRESS,117101070001110013,"서울 송파구 가락동 111-13"
cx_d15929ca8834e5c5,"월드메르디앙b",서초구,NO_MATCH,EXACT_JIBUN_ADDRESS,116501080016330001,"서울 서초구 서초동 1633-1"
cx_d163415d8625ffb0,"그린",관악구,NO_MATCH,EXACT_PARCEL,116201010017020000,"서울 관악구 봉천동 1702"
cx_d166382f31e76ed1,"호수임광",송파구,NO_MATCH,EXACT_PARCEL,117101040000330000,"서울 송파구 송파동 33"
cx_d1750063c9fe14a0,"타워팰리스1",강남구,NO_MATCH,MULTI_RECORD_SAME_PARCEL,116801180004670000,"서울 강남구 도곡동 467"
cx_d17556e6a91c526f,"코오롱하늘채",강서구,NO_MATCH,EXACT_PARCEL,115001020007140000,"서울 강서구 등촌동 714"
cx_d178c087d6ea7a36,"만민하늘愛",은평구,NO_MATCH,EXACT_JIBUN_ADDRESS,113801060000590048,"서울 은평구 대조동 59-48"
cx_d1794ce993096c73,"카사빌라",용산구,NO_MATCH,EXACT_JIBUN_ADDRESS,111701360000350005,"서울 용산구 보광동 35-5"
cx_d18d14c9c1560feb,"현대슈퍼빌",서초구,NO_MATCH,EXACT_JIBUN_ADDRESS,116501080014460011,"서울 서초구 서초동 1446-11"
cx_d18eff0e8af3e0ab,"힐데스하임천호아파트",강동구,NO_MATCH,EXACT_PARCEL,117401090005780000,"서울 강동구 천호동 578"
cx_d1971fa8e10d2efd,"(718-22)",구로구,NO_MATCH,EXACT_JIBUN_ADDRESS,115301020007180022,"서울 구로구 구로동 718-22"
cx_d1a0a525a14a4257,"신화아파트(200-4)",금천구,NO_MATCH,EXACT_JIBUN_ADDRESS,115451030002000004,"서울 금천구 시흥동 200-4"
cx_d1aed44a347cee13,"아델하우스",강남구,NO_MATCH,EXACT_JIBUN_ADDRESS,116801050000640005,"서울 강남구 삼성동 64-5"
cx_d1afa73e9a2b7aad,"트윈레이크팰리스빌",송파구,NO_MATCH,EXACT_JIBUN_ADDRESS,117101040000580015,"서울 송파구 송파동 58-15"
cx_d1b0c90cef060ec1,"재훈",양천구,NO_MATCH,EXACT_JIBUN_ADDRESS,114701010008840006,"서울 양천구 신정동 884-6"
cx_d1b1df0941f50445,"일성스카이빌",강서구,NO_MATCH,EXACT_JIBUN_ADDRESS,115001030009140003,"서울 강서구 화곡동 914-3"
cx_d1b7547047e029d1,"롯데캐슬골드",송파구,NO_MATCH,EXACT_JIBUN_ADDRESS,117101020000070018,"서울 송파구 신천동 7-18"
cx_d1b7cf842fe9a5da,"타워빌",양천구,NO_MATCH,EXACT_JIBUN_ADDRESS,114701030004330001,"서울 양천구 신월동 433-1"
cx_d1be1722891d670b,"영진파크빌(437-26)",강동구,NO_MATCH,EXACT_JIBUN_ADDRESS,117401080004370026,"서울 강동구 성내동 437-26"
cx_d1c8d1d04400140c,"데시앙",중랑구,NO_MATCH,EXACT_PARCEL,112601060003170000,"서울 중랑구 신내동 317"
cx_d1ccf1521c7f4a20,"길음서희스타힐스",성북구,NO_MATCH,EXACT_PARCEL,112901360002290000,"서울 성북구 하월곡동 229"
cx_d1dbebf6fb1d85fa,"이안용산1차(101동)",용산구,NO_MATCH,EXACT_JIBUN_ADDRESS,111701220000110014,"서울 용산구 문배동 11-14"
cx_d1dc46be6fdc1b40,"신동아블루아광화문의꿈",종로구,NO_MATCH,EXACT_PARCEL,111101130002540000,"서울 종로구 필운동 254"
cx_d1e0de0d376f4be7,"라빌레뜨",서초구,NO_MATCH,EXACT_JIBUN_ADDRESS,116501010008050001,"서울 서초구 방배동 805-1"
cx_d1f8cb8f0330fa7b,"월드메르디앙",용산구,NO_MATCH,EXACT_JIBUN_ADDRESS,111701290003020053,"서울 용산구 이촌동 302-53"
cx_d200684a7c3ea7b8,"효창",용산구,NO_MATCH,NO_MATCH,111701190000030197,"서울 용산구 효창동 3-197"
cx_d202a6824b230483,"노블레스",서대문구,NO_MATCH,EXACT_PARCEL,114101160004160000,"서울 서대문구 창천동 416"
cx_d20cd0e9f55c6b18,"예지보금자리74차",양천구,NO_MATCH,EXACT_JIBUN_ADDRESS,114701030004800004,"서울 양천구 신월동 480-4"
cx_d2166b410c1083a8,"대보아파트(798-4)",광진구,NO_MATCH,EXACT_JIBUN_ADDRESS,112151050007980004,"서울 광진구 자양동 798-4"
cx_d219c141f410532f,"대운",양천구,NO_MATCH,EXACT_JIBUN_ADDRESS,114701030001090002,"서울 양천구 신월동 109-2"
cx_d24ab50dd7e7a9d0,"az0213",광진구,NO_MATCH,EXACT_JIBUN_ADDRESS,112151030002520009,"서울 광진구 구의동 252-9"
cx_d25c210e24b6c276,"(718-10)옥천빌라",구로구,NO_MATCH,EXACT_JIBUN_ADDRESS,115301020007180010,"서울 구로구 구로동 718-10"
cx_d25f125c5c3e82e4,"상림마을7단지아이파크(713~718동)bl1-11",은평구,NO_MATCH,EXACT_PARCEL,113801140000150000,"서울 은평구 진관동 15"
cx_d264f6fa2c3ff710,"거평빌라트",강남구,NO_MATCH,EXACT_JIBUN_ADDRESS,116801010007940028,"서울 강남구 역삼동 794-28"
cx_d26d42a159ea05a2,"삼익양재빌라",서초구,NO_MATCH,EXACT_PARCEL,116501020000910000,"서울 서초구 양재동 91"
cx_d28e2e5d6d391ac2,"은하",영등포구,NO_MATCH,EXACT_PARCEL,115601100000520000,"서울 영등포구 여의도동 52"
cx_d28f933e74e3de37,"삼환나띠르빌(1002-21)",서초구,NO_MATCH,EXACT_JIBUN_ADDRESS,116501010010020021,"서울 서초구 방배동 1002-21"
cx_d2922a126f98a952,"(752-15)",구로구,NO_MATCH,EXACT_JIBUN_ADDRESS,115301020007520015,"서울 구로구 구로동 752-15"
cx_d2941ce8b2df0837,"청담대우멤버스카운티9차",강남구,NO_MATCH,EXACT_JIBUN_ADDRESS,116801040001100007,"서울 강남구 청담동 110-7"
cx_d2a699776258835b,"프라임팰리스(1024-23)",강서구,NO_MATCH,EXACT_JIBUN_ADDRESS,115001030010240023,"서울 강서구 화곡동 1024-23"
cx_d2b15b743112c8dd,"청우씨티아파트",노원구,NO_MATCH,EXACT_JIBUN_ADDRESS,113501030005690020,"서울 노원구 공릉동 569-20"
cx_d2b484c7611e307e,"쌍용스윗닷홈1단지",송파구,NO_MATCH,MULTI_RECORD_SAME_PARCEL,117101120000290000,"서울 송파구 오금동 29"
cx_d2bb464b9471a09e,"화양타워",광진구,NO_MATCH,EXACT_JIBUN_ADDRESS,112151070001100037,"서울 광진구 화양동 110-37"
cx_d2d1c80702267c96,"파라디아",강동구,NO_MATCH,EXACT_PARCEL,117401080006050000,"서울 강동구 성내동 605"
cx_d2da316b6321d768,"돈암동풍림아파트101~105동",성북구,NO_MATCH,EXACT_PARCEL,112901030006320000,"서울 성북구 돈암동 632"
cx_d2e1f795975aae3f,"우성",성동구,NO_MATCH,EXACT_PARCEL,112001140007160000,"서울 성동구 성수동1가 716"
cx_d2e2226d02767684,"리버힐삼성",용산구,NO_MATCH,EXACT_PARCEL,111701150001930000,"서울 용산구 산천동 193"
cx_d2ebc6f1a1eadd71,"정릉힐스테이트1차",성북구,NO_MATCH,EXACT_PARCEL,112901330010300000,"서울 성북구 정릉동 1030"
cx_d2ecbfdfa3a1e866,"예향",마포구,NO_MATCH,EXACT_JIBUN_ADDRESS,114401230004180029,"서울 마포구 망원동 418-29"
cx_d2f066fb47e8c256,"현대1",도봉구,NO_MATCH,EXACT_PARCEL,113201050000540000,"서울 도봉구 쌍문동 54"
cx_d307e377be0872c1,"수산팰리스",양천구,NO_MATCH,EXACT_PARCEL,114701020005410000,"서울 양천구 목동 541"
cx_d3127813686cfe92,"다성이즈빌(121-32)",강동구,NO_MATCH,EXACT_JIBUN_ADDRESS,117401090001210032,"서울 강동구 천호동 121-32"
cx_d326dc225e714808,"명인갤러리",강남구,NO_MATCH,EXACT_JIBUN_ADDRESS,116801010007290037,"서울 강남구 역삼동 729-37"
cx_d32b4cdcd2612ee7,"강남브리즈힐(토지임대부아파트)",강남구,NO_MATCH,EXACT_PARCEL,116801120006180000,"서울 강남구 자곡동 618"
cx_d32f2cad6ab3548b,"성원상떼빌",송파구,NO_MATCH,EXACT_PARCEL,117101070000800000,"서울 송파구 가락동 80"
cx_d33bc7f59e38631b,"신월6차보람",양천구,NO_MATCH,EXACT_PARCEL,114701030001250000,"서울 양천구 신월동 125"
cx_d351e5701c66a54b,"참존2차(101동)",마포구,NO_MATCH,EXACT_JIBUN_ADDRESS,114401230004540001,"서울 마포구 망원동 454-1"
cx_d35929b5356287bb,"퍼시픽56차",서초구,NO_MATCH,EXACT_JIBUN_ADDRESS,116501010009290004,"서울 서초구 방배동 929-4"
cx_d35b3eb494cfb999,"해가든",동작구,NO_MATCH,EXACT_PARCEL,115901050003320000,"서울 동작구 흑석동 332"
cx_d35f4475fc200be4,"한빛골드빌1차",강동구,NO_MATCH,EXACT_JIBUN_ADDRESS,117401050003840001,"서울 강동구 길동 384-1"
cx_d3600a1e236be6dc,"이안용산프리미어",용산구,NO_MATCH,EXACT_JIBUN_ADDRESS,111701220000030003,"서울 용산구 문배동 3-3"
cx_d362b2b119d46d36,"누리빌",서초구,NO_MATCH,EXACT_JIBUN_ADDRESS,116501020003850011,"서울 서초구 양재동 385-11"
cx_d36f1bd68f271ee6,"은빛2단지",노원구,NO_MATCH,EXACT_PARCEL,113501050012560000,"서울 노원구 상계동 1256"
cx_d380309dac7873e5,"숭인모범102동",종로구,NO_MATCH,EXACT_JIBUN_ADDRESS,111101750005690005,"서울 종로구 숭인동 569-5"
cx_d385468e3149ac53,"클래식타워",동대문구,NO_MATCH,EXACT_JIBUN_ADDRESS,112301050004930005,"서울 동대문구 답십리동 493-5"
cx_d390bc1659219a1d,"한양",노원구,NO_MATCH,EXACT_PARCEL,113501050007570000,"서울 노원구 상계동 757"
cx_d391bbaafd69734f,"유원문래",영등포구,NO_MATCH,EXACT_JIBUN_ADDRESS,115601240000110001,"서울 영등포구 문래동6가 11-1"
cx_d396785121b781b9,"길동쎈스빌주상복합",강동구,NO_MATCH,EXACT_JIBUN_ADDRESS,117401050003520004,"서울 강동구 길동 352-4"
cx_d3a027f146e30412,"상지리츠빌카일룸3차",강남구,NO_MATCH,EXACT_JIBUN_ADDRESS,116801040001290016,"서울 강남구 청담동 129-16"
cx_d3bb94dca3b062ce,"씨티극동1",송파구,NO_MATCH,EXACT_PARCEL,117101030005090000,"서울 송파구 풍납동 509"
cx_d3bf7fbd4e04b29b,"보라매삼성쉐르빌",동작구,NO_MATCH,EXACT_JIBUN_ADDRESS,115901090003950066,"서울 동작구 신대방동 395-66"
cx_d3c107f6313c4867,"그랑씨엘2000",서초구,NO_MATCH,EXACT_JIBUN_ADDRESS,116501010008430003,"서울 서초구 방배동 843-3"
cx_d3c4385f0807bd18,"고은",서대문구,NO_MATCH,EXACT_JIBUN_ADDRESS,114101110001560200,"서울 서대문구 홍제동 156-200"
cx_d3c5770a315ffd24,"k.l.c",송파구,NO_MATCH,EXACT_JIBUN_ADDRESS,117101050002510016,"서울 송파구 석촌동 251-16"
cx_d3c73b528b1ef421,"청솔샤르망1003동",강서구,NO_MATCH,EXACT_PARCEL,115001060007350000,"서울 강서구 내발산동 735"
cx_d3ca029021aebd26,"현대아트빌",용산구,NO_MATCH,EXACT_JIBUN_ADDRESS,111701190000050011,"서울 용산구 효창동 5-11"
cx_d3ee325f301902ad,"옥수이테크빌",성동구,NO_MATCH,EXACT_PARCEL,112001130005580000,"서울 성동구 옥수동 558"
cx_d3f3e676e6db28de,"극동상록수",강서구,NO_MATCH,EXACT_PARCEL,115001010002800000,"서울 강서구 염창동 280"
cx_d3f58f014b2e4865,"하버라인2단지",구로구,NO_MATCH,EXACT_PARCEL,115301120002370000,"서울 구로구 항동 237"
cx_d3fb82dfd7c11547,"신동아파밀리에",양천구,NO_MATCH,EXACT_JIBUN_ADDRESS,114701020007720007,"서울 양천구 목동 772-7"
cx_d3fecc7f065c9a96,"한라",영등포구,NO_MATCH,EXACT_JIBUN_ADDRESS,115601180002310001,"서울 영등포구 도림동 231-1"
cx_d3feff3def2ce596,"통일101동(597-38)",강서구,NO_MATCH,EXACT_JIBUN_ADDRESS,115001090005970038,"서울 강서구 방화동 597-38"
cx_d401063133bbbb60,"엘림(986-13)",양천구,NO_MATCH,EXACT_JIBUN_ADDRESS,114701030009860013,"서울 양천구 신월동 986-13"
cx_d40b374572ccce9d,"롯데캐슬노블",강남구,NO_MATCH,EXACT_JIBUN_ADDRESS,116801010008350068,"서울 강남구 역삼동 835-68"
cx_d41386ed13966bfb,"보금자리",양천구,NO_MATCH,EXACT_JIBUN_ADDRESS,114701030010010005,"서울 양천구 신월동 1001-5"
cx_d4159eb93b688390,"현대상선",구로구,NO_MATCH,EXACT_JIBUN_ADDRESS,115301020006850147,"서울 구로구 구로동 685-147"
cx_d416e80d4fee90ec,"프레미어스엠코",중랑구,NO_MATCH,EXACT_PARCEL,112601020005000000,"서울 중랑구 상봉동 500"
cx_d41d7a072862a1e3,"신월2차보람쉬움",양천구,NO_MATCH,EXACT_PARCEL,114701030010390000,"서울 양천구 신월동 1039"
cx_d42067dbcddf0e1b,"동성3",중랑구,NO_MATCH,EXACT_PARCEL,112601060006180000,"서울 중랑구 신내동 618"
cx_d4260e5bdd9a17c4,"훼미리",서초구,NO_MATCH,EXACT_PARCEL,116501060000510000,"서울 서초구 잠원동 51"
cx_d43740370978e2ef,"동문(482-0)",종로구,NO_MATCH,EXACT_PARCEL,111101750004820000,"서울 종로구 숭인동 482"
cx_d443f12a3568f0a3,"청계푸르지오시티",동대문구,NO_MATCH,EXACT_JIBUN_ADDRESS,112301050004970023,"서울 동대문구 답십리동 497-23"
cx_d44c1904d0fb19f9,"신창빌라트",도봉구,NO_MATCH,EXACT_JIBUN_ADDRESS,113201070004710009,"서울 도봉구 창동 471-9"
cx_d452a80ac0611b6d,"성요셉",중구,NO_MATCH,MULTI_RECORD_SAME_PARCEL,111401710001490000,"서울 중구 중림동 149"
cx_d45d926391548288,"목화",영등포구,NO_MATCH,MULTI_RECORD_SAME_PARCEL,115601100000300000,"서울 영등포구 여의도동 30"
cx_d468c1a2cdc6e630,"금호베스트빌",서초구,NO_MATCH,EXACT_PARCEL,116501060000580000,"서울 서초구 잠원동 58"
cx_d46d6d9b95972b84,"대우아이빌",서초구,NO_MATCH,EXACT_JIBUN_ADDRESS,116501060000420013,"서울 서초구 잠원동 42-13"
cx_d46ef7a3d0db1d5e,"신도브래뉴2차",양천구,NO_MATCH,EXACT_PARCEL,114701030010310000,"서울 양천구 신월동 1031"
cx_d46fbb716d3e8e9a,"나래파크빌",송파구,NO_MATCH,EXACT_JIBUN_ADDRESS,117101050002800004,"서울 송파구 석촌동 280-4"
cx_d4742541784b5601,"mid그린(4동)",종로구,NO_MATCH,EXACT_JIBUN_ADDRESS,111101740006010005,"서울 종로구 창신동 601-5"
cx_d47b918350413983,"아스하임",강동구,NO_MATCH,EXACT_JIBUN_ADDRESS,117401090004320007,"서울 강동구 천호동 432-7"
cx_d47c1ae8db8e8f5b,"800-22",구로구,NO_MATCH,EXACT_JIBUN_ADDRESS,115301020008000022,"서울 구로구 구로동 800-22"
cx_d4872e8131d8ad8c,"현대2(4차)",노원구,NO_MATCH,EXACT_PARCEL,113501060005780000,"서울 노원구 중계동 578"
cx_d498dfe114bdf1ec,"한양아이클래스구로",구로구,NO_MATCH,EXACT_PARCEL,115301070004930000,"서울 구로구 개봉동 493"
cx_d49988f6bf12e413,"코오롱하늘채",은평구,NO_MATCH,EXACT_PARCEL,113801040005450000,"서울 은평구 갈현동 545"
cx_d49a8d90ffb1687c,"서초롯데캐슬프레지던트",서초구,NO_MATCH,EXACT_JIBUN_ADDRESS,116501080016810008,"서울 서초구 서초동 1681-8"
cx_d49d00fc2bf0cbb7,"노블리스아파트",광진구,NO_MATCH,EXACT_JIBUN_ADDRESS,112151030000570004,"서울 광진구 구의동 57-4"
cx_d49edea87ccf322d,"서초",서초구,NO_MATCH,MULTI_RECORD_SAME_PARCEL,116501020003220000,"서울 서초구 양재동 322"
cx_d4b58f835d652170,"당산금호어울림",영등포구,NO_MATCH,EXACT_PARCEL,115601140000950000,"서울 영등포구 당산동4가 95"
cx_d4c3f25e08ba0e3f,"티에스프리우스",서초구,NO_MATCH,EXACT_JIBUN_ADDRESS,116501080016250007,"서울 서초구 서초동 1625-7"
cx_d4c51dbbdaed2121,"프라임1",중구,NO_MATCH,EXACT_JIBUN_ADDRESS,111401620004321632,"서울 중구 신당동 432-1632"
cx_d4d0ba4d8e4f3b75,"한솔",도봉구,NO_MATCH,EXACT_JIBUN_ADDRESS,113201070006610078,"서울 도봉구 창동 661-78"
cx_d4d5ad3638f389f4,"명진",서대문구,NO_MATCH,EXACT_JIBUN_ADDRESS,114101190003360004,"서울 서대문구 북가좌동 336-4"
cx_d4dbc81135d35ed0,"경성b",구로구,NO_MATCH,EXACT_JIBUN_ADDRESS,115301020007790065,"서울 구로구 구로동 779-65"
cx_d4e0275e2a206d04,"신원아파트",노원구,NO_MATCH,EXACT_JIBUN_ADDRESS,113501030003700004,"서울 노원구 공릉동 370-4"
cx_d4ec89c1f1d54641,"경헌그린아파트",성북구,NO_MATCH,EXACT_PARCEL,112901380003150000,"서울 성북구 장위동 315"
cx_d4f2ae4640289e50,"힐하우스(577-79)",서초구,NO_MATCH,EXACT_JIBUN_ADDRESS,116501070005770079,"서울 서초구 반포동 577-79"
cx_d4f685e1a18e4bb4,"진흥",강서구,NO_MATCH,EXACT_JIBUN_ADDRESS,115001030008240013,"서울 강서구 화곡동 824-13"
cx_d502268cb02d89f4,"역삼자이",강남구,NO_MATCH,EXACT_JIBUN_ADDRESS,116801010007110003,"서울 강남구 역삼동 711-3"
cx_d50c66e934b29515,"우성",은평구,NO_MATCH,EXACT_JIBUN_ADDRESS,113801070006940001,"서울 은평구 응암동 694-1"
cx_d5195db994d06d8f,"송파호반베르디움더퍼스트",송파구,NO_MATCH,EXACT_PARCEL,117101120006190000,"서울 송파구 오금동 619"
cx_d519f28d0e4fed54,"우방",구로구,NO_MATCH,EXACT_JIBUN_ADDRESS,115301020006420046,"서울 구로구 구로동 642-46"
cx_d51a0dc3a8de512c,"동문골드빌a동",성북구,NO_MATCH,EXACT_PARCEL,112901280004330000,"서울 성북구 보문동6가 433"
cx_d51af645391192a3,"송파삼성래미안아파트",송파구,NO_MATCH,EXACT_PARCEL,117101040001620000,"서울 송파구 송파동 162"
cx_d5228dda2c208f89,"힐타운",양천구,NO_MATCH,EXACT_JIBUN_ADDRESS,114701020003150006,"서울 양천구 목동 315-6"
cx_d5341a100495b50c,"제일(코오롱)",강서구,NO_MATCH,MULTI_RECORD_SAME_PARCEL,115001020006420000,"서울 강서구 등촌동 642"
cx_d53a10559a491c89,"동호그린",강서구,NO_MATCH,EXACT_JIBUN_ADDRESS,115001030003460035,"서울 강서구 화곡동 346-35"
cx_d5406bcef72f09d2,"한일노벨리아",동대문구,NO_MATCH,EXACT_JIBUN_ADDRESS,112301050004940001,"서울 동대문구 답십리동 494-1"
cx_d54cf80b34afedf0,"보라뷰2",송파구,NO_MATCH,EXACT_JIBUN_ADDRESS,117101080000890015,"서울 송파구 문정동 89-15"
cx_d5555ce368985004,"(779-3)",구로구,NO_MATCH,EXACT_JIBUN_ADDRESS,115301020007790003,"서울 구로구 구로동 779-3"
cx_d556ff3b7d495479,"삼풍",중구,NO_MATCH,EXACT_JIBUN_ADDRESS,111401210001460001,"서울 중구 회현동1가 146-1"
cx_d565a04b557fa4f9,"코지언레지던스",동대문구,NO_MATCH,EXACT_JIBUN_ADDRESS,112301060003450010,"서울 동대문구 장안동 345-10"
cx_d568e4abd5ab1604,"세방타운하우스",강남구,NO_MATCH,EXACT_JIBUN_ADDRESS,116801050000640007,"서울 강남구 삼성동 64-7"
cx_d56bb8996cfe5c65,"공릉2신도브래뉴아파트",노원구,NO_MATCH,EXACT_PARCEL,113501030007490000,"서울 노원구 공릉동 749"
cx_d5759e7e9a0ac3ea,"웰피아",관악구,NO_MATCH,EXACT_PARCEL,116201020017310000,"서울 관악구 신림동 1731"
cx_d5772aaf7caef9a1,"롯데캐슬천지인",종로구,NO_MATCH,EXACT_PARCEL,111101750000760000,"서울 종로구 숭인동 76"
cx_d57aefa2425c80ce,"신부",관악구,NO_MATCH,EXACT_JIBUN_ADDRESS,116201010004570146,"서울 관악구 봉천동 457-146"
cx_d57f9e2c0a8911c0,"대우",영등포구,NO_MATCH,EXACT_JIBUN_ADDRESS,115601170001210215,"서울 영등포구 당산동 121-215"
cx_d597f5af9dd6f90b,"후암미주",용산구,NO_MATCH,EXACT_JIBUN_ADDRESS,111701010004230001,"서울 용산구 후암동 423-1"
cx_d59e83460ea91f75,"파르크한남",용산구,NO_MATCH,EXACT_PARCEL,111701310004100000,"서울 용산구 한남동 410"
cx_d5a107de4174f324,"화곡1차보람더하임",강서구,NO_MATCH,MULTI_RECORD_SAME_PARCEL,115001030010870000,"서울 강서구 화곡동 1087"
cx_d5a3bc9a517c6dd2,"강동큐브(2차)",강동구,NO_MATCH,EXACT_JIBUN_ADDRESS,117401050004150013,"서울 강동구 길동 415-13"
cx_d5d161ab8a53198a,"래미안엘파인아파트",동대문구,NO_MATCH,EXACT_PARCEL,112301050010000000,"서울 동대문구 답십리동 1000"
cx_d5d452e0481ab2e3,"반도유보라아일랜드",마포구,NO_MATCH,EXACT_PARCEL,114401120002230000,"서울 마포구 현석동 223"
cx_d5d46e6f01f059e8,"청담힐(에이동)진도(비동)",강남구,NO_MATCH,MULTI_RECORD_SAME_PARCEL,116801040001130000,"서울 강남구 청담동 113"
cx_d5dd3c536f7a6844,"신세계하이츠",양천구,NO_MATCH,EXACT_JIBUN_ADDRESS,114701010009790034,"서울 양천구 신정동 979-34"
cx_d5e8f5533ff02fb8,"(739-29)",구로구,NO_MATCH,EXACT_JIBUN_ADDRESS,115301020007390029,"서울 구로구 구로동 739-29"
cx_d5eba145548c24a7,"에이원",서대문구,NO_MATCH,EXACT_JIBUN_ADDRESS,114101110001320005,"서울 서대문구 홍제동 132-5"
cx_d5ee03bd602163c3,"성영",송파구,NO_MATCH,MULTI_RECORD_SAME_PARCEL,117101140000220000,"서울 송파구 마천동 22"
cx_d607b781e86cf910,"아스타빌",구로구,NO_MATCH,EXACT_JIBUN_ADDRESS,115301020001080004,"서울 구로구 구로동 108-4"
cx_d6107e3fb32f8978,"목동훼미리",양천구,NO_MATCH,EXACT_JIBUN_ADDRESS,114701020003150004,"서울 양천구 목동 315-4"
cx_d61655364b097936,"천지로얄",은평구,NO_MATCH,EXACT_JIBUN_ADDRESS,113801050002020008,"서울 은평구 구산동 202-8"
cx_d618a3c8c26ae49a,"래미안서초에스티지",서초구,NO_MATCH,EXACT_JIBUN_ADDRESS,116501080013320013,"서울 서초구 서초동 1332-13"
cx_d620caa979cc2e02,"서강스카이빌3(116-24)",은평구,NO_MATCH,EXACT_JIBUN_ADDRESS,113801070001160024,"서울 은평구 응암동 116-24"
cx_d625a6fe3e4e2541,"현대리노빌101동",동대문구,NO_MATCH,EXACT_JIBUN_ADDRESS,112301060003500007,"서울 동대문구 장안동 350-7"
cx_d62bd6250732bae4,"더조은홈",강북구,NO_MATCH,EXACT_JIBUN_ADDRESS,113051020004100032,"서울 강북구 번동 410-32"
cx_d62cbe718728c7be,"m센트럴뷰",구로구,NO_MATCH,EXACT_JIBUN_ADDRESS,115301020004870024,"서울 구로구 구로동 487-24"
cx_d63aa4d60c5b9b47,"엘지빌라",강남구,NO_MATCH,EXACT_JIBUN_ADDRESS,116801040001040002,"서울 강남구 청담동 104-2"
cx_d63e7ef8097b5311,"리베르떼",동대문구,NO_MATCH,EXACT_JIBUN_ADDRESS,112301040005970005,"서울 동대문구 전농동 597-5"
cx_d6429034fed0f356,"유탑유블레스",영등포구,NO_MATCH,EXACT_JIBUN_ADDRESS,115601160003360004,"서울 영등포구 당산동6가 336-4"
cx_d647696d80cd1029,"중앙하이츠빌1단지",성북구,NO_MATCH,EXACT_PARCEL,112901330004940000,"서울 성북구 정릉동 494"
cx_d65056ac14751592,"수목아이엠",서대문구,NO_MATCH,EXACT_JIBUN_ADDRESS,114101100000010106,"서울 서대문구 북아현동 1-106"
cx_d65ddcdf07c3b9f3,"당산현대5차",영등포구,NO_MATCH,EXACT_JIBUN_ADDRESS,115601140000300001,"서울 영등포구 당산동4가 30-1"
cx_d661dbccff41683d,"아크로서울포레스트",성동구,NO_MATCH,EXACT_JIBUN_ADDRESS,112001140006850700,"서울 성동구 성수동1가 685-700"
cx_d666e7a6a0166d65,"방배2차상지리츠빌",서초구,NO_MATCH,EXACT_JIBUN_ADDRESS,116501010005930024,"서울 서초구 방배동 593-24"
cx_d6786cc2784a36a1,"서초화원그랑빌",서초구,NO_MATCH,EXACT_JIBUN_ADDRESS,116501080015100015,"서울 서초구 서초동 1510-15"
cx_d67a08387fe1d8ef,"천보",중랑구,NO_MATCH,EXACT_JIBUN_ADDRESS,112601050004940017,"서울 중랑구 망우동 494-17"
cx_d67a9363a5e296a7,"한영",도봉구,NO_MATCH,EXACT_JIBUN_ADDRESS,113201050006390001,"서울 도봉구 쌍문동 639-1"
cx_d67bd39811154c0f,"녹번역센트레빌",은평구,NO_MATCH,EXACT_PARCEL,113801070007620000,"서울 은평구 응암동 762"
cx_d67d18ff0ffb8b05,"파로스프라자",관악구,NO_MATCH,MULTI_RECORD_SAME_PARCEL,116201020017380000,"서울 관악구 신림동 1738"
cx_d67d775f35dbcfa8,"대은팰리스뷰",강동구,NO_MATCH,EXACT_JIBUN_ADDRESS,117401080004540015,"서울 강동구 성내동 454-15"
cx_d6806792ea595a6b,"대원쉐르빌(47-13)",강북구,NO_MATCH,EXACT_JIBUN_ADDRESS,113051030000470013,"서울 강북구 수유동 47-13"
cx_d6806b35bb2d519b,"(744-45)",구로구,NO_MATCH,EXACT_JIBUN_ADDRESS,115301020007440045,"서울 구로구 구로동 744-45"
cx_d680a8836b526cf6,"빌폴라리스",서초구,NO_MATCH,EXACT_JIBUN_ADDRESS,116501060000490005,"서울 서초구 잠원동 49-5"
cx_d6866eb9fcede9f5,"방배아트e-편한세상106",서초구,NO_MATCH,EXACT_JIBUN_ADDRESS,116501010004860008,"서울 서초구 방배동 486-8"
cx_d68fc118b52442ad,"그랜드",송파구,NO_MATCH,EXACT_JIBUN_ADDRESS,117101070000930004,"서울 송파구 가락동 93-4"
cx_d6965494a5af0299,"거성학마을아파트",도봉구,NO_MATCH,EXACT_JIBUN_ADDRESS,113201060007010015,"서울 도봉구 방학동 701-15"
cx_d696e4921a8b876c,"개봉청구",구로구,NO_MATCH,EXACT_JIBUN_ADDRESS,115301060002690001,"서울 구로구 고척동 269-1"
cx_d69eff3dbd25344d,"본파크빌",동작구,NO_MATCH,EXACT_JIBUN_ADDRESS,115901020002100117,"서울 동작구 상도동 210-117"
cx_d6a2a7af7664c175,"현대(220-2)",금천구,NO_MATCH,NO_MATCH,115451030002200002,"서울 금천구 시흥동 220-2"
cx_d6a68f498b42697a,"신성",강동구,NO_MATCH,EXACT_JIBUN_ADDRESS,117401080004230015,"서울 강동구 성내동 423-15"
cx_d6a98784d09c89fd,"강림스위트빌(a동)",서대문구,NO_MATCH,EXACT_JIBUN_ADDRESS,114101180001950008,"서울 서대문구 홍은동 195-8"
cx_d6a9ee86a30aa156,"서경하누리아파트",노원구,NO_MATCH,EXACT_JIBUN_ADDRESS,113501030004930020,"서울 노원구 공릉동 493-20"
cx_d6b401dab2ee0238,"한강훼미리(138-28)",중랑구,NO_MATCH,EXACT_JIBUN_ADDRESS,112601010001380028,"서울 중랑구 면목동 138-28"
cx_d6d531c6d7bc610c,"동진",노원구,NO_MATCH,EXACT_PARCEL,113501060001030000,"서울 노원구 중계동 103"
cx_d6d8c1f8fd2a1afe,"개나리푸르지오",강남구,NO_MATCH,EXACT_JIBUN_ADDRESS,116801010007550001,"서울 강남구 역삼동 755-1"
cx_d6dd056eef4f6146,"고덕골든빌(101동)",중랑구,NO_MATCH,EXACT_JIBUN_ADDRESS,112601040001680008,"서울 중랑구 묵동 168-8"
cx_d6eb00c9b5c1c553,"포인트아파트에이동",중랑구,NO_MATCH,EXACT_JIBUN_ADDRESS,112601010001420064,"서울 중랑구 면목동 142-64"
cx_d70754c25b45e2d8,"효정하나플러스",강동구,NO_MATCH,EXACT_PARCEL,117401070006720000,"서울 강동구 암사동 672"
cx_d711bd5b36fef1da,"일성파크",광진구,NO_MATCH,EXACT_PARCEL,112151090000990000,"서울 광진구 군자동 99"
cx_d71fc70982725da0,"신반포27",서초구,NO_MATCH,EXACT_JIBUN_ADDRESS,116501060000560002,"서울 서초구 잠원동 56-2"
cx_d724c7d3a0ee4b20,"월드메르디앙a",서초구,NO_MATCH,EXACT_JIBUN_ADDRESS,116501080016340009,"서울 서초구 서초동 1634-9"
cx_d7252cf423f3bce1,"신금호두산위브",성동구,NO_MATCH,EXACT_PARCEL,112001090018180000,"서울 성동구 금호동1가 1818"
cx_d72a6c952fc24f24,"현대리노빌103동",동대문구,NO_MATCH,EXACT_JIBUN_ADDRESS,112301060003500005,"서울 동대문구 장안동 350-5"
cx_d72ad3e23c83deaa,"프레스턴(1-119)",서초구,NO_MATCH,EXACT_JIBUN_ADDRESS,116501010000010119,"서울 서초구 방배동 1-119"
cx_d72c4c63cda80929,"신반포16",서초구,NO_MATCH,EXACT_JIBUN_ADDRESS,116501060000550012,"서울 서초구 잠원동 55-12"
cx_d7422c3fc9c0daea,"디에이치퍼스티어아이파크",강남구,NO_MATCH,NO_MATCH,116801030006600004,"서울 강남구 개포동 660-4"
cx_d74643ddbca5a0f5,"돈암동삼성",성북구,NO_MATCH,EXACT_JIBUN_ADDRESS,112901030000150001,"서울 성북구 돈암동 15-1"
cx_d74dde566d00bbe8,"현대이즈빌",관악구,NO_MATCH,EXACT_JIBUN_ADDRESS,116201030010580007,"서울 관악구 남현동 1058-7"
cx_d754faa260b961ae,"상도역롯데캐슬파크엘",동작구,NO_MATCH,EXACT_PARCEL,115901020009040000,"서울 동작구 상도동 904"
cx_d757af9fb8c265bd,"해태드림타운",은평구,NO_MATCH,EXACT_PARCEL,113801070007380000,"서울 은평구 응암동 738"
cx_d768b6a8ea08c52d,"썬힐하우스",강북구,NO_MATCH,EXACT_JIBUN_ADDRESS,113051030003340003,"서울 강북구 수유동 334-3"
cx_d7754a441137e85b,"집앤사비디아파트",강동구,NO_MATCH,EXACT_JIBUN_ADDRESS,117401080005450007,"서울 강동구 성내동 545-7"
cx_d78162a3a9426944,"영진",도봉구,NO_MATCH,EXACT_JIBUN_ADDRESS,113201050001430052,"서울 도봉구 쌍문동 143-52"
cx_d78b688733244259,"다성이즈빌아파트(55-25)",강동구,NO_MATCH,EXACT_JIBUN_ADDRESS,117401090000550025,"서울 강동구 천호동 55-25"
cx_d7951f04ecbdb181,"대성2",마포구,NO_MATCH,EXACT_JIBUN_ADDRESS,114401230004290003,"서울 마포구 망원동 429-3"
cx_d7a043dfeeff025d,"현대3차(61~64동)",강남구,NO_MATCH,EXACT_PARCEL,116801100004430000,"서울 강남구 압구정동 443"
cx_d7a629f81611ef4a,"대창센시티",노원구,NO_MATCH,EXACT_PARCEL,113501050013020000,"서울 노원구 상계동 1302"
cx_d7ba71607316f71f,"apelbaum",서초구,NO_MATCH,EXACT_JIBUN_ADDRESS,116501070000820007,"서울 서초구 반포동 82-7"
cx_d7c27f2f11cb6c77,"상암월드컵파크5단지",마포구,NO_MATCH,EXACT_PARCEL,114401270016580000,"서울 마포구 상암동 1658"
cx_d7cbf6648fa9065c,"동성7",중랑구,NO_MATCH,EXACT_PARCEL,112601060007970000,"서울 중랑구 신내동 797"
cx_d7cf3ca8a05f5db9,"청구강변1",성동구,NO_MATCH,EXACT_PARCEL,112001150007120000,"서울 성동구 성수동2가 712"
cx_d7cfb7c8da6169db,"방배삼성홈타운(101)",서초구,NO_MATCH,EXACT_JIBUN_ADDRESS,116501010008770004,"서울 서초구 방배동 877-4"
cx_d7d9c264b94eb0cb,"푸리마타운",관악구,NO_MATCH,EXACT_JIBUN_ADDRESS,116201020016390051,"서울 관악구 신림동 1639-51"
cx_d7e48f29c9dd4e79,"(793-16)",구로구,NO_MATCH,EXACT_JIBUN_ADDRESS,115301020007930016,"서울 구로구 구로동 793-16"
cx_d7e633c21f546fb3,"진명",양천구,NO_MATCH,NO_MATCH,114701010002820016,"서울 양천구 신정동 282-16"
cx_d7e77b44dbdcd3da,"건일팰리스",서대문구,NO_MATCH,EXACT_JIBUN_ADDRESS,114101100000010052,"서울 서대문구 북아현동 1-52"
cx_d7f0dc386bab7d79,"예지아파트",양천구,NO_MATCH,EXACT_JIBUN_ADDRESS,114701010009110011,"서울 양천구 신정동 911-11"
cx_d7f2275b39f337ec,"로즈빌a",마포구,NO_MATCH,EXACT_JIBUN_ADDRESS,114401020001110007,"서울 마포구 공덕동 111-7"
cx_d7f383e68427ed16,"데뜨아르",서초구,NO_MATCH,EXACT_JIBUN_ADDRESS,116501060000670001,"서울 서초구 잠원동 67-1"
cx_d8065936cdd56639,"서경아파트(15-58)",은평구,NO_MATCH,EXACT_JIBUN_ADDRESS,113801060000150058,"서울 은평구 대조동 15-58"
cx_d80e92e6aef239af,"테헤란아이파크",강남구,NO_MATCH,EXACT_JIBUN_ADDRESS,116801010007090005,"서울 강남구 역삼동 709-5"
cx_d815be4e46e41481,"대방동현대",동작구,NO_MATCH,EXACT_PARCEL,115901080005020000,"서울 동작구 대방동 502"
cx_d8207456d90d34e7,"강변동양",성동구,NO_MATCH,EXACT_JIBUN_ADDRESS,112001140004790001,"서울 성동구 성수동1가 479-1"
cx_d82ffdf405fd103a,"금호현대",성동구,NO_MATCH,EXACT_PARCEL,112001080000980000,"서울 성동구 응봉동 98"
cx_d853a97bf058ccd3,"현대홈타운(923-2)",강서구,NO_MATCH,EXACT_JIBUN_ADDRESS,115001030009230002,"서울 강서구 화곡동 923-2"
cx_d857df78db298881,"태극에버빌",성북구,NO_MATCH,EXACT_PARCEL,112901180002570000,"서울 성북구 동선동3가 257"
cx_d873ed379d55364c,"일광2차",강서구,NO_MATCH,EXACT_JIBUN_ADDRESS,115001030003430021,"서울 강서구 화곡동 343-21"
cx_d87f0e4a673646d4,"다청림2동",영등포구,NO_MATCH,MULTI_RECORD_SAME_PARCEL,115601330006870000,"서울 영등포구 대림동 687"
cx_d88d0615b1e138d9,"몬드리안",마포구,NO_MATCH,EXACT_JIBUN_ADDRESS,114401230004700001,"서울 마포구 망원동 470-1"
cx_d88dfda65f4cbf4a,"예지팰리스77차",영등포구,NO_MATCH,EXACT_PARCEL,115601210000990000,"서울 영등포구 문래동3가 99"
cx_d88feb71c7e9ec2c,"신암가온",강동구,NO_MATCH,EXACT_JIBUN_ADDRESS,117401050004140006,"서울 강동구 길동 414-6"
cx_d89133ef8069834a,"성북프라자",강북구,NO_MATCH,EXACT_JIBUN_ADDRESS,113051010003180005,"서울 강북구 미아동 318-5"
cx_d8a4acb9ab6e424c,"푸른마을4",양천구,NO_MATCH,EXACT_PARCEL,114701010012850000,"서울 양천구 신정동 1285"
cx_d8ae3ff3df90cb48,"비젼(437-2)",동대문구,NO_MATCH,EXACT_JIBUN_ADDRESS,112301060004370002,"서울 동대문구 장안동 437-2"
cx_d8b54e7271b8555a,"제일에비앙102동",양천구,NO_MATCH,EXACT_JIBUN_ADDRESS,114701010009900015,"서울 양천구 신정동 990-15"
cx_d8b5fac653755a60,"더나인",동대문구,NO_MATCH,NO_MATCH,112301010000890038,"서울 동대문구 신설동 89-38"
cx_d8b765ab1e9d4025,"동소문현대",성북구,NO_MATCH,EXACT_PARCEL,112901030006300000,"서울 성북구 돈암동 630"
cx_d8cf1dc0cf586850,"현대3",강동구,NO_MATCH,EXACT_JIBUN_ADDRESS,117401060001350001,"서울 강동구 둔촌동 135-1"
cx_d8eb049d4f1d93c1,"한영(103)",중랑구,NO_MATCH,EXACT_JIBUN_ADDRESS,112601030002740076,"서울 중랑구 중화동 274-76"
cx_d8ef838858447e5a,"성보",양천구,NO_MATCH,EXACT_JIBUN_ADDRESS,114701020007730005,"서울 양천구 목동 773-5"
cx_d8fd983b4d14c93f,"강일리버파크2단지",강동구,NO_MATCH,EXACT_PARCEL,117401100006680000,"서울 강동구 강일동 668"
cx_d9009ae6319d643d,"d.s아파트",노원구,NO_MATCH,EXACT_JIBUN_ADDRESS,113501050011170012,"서울 노원구 상계동 1117-12"
cx_d900b9f3a596d37a,"dmc자이1단지",은평구,NO_MATCH,EXACT_PARCEL,113801010000750000,"서울 은평구 수색동 75"
cx_d911844dddebf2c3,"역삼디오슈페리움",강남구,NO_MATCH,EXACT_JIBUN_ADDRESS,116801010008320005,"서울 강남구 역삼동 832-5"
cx_d92aabf6ad968669,"한강그린1차아파트",마포구,NO_MATCH,EXACT_JIBUN_ADDRESS,114401230002360002,"서울 마포구 망원동 236-2"
cx_d931530516b59734,"대치동우정에쉐르1",강남구,NO_MATCH,EXACT_JIBUN_ADDRESS,116801060008910028,"서울 강남구 대치동 891-28"
cx_d936c1a8e73e59ef,"신설동역자이르네",동대문구,NO_MATCH,EXACT_JIBUN_ADDRESS,112301010000960048,"서울 동대문구 신설동 96-48"
cx_d937168f9d079b2d,"이스트드림힐",강동구,NO_MATCH,EXACT_JIBUN_ADDRESS,117401050003850004,"서울 강동구 길동 385-4"
cx_d93791eb99f1684b,"암사동한솔",강동구,NO_MATCH,EXACT_PARCEL,117401070004190000,"서울 강동구 암사동 419"
cx_d93b1a98e8f2ea5a,"퍼시픽맨션골드",용산구,NO_MATCH,EXACT_PARCEL,111701300003520000,"서울 용산구 이태원동 352"
cx_d93b4d28ebeecf82,"월드메르시안(179-8)",은평구,NO_MATCH,EXACT_JIBUN_ADDRESS,113801100001790008,"서울 은평구 증산동 179-8"
cx_d9452913d0e2bfe1,"자이파인빌(102동)",송파구,NO_MATCH,EXACT_JIBUN_ADDRESS,117101080000680005,"서울 송파구 문정동 68-5"
cx_d9586926e129de4e,"신아",성북구,NO_MATCH,EXACT_PARCEL,112901340010760000,"서울 성북구 길음동 1076"
cx_d97e18d07c9fab29,"극동미라주",성동구,NO_MATCH,EXACT_PARCEL,112001020010580000,"서울 성동구 하왕십리동 1058"
cx_d98d06245b2fcdc8,"공감대5차(334-5)",동대문구,NO_MATCH,EXACT_JIBUN_ADDRESS,112301060003340005,"서울 동대문구 장안동 334-5"
cx_d98edf6f7a2eb989,"태경크레앙스(101동)",마포구,NO_MATCH,EXACT_JIBUN_ADDRESS,114401230004560065,"서울 마포구 망원동 456-65"
cx_d99288bbffe5ce49,"한신2차",노원구,NO_MATCH,MULTI_RECORD_SAME_PARCEL,113501050004510000,"서울 노원구 상계동 451"
cx_d994e47e3e914a65,"목동해오름101동",양천구,NO_MATCH,EXACT_JIBUN_ADDRESS,114701010010130015,"서울 양천구 신정동 1013-15"
cx_d9a06c4b812636f7,"동대문",종로구,NO_MATCH,EXACT_JIBUN_ADDRESS,111101740003280017,"서울 종로구 창신동 328-17"
cx_d9a272e348e7bcae,"서초한일유앤아이주상복합",서초구,NO_MATCH,EXACT_JIBUN_ADDRESS,116501080013030010,"서울 서초구 서초동 1303-10"
cx_d9a570aab169355f,"대아아파트1차",노원구,NO_MATCH,EXACT_PARCEL,113501030007400000,"서울 노원구 공릉동 740"
cx_d9b11139a3a33538,"나스빌",서초구,NO_MATCH,EXACT_JIBUN_ADDRESS,116501010008020002,"서울 서초구 방배동 802-2"
cx_d9b4da511094a368,"보라매우성",관악구,NO_MATCH,EXACT_PARCEL,116201010016960000,"서울 관악구 봉천동 1696"
cx_d9c007a978bc2f7b,"성지",마포구,NO_MATCH,EXACT_PARCEL,114401040005380000,"서울 마포구 도화동 538"
cx_d9c614171f6600c4,"비선아파트",노원구,NO_MATCH,EXACT_PARCEL,113501030001090000,"서울 노원구 공릉동 109"
cx_d9c8e4c6fa6b0c09,"장안현대홈타운(336)",동대문구,NO_MATCH,EXACT_PARCEL,112301060003360000,"서울 동대문구 장안동 336"
cx_d9cf5d7e064f2250,"나스빌(804-3)",서초구,NO_MATCH,EXACT_JIBUN_ADDRESS,116501010008040003,"서울 서초구 방배동 804-3"
cx_d9d4e856938bed19,"남광미르빌",노원구,NO_MATCH,EXACT_JIBUN_ADDRESS,113501030006840060,"서울 노원구 공릉동 684-60"
cx_d9d53ab311e5f81a,"주함위너스ⅱ",송파구,NO_MATCH,EXACT_JIBUN_ADDRESS,117101110001540003,"서울 송파구 방이동 154-3"
cx_d9d846da15815c97,"신림2차현대",관악구,NO_MATCH,EXACT_JIBUN_ADDRESS,116201020005510009,"서울 관악구 신림동 551-9"
cx_d9d8c036a72c1d98,"리치힐101동(993-25)",금천구,NO_MATCH,EXACT_JIBUN_ADDRESS,115451020009930025,"서울 금천구 독산동 993-25"
cx_d9df11bc611ff927,"청담린든그로브",강남구,NO_MATCH,EXACT_JIBUN_ADDRESS,116801040000670001,"서울 강남구 청담동 67-1"
cx_d9df45c0ec89db61,"남촌",강서구,NO_MATCH,EXACT_JIBUN_ADDRESS,115001030009140010,"서울 강서구 화곡동 914-10"
cx_d9efc1de4dd58e0c,"태승",관악구,NO_MATCH,EXACT_JIBUN_ADDRESS,116201010000240014,"서울 관악구 봉천동 24-14"
cx_d9efe752037dadcb,"오복뜨란체",강서구,NO_MATCH,EXACT_JIBUN_ADDRESS,115001030010210007,"서울 강서구 화곡동 1021-7"
cx_d9f1bd5f8a57baca,"(742-58)",구로구,NO_MATCH,EXACT_JIBUN_ADDRESS,115301020007420058,"서울 구로구 구로동 742-58"
cx_d9fd8fc5cf51ec10,"종암2차skview",성북구,NO_MATCH,EXACT_PARCEL,112901350001350000,"서울 성북구 종암동 135"
cx_da23e14fa46d0e94,"해동아파트a동(134-5)",송파구,NO_MATCH,EXACT_JIBUN_ADDRESS,117101110001340005,"서울 송파구 방이동 134-5"
cx_da3bb844cd0a0c3d,"dmc아트포레자이",은평구,NO_MATCH,NO_MATCH,113801010004320000,"서울 은평구 수색동 432"
cx_da3dc0b20d80bc83,"남산애지앙",용산구,NO_MATCH,EXACT_JIBUN_ADDRESS,111701010000010010,"서울 용산구 후암동 1-10"
cx_da3fa0cfd9a0fdf1,"다다아파트",중구,NO_MATCH,EXACT_JIBUN_ADDRESS,111401620004321982,"서울 중구 신당동 432-1982"
cx_da4e22d1fab9c9e9,"신아굿모닝",은평구,NO_MATCH,EXACT_JIBUN_ADDRESS,113801080000580033,"서울 은평구 역촌동 58-33"
cx_da4e8305cbf5e68f,"포스시티",구로구,NO_MATCH,EXACT_JIBUN_ADDRESS,115301080000510031,"서울 구로구 오류동 51-31"
cx_da60f04264b04443,"미소로",송파구,NO_MATCH,EXACT_JIBUN_ADDRESS,117101080000880011,"서울 송파구 문정동 88-11"
cx_da630b1e515f5e93,"대원칸타빌",마포구,NO_MATCH,EXACT_PARCEL,114401110004530000,"서울 마포구 신수동 453"
cx_da65ee50082b7949,"혜성공원(101동)",송파구,NO_MATCH,EXACT_JIBUN_ADDRESS,117101120000540001,"서울 송파구 오금동 54-1"
cx_da66b38e999c0f2f,"유로미아파트b동",강남구,NO_MATCH,EXACT_JIBUN_ADDRESS,116801070005470008,"서울 강남구 신사동 547-8"
cx_da7075f1a4673a58,"금천리메인시티",금천구,NO_MATCH,EXACT_JIBUN_ADDRESS,115451030008830011,"서울 금천구 시흥동 883-11"
cx_da743b441ea33b05,"신라샤르망",도봉구,NO_MATCH,EXACT_PARCEL,113201050006000000,"서울 도봉구 쌍문동 600"
cx_da75789158d85fd4,"동은노보빌(887-54)",금천구,NO_MATCH,EXACT_JIBUN_ADDRESS,115451020008870054,"서울 금천구 독산동 887-54"
cx_da7a6c28af69e3d0,"대림e-편한세상",양천구,NO_MATCH,EXACT_PARCEL,114701010013030000,"서울 양천구 신정동 1303"
cx_da7cfa9da1413e4b,"동일상가",강동구,NO_MATCH,EXACT_JIBUN_ADDRESS,117401080004160011,"서울 강동구 성내동 416-11"
cx_da8a4e4110afec2a,"제일에비앙101동",양천구,NO_MATCH,EXACT_JIBUN_ADDRESS,114701010009900016,"서울 양천구 신정동 990-16"
cx_da8a6b26dcb0271e,"드리밍아파트",서대문구,NO_MATCH,EXACT_JIBUN_ADDRESS,114101170001690003,"서울 서대문구 연희동 169-3"
cx_daa040ea042e14d2,"목동이-편한세상",양천구,NO_MATCH,EXACT_PARCEL,114701020009500000,"서울 양천구 목동 950"
cx_daa50b99e6992700,"용민홈타워빌",양천구,NO_MATCH,EXACT_JIBUN_ADDRESS,114701030009860008,"서울 양천구 신월동 986-8"
cx_daa61cffecdb4f1d,"(780-67)우정빌라",구로구,NO_MATCH,EXACT_JIBUN_ADDRESS,115301020007800067,"서울 구로구 구로동 780-67"
cx_daa7d21c8a73d2bb,"한양7",강남구,NO_MATCH,EXACT_PARCEL,116801100005280000,"서울 강남구 압구정동 528"
cx_daae81b28d64427b,"래미안장위퍼스트하이",성북구,NO_MATCH,EXACT_PARCEL,112901380003200000,"서울 성북구 장위동 320"
cx_dabe941e842f34ad,"중구리버빌",중구,NO_MATCH,EXACT_PARCEL,111401650009810000,"서울 중구 황학동 981"
cx_dac9edaf9d17da78,"청암1단지",노원구,NO_MATCH,EXACT_PARCEL,113501050012750000,"서울 노원구 상계동 1275"
cx_dadbf925e4865d8b,"쌍용",동대문구,NO_MATCH,EXACT_PARCEL,112301100000640000,"서울 동대문구 이문동 64"
cx_daf14130c6ea243c,"양지벨로스",강동구,NO_MATCH,EXACT_JIBUN_ADDRESS,117401070004460021,"서울 강동구 암사동 446-21"
cx_daffc41e692787fe,"서울대입구삼성",관악구,NO_MATCH,EXACT_JIBUN_ADDRESS,116201010015910002,"서울 관악구 봉천동 1591-2"
cx_db03f8cbbf0f515f,"u포그니2차",동대문구,NO_MATCH,EXACT_PARCEL,112301060005860000,"서울 동대문구 장안동 586"
cx_db04c96a9f321673,"천호2차이룸아파트",강동구,NO_MATCH,EXACT_JIBUN_ADDRESS,117401090000520006,"서울 강동구 천호동 52-6"
cx_db05f30a550e54ad,"상록",마포구,NO_MATCH,MULTI_RECORD_SAME_PARCEL,114401090005150001,"서울 마포구 염리동 515-1"
cx_db1aa7b3901778b8,"미든푸르지",서대문구,NO_MATCH,EXACT_JIBUN_ADDRESS,114101180001890009,"서울 서대문구 홍은동 189-9"
cx_db276fed7aa1c427,"광남캐스빌",송파구,NO_MATCH,EXACT_JIBUN_ADDRESS,117101120001130002,"서울 송파구 오금동 113-2"
cx_db324f4661885db8,"늘푸른3차",관악구,NO_MATCH,EXACT_JIBUN_ADDRESS,116201010016900168,"서울 관악구 봉천동 1690-168"
cx_db34d5e03edd4810,"이지리움s",영등포구,NO_MATCH,EXACT_JIBUN_ADDRESS,115601030000280117,"서울 영등포구 영등포동2가 28-117"
cx_db37c8a17fa06c87,"어반힐",영등포구,NO_MATCH,EXACT_PARCEL,115601250001470000,"서울 영등포구 양평동1가 147"
cx_db398c39310aaa4a,"예촌하이츠빌",관악구,NO_MATCH,EXACT_JIBUN_ADDRESS,116201030010720060,"서울 관악구 남현동 1072-60"
cx_db3efc6cca9268b4,"신원",강서구,NO_MATCH,MULTI_RECORD_SAME_PARCEL,115001020006410000,"서울 강서구 등촌동 641"
cx_db47f76b36ddcfde,"서초푸르지오써밋",서초구,NO_MATCH,EXACT_JIBUN_ADDRESS,116501080013110010,"서울 서초구 서초동 1311-10"
cx_db4d256433505d29,"주공3",강서구,NO_MATCH,EXACT_PARCEL,115001020006880000,"서울 강서구 등촌동 688"
cx_db4dd7a0ae2e5eb5,"(749-1)",구로구,NO_MATCH,EXACT_JIBUN_ADDRESS,115301020007490001,"서울 구로구 구로동 749-1"
cx_db57cf81cd586308,"훼밀리힐",강북구,NO_MATCH,EXACT_JIBUN_ADDRESS,113051020001480490,"서울 강북구 번동 148-490"
cx_db63e33492a5889c,"세종",금천구,NO_MATCH,EXACT_JIBUN_ADDRESS,115451030007970002,"서울 금천구 시흥동 797-2"
cx_db8888faefe64e7c,"a.g.s.드림",강서구,NO_MATCH,EXACT_JIBUN_ADDRESS,115001060006740020,"서울 강서구 내발산동 674-20"
cx_db93fc5fa1186cd8,"이지-빌",중구,NO_MATCH,EXACT_JIBUN_ADDRESS,111401210001000012,"서울 중구 회현동1가 100-12"
cx_db979723e1fdbbbe,"강오(a동)",중랑구,NO_MATCH,EXACT_JIBUN_ADDRESS,112601030003070076,"서울 중랑구 중화동 307-76"
cx_db98ec18e0f612be,"논현한가람빌라트",강남구,NO_MATCH,EXACT_JIBUN_ADDRESS,116801080001050003,"서울 강남구 논현동 105-3"
cx_dbabc10926954c91,"리버탑",용산구,NO_MATCH,EXACT_PARCEL,111701310008020000,"서울 용산구 한남동 802"
cx_dbb295c0199d17c9,"성동리버뷰",성동구,NO_MATCH,EXACT_JIBUN_ADDRESS,112001180000720025,"서울 성동구 송정동 72-25"
cx_dbb8986fa676588f,"우정에쉐르(102동)",강동구,NO_MATCH,EXACT_JIBUN_ADDRESS,117401090001630014,"서울 강동구 천호동 163-14"
cx_dbc0171024a0d3db,"화성.두산아파트",중랑구,NO_MATCH,EXACT_PARCEL,112601060006560000,"서울 중랑구 신내동 656"
cx_dbc01cfb05a06ecb,"케어빌(98-8)",구로구,NO_MATCH,EXACT_JIBUN_ADDRESS,115301020000980008,"서울 구로구 구로동 98-8"
cx_dbc9ab8b8405bfbc,"신동아아파트2",도봉구,NO_MATCH,EXACT_PARCEL,113201060005310000,"서울 도봉구 방학동 531"
cx_dbcdec85f69d2f68,"그린파크빌아파트",송파구,NO_MATCH,EXACT_JIBUN_ADDRESS,117101110000980009,"서울 송파구 방이동 98-9"
cx_dbda2ac7526f0758,"(807-37)",구로구,NO_MATCH,EXACT_JIBUN_ADDRESS,115301020008070037,"서울 구로구 구로동 807-37"
cx_dbdd2f3cccb483f9,"g&p용산파크",용산구,NO_MATCH,EXACT_JIBUN_ADDRESS,111701220000110034,"서울 용산구 문배동 11-34"
cx_dbf24e752597c4f2,"신호리치빌",동작구,NO_MATCH,EXACT_JIBUN_ADDRESS,115901080003830017,"서울 동작구 대방동 383-17"
cx_dbf8d2eb7122d078,"vip(602-284)",관악구,NO_MATCH,EXACT_JIBUN_ADDRESS,116201030006020284,"서울 관악구 남현동 602-284"
cx_dbfc0599983ac190,"한진로즈힐",서초구,NO_MATCH,EXACT_PARCEL,116501010032760000,"서울 서초구 방배동 3276"
cx_dc00f9e939d9c2d4,"청구파크뷰",중구,NO_MATCH,EXACT_JIBUN_ADDRESS,111401620002920035,"서울 중구 신당동 292-35"
cx_dc0c171f6788d998,"경남아너스빌",마포구,NO_MATCH,EXACT_PARCEL,114401110004550000,"서울 마포구 신수동 455"
cx_dc1363d4cca17c96,"한신(개포)",강남구,NO_MATCH,EXACT_PARCEL,116801180004640000,"서울 강남구 도곡동 464"
cx_dc18d87fca23d14c,"한강우성",광진구,NO_MATCH,EXACT_JIBUN_ADDRESS,112151050000870001,"서울 광진구 자양동 87-1"
cx_dc1c6998cc68323f,"금광포란재(102)",은평구,NO_MATCH,EXACT_JIBUN_ADDRESS,113801050003550081,"서울 은평구 구산동 355-81"
cx_dc1f1cd6192bdd12,"서초교대e편한세상",서초구,NO_MATCH,EXACT_JIBUN_ADDRESS,116501080016860009,"서울 서초구 서초동 1686-9"
cx_dc1f212134b1579c,"청암2단지",노원구,NO_MATCH,EXACT_PARCEL,113501050012760000,"서울 노원구 상계동 1276"
cx_dc21a88e15c2e821,"인랜드",서초구,NO_MATCH,EXACT_JIBUN_ADDRESS,116501020003630003,"서울 서초구 양재동 363-3"
cx_dc2df13bec672fa4,"강변현대",성동구,NO_MATCH,EXACT_PARCEL,112001150004000000,"서울 성동구 성수동2가 400"
cx_dc2e18845dde42db,"대명",강동구,NO_MATCH,NO_MATCH,117401070004470008,"서울 강동구 암사동 447-8"
cx_dc35de2675d53406,"주공5",노원구,NO_MATCH,EXACT_JIBUN_ADDRESS,113501060003590001,"서울 노원구 중계동 359-1"
cx_dc45c05fbcf452e9,"낙성대에메랄드",관악구,NO_MATCH,EXACT_JIBUN_ADDRESS,116201010016900158,"서울 관악구 봉천동 1690-158"
cx_dc4df7a79801155f,"대원칸타빌",중랑구,NO_MATCH,EXACT_PARCEL,112601010005810000,"서울 중랑구 면목동 581"
cx_dc50da4167ac2e88,"거성훼미리(29-68)",강서구,NO_MATCH,EXACT_JIBUN_ADDRESS,115001030000290068,"서울 강서구 화곡동 29-68"
cx_dc51624bd3263cd6,"애지앙",서초구,NO_MATCH,EXACT_JIBUN_ADDRESS,116501080014660004,"서울 서초구 서초동 1466-4"
cx_dc5aa0b9e9383e80,"갑을",송파구,NO_MATCH,EXACT_JIBUN_ADDRESS,117101030002140006,"서울 송파구 풍납동 214-6"
cx_dc5f4e7ec3066090,"금성아파트",용산구,NO_MATCH,EXACT_JIBUN_ADDRESS,111701170001240001,"서울 용산구 원효로3가 124-1"
cx_dc62cb28f2b4dea4,"타워팰리스2",강남구,NO_MATCH,EXACT_JIBUN_ADDRESS,116801180004670017,"서울 강남구 도곡동 467-17"
cx_dc662193727a1f3d,"동양넥스빌",강동구,NO_MATCH,EXACT_JIBUN_ADDRESS,117401070005010004,"서울 강동구 암사동 501-4"
cx_dc6ae78342ba5fcb,"신세계2차",강서구,NO_MATCH,EXACT_JIBUN_ADDRESS,115001030010090006,"서울 강서구 화곡동 1009-6"
cx_dc7163e26ed0740f,"금호타운(583)",노원구,NO_MATCH,EXACT_PARCEL,113501060005830000,"서울 노원구 중계동 583"
cx_dc71ced6ef850af5,"선화아파트",광진구,NO_MATCH,EXACT_JIBUN_ADDRESS,112151030000470003,"서울 광진구 구의동 47-3"
cx_dc752fa957054467,"고운아파트",구로구,NO_MATCH,EXACT_PARCEL,115301070004840000,"서울 구로구 개봉동 484"
cx_dc774d67ec4aa2dc,"휴먼아파트b",관악구,NO_MATCH,EXACT_JIBUN_ADDRESS,116201010016440031,"서울 관악구 봉천동 1644-31"
cx_dc7941c63cc2b2d2,"두산위브1단지",강남구,NO_MATCH,EXACT_JIBUN_ADDRESS,116801080002520001,"서울 강남구 논현동 252-1"
cx_dc7d7710b305f78f,"에레프",강남구,NO_MATCH,EXACT_JIBUN_ADDRESS,116801010008310029,"서울 강남구 역삼동 831-29"
cx_dc840f30acbb3278,"래미안월곡",성북구,NO_MATCH,EXACT_PARCEL,112901360002250000,"서울 성북구 하월곡동 225"
cx_dc89d648ed1d945f,"서울",영등포구,NO_MATCH,EXACT_JIBUN_ADDRESS,115601100000210001,"서울 영등포구 여의도동 21-1"
cx_dc94ed3fd441e6da,"대원아파트",성북구,NO_MATCH,EXACT_JIBUN_ADDRESS,112901330008220001,"서울 성북구 정릉동 822-1"
cx_dc9a23d3e53efdd8,"아르지움주상복합",은평구,NO_MATCH,EXACT_JIBUN_ADDRESS,113801070005770007,"서울 은평구 응암동 577-7"
cx_dca1d41ce6afa089,"(749-96)",구로구,NO_MATCH,EXACT_JIBUN_ADDRESS,115301020007490096,"서울 구로구 구로동 749-96"
cx_dca5d07bc0408077,"남산트라팰리스",중구,NO_MATCH,EXACT_PARCEL,111401180008270000,"서울 중구 남대문로5가 827"
cx_dcb1552b781b4def,"블루하이츠",서초구,NO_MATCH,EXACT_JIBUN_ADDRESS,116501020003790003,"서울 서초구 양재동 379-3"
cx_dcb95fc6dc090a08,"리버뷰",영등포구,NO_MATCH,EXACT_JIBUN_ADDRESS,115601170001210130,"서울 영등포구 당산동 121-130"
cx_dcc905b3788d07b4,"해피그린(171-24)",구로구,NO_MATCH,EXACT_JIBUN_ADDRESS,115301060001720024,"서울 구로구 고척동 172-24"
cx_dcca5b920bc9ae42,"롯데캐슬",동작구,NO_MATCH,EXACT_PARCEL,115901070011320000,"서울 동작구 사당동 1132"
cx_dce29d4ebe6aeb40,"서초동아이파크",서초구,NO_MATCH,EXACT_JIBUN_ADDRESS,116501080014360014,"서울 서초구 서초동 1436-14"
cx_dce39fb520befe89,"목동해오름103동",양천구,NO_MATCH,EXACT_JIBUN_ADDRESS,114701010010130001,"서울 양천구 신정동 1013-1"
cx_dcf671540b2b1dc6,"이문휘경지웰에스테이트",동대문구,NO_MATCH,EXACT_PARCEL,112301090003770000,"서울 동대문구 휘경동 377"
cx_dd01d9f4ef20e3af,"장미아파트a동",금천구,NO_MATCH,EXACT_JIBUN_ADDRESS,115451020008890026,"서울 금천구 독산동 889-26"
cx_dd084dceadc4cbb6,"영창하모니a",도봉구,NO_MATCH,EXACT_JIBUN_ADDRESS,113201070005820021,"서울 도봉구 창동 582-21"
cx_dd1179f9dcebd791,"힐스테이트창경궁",종로구,NO_MATCH,EXACT_PARCEL,111101670000600000,"서울 종로구 충신동 60"
cx_dd23be948f08f798,"예아아트월드",중랑구,NO_MATCH,EXACT_JIBUN_ADDRESS,112601050001330015,"서울 중랑구 망우동 133-15"
cx_dd25ec7bcf3a30ed,"한신타워",서초구,NO_MATCH,EXACT_JIBUN_ADDRESS,116501060000710011,"서울 서초구 잠원동 71-11"
cx_dd289304a0d278f5,"리첸시아",영등포구,NO_MATCH,MULTI_RECORD_SAME_PARCEL,115601100000610000,"서울 영등포구 여의도동 61"
cx_dd372e619c6c7ce4,"힐스테이트세운센트럴1단지",중구,NO_MATCH,EXACT_PARCEL,111401560002770000,"서울 중구 입정동 277"
cx_dd394ced00a014a0,"고덕자이",강동구,NO_MATCH,EXACT_PARCEL,117401030005210000,"서울 강동구 상일동 521"
cx_dd3aa98755f508db,"스카이아파트",성북구,NO_MATCH,EXACT_JIBUN_ADDRESS,112901330006700050,"서울 성북구 정릉동 670-50"
cx_dd3b201afb1d517f,"우공팰리스",강서구,NO_MATCH,EXACT_JIBUN_ADDRESS,115001030009160032,"서울 강서구 화곡동 916-32"
cx_dd4cc736cfebd3b8,"에스디펠리체",송파구,NO_MATCH,EXACT_JIBUN_ADDRESS,117101070001980007,"서울 송파구 가락동 198-7"
cx_dd4dbcd563dad49b,"초안2",노원구,NO_MATCH,EXACT_PARCEL,113501020009240000,"서울 노원구 월계동 924"
cx_dd4f429a2ca54bbb,"그린힐빌라트",강북구,NO_MATCH,EXACT_JIBUN_ADDRESS,113051010001980036,"서울 강북구 미아동 198-36"
cx_dd531029acf1e849,"월드메르디앙",중랑구,NO_MATCH,EXACT_PARCEL,112601040003920000,"서울 중랑구 묵동 392"
cx_dd53619661c91863,"은창",강서구,NO_MATCH,EXACT_PARCEL,115001030011430000,"서울 강서구 화곡동 1143"
cx_dd57d5482ae4b672,"한양수자인사가정파크",중랑구,NO_MATCH,EXACT_PARCEL,112601010015430000,"서울 중랑구 면목동 1543"
cx_dd5b2c29ca1ac6ba,"삼백훼미리",양천구,NO_MATCH,EXACT_JIBUN_ADDRESS,114701010009180001,"서울 양천구 신정동 918-1"
cx_dd5e02c22bab9ff3,"밤섬경남아너스빌",마포구,NO_MATCH,EXACT_PARCEL,114401110004590000,"서울 마포구 신수동 459"
cx_dd6331811168f739,"휘경제이스카이아파트",동대문구,NO_MATCH,EXACT_PARCEL,112301090003690000,"서울 동대문구 휘경동 369"
cx_dd78452cfb3afccf,"보람그린102동",노원구,NO_MATCH,MULTI_RECORD_SAME_PARCEL,113501050010940000,"서울 노원구 상계동 1094"
cx_dd878fb81dab948a,"대우(효령)",서초구,NO_MATCH,EXACT_PARCEL,116501010010380000,"서울 서초구 방배동 1038"
cx_dd930674dbd8ddf2,"태솔아파트4차",동대문구,NO_MATCH,EXACT_JIBUN_ADDRESS,112301060003350010,"서울 동대문구 장안동 335-10"
cx_dd99f6d20af19742,"성영",서초구,NO_MATCH,EXACT_JIBUN_ADDRESS,116501020002060007,"서울 서초구 양재동 206-7"
cx_dd9dac8b615bc0d5,"래미안공덕5차",마포구,NO_MATCH,EXACT_PARCEL,114401020004690000,"서울 마포구 공덕동 469"
cx_ddb41e53e8a149ae,"답십리엘림퍼스트",동대문구,NO_MATCH,EXACT_PARCEL,112301050010150000,"서울 동대문구 답십리동 1015"
cx_ddbd6ff51d4e7d81,"우성꿈동산",구로구,NO_MATCH,EXACT_PARCEL,115301060003210000,"서울 구로구 고척동 321"
cx_ddc234fbeba09909,"청구",성북구,NO_MATCH,EXACT_PARCEL,112901330010130000,"서울 성북구 정릉동 1013"
cx_ddc5b95bd7bba7c6,"중앙하이츠(5지역)",노원구,NO_MATCH,EXACT_PARCEL,113501050010680000,"서울 노원구 상계동 1068"
cx_ddc724bc4f357e14,"성산동성",마포구,NO_MATCH,EXACT_PARCEL,114401250005970000,"서울 마포구 성산동 597"
cx_ddc90de40eb7040d,"럭키",구로구,NO_MATCH,EXACT_PARCEL,115301020012570000,"서울 구로구 구로동 1257"
cx_ddcc4a1fd399d57f,"월드빌리지",서초구,NO_MATCH,EXACT_JIBUN_ADDRESS,116501010008380001,"서울 서초구 방배동 838-1"
cx_ddd59076961dadb4,"동원데쟈뷰",양천구,NO_MATCH,EXACT_JIBUN_ADDRESS,114701010009380007,"서울 양천구 신정동 938-7"
cx_ddd7777c8bde6c67,"문성",금천구,NO_MATCH,EXACT_JIBUN_ADDRESS,115451020008870007,"서울 금천구 독산동 887-7"
cx_dde32ef8e5e7a041,"효성노바",강동구,NO_MATCH,EXACT_JIBUN_ADDRESS,117401050003460001,"서울 강동구 길동 346-1"
cx_ddec177053c10eb2,"라움",강동구,NO_MATCH,EXACT_JIBUN_ADDRESS,117401080004390002,"서울 강동구 성내동 439-2"
cx_ddfb1199d90a9173,"늘푸른5차",관악구,NO_MATCH,EXACT_JIBUN_ADDRESS,116201010016900171,"서울 관악구 봉천동 1690-171"
cx_ddfd7c33d27a18e4,"창동한승미메이드",도봉구,NO_MATCH,EXACT_PARCEL,113201070008240000,"서울 도봉구 창동 824"
cx_de001d8eda1eee16,"개화",강서구,NO_MATCH,EXACT_PARCEL,115001090008190000,"서울 강서구 방화동 819"
cx_de0315b46b599f86,"공성",동대문구,NO_MATCH,NO_MATCH,112301030008920065,"서울 동대문구 제기동 892-65"
cx_de0642138e27b307,"신원리브웰화양동주상복합",광진구,NO_MATCH,EXACT_JIBUN_ADDRESS,112151070001110088,"서울 광진구 화양동 111-88"
cx_de10064dd6df929f,"한라타운아파트",관악구,NO_MATCH,MULTI_RECORD_SAME_PARCEL,116201020007630000,"서울 관악구 신림동 763"
cx_de262cae8edf8b65,"리치",동대문구,NO_MATCH,EXACT_JIBUN_ADDRESS,112301060003850002,"서울 동대문구 장안동 385-2"
cx_de373925cabf2828,"하이페리온2",양천구,NO_MATCH,EXACT_PARCEL,114701020009610000,"서울 양천구 목동 961"
cx_de3aa4933da964e5,"세진(1037-31)",금천구,NO_MATCH,EXACT_JIBUN_ADDRESS,115451020010370031,"서울 금천구 독산동 1037-31"
cx_de42a2dd5db5b01a,"브리앙뜨",서초구,NO_MATCH,EXACT_JIBUN_ADDRESS,116501070001070052,"서울 서초구 반포동 107-52"
cx_de464c0b4a3dca76,"퍼스트뷰아파트",도봉구,NO_MATCH,EXACT_JIBUN_ADDRESS,113201070004420005,"서울 도봉구 창동 442-5"
cx_de4ae23749fc6da3,"공덕3삼성래미안",마포구,NO_MATCH,EXACT_PARCEL,114401020004570000,"서울 마포구 공덕동 457"
cx_de4fe9df65305c37,"지고하임(102동)",강남구,NO_MATCH,EXACT_JIBUN_ADDRESS,116801080000440009,"서울 강남구 논현동 44-9"
cx_de547f7aab2e1751,"개포자이프레지던스",강남구,NO_MATCH,EXACT_PARCEL,116801030012840000,"서울 강남구 개포동 1284"
cx_de55f72aaf3bb627,"현대한강",용산구,NO_MATCH,EXACT_PARCEL,111701290004000000,"서울 용산구 이촌동 400"
cx_de5cb056e30e5c14,"신신(2차)",중구,NO_MATCH,EXACT_JIBUN_ADDRESS,111401620004321957,"서울 중구 신당동 432-1957"
cx_de6024009c3bc915,"한강포스파크",강동구,NO_MATCH,MULTI_RECORD_SAME_PARCEL,117401070004450000,"서울 강동구 암사동 445"
cx_de65d47ae8767283,"고려아파트(d동)",강동구,NO_MATCH,EXACT_JIBUN_ADDRESS,117401090000220009,"서울 강동구 천호동 22-9"
cx_de6729c1ed418ea2,"도봉파크빌3",도봉구,NO_MATCH,EXACT_PARCEL,113201080006440000,"서울 도봉구 도봉동 644"
cx_de68c3d259cbc6d3,"응암푸르지오",은평구,NO_MATCH,EXACT_PARCEL,113801070001760000,"서울 은평구 응암동 176"
cx_de72718b64c65585,"로얄파크에이",서초구,NO_MATCH,EXACT_JIBUN_ADDRESS,116501080015270013,"서울 서초구 서초동 1527-13"
cx_de7a60046affb794,"뉴그린아파트",관악구,NO_MATCH,EXACT_JIBUN_ADDRESS,116201010015980049,"서울 관악구 봉천동 1598-49"
cx_de7eb677548f548c,"삼오",은평구,NO_MATCH,EXACT_JIBUN_ADDRESS,113801060002040001,"서울 은평구 대조동 204-1"
cx_de7f72dcd661d1e5,"한림리첸빌102동",강서구,NO_MATCH,EXACT_PARCEL,115001050011700000,"서울 강서구 마곡동 1170"
cx_de834dc4fdadca76,"멤피스빌",서초구,NO_MATCH,EXACT_JIBUN_ADDRESS,116501010008000009,"서울 서초구 방배동 800-9"
cx_de8c53f35f16abe0,"사당자이",동작구,NO_MATCH,EXACT_PARCEL,115901070011390000,"서울 동작구 사당동 1139"
cx_de935c3a85f0ebd0,"동재(a동)",동대문구,NO_MATCH,EXACT_JIBUN_ADDRESS,112301060002410013,"서울 동대문구 장안동 241-13"
cx_dea11c2aa7558412,"sm이로빌아파트",강동구,NO_MATCH,EXACT_JIBUN_ADDRESS,117401090000520003,"서울 강동구 천호동 52-3"
cx_dea2f3a1984a1521,"삼환나띠르빌(1002-22)",서초구,NO_MATCH,EXACT_JIBUN_ADDRESS,116501010010020022,"서울 서초구 방배동 1002-22"
cx_dea613fc05d688a5,"다스하우스",동대문구,NO_MATCH,EXACT_JIBUN_ADDRESS,112301040001000001,"서울 동대문구 전농동 100-1"
cx_dea65a7ee47a3707,"삼백",양천구,NO_MATCH,EXACT_JIBUN_ADDRESS,114701030004400010,"서울 양천구 신월동 440-10"
cx_deb193e330bb6132,"환희",양천구,NO_MATCH,EXACT_JIBUN_ADDRESS,114701030001230005,"서울 양천구 신월동 123-5"
cx_deb977713f7529e4,"유성",종로구,NO_MATCH,EXACT_JIBUN_ADDRESS,111101740006400076,"서울 종로구 창신동 640-76"
cx_dec106106f5889d0,"대광",성북구,NO_MATCH,EXACT_JIBUN_ADDRESS,112901230001360001,"서울 성북구 안암동3가 136-1"
cx_decf4f03de265040,"충우팰리스1",서대문구,NO_MATCH,EXACT_JIBUN_ADDRESS,114101190003250018,"서울 서대문구 북가좌동 325-18"
cx_ded3e47255f7fe56,"신일해피트리2차(567)",동대문구,NO_MATCH,EXACT_PARCEL,112301060005670000,"서울 동대문구 장안동 567"
cx_dedb88684c0c47df,"진영씨티파크apt",관악구,NO_MATCH,EXACT_JIBUN_ADDRESS,116201030010530014,"서울 관악구 남현동 1053-14"
cx_dedea1477690b4a6,"하이",중구,NO_MATCH,EXACT_JIBUN_ADDRESS,111401620001130007,"서울 중구 신당동 113-7"
cx_dee72042f2948e08,"목화",마포구,NO_MATCH,EXACT_JIBUN_ADDRESS,114401230004830006,"서울 마포구 망원동 483-6"
cx_df109c99c30ef3d0,"도영힐",관악구,NO_MATCH,EXACT_JIBUN_ADDRESS,116201010009340004,"서울 관악구 봉천동 934-4"
cx_df1f6db657c3d7e8,"역삼동하나빌",강남구,NO_MATCH,EXACT_JIBUN_ADDRESS,116801010006810026,"서울 강남구 역삼동 681-26"
cx_df2071eea2182041,"솔루체2차아파트",마포구,NO_MATCH,EXACT_PARCEL,114401230005250000,"서울 마포구 망원동 525"
cx_df23c29a8399bfee,"힐튼",은평구,NO_MATCH,EXACT_JIBUN_ADDRESS,113801040003270015,"서울 은평구 갈현동 327-15"
cx_df25ee8889a1cb76,"롯데우성",노원구,NO_MATCH,EXACT_JIBUN_ADDRESS,113501060003610001,"서울 노원구 중계동 361-1"
cx_df49088c4c2e2191,"메르시대신아파트",금천구,NO_MATCH,EXACT_JIBUN_ADDRESS,115451030009610004,"서울 금천구 시흥동 961-4"
cx_df4a6edc56641727,"지붕위애",관악구,NO_MATCH,EXACT_JIBUN_ADDRESS,116201020014630011,"서울 관악구 신림동 1463-11"
cx_df5cd0ce40c0d006,"주공7",강동구,NO_MATCH,NO_MATCH,117401030001870000,"서울 강동구 상일동 187"
cx_df6e1ae597dd26b2,"디에이치포레센트",강남구,NO_MATCH,EXACT_PARCEL,116801140007420000,"서울 강남구 일원동 742"
cx_df731398314cb180,"예승빌라트",은평구,NO_MATCH,EXACT_JIBUN_ADDRESS,113801050000270015,"서울 은평구 구산동 27-15"
cx_df7941debadac0a7,"무지개아파트(308-86)",은평구,NO_MATCH,EXACT_JIBUN_ADDRESS,113801050003080086,"서울 은평구 구산동 308-86"
cx_df79cc665c908628,"종암선경",성북구,NO_MATCH,EXACT_JIBUN_ADDRESS,112901350000340003,"서울 성북구 종암동 34-3"
cx_df7ac19a62002526,"근상프리즘",구로구,NO_MATCH,EXACT_PARCEL,115301020012830000,"서울 구로구 구로동 1283"
cx_df7d0e0291776e4d,"태승훼미리아파트5차",강서구,NO_MATCH,EXACT_JIBUN_ADDRESS,115001060007140004,"서울 강서구 내발산동 714-4"
cx_df82400176368fa3,"서초파라곤",서초구,NO_MATCH,EXACT_JIBUN_ADDRESS,116501080013270029,"서울 서초구 서초동 1327-29"
cx_df8658f7baf2e491,"래미안라그란데",동대문구,NO_MATCH,NO_MATCH,112301100002570042,"서울 동대문구 이문동 257-42"
cx_df88623c938413b5,"우성4",광진구,NO_MATCH,EXACT_PARCEL,112151050005780000,"서울 광진구 자양동 578"
cx_df89be567d432173,"목동센트럴아이파크위브2단지",양천구,NO_MATCH,EXACT_PARCEL,114701030010760000,"서울 양천구 신월동 1076"
cx_df8ad52fafeba8aa,"리버펠리스2동",강서구,NO_MATCH,EXACT_JIBUN_ADDRESS,115001010002570005,"서울 강서구 염창동 257-5"
cx_df8d6278fa7fa2bb,"풍림아이원아파트",강남구,NO_MATCH,EXACT_JIBUN_ADDRESS,116801060009100004,"서울 강남구 대치동 910-4"
cx_df97fbf8ac329b97,"보아스청와",양천구,NO_MATCH,EXACT_JIBUN_ADDRESS,114701030004220007,"서울 양천구 신월동 422-7"
cx_dfa1716eb2c20d15,"우민a",서대문구,NO_MATCH,EXACT_JIBUN_ADDRESS,114101100000010050,"서울 서대문구 북아현동 1-50"
cx_dfa2fe36fdf8d388,"3ru-city",서대문구,NO_MATCH,EXACT_JIBUN_ADDRESS,114101160005100002,"서울 서대문구 창천동 510-2"
cx_dfa53d49395480ec,"봉천두솔",관악구,NO_MATCH,EXACT_JIBUN_ADDRESS,116201010015260016,"서울 관악구 봉천동 1526-16"
cx_dfad9e9241f79a39,"신구블레스밸리",송파구,NO_MATCH,MULTI_RECORD_SAME_PARCEL,117101110001970000,"서울 송파구 방이동 197"
cx_dfaf9359d2fd9f27,"수명산롯데캐슬",양천구,NO_MATCH,EXACT_PARCEL,114701030010360000,"서울 양천구 신월동 1036"
cx_dfba78f37ce050e5,"엘리스",동작구,NO_MATCH,EXACT_JIBUN_ADDRESS,115901090003660176,"서울 동작구 신대방동 366-176"
cx_dfc13580338d4397,"구현대",성북구,NO_MATCH,EXACT_PARCEL,112901030006240000,"서울 성북구 돈암동 624"
cx_dfca882aeb402f48,"(747-10)",구로구,NO_MATCH,EXACT_JIBUN_ADDRESS,115301020007470010,"서울 구로구 구로동 747-10"
cx_dfcc9d82602e2545,"송학",은평구,NO_MATCH,EXACT_JIBUN_ADDRESS,113801050000240059,"서울 은평구 구산동 24-59"
cx_dfd34db8a70d5402,"서울대역마에스트로",관악구,NO_MATCH,EXACT_JIBUN_ADDRESS,116201010008690006,"서울 관악구 봉천동 869-6"
cx_dfd5e72589c8140b,"대보아파트(798-3)",광진구,NO_MATCH,EXACT_JIBUN_ADDRESS,112151050007980003,"서울 광진구 자양동 798-3"
cx_dfd6d6670167f5be,"lg선릉에클라트(a)",강남구,NO_MATCH,EXACT_JIBUN_ADDRESS,116801050001420007,"서울 강남구 삼성동 142-7"
cx_e01eb6f407f00d59,"롯데캐슬루나",노원구,NO_MATCH,EXACT_PARCEL,113501020009470000,"서울 노원구 월계동 947"
cx_e02035e08190d69d,"서초네이처힐4단지",서초구,NO_MATCH,EXACT_PARCEL,116501030007200000,"서울 서초구 우면동 720"
cx_e028943d76c5d68b,"고명",성북구,NO_MATCH,EXACT_JIBUN_ADDRESS,112901030000420032,"서울 성북구 돈암동 42-32"
cx_e03a32e99c8eb173,"삼성홈타운",광진구,NO_MATCH,EXACT_JIBUN_ADDRESS,112151050007700002,"서울 광진구 자양동 770-2"
cx_e03aa6396ce6a6c3,"정릉성원상떼빌",성북구,NO_MATCH,EXACT_PARCEL,112901330010190000,"서울 성북구 정릉동 1019"
cx_e03fab2bc873b470,"송림퍼스트빌",관악구,NO_MATCH,EXACT_JIBUN_ADDRESS,116201030006020283,"서울 관악구 남현동 602-283"
cx_e0411b6cee1c2773,"은성",동작구,NO_MATCH,NO_MATCH,115901010002280007,"서울 동작구 노량진동 228-7"
cx_e04b70b71040b8d4,"풀내음(b동)",중랑구,NO_MATCH,EXACT_JIBUN_ADDRESS,112601040000580003,"서울 중랑구 묵동 58-3"
cx_e05e89854710f620,"두산위브트레지움",강북구,NO_MATCH,EXACT_PARCEL,113051010008110000,"서울 강북구 미아동 811"
cx_e06a042e6f650af8,"(780-48)",구로구,NO_MATCH,EXACT_JIBUN_ADDRESS,115301020007800048,"서울 구로구 구로동 780-48"
cx_e07e682f33f5d111,"태양",관악구,NO_MATCH,EXACT_JIBUN_ADDRESS,116201020015630002,"서울 관악구 신림동 1563-2"
cx_e08638261c81ece8,"dashaus",은평구,NO_MATCH,EXACT_JIBUN_ADDRESS,113801060000050011,"서울 은평구 대조동 5-11"
cx_e091f04db64ca93d,"대우멤버스카운티501",강남구,NO_MATCH,EXACT_JIBUN_ADDRESS,116801050000330022,"서울 강남구 삼성동 33-22"
cx_e095bf141dde5379,"현대1차",송파구,NO_MATCH,EXACT_PARCEL,117101130003620000,"서울 송파구 거여동 362"
cx_e095e2420c5e0800,"상도현대",동작구,NO_MATCH,EXACT_PARCEL,115901020004120000,"서울 동작구 상도동 412"
cx_e0a64ccf94f06958,"태진드림피아",강서구,NO_MATCH,EXACT_PARCEL,115001010002960000,"서울 강서구 염창동 296"
cx_e0a6e0e56c0ba6c9,"신당kcc스위첸",중구,NO_MATCH,EXACT_PARCEL,111401620008560000,"서울 중구 신당동 856"
cx_e0b60ee1e924c46a,"광진아트빌12차",동대문구,NO_MATCH,EXACT_JIBUN_ADDRESS,112301060003460021,"서울 동대문구 장안동 346-21"
cx_e0b6328a55c8abb0,"롯데캐슬퍼스트",강동구,NO_MATCH,EXACT_JIBUN_ADDRESS,117401070004140002,"서울 강동구 암사동 414-2"
cx_e0b6335077f51e56,"신정현대5",양천구,NO_MATCH,EXACT_PARCEL,114701010012730000,"서울 양천구 신정동 1273"
cx_e0ba494a94c338e8,"(743-55)",구로구,NO_MATCH,EXACT_JIBUN_ADDRESS,115301020007430055,"서울 구로구 구로동 743-55"
cx_e0ba7723fd4a9ee4,"중앙하이츠",구로구,NO_MATCH,EXACT_JIBUN_ADDRESS,115301020006850124,"서울 구로구 구로동 685-124"
cx_e0bae40157b0e45e,"이촌코오롱(b)",용산구,NO_MATCH,EXACT_PARCEL,111701290004140000,"서울 용산구 이촌동 414"
cx_e0be72c3bf354c43,"두산위브2단지",강남구,NO_MATCH,EXACT_PARCEL,116801080002580000,"서울 강남구 논현동 258"
cx_e0bf5b291bd5096f,"갤럭시타운",은평구,NO_MATCH,EXACT_JIBUN_ADDRESS,113801030002810081,"서울 은평구 불광동 281-81"
cx_e0bffae70593497a,"그랜드(a동)",서대문구,NO_MATCH,EXACT_JIBUN_ADDRESS,114101180002650049,"서울 서대문구 홍은동 265-49"
cx_e0c9bb760d5fdaf3,"동아청솔",도봉구,NO_MATCH,EXACT_PARCEL,113201070008080000,"서울 도봉구 창동 808"
cx_e0dd71c125a240f6,"스카이빌2차",광진구,NO_MATCH,EXACT_JIBUN_ADDRESS,112151050007690003,"서울 광진구 자양동 769-3"
cx_e0e7bf6667825066,"하이텍하우스",종로구,NO_MATCH,NO_MATCH,111101600000360001,"서울 종로구 연지동 36-1"
cx_e0f1d5eecc07c1eb,"서초극동스타클래스",서초구,NO_MATCH,EXACT_JIBUN_ADDRESS,116501080016160010,"서울 서초구 서초동 1616-10"
cx_e0f4b2e63bae0186,"세교예지안5차",강서구,NO_MATCH,EXACT_JIBUN_ADDRESS,115001030009140032,"서울 강서구 화곡동 914-32"
cx_e0fbfd3506314d47,"경남아너스빌",동작구,NO_MATCH,EXACT_PARCEL,115901080005120000,"서울 동작구 대방동 512"
cx_e0ff03c64834e77d,"장안트윈a동",동대문구,NO_MATCH,EXACT_JIBUN_ADDRESS,112301060003060008,"서울 동대문구 장안동 306-8"
cx_e1007ff7bac64d7e,"레미테지",성동구,NO_MATCH,EXACT_JIBUN_ADDRESS,112001130002200002,"서울 성동구 옥수동 220-2"
cx_e1201262308465f9,"한양1차(영동한양)",강남구,NO_MATCH,EXACT_PARCEL,116801100004900000,"서울 강남구 압구정동 490"
cx_e12833ff31b7b430,"더원센트럴",강남구,NO_MATCH,EXACT_JIBUN_ADDRESS,116801080001180008,"서울 강남구 논현동 118-8"
cx_e13322579a97aed9,"꿈의숲해링턴플레이스",강북구,NO_MATCH,EXACT_PARCEL,113051010013690000,"서울 강북구 미아동 1369"
cx_e13f2397a4636a30,"광장",영등포구,NO_MATCH,EXACT_PARCEL,115601100000280000,"서울 영등포구 여의도동 28"
cx_e1439c793c36c7ae,"(718-17)문화아트빌라",구로구,NO_MATCH,EXACT_JIBUN_ADDRESS,115301020007180017,"서울 구로구 구로동 718-17"
cx_e1547d98574155db,"방배서리풀힐스",서초구,NO_MATCH,EXACT_JIBUN_ADDRESS,116501010009150016,"서울 서초구 방배동 915-16"
cx_e15749554d0dea53,"현대그린",성동구,NO_MATCH,EXACT_JIBUN_ADDRESS,112001140000330002,"서울 성동구 성수동1가 33-2"
cx_e1583e66cdf9ebb8,"럭키힐",서대문구,NO_MATCH,EXACT_JIBUN_ADDRESS,114101110003120067,"서울 서대문구 홍제동 312-67"
cx_e15c2194193479ae,"한신1차",노원구,NO_MATCH,MULTI_RECORD_SAME_PARCEL,113501050001350000,"서울 노원구 상계동 135"
cx_e16c2364b1eca75e,"대영1동",광진구,NO_MATCH,EXACT_JIBUN_ADDRESS,112151010001330007,"서울 광진구 중곡동 133-7"
cx_e172615b4f6b514e,"우성리빙텔",강남구,NO_MATCH,EXACT_JIBUN_ADDRESS,116801180004670010,"서울 강남구 도곡동 467-10"
cx_e1809689c576c435,"(792-102)",구로구,NO_MATCH,EXACT_JIBUN_ADDRESS,115301020007920102,"서울 구로구 구로동 792-102"
cx_e18396b0714e6f65,"우영아파트",양천구,NO_MATCH,EXACT_JIBUN_ADDRESS,114701030001360008,"서울 양천구 신월동 136-8"
cx_e184247392c6132f,"동아",종로구,NO_MATCH,EXACT_PARCEL,111101800001010000,"서울 종로구 교북동 101"
cx_e19439b8d95ae1a6,"월계로즈빌(387)",노원구,NO_MATCH,EXACT_PARCEL,113501020003870000,"서울 노원구 월계동 387"
cx_e1994b6fd26c701e,"성림(390-5)",동대문구,NO_MATCH,EXACT_JIBUN_ADDRESS,112301060003900005,"서울 동대문구 장안동 390-5"
cx_e19a2d11725355b6,"정릉우성아파트101~105동",성북구,NO_MATCH,EXACT_PARCEL,112901330010200000,"서울 성북구 정릉동 1020"
cx_e1a7b2dbe5e2cae5,"동산빌라(2차)",중구,NO_MATCH,EXACT_JIBUN_ADDRESS,111401620004321952,"서울 중구 신당동 432-1952"
cx_e1b4e67731026095,"(771-30)",구로구,NO_MATCH,EXACT_JIBUN_ADDRESS,115301020007710030,"서울 구로구 구로동 771-30"
cx_e1b88f6f9047bbb8,"(798-21)",구로구,NO_MATCH,EXACT_JIBUN_ADDRESS,115301020007980021,"서울 구로구 구로동 798-21"
cx_e1b9ccd99ff611e0,"태솔아파트5차",동대문구,NO_MATCH,EXACT_JIBUN_ADDRESS,112301060003340003,"서울 동대문구 장안동 334-3"
cx_e1be5e871b5914ab,"홍파",동대문구,NO_MATCH,EXACT_JIBUN_ADDRESS,112301030001200010,"서울 동대문구 제기동 120-10"
cx_e1c880b14dc30b68,"주공10",강서구,NO_MATCH,EXACT_PARCEL,115001020007020000,"서울 강서구 등촌동 702"
cx_e1ca28a81c539cfe,"온누리",금천구,NO_MATCH,EXACT_PARCEL,115451010007740000,"서울 금천구 가산동 774"
cx_e1cfba905cd8ada9,"노원센트럴푸르지오",노원구,NO_MATCH,MULTI_RECORD_SAME_PARCEL,113501050013550000,"서울 노원구 상계동 1355"
cx_e1d05a3e434cd340,"동인샤인빌",성동구,NO_MATCH,EXACT_PARCEL,112001130000120000,"서울 성동구 옥수동 12"
cx_e1d2e94be6e3e431,"위례24단지(꿈에그린)",송파구,NO_MATCH,EXACT_PARCEL,117101090009010000,"서울 송파구 장지동 901"
cx_e1e9fda0d009b7e4,"예청b",은평구,NO_MATCH,EXACT_JIBUN_ADDRESS,113801070001220012,"서울 은평구 응암동 122-12"
cx_e1ebbb8deaca72c8,"웨스트빌(102동)",양천구,NO_MATCH,EXACT_PARCEL,114701020009540000,"서울 양천구 목동 954"
cx_e1f01762b7b21472,"애드웰(774-10)",양천구,NO_MATCH,EXACT_JIBUN_ADDRESS,114701020007740010,"서울 양천구 목동 774-10"
cx_e1f6a9a6be21b546,"오금아르미안",송파구,NO_MATCH,EXACT_JIBUN_ADDRESS,117101120000690009,"서울 송파구 오금동 69-9"
cx_e1fe985f67d868b3,"(749-29)",구로구,NO_MATCH,EXACT_JIBUN_ADDRESS,115301020007490029,"서울 구로구 구로동 749-29"
cx_e1fea7eb3e819cd4,"방배신동아럭스빌",서초구,NO_MATCH,EXACT_JIBUN_ADDRESS,116501010010260014,"서울 서초구 방배동 1026-14"
cx_e1fefbd23d5394c7,"동원(796-61)",구로구,NO_MATCH,EXACT_JIBUN_ADDRESS,115301020007960061,"서울 구로구 구로동 796-61"
cx_e214f3928e3c087e,"동아코아아파트",강동구,NO_MATCH,EXACT_PARCEL,117401090005630000,"서울 강동구 천호동 563"
cx_e21854603e7c72c0,"상아",영등포구,NO_MATCH,NO_MATCH,115601150000040013,"서울 영등포구 당산동5가 4-13"
cx_e2241efbc047bdc7,"한화포레나미아",강북구,NO_MATCH,EXACT_PARCEL,113051010013790000,"서울 강북구 미아동 1379"
cx_e22836978dfd1240,"힐스테이트홍은포레스트",서대문구,NO_MATCH,EXACT_PARCEL,114101180004700000,"서울 서대문구 홍은동 470"
cx_e22faeb24f31f7b2,"(798-26)",구로구,NO_MATCH,EXACT_JIBUN_ADDRESS,115301020007980026,"서울 구로구 구로동 798-26"
cx_e23a756d8162b2d1,"중앙(931-9)",강서구,NO_MATCH,EXACT_JIBUN_ADDRESS,115001030009310009,"서울 강서구 화곡동 931-9"
cx_e23bf4183b530f23,"한림201동",마포구,NO_MATCH,EXACT_JIBUN_ADDRESS,114401250001990015,"서울 마포구 성산동 199-15"
cx_e24213a055db49d4,"성락",영등포구,NO_MATCH,EXACT_JIBUN_ADDRESS,115601330006870001,"서울 영등포구 대림동 687-1"
cx_e2432be60ab21727,"무악재한화",서대문구,NO_MATCH,EXACT_PARCEL,114101110004640000,"서울 서대문구 홍제동 464"
cx_e261971cc78e0713,"칠성(3)",금천구,NO_MATCH,EXACT_JIBUN_ADDRESS,115451030009770011,"서울 금천구 시흥동 977-11"
cx_e26aa9bc9d4d8375,"삼명",구로구,NO_MATCH,EXACT_JIBUN_ADDRESS,115301060000970003,"서울 구로구 고척동 97-3"
cx_e26fec157207f229,"풍전",용산구,NO_MATCH,EXACT_JIBUN_ADDRESS,111701180001090004,"서울 용산구 원효로4가 109-4"
cx_e27413d5af33410a,"영진팰리스",도봉구,NO_MATCH,EXACT_JIBUN_ADDRESS,113201050000880014,"서울 도봉구 쌍문동 88-14"
cx_e27d955ded0a8b4b,"미양산타빌",성북구,NO_MATCH,EXACT_JIBUN_ADDRESS,112901330003650004,"서울 성북구 정릉동 365-4"
cx_e2815c8d45ecfe3e,"용마동아",중랑구,NO_MATCH,EXACT_PARCEL,112601010014990000,"서울 중랑구 면목동 1499"
cx_e28afb138fe97177,"(792-2)",구로구,NO_MATCH,EXACT_JIBUN_ADDRESS,115301020007920002,"서울 구로구 구로동 792-2"
cx_e296e68f8256b342,"노블레스(383-8)",강동구,NO_MATCH,EXACT_JIBUN_ADDRESS,117401050003830008,"서울 강동구 길동 383-8"
cx_e2a6f60d0f0cd8a1,"신현대",동대문구,NO_MATCH,MULTI_RECORD_SAME_PARCEL,112301080000650000,"서울 동대문구 회기동 65"
cx_e2ac47db6d9e31d5,"아셈그린힐",금천구,NO_MATCH,EXACT_JIBUN_ADDRESS,115451020001840003,"서울 금천구 독산동 184-3"
cx_e2b6e56acfe9dcb5,"럭키",도봉구,NO_MATCH,EXACT_PARCEL,113201080005950000,"서울 도봉구 도봉동 595"
cx_e2b93fad19a590c5,"동대문더퍼스트데시앙",동대문구,NO_MATCH,EXACT_PARCEL,112301060005870000,"서울 동대문구 장안동 587"
cx_e2d25a44f82dc2b6,"대우멤버스카운티201",강남구,NO_MATCH,EXACT_JIBUN_ADDRESS,116801050000330020,"서울 강남구 삼성동 33-20"
cx_e2dc43c71376bf77,"에스아이팰리스강동센텀ⅱ",강동구,NO_MATCH,EXACT_JIBUN_ADDRESS,117401050003860004,"서울 강동구 길동 386-4"
cx_e2e1085f8f046266,"신세계3차101동",강서구,NO_MATCH,EXACT_PARCEL,115001060007310000,"서울 강서구 내발산동 731"
cx_e2eb01db65fd2ddc,"동부화이트빌",송파구,NO_MATCH,EXACT_JIBUN_ADDRESS,117101080000580017,"서울 송파구 문정동 58-17"
cx_e2f683355bb410c3,"리버티하우스",용산구,NO_MATCH,EXACT_PARCEL,111701310002580000,"서울 용산구 한남동 258"
cx_e2fa482d5de3fc77,"파르네빌",광진구,NO_MATCH,EXACT_JIBUN_ADDRESS,112151030005870058,"서울 광진구 구의동 587-58"
cx_e2fac9bf0d539f6a,"서초레몬",서초구,NO_MATCH,EXACT_JIBUN_ADDRESS,116501080016000011,"서울 서초구 서초동 1600-11"
cx_e2fe31c17e3046cc,"씨밀레",서대문구,NO_MATCH,EXACT_PARCEL,114101160004680000,"서울 서대문구 창천동 468"
cx_e321c9ad38f9a320,"삼환",송파구,NO_MATCH,EXACT_PARCEL,117101070001760000,"서울 송파구 가락동 176"
cx_e32abc095c090faa,"명진(200-115)",은평구,NO_MATCH,EXACT_JIBUN_ADDRESS,113801090002000115,"서울 은평구 신사동 200-115"
cx_e342d9ef886f85e1,"은하(400-60)",강서구,NO_MATCH,EXACT_JIBUN_ADDRESS,115001030004000060,"서울 강서구 화곡동 400-60"
cx_e3445a07a86fe3f8,"상진지오벨리(548)",양천구,NO_MATCH,MULTI_RECORD_SAME_PARCEL,114701020005480000,"서울 양천구 목동 548"
cx_e3449fadfad14c9d,"현대맨션(52-27)",강북구,NO_MATCH,EXACT_JIBUN_ADDRESS,113051030000520027,"서울 강북구 수유동 52-27"
cx_e3492e1b5e4ac82d,"태경크레앙스(102동)",마포구,NO_MATCH,EXACT_JIBUN_ADDRESS,114401230004560060,"서울 마포구 망원동 456-60"
cx_e351cf181c888f4e,"에스아이팰리스강동센텀i",강동구,NO_MATCH,EXACT_JIBUN_ADDRESS,117401050003880002,"서울 강동구 길동 388-2"
cx_e369f8260fcbd921,"우성5",광진구,NO_MATCH,EXACT_JIBUN_ADDRESS,112151050005530041,"서울 광진구 자양동 553-41"
cx_e36a0b2910ddc0ab,"쌍용예가클래식",영등포구,NO_MATCH,EXACT_PARCEL,115601130005590000,"서울 영등포구 당산동3가 559"
cx_e37155382e340bb3,"대우",성동구,NO_MATCH,EXACT_PARCEL,112001120008000000,"서울 성동구 금호동4가 800"
cx_e37b7bcc6cde7b44,"현대4차저층(51~56동)",강남구,NO_MATCH,EXACT_PARCEL,116801100004620000,"서울 강남구 압구정동 462"
cx_e37f26e94d3644ef,"(717-24)함양주택",구로구,NO_MATCH,EXACT_JIBUN_ADDRESS,115301020007170024,"서울 구로구 구로동 717-24"
cx_e38cfa26ef25ce2e,"목동성삼하이츠",양천구,NO_MATCH,EXACT_JIBUN_ADDRESS,114701020004060038,"서울 양천구 목동 406-38"
cx_e391b7eac98cd99f,"대영(2동)",광진구,NO_MATCH,EXACT_JIBUN_ADDRESS,112151030002540041,"서울 광진구 구의동 254-41"
cx_e3971e01b18c9ea7,"풀내음아파트",도봉구,NO_MATCH,EXACT_JIBUN_ADDRESS,113201050000750029,"서울 도봉구 쌍문동 75-29"
cx_e3a31336d83a4237,"(739-19)",구로구,NO_MATCH,EXACT_JIBUN_ADDRESS,115301020007390019,"서울 구로구 구로동 739-19"
cx_e3a37cc8f1408d8e,"도화현대",마포구,NO_MATCH,EXACT_PARCEL,114401040005470000,"서울 마포구 도화동 547"
cx_e3ad236ee1cef9b7,"삼도(101)",양천구,NO_MATCH,EXACT_JIBUN_ADDRESS,114701030005580003,"서울 양천구 신월동 558-3"
cx_e3af1f675b0d9bf4,"이너스5차동진",강서구,NO_MATCH,EXACT_PARCEL,115001010003040000,"서울 강서구 염창동 304"
cx_e3be60e6e53b5ef5,"현대휴온",중랑구,NO_MATCH,EXACT_PARCEL,112601010015350000,"서울 중랑구 면목동 1535"
cx_e3d3576a66f21756,"금호어울림",양천구,NO_MATCH,EXACT_PARCEL,114701020009510000,"서울 양천구 목동 951"
cx_e3d39596b19dcdd4,"비에이치수반애수목원아파트",구로구,NO_MATCH,EXACT_JIBUN_ADDRESS,115301080002410002,"서울 구로구 오류동 241-2"
cx_e3dba2cb9cb5e46d,"한신주택",구로구,NO_MATCH,EXACT_JIBUN_ADDRESS,115301020007980002,"서울 구로구 구로동 798-2"
cx_e3e608302bb14d39,"신트리1",양천구,NO_MATCH,EXACT_PARCEL,114701010012590000,"서울 양천구 신정동 1259"
cx_e3eb9d7ce0354ba1,"구로아트빌라9",구로구,NO_MATCH,EXACT_JIBUN_ADDRESS,115301020008040004,"서울 구로구 구로동 804-4"
cx_e3f2cec135e4f04e,"월드메르디앙2",양천구,NO_MATCH,EXACT_PARCEL,114701020009480000,"서울 양천구 목동 948"
cx_e3f52551fdd09589,"e편한세상광진그랜드파크",광진구,NO_MATCH,EXACT_PARCEL,112151030006800000,"서울 광진구 구의동 680"
cx_e3f922b49df886ca,"청화",마포구,NO_MATCH,EXACT_JIBUN_ADDRESS,114401230004220012,"서울 마포구 망원동 422-12"
cx_e3fa303e8ed3607c,"주승보타운",성북구,NO_MATCH,EXACT_JIBUN_ADDRESS,112901130000060004,"서울 성북구 삼선동3가 6-4"
cx_e3faecb4b019c1ed,"801-14",구로구,NO_MATCH,EXACT_JIBUN_ADDRESS,115301020008010014,"서울 구로구 구로동 801-14"
cx_e3fefd32404b12e8,"대림",동대문구,NO_MATCH,EXACT_PARCEL,112301050008080000,"서울 동대문구 답십리동 808"
cx_e4049090b7766d77,"금천롯데캐슬골드파크3차",금천구,NO_MATCH,EXACT_PARCEL,115451020011550000,"서울 금천구 독산동 1155"
cx_e40550ed67cfd7d9,"연신내역트리플라102동",은평구,NO_MATCH,EXACT_JIBUN_ADDRESS,113801030004860013,"서울 은평구 불광동 486-13"
cx_e405867b203da38e,"스카이캐슬",강북구,NO_MATCH,EXACT_JIBUN_ADDRESS,113051020004460059,"서울 강북구 번동 446-59"
cx_e40f099ac741109c,"서초블레스",서초구,NO_MATCH,EXACT_JIBUN_ADDRESS,116501080015320010,"서울 서초구 서초동 1532-10"
cx_e413130f673304ee,"귀빈",은평구,NO_MATCH,EXACT_JIBUN_ADDRESS,113801080000520026,"서울 은평구 역촌동 52-26"
cx_e413687d200c03d1,"대신",양천구,NO_MATCH,EXACT_JIBUN_ADDRESS,114701030004810009,"서울 양천구 신월동 481-9"
cx_e41ed7f482903b8e,"역삼동그린비",강남구,NO_MATCH,EXACT_JIBUN_ADDRESS,116801010006560032,"서울 강남구 역삼동 656-32"
cx_e4201302ccf734e5,"동일씨티빌",도봉구,NO_MATCH,EXACT_JIBUN_ADDRESS,113201050000190020,"서울 도봉구 쌍문동 19-20"
cx_e423a15e60abbc04,"청담대우멤버스카운티12차",강남구,NO_MATCH,EXACT_JIBUN_ADDRESS,116801040001100011,"서울 강남구 청담동 110-11"
cx_e424df03734c820d,"메이저(474-21)",강동구,NO_MATCH,EXACT_JIBUN_ADDRESS,117401070004740021,"서울 강동구 암사동 474-21"
cx_e4333c9fbdc8780c,"오로라빌",서초구,NO_MATCH,EXACT_JIBUN_ADDRESS,116501080015230009,"서울 서초구 서초동 1523-9"
cx_e43f6525ccdb8a91,"노블씨티",서초구,NO_MATCH,EXACT_JIBUN_ADDRESS,116501010008020008,"서울 서초구 방배동 802-8"
cx_e442b9c6299e5424,"현대썬앤빌청계",동대문구,NO_MATCH,EXACT_JIBUN_ADDRESS,112301050005300015,"서울 동대문구 답십리동 530-15"
cx_e44c273465ddd76c,"밀레니엄",종로구,NO_MATCH,EXACT_JIBUN_ADDRESS,111101830001790005,"서울 종로구 평창동 179-5"
cx_e44efa2c3d30aff2,"문래모아미래도",영등포구,NO_MATCH,EXACT_PARCEL,115601230000670000,"서울 영등포구 문래동5가 67"
cx_e450b05dfa416ab2,"삼보힐하우스",성북구,NO_MATCH,EXACT_JIBUN_ADDRESS,112901070001030020,"서울 성북구 동소문동4가 103-20"
cx_e456245d1a728a8d,"미래하임(아파트)",은평구,NO_MATCH,EXACT_JIBUN_ADDRESS,113801090002290024,"서울 은평구 신사동 229-24"
cx_e462fccb876ed003,"힐스테이트녹번역",은평구,NO_MATCH,EXACT_PARCEL,113801070007700000,"서울 은평구 응암동 770"
cx_e464f6e9c94aa093,"대성유니트",중랑구,NO_MATCH,EXACT_PARCEL,112601060008030000,"서울 중랑구 신내동 803"
cx_e468089bb9d2f56b,"은빛1단지",노원구,NO_MATCH,EXACT_PARCEL,113501050012550000,"서울 노원구 상계동 1255"
cx_e47102400fbc8ec6,"한남더힐",용산구,NO_MATCH,EXACT_PARCEL,111701310008100000,"서울 용산구 한남동 810"
cx_e47c94ecfe91babb,"강남센트럴아이파크",강남구,NO_MATCH,EXACT_PARCEL,116801010009020000,"서울 강남구 역삼동 902"
cx_e47f9f05481fcd5a,"정릉동푸른",성북구,NO_MATCH,EXACT_JIBUN_ADDRESS,112901330007670002,"서울 성북구 정릉동 767-2"
cx_e4840b507a96048e,"삼웅아파트2동",성동구,NO_MATCH,EXACT_JIBUN_ADDRESS,112001050007780002,"서울 성동구 마장동 778-2"
cx_e484c4f363a38acc,"신대방",동작구,NO_MATCH,EXACT_PARCEL,115901090007050000,"서울 동작구 신대방동 705"
cx_e492fe396a00e5ce,"싸이",서대문구,NO_MATCH,EXACT_JIBUN_ADDRESS,114101170001040003,"서울 서대문구 연희동 104-3"
cx_e4948055a0651b3a,"예촌그린",관악구,NO_MATCH,EXACT_JIBUN_ADDRESS,116201030010720046,"서울 관악구 남현동 1072-46"
cx_e4965151e4e0c054,"청우아트빌리지(738-39)",구로구,NO_MATCH,EXACT_JIBUN_ADDRESS,115301020007380039,"서울 구로구 구로동 738-39"
cx_e49e63394c5b7aa8,"구의강변우성아파트",광진구,NO_MATCH,EXACT_JIBUN_ADDRESS,112151030005460007,"서울 광진구 구의동 546-7"
cx_e4be9bbd5773af16,"예일",금천구,NO_MATCH,EXACT_JIBUN_ADDRESS,115451030009200035,"서울 금천구 시흥동 920-35"
cx_e4c82e75dd077398,"신세계드림빌1",은평구,NO_MATCH,EXACT_JIBUN_ADDRESS,113801060001950014,"서울 은평구 대조동 195-14"
cx_e4c8d26cb29f1c96,"삼능스페이스향",노원구,NO_MATCH,EXACT_JIBUN_ADDRESS,113501020003800001,"서울 노원구 월계동 380-1"
cx_e4ce7def8d9a7666,"삼환나띠르빌(1002-8)",서초구,NO_MATCH,EXACT_JIBUN_ADDRESS,116501010010020008,"서울 서초구 방배동 1002-8"
cx_e4e17a588144eab5,"한솔e(b동)",중랑구,NO_MATCH,EXACT_JIBUN_ADDRESS,112601030000190003,"서울 중랑구 중화동 19-3"
cx_e4e80101740259db,"미성맨션",송파구,NO_MATCH,EXACT_PARCEL,117101040001610000,"서울 송파구 송파동 161"
cx_e518568e2b2cff36,"지오빌",강서구,NO_MATCH,EXACT_PARCEL,115001010000570000,"서울 강서구 염창동 57"
cx_e5220fb89dd0ef0e,"노블레스(249-12)",마포구,NO_MATCH,EXACT_JIBUN_ADDRESS,114401240002490012,"서울 마포구 연남동 249-12"
cx_e52673f2331f7439,"인택스빌3차",송파구,NO_MATCH,EXACT_JIBUN_ADDRESS,117101110001860012,"서울 송파구 방이동 186-12"
cx_e526d041d7653bf9,"조한",서대문구,NO_MATCH,EXACT_PARCEL,114101110004580000,"서울 서대문구 홍제동 458"
cx_e52acab07212d282,"남광아파트",노원구,NO_MATCH,EXACT_JIBUN_ADDRESS,113501030006840022,"서울 노원구 공릉동 684-22"
cx_e52b39eb5c4260eb,"세원아파트",송파구,NO_MATCH,EXACT_JIBUN_ADDRESS,117101110001690002,"서울 송파구 방이동 169-2"
cx_e53c8233b277844b,"센트레",마포구,NO_MATCH,EXACT_JIBUN_ADDRESS,114401200004530015,"서울 마포구 서교동 453-15"
cx_e544c1cf6d4f05ee,"성진파크뷰아파트",도봉구,NO_MATCH,EXACT_PARCEL,113201060007410000,"서울 도봉구 방학동 741"
cx_e54c18c5b85e5408,"래미안아트리치",성북구,NO_MATCH,MULTI_RECORD_SAME_PARCEL,112901390004100000,"서울 성북구 석관동 410"
cx_e54cf905b39a8f23,"거상홈타운801동",금천구,NO_MATCH,EXACT_JIBUN_ADDRESS,115451030009490018,"서울 금천구 시흥동 949-18"
cx_e5517343030ff322,"신양",관악구,NO_MATCH,EXACT_JIBUN_ADDRESS,116201010015110029,"서울 관악구 봉천동 1511-29"
cx_e55711b8af85364c,"정우아파트(570-11)",강서구,NO_MATCH,EXACT_JIBUN_ADDRESS,115001020005700011,"서울 강서구 등촌동 570-11"
cx_e55cffa766bf229f,"응암동금호",은평구,NO_MATCH,EXACT_PARCEL,113801070007390000,"서울 은평구 응암동 739"
cx_e55ec1a141c6469f,"크로바맨션",송파구,NO_MATCH,EXACT_JIBUN_ADDRESS,117101080001100007,"서울 송파구 문정동 110-7"
cx_e564621c74b2cf0e,"대림(2차)",성동구,NO_MATCH,EXACT_PARCEL,112001080000970000,"서울 성동구 응봉동 97"
cx_e5723fa1d05ad372,"대도훼미리",금천구,NO_MATCH,EXACT_JIBUN_ADDRESS,115451030009890011,"서울 금천구 시흥동 989-11"
cx_e57c8e5fa6d1ec9f,"상지리츠빌(127-16)",강남구,NO_MATCH,EXACT_JIBUN_ADDRESS,116801040001270016,"서울 강남구 청담동 127-16"
cx_e57f51482a35cbd2,"서울숲한양현대",성동구,NO_MATCH,EXACT_PARCEL,112001140007070000,"서울 성동구 성수동1가 707"
cx_e585750081714367,"건영2",노원구,NO_MATCH,EXACT_JIBUN_ADDRESS,113501060005150002,"서울 노원구 중계동 515-2"
cx_e58a5b91336f0753,"두산위브트레지움2차",동작구,NO_MATCH,EXACT_PARCEL,115901020005350000,"서울 동작구 상도동 535"
cx_e58b1edd0782c7ed,"예지인",강남구,NO_MATCH,EXACT_JIBUN_ADDRESS,116801010008280011,"서울 강남구 역삼동 828-11"
cx_e5a5787b911796ba,"비젼아파트101동",동대문구,NO_MATCH,EXACT_JIBUN_ADDRESS,112301060004550001,"서울 동대문구 장안동 455-1"
cx_e5a6333db3345830,"경성아파트",구로구,NO_MATCH,EXACT_JIBUN_ADDRESS,115301020007790064,"서울 구로구 구로동 779-64"
cx_e5c6197c396d1329,"쎄비앙102동",강남구,NO_MATCH,EXACT_JIBUN_ADDRESS,116801010007780005,"서울 강남구 역삼동 778-5"
cx_e5cfdf7da45a0531,"탑건진선미",마포구,NO_MATCH,EXACT_PARCEL,114401230005060000,"서울 마포구 망원동 506"
cx_e5daad9dbfaae264,"진성그린",동작구,NO_MATCH,EXACT_JIBUN_ADDRESS,115901020001260031,"서울 동작구 상도동 126-31"
cx_e5f1361e51fd52d7,"서울숲삼부아파트",성동구,NO_MATCH,EXACT_PARCEL,112001070001470000,"서울 성동구 행당동 147"
cx_e5fa20065f223af8,"중앙하이츠103동",마포구,NO_MATCH,EXACT_JIBUN_ADDRESS,114401140000420009,"서울 마포구 창전동 42-9"
cx_e606a5e223a57fc3,"쏠레뉴",서초구,NO_MATCH,EXACT_JIBUN_ADDRESS,116501070000530002,"서울 서초구 반포동 53-2"
cx_e606c79605667345,"방배cj나인빌1차",서초구,NO_MATCH,EXACT_JIBUN_ADDRESS,116501010008890005,"서울 서초구 방배동 889-5"
cx_e614959cfc2d3b37,"서리풀e편한세상",서초구,NO_MATCH,EXACT_JIBUN_ADDRESS,116501010009060013,"서울 서초구 방배동 906-13"
cx_e63f9c98095da427,"경보그레이스힐",강동구,NO_MATCH,EXACT_PARCEL,117401080005960000,"서울 강동구 성내동 596"
cx_e63fde7c7b0d9dea,"네스빌(728-10)",강남구,NO_MATCH,EXACT_JIBUN_ADDRESS,116801010007280010,"서울 강남구 역삼동 728-10"
cx_e643887f500daff4,"은일로즈힐",양천구,NO_MATCH,EXACT_JIBUN_ADDRESS,114701030010030004,"서울 양천구 신월동 1003-4"
cx_e6523347808fd9f8,"가람",강남구,NO_MATCH,EXACT_PARCEL,116801140007350000,"서울 강남구 일원동 735"
cx_e654b9f2c2d35f51,"쌍용플래티넘",강남구,NO_MATCH,MULTI_RECORD_SAME_PARCEL,116801050001170000,"서울 강남구 삼성동 117"
cx_e65532a5b3d19cb0,"펠리시티",은평구,NO_MATCH,EXACT_JIBUN_ADDRESS,113801070001170024,"서울 은평구 응암동 117-24"
cx_e65bbfd743625d23,"파크뷰아파트",동작구,NO_MATCH,EXACT_JIBUN_ADDRESS,115901020002830068,"서울 동작구 상도동 283-68"
cx_e66062833b1ddded,"롯데캐슬",중구,NO_MATCH,EXACT_PARCEL,111401650025450000,"서울 중구 황학동 2545"
cx_e66293cc80e9fef4,"요진",서대문구,NO_MATCH,EXACT_PARCEL,114101190001500000,"서울 서대문구 북가좌동 150"
cx_e6775a7c6d5b5f8f,"다우하임더프라임아파트",강서구,NO_MATCH,EXACT_JIBUN_ADDRESS,115001090004500001,"서울 강서구 방화동 450-1"
cx_e681c19fd777f039,"훼미리하우스138",영등포구,NO_MATCH,EXACT_JIBUN_ADDRESS,115601170001210108,"서울 영등포구 당산동 121-108"
cx_e688b29376a6db57,"목동태진드림피아",양천구,NO_MATCH,EXACT_JIBUN_ADDRESS,114701020007550002,"서울 양천구 목동 755-2"
cx_e68d0b0d5369d3a3,"금호(1차)",관악구,NO_MATCH,EXACT_PARCEL,116201020017050000,"서울 관악구 신림동 1705"
cx_e6a7b29bf43c8d4e,"(793-24)",구로구,NO_MATCH,EXACT_JIBUN_ADDRESS,115301020007930024,"서울 구로구 구로동 793-24"
cx_e6aacfa52f89bab3,"삼익4단지아파트",노원구,NO_MATCH,EXACT_PARCEL,113501030007140000,"서울 노원구 공릉동 714"
cx_e6b04879589ae859,"중앙하이츠아쿠아",노원구,NO_MATCH,MULTI_RECORD_SAME_PARCEL,113501060005140000,"서울 노원구 중계동 514"
cx_e6b86a5dee3d43ac,"고려아파트(c동)",강동구,NO_MATCH,EXACT_JIBUN_ADDRESS,117401090000220011,"서울 강동구 천호동 22-11"
cx_e6ce88c8c5cfcb3f,"한일퍼스트빌(415-37)",구로구,NO_MATCH,EXACT_JIBUN_ADDRESS,115301020004150037,"서울 구로구 구로동 415-37"
cx_e6d61ce12cdff355,"래미안신사",강남구,NO_MATCH,EXACT_JIBUN_ADDRESS,116801070005060009,"서울 강남구 신사동 506-9"
cx_e6d7e9592fa85488,"한신진일빌라트",서초구,NO_MATCH,MULTI_RECORD_SAME_PARCEL,116501060000610000,"서울 서초구 잠원동 61"
cx_e6de4c5bf2f84706,"압구정하이츠파크",강남구,NO_MATCH,EXACT_PARCEL,116801070006320000,"서울 강남구 신사동 632"
cx_e6decadaa8f8a840,"로쟌뷰",송파구,NO_MATCH,EXACT_JIBUN_ADDRESS,117101050000010001,"서울 송파구 석촌동 1-1"
cx_e6e664439233e8d5,"삼성동힐스테이트1단지",강남구,NO_MATCH,EXACT_JIBUN_ADDRESS,116801050000160002,"서울 강남구 삼성동 16-2"
cx_e6f160c092c426cb,"코트빌",서초구,NO_MATCH,EXACT_JIBUN_ADDRESS,116501010008040009,"서울 서초구 방배동 804-9"
cx_e6f2cbdd5db28648,"극동늘푸른",양천구,NO_MATCH,EXACT_JIBUN_ADDRESS,114701020007520001,"서울 양천구 목동 752-1"
cx_e6ffd72cf3a317b1,"진성101동",강서구,NO_MATCH,EXACT_JIBUN_ADDRESS,115001030011330007,"서울 강서구 화곡동 1133-7"
cx_e6ffee1c5807a307,"서희스타힐스",관악구,NO_MATCH,EXACT_PARCEL,116201010017290000,"서울 관악구 봉천동 1729"
cx_e7048e0c0487f93a,"다원",은평구,NO_MATCH,EXACT_JIBUN_ADDRESS,113801070001220007,"서울 은평구 응암동 122-7"
cx_e7066cfdfbdba775,"아셈",강남구,NO_MATCH,EXACT_JIBUN_ADDRESS,116801050001080001,"서울 강남구 삼성동 108-1"
cx_e70b71537b5d4935,"우성5차에비뉴",동대문구,NO_MATCH,EXACT_PARCEL,112301060005830000,"서울 동대문구 장안동 583"
cx_e70fb244c957c9f9,"더클래시",마포구,NO_MATCH,EXACT_PARCEL,114401010008040000,"서울 마포구 아현동 804"
cx_e7121db9493dcf02,"은천1",관악구,NO_MATCH,MULTI_RECORD_SAME_PARCEL,116201010017070000,"서울 관악구 봉천동 1707"
cx_e71426425d9b8e3d,"방배아트e편한세상104",서초구,NO_MATCH,EXACT_JIBUN_ADDRESS,116501010004860001,"서울 서초구 방배동 486-1"
cx_e71cb21e5f6fd02d,"프라임하우스(342-44)",강서구,NO_MATCH,EXACT_JIBUN_ADDRESS,115001030003420044,"서울 강서구 화곡동 342-44"
cx_e720f740872b2b58,"(372-66)",중구,NO_MATCH,EXACT_JIBUN_ADDRESS,111401620003720066,"서울 중구 신당동 372-66"
cx_e7479f6e57f7e516,"성우아파트",동작구,NO_MATCH,EXACT_JIBUN_ADDRESS,115901020003800001,"서울 동작구 상도동 380-1"
cx_e7495e75ef0ce6f9,"논현인텔(9-2)",강남구,NO_MATCH,NO_MATCH,116801080000090002,"서울 강남구 논현동 9-2"
cx_e75c21d1cd81f8ea,"청담대우로얄카운티5차",강남구,NO_MATCH,EXACT_JIBUN_ADDRESS,116801040000590013,"서울 강남구 청담동 59-13"
cx_e75c6000e523d23b,"라이프콤비",영등포구,NO_MATCH,EXACT_JIBUN_ADDRESS,115601100000610004,"서울 영등포구 여의도동 61-4"
cx_e767f08e73a7d76c,"정우아파트",강서구,NO_MATCH,EXACT_JIBUN_ADDRESS,115001020005700010,"서울 강서구 등촌동 570-10"
cx_e76999d5d5dd431d,"신공덕e편한세상",마포구,NO_MATCH,EXACT_PARCEL,114401030001680000,"서울 마포구 신공덕동 168"
cx_e76cc2bc2a433e61,"벽산블루밍2단지",양천구,NO_MATCH,EXACT_PARCEL,114701030010230000,"서울 양천구 신월동 1023"
cx_e77263cb9f49c240,"뉴서울",관악구,NO_MATCH,EXACT_PARCEL,116201020007390000,"서울 관악구 신림동 739"
cx_e773db27a4c6176e,"신대방타워",동작구,NO_MATCH,EXACT_JIBUN_ADDRESS,115901080003930071,"서울 동작구 대방동 393-71"
cx_e7772fddc24313c1,"서초1차e-편한세상",서초구,NO_MATCH,EXACT_JIBUN_ADDRESS,116501080014870063,"서울 서초구 서초동 1487-63"
cx_e7828051499d381c,"로얄카운티-3",용산구,NO_MATCH,EXACT_JIBUN_ADDRESS,111701120000170066,"서울 용산구 원효로1가 17-66"
cx_e7835b205132224e,"현대5",광진구,NO_MATCH,EXACT_JIBUN_ADDRESS,112151040005540007,"서울 광진구 광장동 554-7"
cx_e78da3787d6d7f92,"대림(1차)",성동구,NO_MATCH,EXACT_PARCEL,112001080001000000,"서울 성동구 응봉동 100"
cx_e7905775a3aa91ca,"메이저",강동구,NO_MATCH,EXACT_JIBUN_ADDRESS,117401080004290006,"서울 강동구 성내동 429-6"
cx_e794e1df9091d8cb,"남성골든빌a동b동",동작구,NO_MATCH,EXACT_JIBUN_ADDRESS,115901070002120003,"서울 동작구 사당동 212-3"
cx_e798ae3b7ebb158f,"별빛고운",종로구,NO_MATCH,EXACT_JIBUN_ADDRESS,111101840002350002,"서울 종로구 부암동 235-2"
cx_e79f34370b5b9973,"에메랄드101동",관악구,NO_MATCH,EXACT_JIBUN_ADDRESS,116201010000410253,"서울 관악구 봉천동 41-253"
cx_e7a58c5a5a63eb30,"창대캐슬",강동구,NO_MATCH,EXACT_JIBUN_ADDRESS,117401090001660106,"서울 강동구 천호동 166-106"
cx_e7b76bb5dfc2cde8,"현진에버빌",동작구,NO_MATCH,EXACT_PARCEL,115901090007160000,"서울 동작구 신대방동 716"
cx_e7c0d3adac241d2c,"프라임주택",강서구,NO_MATCH,EXACT_JIBUN_ADDRESS,115001030009240014,"서울 강서구 화곡동 924-14"
cx_e7c14327fcdbfe91,"구일우성",구로구,NO_MATCH,EXACT_PARCEL,115301020012590000,"서울 구로구 구로동 1259"
cx_e7ca284097844a00,"현대i-park",성북구,NO_MATCH,EXACT_PARCEL,112901320000020000,"서울 성북구 보문동3가 2"
cx_e7d049287a9045fd,"논현아트빌",강남구,NO_MATCH,EXACT_JIBUN_ADDRESS,116801080002150014,"서울 강남구 논현동 215-14"
cx_e7d772559138208b,"한신로얄",서초구,NO_MATCH,EXACT_JIBUN_ADDRESS,116501060000630034,"서울 서초구 잠원동 63-34"
cx_e7e4697cefe5274b,"윤탁아트리움",강서구,NO_MATCH,EXACT_JIBUN_ADDRESS,115001030010260018,"서울 강서구 화곡동 1026-18"
cx_e7ed0a0f972a2f51,"세양아르비채101동",서초구,NO_MATCH,EXACT_JIBUN_ADDRESS,116501010004210001,"서울 서초구 방배동 421-1"
cx_e7f8f590a5a01624,"삼정아트테라스정동",중구,NO_MATCH,EXACT_PARCEL,111401670000370000,"서울 중구 정동 37"
cx_e7fc6ab0edfa5721,"대원파크빌",마포구,NO_MATCH,EXACT_JIBUN_ADDRESS,114401140000060031,"서울 마포구 창전동 6-31"
cx_e80d96aa11bc68fa,"공릉해링턴플레이스",노원구,NO_MATCH,EXACT_PARCEL,113501030001060000,"서울 노원구 공릉동 106"
cx_e8102fb69157cd8f,"월드빌라(311-10)",강북구,NO_MATCH,EXACT_JIBUN_ADDRESS,113051010003110010,"서울 강북구 미아동 311-10"
cx_e81066ec20f7c234,"경희궁자이(4단지)",종로구,NO_MATCH,EXACT_PARCEL,111101800001260000,"서울 종로구 교북동 126"
cx_e81862c95b05f0b8,"롯데",성동구,NO_MATCH,EXACT_PARCEL,112001120012500000,"서울 성동구 금호동4가 1250"
cx_e82cb737eeb026e8,"청원파크빌3",강동구,NO_MATCH,EXACT_JIBUN_ADDRESS,117401050001030005,"서울 강동구 길동 103-5"
cx_e82dbdd4c9a97975,"각산",송파구,NO_MATCH,EXACT_JIBUN_ADDRESS,117101040001730001,"서울 송파구 송파동 173-1"
cx_e84a9fd9112ddef2,"이수브라운스톤돈암",성북구,NO_MATCH,EXACT_PARCEL,112901030006360000,"서울 성북구 돈암동 636"
cx_e84abbf76fcf9f2c,"e편한세상수색에코포레",은평구,NO_MATCH,EXACT_JIBUN_ADDRESS,113801010004150001,"서울 은평구 수색동 415-1"
cx_e85b432b6954b157,"미랜드퀸아파트101동",강동구,NO_MATCH,EXACT_JIBUN_ADDRESS,117401060000460041,"서울 강동구 둔촌동 46-41"
cx_e87057f346c724b9,"신성둔촌미소지움2",강동구,NO_MATCH,EXACT_JIBUN_ADDRESS,117401060001340010,"서울 강동구 둔촌동 134-10"
cx_e8779b1ddba786e9,"봉천동아",관악구,NO_MATCH,MULTI_RECORD_SAME_PARCEL,116201010017030000,"서울 관악구 봉천동 1703"
cx_e87d427f4ca0b347,"킴스아파트",중랑구,NO_MATCH,EXACT_JIBUN_ADDRESS,112601010001260001,"서울 중랑구 면목동 126-1"
cx_e87ea9a61157d00d,"푸른숲",동작구,NO_MATCH,EXACT_JIBUN_ADDRESS,115901080003810006,"서울 동작구 대방동 381-6"
cx_e8902e7b81d34bce,"벨라루체아파트",관악구,NO_MATCH,EXACT_JIBUN_ADDRESS,116201020014840009,"서울 관악구 신림동 1484-9"
cx_e891373a1e00d9da,"(749-48)",구로구,NO_MATCH,EXACT_JIBUN_ADDRESS,115301020007490048,"서울 구로구 구로동 749-48"
cx_e89792337a8d35c7,"올림픽레아아파트",송파구,NO_MATCH,EXACT_PARCEL,117101030005150000,"서울 송파구 풍납동 515"
cx_e8992cd53c43a71b,"프리마베라빌",용산구,NO_MATCH,EXACT_JIBUN_ADDRESS,111701010000550020,"서울 용산구 후암동 55-20"
cx_e8accb7d767e74d0,"서울가든",동대문구,NO_MATCH,EXACT_JIBUN_ADDRESS,112301090000490005,"서울 동대문구 휘경동 49-5"
cx_e8b6619087890c0a,"엘리시움아파트",송파구,NO_MATCH,EXACT_JIBUN_ADDRESS,117101120000260002,"서울 송파구 오금동 26-2"
cx_e8b8a58a0d7f4c9d,"테헤란로대우아이빌(891-6)",강남구,NO_MATCH,EXACT_JIBUN_ADDRESS,116801060008910006,"서울 강남구 대치동 891-6"
cx_e8b8eef05a465543,"대우레이크월드",송파구,NO_MATCH,EXACT_JIBUN_ADDRESS,117101040000580001,"서울 송파구 송파동 58-1"
cx_e8b9102bb7407e01,"신동아",관악구,NO_MATCH,EXACT_JIBUN_ADDRESS,,"서울 관악구 신림동 산28-9"
cx_e8c41916e0864f83,"태진",양천구,NO_MATCH,EXACT_JIBUN_ADDRESS,114701030004670003,"서울 양천구 신월동 467-3"
cx_e8c5bac55f3bd618,"상계신동아",노원구,NO_MATCH,EXACT_PARCEL,113501050004630000,"서울 노원구 상계동 463"
cx_e8c8583928de49e9,"한강리버힐b동",동작구,NO_MATCH,NO_MATCH,115901020000010038,"서울 동작구 상도동 1-38"
cx_e8ce66cee970b98a,"주공2",구로구,NO_MATCH,EXACT_JIBUN_ADDRESS,115301020006850223,"서울 구로구 구로동 685-223"
cx_e8d00b7288d9cac8,"둔촌역청구",강동구,NO_MATCH,EXACT_JIBUN_ADDRESS,117401080004190001,"서울 강동구 성내동 419-1"
cx_e8d6b85d74ba3784,"장미",중랑구,NO_MATCH,EXACT_JIBUN_ADDRESS,112601040001880001,"서울 중랑구 묵동 188-1"
cx_e8d7504855b307b8,"극동늘푸른",노원구,NO_MATCH,EXACT_PARCEL,113501050011280000,"서울 노원구 상계동 1128"
cx_e8d88cb6e2c0f181,"코지아뜨리에",성북구,NO_MATCH,EXACT_PARCEL,112901320002140000,"서울 성북구 보문동3가 214"
cx_e8dcb442fc9ffa95,"한신",영등포구,NO_MATCH,EXACT_PARCEL,115601240000430000,"서울 영등포구 문래동6가 43"
cx_e8e25d02298084a7,"뉴캐슬하우스",용산구,NO_MATCH,EXACT_JIBUN_ADDRESS,111701310006840082,"서울 용산구 한남동 684-82"
cx_e8e6f76764a34235,"동아한신",구로구,NO_MATCH,EXACT_PARCEL,115301060003270000,"서울 구로구 고척동 327"
cx_e8e720d22a80d9e5,"광남벨라스(vallace)",마포구,NO_MATCH,EXACT_JIBUN_ADDRESS,114401240004870077,"서울 마포구 연남동 487-77"
cx_e8ecf6ad51705f0a,"신동아",은평구,NO_MATCH,EXACT_JIBUN_ADDRESS,113801070001970078,"서울 은평구 응암동 197-78"
cx_e8f09f583d359130,"정릉한일유앤아이",성북구,NO_MATCH,EXACT_PARCEL,112901330010290000,"서울 성북구 정릉동 1029"
cx_e8fe75ee28697689,"유진뜨레지움",중랑구,NO_MATCH,EXACT_JIBUN_ADDRESS,112601010006120006,"서울 중랑구 면목동 612-6"
cx_e900153e445e7c7f,"장미아파트",은평구,NO_MATCH,EXACT_JIBUN_ADDRESS,113801060000310017,"서울 은평구 대조동 31-17"
cx_e9022fb7ec80fe6f,"북한산코오롱하늘채",도봉구,NO_MATCH,EXACT_PARCEL,113201050007320000,"서울 도봉구 쌍문동 732"
cx_e9144054779477b5,"성북힐스테이트(102동)",성북구,NO_MATCH,EXACT_JIBUN_ADDRESS,112901360000880957,"서울 성북구 하월곡동 88-957"
cx_e91d1f750708ebe6,"대경아르체",은평구,NO_MATCH,EXACT_PARCEL,113801040005500000,"서울 은평구 갈현동 550"
cx_e91e2b6e931dea7a,"세교예지안2차",강서구,NO_MATCH,EXACT_JIBUN_ADDRESS,115001030009250011,"서울 강서구 화곡동 925-11"
cx_e923c617a1cf125e,"자선메르시안(162-21)",은평구,NO_MATCH,EXACT_JIBUN_ADDRESS,113801100001620021,"서울 은평구 증산동 162-21"
cx_e923f7ca43c8931c,"마곡힐스테이트",강서구,NO_MATCH,EXACT_PARCEL,115001050015890000,"서울 강서구 마곡동 1589"
cx_e92f289d7b81eabc,"제니스",서대문구,NO_MATCH,EXACT_JIBUN_ADDRESS,114101110001310002,"서울 서대문구 홍제동 131-2"
cx_e93226604d983a1f,"대우아이빌멤버스(891-26)",강남구,NO_MATCH,EXACT_JIBUN_ADDRESS,116801060008910026,"서울 강남구 대치동 891-26"
cx_e936783dfd2b876d,"(796-26)",구로구,NO_MATCH,EXACT_JIBUN_ADDRESS,115301020007960026,"서울 구로구 구로동 796-26"
cx_e93b621676080bec,"기산빌라트",광진구,NO_MATCH,EXACT_JIBUN_ADDRESS,112151050006430019,"서울 광진구 자양동 643-19"
cx_e93bda60ac4e609f,"그린스테이트",도봉구,NO_MATCH,EXACT_PARCEL,113201050003110000,"서울 도봉구 쌍문동 311"
cx_e93f10090cfe3124,"(797-26)",구로구,NO_MATCH,EXACT_JIBUN_ADDRESS,115301020007970026,"서울 구로구 구로동 797-26"
cx_e948f1b6a46fccc3,"한림",강남구,NO_MATCH,EXACT_JIBUN_ADDRESS,116801030011640020,"서울 강남구 개포동 1164-20"
cx_e9536440ea6b7d2f,"남산리젠트힐",중구,NO_MATCH,EXACT_JIBUN_ADDRESS,111401620004321669,"서울 중구 신당동 432-1669"
cx_e957099a4bfebe4f,"한아름",서초구,NO_MATCH,EXACT_JIBUN_ADDRESS,116501020000030001,"서울 서초구 양재동 3-1"
cx_e957b0abdb6f5d7f,"명남뉴",은평구,NO_MATCH,EXACT_JIBUN_ADDRESS,113801080000830026,"서울 은평구 역촌동 83-26"
cx_e96fd0497113551a,"신길센트럴아이파크",영등포구,NO_MATCH,EXACT_PARCEL,115601320049550000,"서울 영등포구 신길동 4955"
cx_e9811cb0a2199f79,"염리동세양청마루아파트101동",마포구,NO_MATCH,EXACT_PARCEL,114401090005220000,"서울 마포구 염리동 522"
cx_e9862433ed39b0a4,"신진뉴캐슬",은평구,NO_MATCH,EXACT_JIBUN_ADDRESS,113801070001150004,"서울 은평구 응암동 115-4"
cx_e988760b5db8e8b9,"선덕빌라트아파트",도봉구,NO_MATCH,EXACT_JIBUN_ADDRESS,113201060005190001,"서울 도봉구 방학동 519-1"
cx_e98f64f5493b000e,"장은하이빌",노원구,NO_MATCH,EXACT_PARCEL,113501020009310000,"서울 노원구 월계동 931"
cx_e99280ec103c277f,"미건스카이빌",서대문구,NO_MATCH,EXACT_JIBUN_ADDRESS,114101180000140004,"서울 서대문구 홍은동 14-4"
cx_e997bca1f3d036ac,"동부(101동~103동)",구로구,NO_MATCH,EXACT_PARCEL,115301080003360000,"서울 구로구 오류동 336"
cx_e9b0a1043da4dd30,"성지라빌레뜨(845-1)",서초구,NO_MATCH,EXACT_JIBUN_ADDRESS,116501010008450001,"서울 서초구 방배동 845-1"
cx_e9b4613c8b7d8630,"유원제일",영등포구,NO_MATCH,NO_MATCH,115601140000910000,"서울 영등포구 당산동4가 91"
cx_e9c09990899ed71f,"역삼동월드메르디앙",강남구,NO_MATCH,EXACT_JIBUN_ADDRESS,116801010007950041,"서울 강남구 역삼동 795-41"
cx_e9c0bc7c994cebb1,"서초트라팰리스",서초구,NO_MATCH,EXACT_JIBUN_ADDRESS,116501080013440013,"서울 서초구 서초동 1344-13"
cx_e9cb8e176360f9e3,"상아1차아파트",도봉구,NO_MATCH,EXACT_PARCEL,113201070002990000,"서울 도봉구 창동 299"
cx_e9ccddf3d5de1ab3,"반석블레스빌",송파구,NO_MATCH,EXACT_JIBUN_ADDRESS,117101120000550008,"서울 송파구 오금동 55-8"
cx_e9d0af894db6df2e,"월드빌라트",서초구,NO_MATCH,EXACT_JIBUN_ADDRESS,116501080015180002,"서울 서초구 서초동 1518-2"
cx_e9d657537c97816e,"로뎀",강동구,NO_MATCH,MULTI_RECORD_SAME_PARCEL,117401090003620000,"서울 강동구 천호동 362"
cx_e9d85c5df9b3960a,"보문리슈빌하우트",성북구,NO_MATCH,EXACT_PARCEL,112901300002280000,"서울 성북구 보문동1가 228"
cx_e9dc0c78ba5bb656,"신일골드빌",강서구,NO_MATCH,EXACT_JIBUN_ADDRESS,115001030010120001,"서울 강서구 화곡동 1012-1"
cx_e9dc7b7831a7a4fd,"창동한신휴플러스(621-69)",도봉구,NO_MATCH,EXACT_JIBUN_ADDRESS,113201070006210069,"서울 도봉구 창동 621-69"
cx_e9e94b13623707d3,"드림캐슬",금천구,NO_MATCH,EXACT_JIBUN_ADDRESS,115451010002350057,"서울 금천구 가산동 235-57"
cx_e9f3b33804cefb63,"성재센트리움아파트(343-35)",강서구,NO_MATCH,EXACT_JIBUN_ADDRESS,115001030003430035,"서울 강서구 화곡동 343-35"
cx_ea03a8428285dd56,"다울101동",영등포구,NO_MATCH,EXACT_JIBUN_ADDRESS,115601320004560019,"서울 영등포구 신길동 456-19"
cx_ea03e59845e3c660,"화곡예다움",강서구,NO_MATCH,EXACT_JIBUN_ADDRESS,115001030004610004,"서울 강서구 화곡동 461-4"
cx_ea09d30241d21095,"올림푸스",강서구,NO_MATCH,EXACT_JIBUN_ADDRESS,115001030011010008,"서울 강서구 화곡동 1101-8"
cx_ea0aa82c65fadb07,"양용아네스",강서구,NO_MATCH,EXACT_JIBUN_ADDRESS,115001030004720013,"서울 강서구 화곡동 472-13"
cx_ea0fb54c1ff3e7fc,"(791-2)태영빌라",구로구,NO_MATCH,EXACT_JIBUN_ADDRESS,115301020007910002,"서울 구로구 구로동 791-2"
cx_ea25c346302745fd,"강서한강자이",강서구,NO_MATCH,EXACT_PARCEL,115001040015000000,"서울 강서구 가양동 1500"
cx_ea2695a68497c99e,"레이크팰리스",송파구,NO_MATCH,EXACT_PARCEL,117101010000440000,"서울 송파구 잠실동 44"
cx_ea26e9ec3dd521fe,"뉴마인",마포구,NO_MATCH,EXACT_JIBUN_ADDRESS,114401030000050005,"서울 마포구 신공덕동 5-5"
cx_ea28e6e58bcfbe8c,"해링턴플레이스노원센트럴",노원구,NO_MATCH,EXACT_PARCEL,113501050006900000,"서울 노원구 상계동 690"
cx_ea301e82cbe02a66,"코오롱아파트",송파구,NO_MATCH,EXACT_JIBUN_ADDRESS,117101110002120008,"서울 송파구 방이동 212-8"
cx_ea3706996c2c04f1,"청솔우성",구로구,NO_MATCH,EXACT_PARCEL,115301060003290000,"서울 구로구 고척동 329"
cx_ea4b122999a40483,"잠실월드메르디앙",송파구,NO_MATCH,EXACT_JIBUN_ADDRESS,117101010001750004,"서울 송파구 잠실동 175-4"
cx_ea5a988e5f731209,"하늘공원(69-5)",송파구,NO_MATCH,EXACT_JIBUN_ADDRESS,117101060000690005,"서울 송파구 삼전동 69-5"
cx_ea69a32dbf70e1d3,"울트라월드컵(참누리)",마포구,NO_MATCH,EXACT_PARCEL,114401260003980000,"서울 마포구 중동 398"
cx_ea74a4b3ead4e1b7,"안정빌라",구로구,NO_MATCH,EXACT_JIBUN_ADDRESS,115301020007400107,"서울 구로구 구로동 740-107"
cx_ea7b64bc37cf87d6,"엠화일비동",서대문구,NO_MATCH,EXACT_JIBUN_ADDRESS,114101200001320029,"서울 서대문구 남가좌동 132-29"
cx_eaa742d28452a45d,"로얄튼빌라",용산구,NO_MATCH,EXACT_JIBUN_ADDRESS,111701310000010297,"서울 용산구 한남동 1-297"
cx_eaac3f0eb34e2278,"효창파크푸르지오",용산구,NO_MATCH,EXACT_PARCEL,111701190002740000,"서울 용산구 효창동 274"
cx_eaad4ff203d642a4,"장미1",용산구,NO_MATCH,EXACT_JIBUN_ADDRESS,111701310007320019,"서울 용산구 한남동 732-19"
cx_eab9ca806a05be85,"구로현대",구로구,NO_MATCH,EXACT_PARCEL,115301020012560000,"서울 구로구 구로동 1256"
cx_eabc02594dae89a9,"실크",동작구,NO_MATCH,NO_MATCH,115901010003140086,"서울 동작구 노량진동 314-86"
cx_eace327dd108adc9,"하이리빙",구로구,NO_MATCH,EXACT_PARCEL,115301060003330000,"서울 구로구 고척동 333"
cx_eadfb03ee128416a,"인우",은평구,NO_MATCH,EXACT_PARCEL,113801100002520000,"서울 은평구 증산동 252"
cx_eae6e0713d27d934,"태승훼미리",강서구,NO_MATCH,EXACT_JIBUN_ADDRESS,115001060007220016,"서울 강서구 내발산동 722-16"
cx_eaf272b0f5afe66e,"풍림아이원플러스",서초구,NO_MATCH,EXACT_JIBUN_ADDRESS,116501080013380001,"서울 서초구 서초동 1338-1"
cx_eaff367cae4a184d,"한강현대아파트",광진구,NO_MATCH,EXACT_JIBUN_ADDRESS,112151040004570024,"서울 광진구 광장동 457-24"
cx_eb043be4a532257b,"(740-23)",구로구,NO_MATCH,EXACT_JIBUN_ADDRESS,115301020007400023,"서울 구로구 구로동 740-23"
cx_eb0d22cef68f3b11,"신이모닝빌",노원구,NO_MATCH,EXACT_PARCEL,113501050012980000,"서울 노원구 상계동 1298"
cx_eb0de645c461e8b9,"대성장안애캐슬",동대문구,NO_MATCH,EXACT_JIBUN_ADDRESS,112301060003460009,"서울 동대문구 장안동 346-9"
cx_eb1a50a00081d208,"현대빌라트",서초구,NO_MATCH,EXACT_JIBUN_ADDRESS,116501080014950001,"서울 서초구 서초동 1495-1"
cx_eb1b6f88f2752947,"아인리베",강동구,NO_MATCH,MULTI_RECORD_SAME_PARCEL,117401060004880000,"서울 강동구 둔촌동 488"
cx_eb1cc9b1eeaf67e3,"연우",서초구,NO_MATCH,EXACT_JIBUN_ADDRESS,116501080014870115,"서울 서초구 서초동 1487-115"
cx_eb1f6fb60ff2b362,"경남아너스빌(대아3)",동작구,NO_MATCH,EXACT_PARCEL,115901070011360000,"서울 동작구 사당동 1136"
cx_eb20c25760bb5dea,"브라운스톤쌍문",도봉구,NO_MATCH,EXACT_PARCEL,113201050007290000,"서울 도봉구 쌍문동 729"
cx_eb316ddfc9364164,"동훈노보빌",영등포구,NO_MATCH,EXACT_PARCEL,115601320004990000,"서울 영등포구 신길동 499"
cx_eb383be9f779eed0,"문래우정",영등포구,NO_MATCH,EXACT_PARCEL,115601210000780000,"서울 영등포구 문래동3가 78"
cx_eb3aff380afd18ab,"다성이즈텔",강동구,NO_MATCH,EXACT_JIBUN_ADDRESS,117401050004160003,"서울 강동구 길동 416-3"
cx_eb3d64f256b357fe,"등촌7,8단지주공아파트",강서구,NO_MATCH,EXACT_PARCEL,115001020007070000,"서울 강서구 등촌동 707"
cx_eb3fdee4cce5371e,"북한산한양수자인아파트",은평구,NO_MATCH,EXACT_PARCEL,113801030006360000,"서울 은평구 불광동 636"
cx_eb42ca7f4c25f4cf,"자선메르시안(101)",은평구,NO_MATCH,EXACT_PARCEL,113801100002530000,"서울 은평구 증산동 253"
cx_eb456c93e57a324a,"경남아너스빌201동",서초구,NO_MATCH,EXACT_JIBUN_ADDRESS,116501080014560002,"서울 서초구 서초동 1456-2"
cx_eb473c1f4ef028c7,"현대2",강서구,NO_MATCH,EXACT_JIBUN_ADDRESS,115001010002490011,"서울 강서구 염창동 249-11"
cx_eb4846c9d3259d2c,"롯데미도파광화문빌딩",종로구,NO_MATCH,EXACT_PARCEL,111101170001450000,"서울 종로구 당주동 145"
cx_eb5475e9b6e79211,"화신",구로구,NO_MATCH,EXACT_PARCEL,115301070004860000,"서울 구로구 개봉동 486"
cx_eb5521582ec80f7c,"성원",중랑구,NO_MATCH,EXACT_PARCEL,112601060007830000,"서울 중랑구 신내동 783"
cx_eb5ece9a66ea2aa3,"자성",양천구,NO_MATCH,EXACT_JIBUN_ADDRESS,114701010012100001,"서울 양천구 신정동 1210-1"
cx_eb6430984ad2d907,"(797-19)",구로구,NO_MATCH,EXACT_JIBUN_ADDRESS,115301020007970019,"서울 구로구 구로동 797-19"
cx_eb67f7e99bdc838e,"서서울삼성",마포구,NO_MATCH,EXACT_PARCEL,114401010006920000,"서울 마포구 아현동 692"
cx_eb70dda7f6724ce1,"아츠스테이수유점",강북구,NO_MATCH,EXACT_JIBUN_ADDRESS,113051020004430006,"서울 강북구 번동 443-6"
cx_eb76b51781b17f6a,"현진리버파크",강동구,NO_MATCH,EXACT_JIBUN_ADDRESS,117401090004670011,"서울 강동구 천호동 467-11"
cx_eb79892d0a1910c3,"베니하우스",서초구,NO_MATCH,NO_MATCH,116501060000600021,"서울 서초구 잠원동 60-21"
cx_eb7f6b38a4e3db89,"시티월드",구로구,NO_MATCH,EXACT_JIBUN_ADDRESS,115301080000440010,"서울 구로구 오류동 44-10"
cx_eb8c631e6354d076,"성옥",강서구,NO_MATCH,EXACT_JIBUN_ADDRESS,115001090005830023,"서울 강서구 방화동 583-23"
cx_eb8ebf89555fc820,"성내동대성",강동구,NO_MATCH,EXACT_PARCEL,117401080000510000,"서울 강동구 성내동 51"
cx_eb9338563881d527,"효림다온",관악구,NO_MATCH,EXACT_PARCEL,116201020017370000,"서울 관악구 신림동 1737"
cx_eb940fa42803b890,"래미안미드카운티",동대문구,NO_MATCH,EXACT_PARCEL,112301050010130000,"서울 동대문구 답십리동 1013"
cx_eba42de7eff89eab,"레이크시티",송파구,NO_MATCH,MULTI_RECORD_SAME_PARCEL,117101060000080000,"서울 송파구 삼전동 8"
cx_eba4d6c80047c3c9,"다우하임",동대문구,NO_MATCH,EXACT_JIBUN_ADDRESS,112301060003440002,"서울 동대문구 장안동 344-2"
cx_eba6c77419dd2574,"문래해태",영등포구,NO_MATCH,EXACT_PARCEL,115601210000130000,"서울 영등포구 문래동3가 13"
cx_ebaaa1f0168ff891,"청구빌라트",강동구,NO_MATCH,EXACT_JIBUN_ADDRESS,117401080004590002,"서울 강동구 성내동 459-2"
cx_ebc016175daa0642,"수정",영등포구,NO_MATCH,EXACT_PARCEL,115601100000320000,"서울 영등포구 여의도동 32"
cx_ebc3dcdd34d26cb8,"삼영노블레스",은평구,NO_MATCH,EXACT_JIBUN_ADDRESS,113801070000760002,"서울 은평구 응암동 76-2"
cx_ebc49ef01564de5d,"브라이튼여의도",영등포구,NO_MATCH,EXACT_PARCEL,115601100005250000,"서울 영등포구 여의도동 525"
cx_ebd064ec7785eacb,"보라매아카데미타워",동작구,NO_MATCH,EXACT_JIBUN_ADDRESS,115901090003950069,"서울 동작구 신대방동 395-69"
cx_ebdb991b1fab80a9,"수풍",마포구,NO_MATCH,EXACT_JIBUN_ADDRESS,114401260000300028,"서울 마포구 중동 30-28"
cx_ebdc48864528415f,"(아이엔에스새터)",동대문구,NO_MATCH,EXACT_JIBUN_ADDRESS,112301060004040013,"서울 동대문구 장안동 404-13"
cx_ebf9bb8bd3dabd3b,"동양드림아파트",금천구,NO_MATCH,EXACT_JIBUN_ADDRESS,115451020003780077,"서울 금천구 독산동 378-77"
cx_ec0dd3febf191bf3,"래미안서초5차",서초구,NO_MATCH,EXACT_JIBUN_ADDRESS,116501080015220001,"서울 서초구 서초동 1522-1"
cx_ec1265c9be8bd522,"극동메트로타워",은평구,NO_MATCH,EXACT_JIBUN_ADDRESS,113801030003110013,"서울 은평구 불광동 311-13"
cx_ec128debd09d803d,"보라매파크빌",동작구,NO_MATCH,EXACT_PARCEL,115901090007110000,"서울 동작구 신대방동 711"
cx_ec13b2c54096ed66,"천호1차우림루미아트",강동구,NO_MATCH,EXACT_JIBUN_ADDRESS,117401090000470024,"서울 강동구 천호동 47-24"
cx_ec147bee43be9adb,"광나루현대",광진구,NO_MATCH,EXACT_PARCEL,112151040005670000,"서울 광진구 광장동 567"
cx_ec24d3dd23efea65,"벽산블루밍1단지",양천구,NO_MATCH,EXACT_PARCEL,114701030010220000,"서울 양천구 신월동 1022"
cx_ec25a2c23f5f4a71,"집앤사비카",강동구,NO_MATCH,MULTI_RECORD_SAME_PARCEL,117401080004190000,"서울 강동구 성내동 419"
cx_ec2cce0e9fa4285d,"마장동중앙하이츠",성동구,NO_MATCH,EXACT_PARCEL,112001050008190000,"서울 성동구 마장동 819"
cx_ec37e554a2e383b7,"청담대우멤버스카운티6차",강남구,NO_MATCH,EXACT_JIBUN_ADDRESS,116801040001100004,"서울 강남구 청담동 110-4"
cx_ec39c28f1c52ede1,"한울글로리a",용산구,NO_MATCH,EXACT_JIBUN_ADDRESS,111701110001320050,"서울 용산구 청파동3가 132-50"
cx_ec3ae54ea32cd6d6,"광영다모은정아파트",강서구,NO_MATCH,EXACT_JIBUN_ADDRESS,115001030010190019,"서울 강서구 화곡동 1019-19"
cx_ec470c506ce342fc,"방배동동양파라곤",서초구,NO_MATCH,EXACT_JIBUN_ADDRESS,116501010009920008,"서울 서초구 방배동 992-8"
cx_ec4b303fc5a6cedd,"하늘빛아파트",중랑구,NO_MATCH,EXACT_JIBUN_ADDRESS,112601040001210302,"서울 중랑구 묵동 121-302"
cx_ec4f51e3f82e9dea,"쌍문동lg트윈빌2",도봉구,NO_MATCH,EXACT_JIBUN_ADDRESS,113201050000200004,"서울 도봉구 쌍문동 20-4"
cx_ec571097a78d15e2,"더샾오데움(101,102동)",서초구,NO_MATCH,EXACT_JIBUN_ADDRESS,116501080014830018,"서울 서초구 서초동 1483-18"
cx_ec57de14653e4d54,"금성아파트",동대문구,NO_MATCH,EXACT_JIBUN_ADDRESS,112301060000930128,"서울 동대문구 장안동 93-128"
cx_ec5868bebb23d050,"풍산캐슬",관악구,NO_MATCH,EXACT_JIBUN_ADDRESS,116201030010530005,"서울 관악구 남현동 1053-5"
cx_ec5e0fb90271e0ea,"캐슬아파트(18-10)",은평구,NO_MATCH,EXACT_JIBUN_ADDRESS,113801050000180010,"서울 은평구 구산동 18-10"
cx_ec65b9712db99c2b,"동익파크2동(355-98)",은평구,NO_MATCH,EXACT_JIBUN_ADDRESS,113801050003550098,"서울 은평구 구산동 355-98"
cx_ec6b2be4fbbfefce,"캐릭터그린빌",관악구,NO_MATCH,EXACT_JIBUN_ADDRESS,116201010007290024,"서울 관악구 봉천동 729-24"
cx_ec7836304e8c2c2c,"래미안크리시엘",성북구,NO_MATCH,EXACT_PARCEL,112901350000800000,"서울 성북구 종암동 80"
cx_ec7cb1c735b11122,"우성사원5",강남구,NO_MATCH,EXACT_JIBUN_ADDRESS,116801180004630001,"서울 강남구 도곡동 463-1"
cx_ec808b3d25c8ddda,"우림필유",용산구,NO_MATCH,EXACT_PARCEL,111701280000910000,"서울 용산구 한강로3가 91"
cx_ec8fc2d38ea62ea1,"금강아미움(106동)",관악구,NO_MATCH,EXACT_JIBUN_ADDRESS,116201010015220031,"서울 관악구 봉천동 1522-31"
cx_ec90b3b676305b87,"우성2차",성동구,NO_MATCH,EXACT_PARCEL,112001150008370000,"서울 성동구 성수동2가 837"
cx_ec93fb98e6bc0b80,"문정시영",송파구,NO_MATCH,EXACT_PARCEL,117101080001450000,"서울 송파구 문정동 145"
cx_ec9a204afeaadf1b,"한강(대우)",용산구,NO_MATCH,EXACT_PARCEL,111701290004150000,"서울 용산구 이촌동 415"
cx_ec9d51744607f0f8,"대신빌라",구로구,NO_MATCH,EXACT_JIBUN_ADDRESS,115301020007790024,"서울 구로구 구로동 779-24"
cx_ecaa3879b201bba0,"서강주상복합",서대문구,NO_MATCH,EXACT_JIBUN_ADDRESS,114101180004040001,"서울 서대문구 홍은동 404-1"
cx_ecac574587fedb2f,"(781-12)",구로구,NO_MATCH,EXACT_JIBUN_ADDRESS,115301020007810012,"서울 구로구 구로동 781-12"
cx_ecb407b1ae37e336,"(718-11)경원주택6동",구로구,NO_MATCH,EXACT_JIBUN_ADDRESS,115301020007180011,"서울 구로구 구로동 718-11"
cx_ecbdb96e8ea04c9a,"월드",강북구,NO_MATCH,EXACT_JIBUN_ADDRESS,113051010003110009,"서울 강북구 미아동 311-9"
cx_ecc6fb448bc0c999,"역삼동프라임",강남구,NO_MATCH,EXACT_JIBUN_ADDRESS,116801010006640021,"서울 강남구 역삼동 664-21"
cx_eccc875fc9a11d7a,"반포쎄레노아파트",서초구,NO_MATCH,EXACT_JIBUN_ADDRESS,116501070007420010,"서울 서초구 반포동 742-10"
cx_ece129eb1d804e8f,"석촌호수효성해링턴타워",송파구,NO_MATCH,EXACT_JIBUN_ADDRESS,117101050000240003,"서울 송파구 석촌동 24-3"
cx_eceda5bb62efde7a,"하이페리온",강남구,NO_MATCH,EXACT_PARCEL,116801180009680000,"서울 강남구 도곡동 968"
cx_ecf134d82979217a,"그린빌리지",강남구,NO_MATCH,MULTI_RECORD_SAME_PARCEL,116801030011670000,"서울 강남구 개포동 1167"
cx_ed008694e86d6d64,"여명",강서구,NO_MATCH,EXACT_JIBUN_ADDRESS,115001010002420010,"서울 강서구 염창동 242-10"
cx_ed02f1741eddcc19,"한신아파트상가동유치원동(103~109)",중랑구,NO_MATCH,EXACT_PARCEL,112601030004500000,"서울 중랑구 중화동 450"
cx_ed0498f387644e25,"신봉",관악구,NO_MATCH,EXACT_PARCEL,116201010017050000,"서울 관악구 봉천동 1705"
cx_ed15dd85e562b313,"대명사이버아파트",강동구,NO_MATCH,EXACT_JIBUN_ADDRESS,117401090000490008,"서울 강동구 천호동 49-8"
cx_ed17a48cd103b240,"금강kcc",광진구,NO_MATCH,EXACT_PARCEL,112151050007910000,"서울 광진구 자양동 791"
cx_ed2538598320ebc8,"세호시티라이프",강남구,NO_MATCH,EXACT_JIBUN_ADDRESS,116801080001220025,"서울 강남구 논현동 122-25"
cx_ed289a46fa552d79,"한원힐트리움수유",강북구,NO_MATCH,EXACT_PARCEL,113051030007380000,"서울 강북구 수유동 738"
cx_ed32202d4009a584,"사당휴먼시아",동작구,NO_MATCH,EXACT_PARCEL,115901070011540000,"서울 동작구 사당동 1154"
cx_ed341643e1152fff,"방배신주",서초구,NO_MATCH,EXACT_JIBUN_ADDRESS,116501010004490001,"서울 서초구 방배동 449-1"
cx_ed36e222201a2449,"안암동삼성래미안",성북구,NO_MATCH,EXACT_PARCEL,112901210003610000,"서울 성북구 안암동1가 361"
cx_ed410cd7e47fb45e,"정진아트리움",노원구,NO_MATCH,EXACT_JIBUN_ADDRESS,113501060001370039,"서울 노원구 중계동 137-39"
cx_ed47ceea51eef858,"송파",송파구,NO_MATCH,EXACT_JIBUN_ADDRESS,117101040001940001,"서울 송파구 송파동 194-1"
cx_ed490b696413cc6f,"서초아파트",서초구,NO_MATCH,EXACT_JIBUN_ADDRESS,116501080013570025,"서울 서초구 서초동 1357-25"
cx_ed52bf895d064c11,"파크리오",송파구,NO_MATCH,EXACT_PARCEL,117101020000170000,"서울 송파구 신천동 17"
cx_ed5fdd283777b10b,"다성이즈빌(50-11)",강동구,NO_MATCH,EXACT_JIBUN_ADDRESS,117401090000500011,"서울 강동구 천호동 50-11"
cx_ed60fda5baebb3d2,"남현그린",동작구,NO_MATCH,EXACT_JIBUN_ADDRESS,115901020002100250,"서울 동작구 상도동 210-250"
cx_ed647e250c790921,"수락산벨리체",노원구,NO_MATCH,EXACT_PARCEL,113501050012650000,"서울 노원구 상계동 1265"
cx_ed64f22fab6810af,"월드메르디앙",양천구,NO_MATCH,EXACT_JIBUN_ADDRESS,114701020007500005,"서울 양천구 목동 750-5"
cx_ed780d16c575040e,"기정may(247-28)",마포구,NO_MATCH,EXACT_JIBUN_ADDRESS,114401200002470028,"서울 마포구 서교동 247-28"
cx_ed8ee587fbcb08e9,"한신휴플러스(1280-0)",구로구,NO_MATCH,MULTI_RECORD_SAME_PARCEL,115301020012800000,"서울 구로구 구로동 1280"
cx_ed968e3698c450c1,"삼호그린",동작구,NO_MATCH,EXACT_PARCEL,115901070011380000,"서울 동작구 사당동 1138"
cx_ed9844c085b42f6b,"베로니스",성북구,NO_MATCH,EXACT_JIBUN_ADDRESS,112901360000900700,"서울 성북구 하월곡동 90-700"
cx_ed98b7ace1d28108,"신정그랑프리",양천구,NO_MATCH,EXACT_JIBUN_ADDRESS,114701010011470005,"서울 양천구 신정동 1147-5"
cx_ed9ff8830e312374,"브라운스톤방배",서초구,NO_MATCH,EXACT_JIBUN_ADDRESS,116501010008990016,"서울 서초구 방배동 899-16"
cx_eda434caede5d13f,"송정제이빌102동",강서구,NO_MATCH,EXACT_JIBUN_ADDRESS,115001080000420012,"서울 강서구 공항동 42-12"
cx_edb9e1e4265f2894,"(744-16)",구로구,NO_MATCH,EXACT_JIBUN_ADDRESS,115301020007440016,"서울 구로구 구로동 744-16"
cx_edb9f597e57cc661,"삼부아파트(101동)",강남구,NO_MATCH,EXACT_JIBUN_ADDRESS,116801050000990013,"서울 강남구 삼성동 99-13"
cx_edbbca354770fbeb,"에이탑",광진구,NO_MATCH,EXACT_JIBUN_ADDRESS,112151010001680001,"서울 광진구 중곡동 168-1"
cx_edbe1ed48ebe429a,"신건드림원",동작구,NO_MATCH,EXACT_JIBUN_ADDRESS,115901080003750014,"서울 동작구 대방동 375-14"
cx_edbf0c79067f1f0f,"대림현대",영등포구,NO_MATCH,EXACT_JIBUN_ADDRESS,115601330009460001,"서울 영등포구 대림동 946-1"
cx_edbf4b4ff3e286ac,"월튼파크뷰(342-21)",동대문구,NO_MATCH,EXACT_JIBUN_ADDRESS,112301060003420021,"서울 동대문구 장안동 342-21"
cx_edd9dd943fbe297e,"한화엘르빌",서초구,NO_MATCH,EXACT_JIBUN_ADDRESS,116501010008780027,"서울 서초구 방배동 878-27"
cx_edeef2c7a55c72cc,"삼우빌라",서대문구,NO_MATCH,EXACT_JIBUN_ADDRESS,114101100001230001,"서울 서대문구 북아현동 123-1"
cx_edf5639c2346a199,"(779-2)",구로구,NO_MATCH,EXACT_JIBUN_ADDRESS,115301020007790002,"서울 구로구 구로동 779-2"
cx_ee056cd327d54f30,"삼호빌라b동",강남구,NO_MATCH,EXACT_JIBUN_ADDRESS,116801040001130023,"서울 강남구 청담동 113-23"
cx_ee10e1892fd7434d,"삼전솔하임2차",종로구,NO_MATCH,EXACT_JIBUN_ADDRESS,111101750002960019,"서울 종로구 숭인동 296-19"
cx_ee1fe5119939ae54,"동아타운",관악구,NO_MATCH,EXACT_JIBUN_ADDRESS,116201010016290002,"서울 관악구 봉천동 1629-2"
cx_ee20c3cdd0a03bde,"길성",양천구,NO_MATCH,EXACT_JIBUN_ADDRESS,114701030005380006,"서울 양천구 신월동 538-6"
cx_ee20f7540b3d8402,"한울아파트",강서구,NO_MATCH,EXACT_JIBUN_ADDRESS,115001030008990008,"서울 강서구 화곡동 899-8"
cx_ee296c445b313e75,"산호시티빌",금천구,NO_MATCH,EXACT_JIBUN_ADDRESS,115451030009990001,"서울 금천구 시흥동 999-1"
cx_ee2c743f97a5bdb6,"동도센트리움(601)",노원구,NO_MATCH,EXACT_PARCEL,113501060006010000,"서울 노원구 중계동 601"
cx_ee357dbf9e9973bd,"우성(23)",구로구,NO_MATCH,MULTI_RECORD_SAME_PARCEL,115301020000230000,"서울 구로구 구로동 23"
cx_ee358e1f8311002a,"주함해븐(101동)",중랑구,NO_MATCH,EXACT_PARCEL,112601050005820000,"서울 중랑구 망우동 582"
cx_ee3dd50017a7e96e,"다우월드아파트",서초구,NO_MATCH,EXACT_JIBUN_ADDRESS,116501080013570044,"서울 서초구 서초동 1357-44"
cx_ee3f8caa2a1d2d96,"한미(286-1)",강서구,NO_MATCH,EXACT_JIBUN_ADDRESS,115001090002860001,"서울 강서구 방화동 286-1"
cx_ee44ad3b4d1a573d,"스타팰리스",성북구,NO_MATCH,EXACT_JIBUN_ADDRESS,112901020001150005,"서울 성북구 성북동1가 115-5"
cx_ee4b92ed977739ed,"주완위즈빌",노원구,NO_MATCH,EXACT_JIBUN_ADDRESS,113501030003510002,"서울 노원구 공릉동 351-2"
cx_ee6711aea437020f,"수정",동작구,NO_MATCH,MULTI_RECORD_SAME_PARCEL,115901020004660000,"서울 동작구 상도동 466"
cx_ee6de2a6f98ec97e,"드림팰리스",서초구,NO_MATCH,EXACT_JIBUN_ADDRESS,116501070000820004,"서울 서초구 반포동 82-4"
cx_ee84c6e70f96ddfb,"남현동한일유앤아이",관악구,NO_MATCH,EXACT_PARCEL,116201030011360000,"서울 관악구 남현동 1136"
cx_ee86e0102c0b4557,"우정에쉐르2",강남구,NO_MATCH,EXACT_JIBUN_ADDRESS,116801050001440010,"서울 강남구 삼성동 144-10"
cx_ee86ffbf85966611,"그린",종로구,NO_MATCH,EXACT_JIBUN_ADDRESS,111101740000230326,"서울 종로구 창신동 23-326"
cx_ee8d1bf3f41194e5,"동송하이클래스(1071-3)",관악구,NO_MATCH,EXACT_JIBUN_ADDRESS,116201030010710003,"서울 관악구 남현동 1071-3"
cx_ee99fa6e0412011e,"(717-5)미래빌라",구로구,NO_MATCH,EXACT_JIBUN_ADDRESS,115301020007170005,"서울 구로구 구로동 717-5"
cx_ee9b61c08484327d,"힐하우스(802-3)",서초구,NO_MATCH,EXACT_JIBUN_ADDRESS,116501010008020003,"서울 서초구 방배동 802-3"
cx_ee9dc5478b8e7f10,"성재세인트",양천구,NO_MATCH,EXACT_JIBUN_ADDRESS,114701010009760003,"서울 양천구 신정동 976-3"
cx_eeacbdcc5445ccd2,"롯데캐슬쥬피터",서초구,NO_MATCH,EXACT_JIBUN_ADDRESS,116501080013590050,"서울 서초구 서초동 1359-50"
cx_eeb8d2fd5ae558d9,"대치효성",강남구,NO_MATCH,EXACT_JIBUN_ADDRESS,116801060009880004,"서울 강남구 대치동 988-4"
cx_eec4e80b4cb30efe,"삼성",성북구,NO_MATCH,EXACT_PARCEL,112901390004040000,"서울 성북구 석관동 404"
cx_eec77efbbaccb653,"한강동원아파트",마포구,NO_MATCH,EXACT_PARCEL,114401220004670000,"서울 마포구 합정동 467"
cx_eec9463c5244145b,"시온캐슬용산",용산구,NO_MATCH,EXACT_JIBUN_ADDRESS,111701120000280007,"서울 용산구 원효로1가 28-7"
cx_eeceb015b160ada9,"예일",송파구,NO_MATCH,EXACT_JIBUN_ADDRESS,117101070000920003,"서울 송파구 가락동 92-3"
cx_eecf3456ab1ed6d9,"두예파크빌",강북구,NO_MATCH,EXACT_JIBUN_ADDRESS,113051010000080318,"서울 강북구 미아동 8-318"
cx_eed93c9e4d069ec8,"포레스(c동)",강동구,NO_MATCH,EXACT_JIBUN_ADDRESS,117401080001110067,"서울 강동구 성내동 111-67"
cx_eeda0aa23bc07431,"서초네이처힐1단지",서초구,NO_MATCH,EXACT_PARCEL,116501030007070000,"서울 서초구 우면동 707"
cx_eede0fed136d96af,"중앙하이츠목동펠리시티",양천구,NO_MATCH,EXACT_JIBUN_ADDRESS,114701010009880005,"서울 양천구 신정동 988-5"
cx_eedf974e6a358d96,"천호동이연아마빌레아파트",강동구,NO_MATCH,EXACT_JIBUN_ADDRESS,117401090002910050,"서울 강동구 천호동 291-50"
cx_eef69f7eb6af2058,"(779-26)",구로구,NO_MATCH,EXACT_JIBUN_ADDRESS,115301020007790026,"서울 구로구 구로동 779-26"
cx_eef8f1b164b4baf8,"반포ts프리우스",서초구,NO_MATCH,EXACT_JIBUN_ADDRESS,116501070000710003,"서울 서초구 반포동 71-3"
cx_ef061e404485a73e,"서라벌",성북구,NO_MATCH,EXACT_JIBUN_ADDRESS,112901030000070015,"서울 성북구 돈암동 7-15"
cx_ef180b7aca22c8c2,"금광",금천구,NO_MATCH,EXACT_PARCEL,115451030010140000,"서울 금천구 시흥동 1014"
cx_ef1f3c967bbe146f,"쎈트앤빌",관악구,NO_MATCH,EXACT_JIBUN_ADDRESS,116201030006020154,"서울 관악구 남현동 602-154"
cx_ef25df4f8c0161cf,"도무스빌",송파구,NO_MATCH,MULTI_RECORD_SAME_PARCEL,117101110001770000,"서울 송파구 방이동 177"
cx_ef2805ef945cd66a,"방화그린",강서구,NO_MATCH,EXACT_PARCEL,115001090008390000,"서울 강서구 방화동 839"
cx_ef2bb50e7c202140,"현대홈타운",마포구,NO_MATCH,EXACT_PARCEL,114401040003530000,"서울 마포구 도화동 353"
cx_ef2fa8fee7db170d,"혜성",마포구,NO_MATCH,NO_MATCH,114401010006130010,"서울 마포구 아현동 613-10"
cx_ef35eb3367253c94,"목동신시가지11",양천구,NO_MATCH,EXACT_PARCEL,114701010003250000,"서울 양천구 신정동 325"
cx_ef3f5dd138e87e0f,"신림동부센트레빌",관악구,NO_MATCH,EXACT_PARCEL,116201020017340000,"서울 관악구 신림동 1734"
cx_ef468ccb27e5c0de,"행당브라운스톤",성동구,NO_MATCH,EXACT_PARCEL,112001070003640000,"서울 성동구 행당동 364"
cx_ef4a491a2a21ee0d,"파크(나)",강북구,NO_MATCH,EXACT_JIBUN_ADDRESS,113051030002820012,"서울 강북구 수유동 282-12"
cx_ef4d2d2bbd16064d,"한신",구로구,NO_MATCH,EXACT_JIBUN_ADDRESS,115301020006420009,"서울 구로구 구로동 642-9"
cx_ef568aa0afc17c97,"삼성브래뉴",도봉구,NO_MATCH,EXACT_JIBUN_ADDRESS,113201070004430001,"서울 도봉구 창동 443-1"
cx_ef63ace79c1e7460,"베스트휴",송파구,NO_MATCH,EXACT_JIBUN_ADDRESS,117101050002270010,"서울 송파구 석촌동 227-10"
cx_ef65a94ed65fd01f,"방배현대빌라트(999-2)",서초구,NO_MATCH,EXACT_JIBUN_ADDRESS,116501010009990002,"서울 서초구 방배동 999-2"
cx_ef6f6a585aeb141e,"두산위브",송파구,NO_MATCH,EXACT_PARCEL,117101070000980000,"서울 송파구 가락동 98"
cx_ef73a5387644d8e6,"태솔타워",동대문구,NO_MATCH,EXACT_JIBUN_ADDRESS,112301060003640009,"서울 동대문구 장안동 364-9"
cx_ef782a15221a78ad,"e-푸른나동",중랑구,NO_MATCH,EXACT_JIBUN_ADDRESS,112601020001360102,"서울 중랑구 상봉동 136-102"
cx_ef8213afd334f312,"마운틴뷰",용산구,NO_MATCH,EXACT_JIBUN_ADDRESS,111701300001980016,"서울 용산구 이태원동 198-16"
cx_ef85ff86756d9c36,"현대의보아파트",구로구,NO_MATCH,EXACT_JIBUN_ADDRESS,115301020006420033,"서울 구로구 구로동 642-33"
cx_ef8cd32515f0b149,"목동현대3차",양천구,NO_MATCH,EXACT_PARCEL,114701010012790000,"서울 양천구 신정동 1279"
cx_ef9d1fc3ba042f40,"힐캐슬",금천구,NO_MATCH,EXACT_JIBUN_ADDRESS,115451030009600006,"서울 금천구 시흥동 960-6"
cx_ef9ea6aeccd7421e,"문영칸타빌레",영등포구,NO_MATCH,EXACT_PARCEL,115601330010610000,"서울 영등포구 대림동 1061"
cx_efa67b97c809a13e,"(793-44)",구로구,NO_MATCH,EXACT_JIBUN_ADDRESS,115301020007930044,"서울 구로구 구로동 793-44"
cx_efacb4916bbb90a6,"다오아트빌",강동구,NO_MATCH,EXACT_JIBUN_ADDRESS,117401050003830007,"서울 강동구 길동 383-7"
cx_efb77c5a2d4b858c,"중계현대2",노원구,NO_MATCH,EXACT_JIBUN_ADDRESS,113501060004350001,"서울 노원구 중계동 435-1"
cx_efd88675ffa7a006,"월드빌(120-6)",은평구,NO_MATCH,EXACT_JIBUN_ADDRESS,113801070001200006,"서울 은평구 응암동 120-6"
cx_efdb45bf7aee3a58,"광진하나플러스",광진구,NO_MATCH,EXACT_PARCEL,112151050008110000,"서울 광진구 자양동 811"
cx_efffbd13c0904e9d,"신호나이스빌",서초구,NO_MATCH,EXACT_JIBUN_ADDRESS,116501010008900008,"서울 서초구 방배동 890-8"
cx_f00a6f9364cf5b18,"보람더하임105동",강서구,NO_MATCH,EXACT_JIBUN_ADDRESS,115001010002650028,"서울 강서구 염창동 265-28"
cx_f014db0b6ff65854,"중계무지개",노원구,NO_MATCH,EXACT_PARCEL,113501060005120000,"서울 노원구 중계동 512"
cx_f0178e12392e0858,"삼성동라테라스",강남구,NO_MATCH,EXACT_JIBUN_ADDRESS,116801050001100002,"서울 강남구 삼성동 110-2"
cx_f01f5265454df936,"el샤틀레",영등포구,NO_MATCH,EXACT_PARCEL,115601320004800000,"서울 영등포구 신길동 480"
cx_f02a013c4e8ec23c,"세영",강북구,NO_MATCH,EXACT_JIBUN_ADDRESS,113051030004030017,"서울 강북구 수유동 403-17"
cx_f045c4d2718e4b68,"보라매신동아파밀리에",영등포구,NO_MATCH,EXACT_PARCEL,115601330011250000,"서울 영등포구 대림동 1125"
cx_f04639a2ae4bfdf7,"익성씨티하임",종로구,NO_MATCH,MULTI_RECORD_SAME_PARCEL,111101750013920000,"서울 종로구 숭인동 1392"
cx_f04cf045f8d51e62,"은평스카이뷰자이",은평구,NO_MATCH,EXACT_PARCEL,113801140000620000,"서울 은평구 진관동 62"
cx_f052141fcd58a101,"하계2현대",노원구,NO_MATCH,EXACT_PARCEL,113501040002880000,"서울 노원구 하계동 288"
cx_f053c0db5e7c70f3,"대은팰리스뷰(102)",강동구,NO_MATCH,EXACT_JIBUN_ADDRESS,117401070005030006,"서울 강동구 암사동 503-6"
cx_f0602cb6e9b8bcbd,"금강아미움",동대문구,NO_MATCH,EXACT_PARCEL,112301060005740000,"서울 동대문구 장안동 574"
cx_f0698a40fd0b8905,"월드메르디앙3",양천구,NO_MATCH,EXACT_PARCEL,114701020009470000,"서울 양천구 목동 947"
cx_f07a5f284d95001d,"삼성로얄2",광진구,NO_MATCH,EXACT_JIBUN_ADDRESS,112151010001090013,"서울 광진구 중곡동 109-13"
cx_f080eb37c1d8d599,"해피존",마포구,NO_MATCH,EXACT_JIBUN_ADDRESS,114401250002490021,"서울 마포구 성산동 249-21"
cx_f08d86d2305c4ed9,"양지쉐르빌아파트",성동구,NO_MATCH,MULTI_RECORD_SAME_PARCEL,112001180000970000,"서울 성동구 송정동 97"
cx_f08e5b479bee8364,"상지리츠빌역삼2차",강남구,NO_MATCH,EXACT_JIBUN_ADDRESS,116801010007610003,"서울 강남구 역삼동 761-3"
cx_f090f4f2707de9a9,"(798-24)",구로구,NO_MATCH,EXACT_JIBUN_ADDRESS,115301020007980024,"서울 구로구 구로동 798-24"
cx_f093851c49a9cf0c,"상계주공8(저층)",노원구,NO_MATCH,NO_MATCH,113501050006770000,"서울 노원구 상계동 677"
cx_f09686be5a009269,"일진아이윌",양천구,NO_MATCH,EXACT_JIBUN_ADDRESS,114701010012180001,"서울 양천구 신정동 1218-1"
cx_f09af3f2a46c7a58,"태영데시앙1",중랑구,NO_MATCH,EXACT_PARCEL,112601020004970000,"서울 중랑구 상봉동 497"
cx_f09b496feb49090f,"sk리더스뷰남산",중구,NO_MATCH,EXACT_PARCEL,111401210002060000,"서울 중구 회현동1가 206"
cx_f09b6816bcf8bb53,"등촌동성원",강서구,NO_MATCH,EXACT_JIBUN_ADDRESS,115001020006700002,"서울 강서구 등촌동 670-2"
cx_f0a9cd30506d5c38,"장인이즈빌",강동구,NO_MATCH,EXACT_PARCEL,117401050004750000,"서울 강동구 길동 475"
cx_f0ba5677a0d64da9,"이트리움송파(281-4)",송파구,NO_MATCH,EXACT_JIBUN_ADDRESS,117101030002810004,"서울 송파구 풍납동 281-4"
cx_f0db274eb79f1808,"진로,미주아파트",강서구,NO_MATCH,EXACT_PARCEL,115001020007010000,"서울 강서구 등촌동 701"
cx_f0e54f95c55432da,"반석블레스",서대문구,NO_MATCH,EXACT_JIBUN_ADDRESS,114101180004400001,"서울 서대문구 홍은동 440-1"
cx_f0e91aa2d83da180,"슈와이",영등포구,NO_MATCH,EXACT_PARCEL,115601320004010000,"서울 영등포구 신길동 401"
cx_f0ea3c3ab7622456,"센트라스",성동구,NO_MATCH,EXACT_PARCEL,112001020010700000,"서울 성동구 하왕십리동 1070"
cx_f0ebb5594022ea27,"창전동현대홈타운",마포구,NO_MATCH,EXACT_PARCEL,114401140004400000,"서울 마포구 창전동 440"
cx_f0ebc49e72200146,"마곡서광(치현마을)",강서구,NO_MATCH,EXACT_PARCEL,115001090008600000,"서울 강서구 방화동 860"
cx_f0ef35b39991b1c9,"길동우성",강동구,NO_MATCH,EXACT_PARCEL,117401050004000000,"서울 강동구 길동 400"
cx_f0f05c3b47f8b40c,"브라운스톤로얄스위트서초",서초구,NO_MATCH,EXACT_JIBUN_ADDRESS,116501080014920004,"서울 서초구 서초동 1492-4"
cx_f0fa4d14417445ad,"현대빌라트(643-23)",광진구,NO_MATCH,EXACT_JIBUN_ADDRESS,112151050006430023,"서울 광진구 자양동 643-23"
cx_f108b1b5dc76ac73,"진주맨션",영등포구,NO_MATCH,NO_MATCH,115601230000220000,"서울 영등포구 문래동5가 22"
cx_f108b7ac75f92f46,"에메랄드103동",관악구,NO_MATCH,EXACT_JIBUN_ADDRESS,116201010000410265,"서울 관악구 봉천동 41-265"
cx_f10d5f83fdc0f780,"다청림시티",구로구,NO_MATCH,EXACT_PARCEL,115301100001570000,"서울 구로구 온수동 157"
cx_f1104af06fb68ecb,"래미안송파파인탑",송파구,NO_MATCH,EXACT_PARCEL,117101040002430000,"서울 송파구 송파동 243"
cx_f114900fb9a4dec1,"메트하임",은평구,NO_MATCH,EXACT_JIBUN_ADDRESS,113801060001970003,"서울 은평구 대조동 197-3"
cx_f1170fefebab9f89,"빌라도르",서초구,NO_MATCH,EXACT_JIBUN_ADDRESS,116501010008400010,"서울 서초구 방배동 840-10"
cx_f11825dbd771dc1c,"영등포자이르네",영등포구,NO_MATCH,EXACT_PARCEL,115601330011320000,"서울 영등포구 대림동 1132"
cx_f11d23f4301427c5,"아크로타워스퀘어",영등포구,NO_MATCH,EXACT_PARCEL,115601080002030000,"서울 영등포구 영등포동7가 203"
cx_f1272377aba831cf,"명성빌라3차",구로구,NO_MATCH,EXACT_JIBUN_ADDRESS,115301020007920042,"서울 구로구 구로동 792-42"
cx_f12d1ec74e5e2eac,"보화2차",송파구,NO_MATCH,EXACT_JIBUN_ADDRESS,117101130002580007,"서울 송파구 거여동 258-7"
cx_f13efd2396964509,"동아2",구로구,NO_MATCH,EXACT_PARCEL,115301010006440000,"서울 구로구 신도림동 644"
cx_f13fa54dcf8cd0df,"명남더블레스(19-162)",은평구,NO_MATCH,EXACT_JIBUN_ADDRESS,113801090000190162,"서울 은평구 신사동 19-162"
cx_f14b86d6b95c8cef,"에드가개봉",구로구,NO_MATCH,EXACT_JIBUN_ADDRESS,115301070001790011,"서울 구로구 개봉동 179-11"
cx_f154cd2008170b44,"에비뉴잠실",송파구,NO_MATCH,EXACT_JIBUN_ADDRESS,117101110000470002,"서울 송파구 방이동 47-2"
cx_f162753e4c60e8f6,"동부센트레빌",서초구,NO_MATCH,EXACT_PARCEL,116501010032750000,"서울 서초구 방배동 3275"
cx_f16c5d5a065a50a1,"백련미라보",서대문구,NO_MATCH,EXACT_JIBUN_ADDRESS,114101200003450004,"서울 서대문구 남가좌동 345-4"
cx_f1732b1c2b6a83ea,"디앤제이하우징(281-89)",은평구,NO_MATCH,EXACT_JIBUN_ADDRESS,113801030002810089,"서울 은평구 불광동 281-89"
cx_f1787b2ed7f242da,"모아아파트(102동)",은평구,NO_MATCH,EXACT_JIBUN_ADDRESS,113801060000090020,"서울 은평구 대조동 9-20"
cx_f18070bd3dd8d6a7,"우공아파트",강서구,NO_MATCH,EXACT_JIBUN_ADDRESS,115001030009220017,"서울 강서구 화곡동 922-17"
cx_f1810471b4511ef4,"n-suite(1513-2)",서초구,NO_MATCH,EXACT_JIBUN_ADDRESS,116501080015130002,"서울 서초구 서초동 1513-2"
cx_f18312d94449fbc4,"고덕주공9",강동구,NO_MATCH,EXACT_PARCEL,117401010002570000,"서울 강동구 명일동 257"
cx_f19227baeca6710a,"서초현대",서초구,NO_MATCH,EXACT_JIBUN_ADDRESS,116501080016480002,"서울 서초구 서초동 1648-2"
cx_f1986f97d52426c4,"선경",관악구,NO_MATCH,EXACT_PARCEL,116201010016970000,"서울 관악구 봉천동 1697"
cx_f19c94a9dddcd436,"나래8차",강동구,NO_MATCH,EXACT_JIBUN_ADDRESS,117401090003220019,"서울 강동구 천호동 322-19"
cx_f1a1b1d4473ba1ae,"당곡",양천구,NO_MATCH,EXACT_JIBUN_ADDRESS,114701030005470009,"서울 양천구 신월동 547-9"
cx_f1a280d525b65538,"(796-25)",구로구,NO_MATCH,EXACT_JIBUN_ADDRESS,115301020007960025,"서울 구로구 구로동 796-25"
cx_f1b636940911be5f,"프라하임1차",서초구,NO_MATCH,EXACT_JIBUN_ADDRESS,116501010009780002,"서울 서초구 방배동 978-2"
cx_f1b91f0aafc3368a,"현대2",강동구,NO_MATCH,EXACT_JIBUN_ADDRESS,117401060000700005,"서울 강동구 둔촌동 70-5"
cx_f1c5d3bc76f5bb7b,"뉴현대리버빌",강남구,NO_MATCH,EXACT_JIBUN_ADDRESS,116801040001300010,"서울 강남구 청담동 130-10"
cx_f1ccadb6dc74f274,"뉴파크팰리스",송파구,NO_MATCH,NO_MATCH,117101080001280010,"서울 송파구 문정동 128-10"
cx_f1dd7fb858d73308,"샤인빌(b동)",강동구,NO_MATCH,EXACT_JIBUN_ADDRESS,117401080003820016,"서울 강동구 성내동 382-16"
cx_f1e6823c803047b1,"동도(729-5)",양천구,NO_MATCH,EXACT_JIBUN_ADDRESS,114701020007290005,"서울 양천구 목동 729-5"
cx_f1eea6ddbcb94ee1,"중계3우성",노원구,NO_MATCH,EXACT_PARCEL,113501060005850000,"서울 노원구 중계동 585"
cx_f1fc5288d4366af3,"신월2차미소지움",양천구,NO_MATCH,EXACT_PARCEL,114701030010400000,"서울 양천구 신월동 1040"
cx_f1fca5e7f12653ba,"수유다우아트리체",강북구,NO_MATCH,EXACT_JIBUN_ADDRESS,113051030002790074,"서울 강북구 수유동 279-74"
cx_f20683f49bb5ee60,"미원2",마포구,NO_MATCH,EXACT_JIBUN_ADDRESS,114401230004330009,"서울 마포구 망원동 433-9"
cx_f2112d522add68e9,"옥수어울림",성동구,NO_MATCH,EXACT_PARCEL,112001130005600000,"서울 성동구 옥수동 560"
cx_f2113ba9c10906d1,"낙원",금천구,NO_MATCH,MULTI_RECORD_SAME_PARCEL,115451030009520000,"서울 금천구 시흥동 952"
cx_f2236977a859dc77,"강서",강서구,NO_MATCH,EXACT_JIBUN_ADDRESS,115001020005170039,"서울 강서구 등촌동 517-39"
cx_f22ef751ca126075,"세영아파트",노원구,NO_MATCH,EXACT_JIBUN_ADDRESS,113501030005760011,"서울 노원구 공릉동 576-11"
cx_f23f8794e12c02b9,"성산동자담이움아파트",마포구,NO_MATCH,EXACT_PARCEL,114401250006500000,"서울 마포구 성산동 650"
cx_f24512d74c9849be,"가락미륭아파트",송파구,NO_MATCH,EXACT_PARCEL,117101070001380000,"서울 송파구 가락동 138"
cx_f25a2a2cabfc2788,"쌍용플래티넘노블",구로구,NO_MATCH,MULTI_RECORD_SAME_PARCEL,115301020000460000,"서울 구로구 구로동 46"
cx_f265606fc8f5ceea,"우성(343-39)",강서구,NO_MATCH,EXACT_JIBUN_ADDRESS,115001030003430039,"서울 강서구 화곡동 343-39"
cx_f26b691849cf5d99,"현진에스페랑스",강동구,NO_MATCH,EXACT_JIBUN_ADDRESS,117401090001660109,"서울 강동구 천호동 166-109"
cx_f2739943276cd4e6,"노블하우스(803-8)",서초구,NO_MATCH,EXACT_JIBUN_ADDRESS,116501010008030008,"서울 서초구 방배동 803-8"
cx_f273fcf607214b3e,"서울숲아이파크",성동구,NO_MATCH,EXACT_PARCEL,112001180001040000,"서울 성동구 송정동 104"
cx_f2796a1e2bbd344c,"라이프미성",중랑구,NO_MATCH,EXACT_PARCEL,112601060004870000,"서울 중랑구 신내동 487"
cx_f29f619e29d45a45,"현대(60동)",송파구,NO_MATCH,EXACT_JIBUN_ADDRESS,117101070001610001,"서울 송파구 가락동 161-1"
cx_f29f944fb898e162,"샹보르",서초구,NO_MATCH,EXACT_JIBUN_ADDRESS,116501080016090001,"서울 서초구 서초동 1609-1"
cx_f2a26e0ae9dae33e,"풍림지오빌",강남구,NO_MATCH,EXACT_JIBUN_ADDRESS,116801010006350005,"서울 강남구 역삼동 635-5"
cx_f2a2d9acccfdd81f,"광남캐스빌아파트",강동구,NO_MATCH,EXACT_JIBUN_ADDRESS,117401090000520001,"서울 강동구 천호동 52-1"
cx_f2a355adfd9e1ff8,"현대1",강동구,NO_MATCH,EXACT_PARCEL,117401050004700000,"서울 강동구 길동 470"
cx_f2a713b13c4946be,"목동신시가지6",양천구,NO_MATCH,EXACT_PARCEL,114701020009110000,"서울 양천구 목동 911"
cx_f2b0eab6cf101ffe,"오크밸리",동작구,NO_MATCH,EXACT_JIBUN_ADDRESS,115901020000010007,"서울 동작구 상도동 1-7"
cx_f2d3e350fe385079,"온누리",양천구,NO_MATCH,EXACT_JIBUN_ADDRESS,114701030000290002,"서울 양천구 신월동 29-2"
cx_f2d7eec29a83ed44,"디에이치자이개포",강남구,NO_MATCH,EXACT_PARCEL,116801140007430000,"서울 강남구 일원동 743"
cx_f2e88225dd194d6f,"롯데캐슬엠파이어",영등포구,NO_MATCH,EXACT_PARCEL,115601100000360000,"서울 영등포구 여의도동 36"
cx_f2f8a624c7f0b030,"정창빌라",구로구,NO_MATCH,EXACT_JIBUN_ADDRESS,115301020007480043,"서울 구로구 구로동 748-43"
cx_f2f940c84af3866a,"일심빌리지",구로구,NO_MATCH,EXACT_JIBUN_ADDRESS,115301020007960035,"서울 구로구 구로동 796-35"
cx_f30f1ff1e7417e3c,"한양수자인에듀힐즈",구로구,NO_MATCH,EXACT_PARCEL,115301120002410000,"서울 구로구 항동 241"
cx_f3254bae1397c826,"거장카운티",은평구,NO_MATCH,EXACT_PARCEL,113801020001820000,"서울 은평구 녹번동 182"
cx_f3371663c8fc6aad,"신내역금강펜테리움센트럴파크",중랑구,NO_MATCH,EXACT_PARCEL,112601050006100000,"서울 중랑구 망우동 610"
cx_f33cf3ad5b585901,"풍림(1차)",강남구,NO_MATCH,EXACT_PARCEL,116801050001060000,"서울 강남구 삼성동 106"
cx_f355d0e50b8f739c,"u-포그니",동대문구,NO_MATCH,EXACT_JIBUN_ADDRESS,112301060003190006,"서울 동대문구 장안동 319-6"
cx_f35c02dd6b33f606,"리치타운",서초구,NO_MATCH,EXACT_JIBUN_ADDRESS,116501020002030002,"서울 서초구 양재동 203-2"
cx_f35ff5fcf36dc3ef,"올림픽파크플러스",강동구,NO_MATCH,EXACT_JIBUN_ADDRESS,117401080004480018,"서울 강동구 성내동 448-18"
cx_f363983b74b152af,"성호그린",양천구,NO_MATCH,EXACT_JIBUN_ADDRESS,114701030002410009,"서울 양천구 신월동 241-9"
cx_f364b85982546583,"집앤사베니아파트",강동구,NO_MATCH,EXACT_JIBUN_ADDRESS,117401080005420001,"서울 강동구 성내동 542-1"
cx_f3694eebba907950,"효자워너빌",동대문구,NO_MATCH,EXACT_JIBUN_ADDRESS,112301090002640002,"서울 동대문구 휘경동 264-2"
cx_f36a4b5d9b4d0e2f,"동우(24-134)",강서구,NO_MATCH,EXACT_JIBUN_ADDRESS,115001030000240134,"서울 강서구 화곡동 24-134"
cx_f36de9acb9b6f684,"신월동방원",양천구,NO_MATCH,EXACT_PARCEL,114701030010320000,"서울 양천구 신월동 1032"
cx_f3798ddf09cfe5a0,"이튼타워리버5차",광진구,NO_MATCH,EXACT_PARCEL,112151050008560000,"서울 광진구 자양동 856"
cx_f388883ccdb69d0c,"화곡더리브스카이",강서구,NO_MATCH,EXACT_PARCEL,115001030011750000,"서울 강서구 화곡동 1175"
cx_f39813c026bb2817,"래미안힐스테이트고덕",강동구,NO_MATCH,EXACT_PARCEL,117401020006880000,"서울 강동구 고덕동 688"
cx_f399d338c89f6e19,"cg아름채목동아파트",양천구,NO_MATCH,EXACT_JIBUN_ADDRESS,114701020005550004,"서울 양천구 목동 555-4"
cx_f39e0a6865eabb6d,"청재제일타운",동대문구,NO_MATCH,EXACT_PARCEL,112301020007850000,"서울 동대문구 용두동 785"
cx_f3a3a562d571c8d5,"수광빌라트",서초구,NO_MATCH,EXACT_JIBUN_ADDRESS,116501080016400003,"서울 서초구 서초동 1640-3"
cx_f3a4ab26dd7b5535,"휘경해모로프레스티지",동대문구,NO_MATCH,EXACT_PARCEL,112301090003750000,"서울 동대문구 휘경동 375"
cx_f3a9c60b87ac1e17,"제이월드",양천구,NO_MATCH,EXACT_JIBUN_ADDRESS,114701010010200003,"서울 양천구 신정동 1020-3"
cx_f3b019fa65609df8,"신목동비바힐스",양천구,NO_MATCH,EXACT_JIBUN_ADDRESS,114701030009810002,"서울 양천구 신월동 981-2"
cx_f3b6def5965c5210,"미주",동대문구,NO_MATCH,EXACT_JIBUN_ADDRESS,112301070002350001,"서울 동대문구 청량리동 235-1"
cx_f3bc866b6bde5970,"대운",은평구,NO_MATCH,EXACT_JIBUN_ADDRESS,113801090000010136,"서울 은평구 신사동 1-136"
cx_f3c10347371e0f9a,"혜승밸라지오",은평구,NO_MATCH,EXACT_JIBUN_ADDRESS,113801080000080024,"서울 은평구 역촌동 8-24"
cx_f3ddcebd694a58b2,"(806-46)돌담",구로구,NO_MATCH,EXACT_JIBUN_ADDRESS,115301020008060046,"서울 구로구 구로동 806-46"
cx_f3ea924674eeb747,"설악솔내음",금천구,NO_MATCH,EXACT_PARCEL,115451020011380000,"서울 금천구 독산동 1138"
cx_f3fa5019fea67f29,"염광",도봉구,NO_MATCH,EXACT_PARCEL,113201050007220000,"서울 도봉구 쌍문동 722"
cx_f40e07574a53b8e5,"일심",강동구,NO_MATCH,EXACT_JIBUN_ADDRESS,117401080003960010,"서울 강동구 성내동 396-10"
cx_f40ffbe5955620da,"신풍두산위브",영등포구,NO_MATCH,EXACT_JIBUN_ADDRESS,115601320004250008,"서울 영등포구 신길동 425-8"
cx_f410e49bc135f1a6,"동성아파트",강동구,NO_MATCH,EXACT_JIBUN_ADDRESS,117401090000350008,"서울 강동구 천호동 35-8"
cx_f41445b22d2fa4a6,"리안하우스",서초구,NO_MATCH,EXACT_JIBUN_ADDRESS,116501080014910008,"서울 서초구 서초동 1491-8"
cx_f4259167335a12fd,"동원낙성대",관악구,NO_MATCH,EXACT_JIBUN_ADDRESS,116201010016300007,"서울 관악구 봉천동 1630-7"
cx_f431fcb743f49384,"반포샤인힐4차",서초구,NO_MATCH,EXACT_JIBUN_ADDRESS,116501070000820019,"서울 서초구 반포동 82-19"
cx_f43c7e26c4a872ef,"이편한세상마포리버파크",마포구,NO_MATCH,EXACT_PARCEL,114401050005080000,"서울 마포구 용강동 508"
cx_f43eea8b0cfc1a4b,"선경(127)",성북구,NO_MATCH,EXACT_PARCEL,112901350001270000,"서울 성북구 종암동 127"
cx_f45625506238bd3d,"중앙하이츠(1269)",구로구,NO_MATCH,EXACT_PARCEL,115301020012690000,"서울 구로구 구로동 1269"
cx_f4668d74ae97071a,"서울역한라비발디센트럴",중구,NO_MATCH,EXACT_PARCEL,111401740002880000,"서울 중구 만리동2가 288"
cx_f471979f6cce4aac,"신안",강서구,NO_MATCH,EXACT_PARCEL,115001050004220000,"서울 강서구 마곡동 422"
cx_f483d3ee1dafbfcf,"공작빌라트",서초구,NO_MATCH,EXACT_JIBUN_ADDRESS,116501010010290001,"서울 서초구 방배동 1029-1"
cx_f48d9f803e3d8934,"대우",도봉구,NO_MATCH,EXACT_PARCEL,113201070008040000,"서울 도봉구 창동 804"
cx_f496593255af957e,"(740-25)",구로구,NO_MATCH,EXACT_JIBUN_ADDRESS,115301020007400025,"서울 구로구 구로동 740-25"
cx_f49c781d0a7d9311,"세제뉴타운",양천구,NO_MATCH,EXACT_JIBUN_ADDRESS,114701030005290002,"서울 양천구 신월동 529-2"
cx_f49fcbf9802946c9,"상계우방유쉘",노원구,NO_MATCH,EXACT_PARCEL,113501050012950000,"서울 노원구 상계동 1295"
cx_f4a978dad544cd8c,"솔리스타",마포구,NO_MATCH,EXACT_JIBUN_ADDRESS,114401020000300010,"서울 마포구 공덕동 30-10"
cx_f4af38d8341a7e6d,"솔밭노블리안",도봉구,NO_MATCH,EXACT_PARCEL,113201050007330000,"서울 도봉구 쌍문동 733"
cx_f4b117d1ad88af5a,"비젼(102)",서초구,NO_MATCH,EXACT_JIBUN_ADDRESS,116501020000160022,"서울 서초구 양재동 16-22"
cx_f4b56f0c6c36d527,"한영(101)",중랑구,NO_MATCH,EXACT_JIBUN_ADDRESS,112601030002740051,"서울 중랑구 중화동 274-51"
cx_f4beb26b1f8a81a7,"태솔타운(1차)",동대문구,NO_MATCH,EXACT_JIBUN_ADDRESS,112301060003440008,"서울 동대문구 장안동 344-8"
cx_f4c107f225ae64dd,"중화동건영아파트",중랑구,NO_MATCH,EXACT_PARCEL,112601030000420000,"서울 중랑구 중화동 42"
cx_f4c5ad3ca3eea3bd,"천우네오젠101동",강서구,NO_MATCH,EXACT_JIBUN_ADDRESS,115001020006370018,"서울 강서구 등촌동 637-18"
cx_f4d7483ebcde4c04,"형진",중랑구,NO_MATCH,EXACT_PARCEL,112601010015120000,"서울 중랑구 면목동 1512"
cx_f4e20d4b8b26a980,"잠원동트루빌",서초구,NO_MATCH,EXACT_JIBUN_ADDRESS,116501060000330007,"서울 서초구 잠원동 33-7"
cx_f4ecd1b3fbe16545,"신사씨티",은평구,NO_MATCH,EXACT_PARCEL,113801090002970000,"서울 은평구 신사동 297"
cx_f4edbbb87e8d9ae1,"구의현대7단지현대홈타운",광진구,NO_MATCH,EXACT_JIBUN_ADDRESS,112151030005870054,"서울 광진구 구의동 587-54"
cx_f4fb4e86467bbed0,"한경빌(938-26)",강서구,NO_MATCH,EXACT_JIBUN_ADDRESS,115001030009380026,"서울 강서구 화곡동 938-26"
cx_f500fcd9eecd4508,"마샹스(2차)",서초구,NO_MATCH,EXACT_JIBUN_ADDRESS,116501080014870144,"서울 서초구 서초동 1487-144"
cx_f504fa39e1b85463,"갈현동현대",은평구,NO_MATCH,EXACT_PARCEL,113801040005370000,"서울 은평구 갈현동 537"
cx_f509f9f405f71f16,"청송아파트",은평구,NO_MATCH,EXACT_JIBUN_ADDRESS,113801070000040040,"서울 은평구 응암동 4-40"
cx_f50c1a7992488d88,"네오빌",강남구,NO_MATCH,EXACT_JIBUN_ADDRESS,116801080000550012,"서울 강남구 논현동 55-12"
cx_f516c9f9d5664925,"삼성에이스빌",서초구,NO_MATCH,EXACT_JIBUN_ADDRESS,116501070007260016,"서울 서초구 반포동 726-16"
cx_f523f190604978e6,"선사현대아파트",강동구,NO_MATCH,EXACT_PARCEL,117401070005090000,"서울 강동구 암사동 509"
cx_f525e302f6a08e85,"한화꿈에그린2차",강남구,NO_MATCH,EXACT_JIBUN_ADDRESS,116801080001940023,"서울 강남구 논현동 194-23"
cx_f5290ec49579657d,"세진웰빙102",금천구,NO_MATCH,EXACT_JIBUN_ADDRESS,115451020009920037,"서울 금천구 독산동 992-37"
cx_f52a5c951732a9ea,"고덕리엔파크3단지",강동구,NO_MATCH,EXACT_PARCEL,117401030004900000,"서울 강동구 상일동 490"
cx_f539109771c91417,"제니스apt",서대문구,NO_MATCH,EXACT_JIBUN_ADDRESS,114101170001710010,"서울 서대문구 연희동 171-10"
cx_f5404e3998ae7814,"세곡푸르지오",강남구,NO_MATCH,EXACT_PARCEL,116801110005330000,"서울 강남구 세곡동 533"
cx_f54b18a8adc3ba53,"갈현현대",은평구,NO_MATCH,EXACT_PARCEL,113801050003820000,"서울 은평구 구산동 382"
cx_f552f0c598193692,"진로",중랑구,NO_MATCH,EXACT_PARCEL,112601010015170000,"서울 중랑구 면목동 1517"
cx_f55b8a750617018c,"한신그린",서초구,NO_MATCH,EXACT_JIBUN_ADDRESS,116501060000650008,"서울 서초구 잠원동 65-8"
cx_f55e84fd930c2571,"이펜하우스4단지",양천구,NO_MATCH,EXACT_PARCEL,114701010013170000,"서울 양천구 신정동 1317"
cx_f56f71502d6ec1c8,"아르떼하임",동대문구,NO_MATCH,EXACT_JIBUN_ADDRESS,112301060003720012,"서울 동대문구 장안동 372-12"
cx_f58839f7e0f4a369,"강동상떼빌",강동구,NO_MATCH,MULTI_RECORD_SAME_PARCEL,117401090004500000,"서울 강동구 천호동 450"
cx_f590c1dc74551e32,"래미안솔베뉴",강동구,NO_MATCH,EXACT_PARCEL,117401010003590000,"서울 강동구 명일동 359"
cx_f5930bb212373317,"경향렉스빌",동작구,NO_MATCH,EXACT_PARCEL,115901020004450000,"서울 동작구 상도동 445"
cx_f59574fcf8902487,"황지클래스",성북구,NO_MATCH,EXACT_JIBUN_ADDRESS,112901350000480009,"서울 성북구 종암동 48-9"
cx_f59c2e20b41ccc5b,"신트리3",양천구,NO_MATCH,EXACT_PARCEL,114701010012760000,"서울 양천구 신정동 1276"
cx_f59c338d01ebfed8,"한솔애리즈(405-5)",강동구,NO_MATCH,EXACT_JIBUN_ADDRESS,117401080004050005,"서울 강동구 성내동 405-5"
cx_f59e4de5f0d0d42f,"우성112",서초구,NO_MATCH,EXACT_JIBUN_ADDRESS,116501020001370001,"서울 서초구 양재동 137-1"
cx_f5a7d3384b308a42,"동궁리치웰문정(102)",송파구,NO_MATCH,EXACT_JIBUN_ADDRESS,117101080000550014,"서울 송파구 문정동 55-14"
cx_f5b069e58857d2cd,"라움포레",강동구,NO_MATCH,EXACT_PARCEL,117401080006070000,"서울 강동구 성내동 607"
cx_f5bb677c6af55162,"논현동프라임",강남구,NO_MATCH,EXACT_JIBUN_ADDRESS,116801080001920003,"서울 강남구 논현동 192-3"
cx_f5bff6694549cb89,"상목에버빌b",관악구,NO_MATCH,EXACT_JIBUN_ADDRESS,116201020015590019,"서울 관악구 신림동 1559-19"
cx_f5ccf75a08ed7f47,"샤인",동작구,NO_MATCH,EXACT_JIBUN_ADDRESS,115901020003500005,"서울 동작구 상도동 350-5"
cx_f5d0a042ba745059,"백련산힐스테이트2차",은평구,NO_MATCH,EXACT_PARCEL,113801070007600000,"서울 은평구 응암동 760"
cx_f5d85afaaf9a0976,"수락한신",노원구,NO_MATCH,EXACT_PARCEL,113501050012770000,"서울 노원구 상계동 1277"
cx_f5e12ac26e3ed68a,"정우아트빌b",송파구,NO_MATCH,EXACT_JIBUN_ADDRESS,117101110001340008,"서울 송파구 방이동 134-8"
cx_f5ef93e1665d64f3,"금강(343)",구로구,NO_MATCH,EXACT_PARCEL,115301080003430000,"서울 구로구 오류동 343"
cx_f5f1158786fed817,"삼성3차",강남구,NO_MATCH,EXACT_JIBUN_ADDRESS,116801060010160002,"서울 강남구 대치동 1016-2"
cx_f5fd01a7c0855150,"(781-6)",구로구,NO_MATCH,EXACT_JIBUN_ADDRESS,115301020007810006,"서울 구로구 구로동 781-6"
cx_f60059b6d0f9cd1d,"청명에버아트3차",동대문구,NO_MATCH,EXACT_JIBUN_ADDRESS,112301060003720008,"서울 동대문구 장안동 372-8"
cx_f60298b8d6597b74,"장미(시영6)",노원구,NO_MATCH,EXACT_PARCEL,113501040002730000,"서울 노원구 하계동 273"
cx_f6058fdd5666b728,"다청림101동(143-1)",구로구,NO_MATCH,EXACT_JIBUN_ADDRESS,115301090001430001,"서울 구로구 궁동 143-1"
cx_f62deb65c31f6188,"헤리움",강북구,NO_MATCH,EXACT_JIBUN_ADDRESS,113051010001890030,"서울 강북구 미아동 189-30"
cx_f638f9f2ccf9f83b,"대원",강동구,NO_MATCH,MULTI_RECORD_SAME_PARCEL,117401070004610000,"서울 강동구 암사동 461"
cx_f6399c7324023f84,"비즈트위트오렌지",구로구,NO_MATCH,EXACT_JIBUN_ADDRESS,115301020000440008,"서울 구로구 구로동 44-8"
cx_f63ea6157f69fcd3,"삼성파크",강남구,NO_MATCH,EXACT_PARCEL,116801050001260000,"서울 강남구 삼성동 126"
cx_f63fe71aaed8ea8f,"충효파크타운",노원구,NO_MATCH,EXACT_JIBUN_ADDRESS,113501050004070007,"서울 노원구 상계동 407-7"
cx_f65bfa23c1280dec,"구로두산",구로구,NO_MATCH,EXACT_PARCEL,115301020012650000,"서울 구로구 구로동 1265"
cx_f65d701164526d4e,"길명오퍼스",서초구,NO_MATCH,EXACT_JIBUN_ADDRESS,116501020000090038,"서울 서초구 양재동 9-38"
cx_f667d3ac6fd37374,"관악캐스빌",관악구,NO_MATCH,EXACT_JIBUN_ADDRESS,116201010016900162,"서울 관악구 봉천동 1690-162"
cx_f669d059efc702d7,"동은노보빌(887-2)",금천구,NO_MATCH,EXACT_JIBUN_ADDRESS,115451020008870002,"서울 금천구 독산동 887-2"
cx_f66d819026e1d9e0,"주건드림빌",양천구,NO_MATCH,EXACT_PARCEL,114701010013020000,"서울 양천구 신정동 1302"
cx_f68be2e5ad69e891,"아차산한라아파트",광진구,NO_MATCH,EXACT_PARCEL,112151030006620000,"서울 광진구 구의동 662"
cx_f690c7a373182a86,"미도빌라a동",구로구,NO_MATCH,EXACT_JIBUN_ADDRESS,115301020007950006,"서울 구로구 구로동 795-6"
cx_f696ce7a248ee7d6,"은혜스카이빌아파트",은평구,NO_MATCH,EXACT_PARCEL,113801030006340000,"서울 은평구 불광동 634"
cx_f69be229e78df66d,"서울숲대림",성동구,NO_MATCH,EXACT_JIBUN_ADDRESS,112001140006560234,"서울 성동구 성수동1가 656-234"
cx_f69d726455e172e4,"펜트힐캐스케이드",강남구,NO_MATCH,EXACT_PARCEL,116801080001060000,"서울 강남구 논현동 106"
cx_f69e2861d981840a,"장안sm드림빌(360-2)",동대문구,NO_MATCH,EXACT_JIBUN_ADDRESS,112301060003600002,"서울 동대문구 장안동 360-2"
cx_f69f178922688b07,"위례아이파크",송파구,NO_MATCH,EXACT_PARCEL,117101090008940000,"서울 송파구 장지동 894"
cx_f6a1401f4e80baae,"우성",마포구,NO_MATCH,EXACT_PARCEL,114401040000820000,"서울 마포구 도화동 82"
cx_f6b04d32d5371c08,"우남푸르미아",중랑구,NO_MATCH,EXACT_PARCEL,112601060008020000,"서울 중랑구 신내동 802"
cx_f6c63651bd35b82e,"상도타워b동",동작구,NO_MATCH,EXACT_JIBUN_ADDRESS,115901020002830073,"서울 동작구 상도동 283-73"
cx_f6d02168b5f50da3,"우성2차",동작구,NO_MATCH,EXACT_JIBUN_ADDRESS,115901090005650021,"서울 동작구 신대방동 565-21"
cx_f6d25483cf1fc740,"탑스빌",금천구,NO_MATCH,EXACT_JIBUN_ADDRESS,115451030002680046,"서울 금천구 시흥동 268-46"
cx_f6d9f79e2c66e2d6,"삼성",강북구,NO_MATCH,EXACT_JIBUN_ADDRESS,113051020004700001,"서울 강북구 번동 470-1"
cx_f6de64c195964b30,"동양",강남구,NO_MATCH,EXACT_JIBUN_ADDRESS,116801060009200032,"서울 강남구 대치동 920-32"
cx_f6e4709d4a413131,"거성파스텔",영등포구,NO_MATCH,EXACT_JIBUN_ADDRESS,115601270000900001,"서울 영등포구 양평동3가 90-1"
cx_f6e6731c7aa118dd,"에셀비전21",관악구,NO_MATCH,EXACT_PARCEL,116201020017200000,"서울 관악구 신림동 1720"
cx_f6f228ca57db11bc,"도림두산베어스타워",구로구,NO_MATCH,EXACT_JIBUN_ADDRESS,115301020001100004,"서울 구로구 구로동 110-4"
cx_f6f86bdfafe1a082,"자선메르시안(400)",은평구,NO_MATCH,EXACT_PARCEL,113801070004000000,"서울 은평구 응암동 400"
cx_f6ff98e4b253dcce,"기영",송파구,NO_MATCH,EXACT_JIBUN_ADDRESS,117101140001910017,"서울 송파구 마천동 191-17"
cx_f7181b6fb4c7648c,"청솔(269-25)",강북구,NO_MATCH,EXACT_JIBUN_ADDRESS,113051030002690025,"서울 강북구 수유동 269-25"
cx_f725349ab0001bda,"두원빌드피아(444-7)",양천구,NO_MATCH,EXACT_JIBUN_ADDRESS,114701030004440007,"서울 양천구 신월동 444-7"
cx_f72b5e2efdca5386,"삼성v아파트a동",중구,NO_MATCH,EXACT_JIBUN_ADDRESS,111401620002900042,"서울 중구 신당동 290-42"
cx_f7360d59444cad41,"그린빌",중구,NO_MATCH,EXACT_JIBUN_ADDRESS,111401620001220001,"서울 중구 신당동 122-1"
cx_f73b7ebfcf5210b6,"강변한신코아",마포구,NO_MATCH,EXACT_PARCEL,114401070003500000,"서울 마포구 마포동 350"
cx_f73c944f713330a6,"우성4",영등포구,NO_MATCH,EXACT_JIBUN_ADDRESS,115601320001020008,"서울 영등포구 신길동 102-8"
cx_f7563bcf4b52a2ba,"제이타워4",은평구,NO_MATCH,EXACT_JIBUN_ADDRESS,113801060000090050,"서울 은평구 대조동 9-50"
cx_f767b31b5bed05bb,"플라잉캐슬",은평구,NO_MATCH,EXACT_JIBUN_ADDRESS,113801040004680004,"서울 은평구 갈현동 468-4"
cx_f76945a1ccdf6ceb,"골든아트빌",강남구,NO_MATCH,EXACT_JIBUN_ADDRESS,116801040000280013,"서울 강남구 청담동 28-13"
cx_f777d111ef8b6cca,"영풍",마포구,NO_MATCH,EXACT_JIBUN_ADDRESS,114401130000410004,"서울 마포구 구수동 41-4"
cx_f781608dc39d40a2,"여의도리버뷰",영등포구,NO_MATCH,EXACT_PARCEL,115601320049420000,"서울 영등포구 신길동 4942"
cx_f787d14089f29e66,"우남그랜드",노원구,NO_MATCH,EXACT_PARCEL,113501020009300000,"서울 노원구 월계동 930"
cx_f792a7d4dc5695da,"뉴홍현",동작구,NO_MATCH,EXACT_JIBUN_ADDRESS,115901090003440179,"서울 동작구 신대방동 344-179"
cx_f792cf964e7567f8,"선우아파트",은평구,NO_MATCH,EXACT_JIBUN_ADDRESS,113801030000120003,"서울 은평구 불광동 12-3"
cx_f7964c2a271b16e0,"용산시티파크(1단지)",용산구,NO_MATCH,EXACT_JIBUN_ADDRESS,111701280000630389,"서울 용산구 한강로3가 63-389"
cx_f79885a62b9e3afb,"장미아파트",서초구,NO_MATCH,EXACT_JIBUN_ADDRESS,116501080013640051,"서울 서초구 서초동 1364-51"
cx_f79988a71b213927,"성원",구로구,NO_MATCH,EXACT_PARCEL,115301060003220000,"서울 구로구 고척동 322"
cx_f799cc6de310f0d6,"할리우드파크아파트",종로구,NO_MATCH,EXACT_JIBUN_ADDRESS,111101750000560135,"서울 종로구 숭인동 56-135"
cx_f7a3aab3d885c581,"송파레미니스2단지",송파구,NO_MATCH,EXACT_PARCEL,117101120006170000,"서울 송파구 오금동 617"
cx_f7a3c426454c8692,"함성월드빌",마포구,NO_MATCH,EXACT_PARCEL,114401230005020000,"서울 마포구 망원동 502"
cx_f7a404bc022f5f50,"한신엠비씨",강남구,NO_MATCH,EXACT_JIBUN_ADDRESS,116801180008950008,"서울 강남구 도곡동 895-8"
cx_f7a51e5629dbc4c9,"동아빌리지",서초구,NO_MATCH,EXACT_JIBUN_ADDRESS,116501080015230017,"서울 서초구 서초동 1523-17"
cx_f7a650db53b5271d,"태승훼밀리",강서구,NO_MATCH,EXACT_JIBUN_ADDRESS,115001030008870001,"서울 강서구 화곡동 887-1"
cx_f7aac4b1cf30ba4b,"명일진로",강동구,NO_MATCH,EXACT_JIBUN_ADDRESS,117401010000470012,"서울 강동구 명일동 47-12"
cx_f7ad2033d6955fce,"청담매스터빌",강남구,NO_MATCH,EXACT_JIBUN_ADDRESS,116801040001410001,"서울 강남구 청담동 141-1"
cx_f7af5479bab40929,"우방리버파크",광진구,NO_MATCH,EXACT_PARCEL,112151050007930000,"서울 광진구 자양동 793"
cx_f7afc4d76e21e960,"영무예다음",강남구,NO_MATCH,EXACT_JIBUN_ADDRESS,116801050001220007,"서울 강남구 삼성동 122-7"
cx_f7bb13d9fd879859,"성산월드타운대림",마포구,NO_MATCH,EXACT_PARCEL,114401250006010000,"서울 마포구 성산동 601"
cx_f7bc40305c89b4f0,"정릉2차대주피오레",성북구,NO_MATCH,EXACT_PARCEL,112901330010320000,"서울 성북구 정릉동 1032"
cx_f7c05728517b8f87,"에이트플레이스",중랑구,NO_MATCH,NO_MATCH,112601040000080000,"서울 중랑구 묵동 8"
cx_f7cf974e444d0a03,"더원센트럴",송파구,NO_MATCH,EXACT_JIBUN_ADDRESS,117101110000480003,"서울 송파구 방이동 48-3"
cx_f7d49395185b9f56,"태릉입구역이니티움",노원구,NO_MATCH,EXACT_JIBUN_ADDRESS,113501030006840041,"서울 노원구 공릉동 684-41"
cx_f7d6839dc0cd1b0d,"경원로얄시티",관악구,NO_MATCH,EXACT_JIBUN_ADDRESS,116201010001480139,"서울 관악구 봉천동 148-139"
cx_f7f811d42ba2f5b3,"한일2",노원구,NO_MATCH,EXACT_PARCEL,113501020009270000,"서울 노원구 월계동 927"
cx_f7f894f7228c240c,"등촌퀸즈포디엄삼익",강서구,NO_MATCH,EXACT_JIBUN_ADDRESS,115001020005110004,"서울 강서구 등촌동 511-4"
cx_f802498d19236162,"ns파크apt",강서구,NO_MATCH,EXACT_JIBUN_ADDRESS,115001030010760009,"서울 강서구 화곡동 1076-9"
cx_f80cedf450fb51a3,"(750-13)",구로구,NO_MATCH,EXACT_JIBUN_ADDRESS,115301020007500013,"서울 구로구 구로동 750-13"
cx_f8150dcafb94bd7b,"숭실골드",동작구,NO_MATCH,MULTI_RECORD_SAME_PARCEL,115901020004730000,"서울 동작구 상도동 473"
cx_f821f27f1ea2325b,"탑빌라트",서초구,NO_MATCH,EXACT_JIBUN_ADDRESS,116501010007970001,"서울 서초구 방배동 797-1"
cx_f82e859b571a768c,"청계리버팰리스a",중구,NO_MATCH,EXACT_PARCEL,111401650020330000,"서울 중구 황학동 2033"
cx_f831bb887338cf13,"샤인빌(a동)",강동구,NO_MATCH,EXACT_JIBUN_ADDRESS,117401080003820001,"서울 강동구 성내동 382-1"
cx_f8344f14309582ff,"프레스턴-2(1506-42)",서초구,NO_MATCH,EXACT_JIBUN_ADDRESS,116501080015060042,"서울 서초구 서초동 1506-42"
cx_f835363de825a804,"홍익한신",성동구,NO_MATCH,NO_MATCH,112001030001190001,"서울 성동구 홍익동 119-1"
cx_f839d9950d8315e9,"(743-34)",구로구,NO_MATCH,EXACT_JIBUN_ADDRESS,115301020007430034,"서울 구로구 구로동 743-34"
cx_f85662f7b4713665,"신원지벤스타3",서대문구,NO_MATCH,EXACT_JIBUN_ADDRESS,114101180003920011,"서울 서대문구 홍은동 392-11"
cx_f85f8216c9aefe27,"대외",양천구,NO_MATCH,EXACT_JIBUN_ADDRESS,114701030004700001,"서울 양천구 신월동 470-1"
cx_f863c5702ab25ff7,"신천빌리지",중랑구,NO_MATCH,EXACT_JIBUN_ADDRESS,112601060004950042,"서울 중랑구 신내동 495-42"
cx_f869841d92430af2,"삼성홈타운",중구,NO_MATCH,EXACT_PARCEL,111401620008490000,"서울 중구 신당동 849"
cx_f86d064548b36996,"서울역센트럴자이(임대)",중구,NO_MATCH,NO_MATCH,111401740001760001,"서울 중구 만리동2가 176-1"
cx_f86d43589fbef6ef,"강변아파트",광진구,NO_MATCH,EXACT_JIBUN_ADDRESS,112151030001980005,"서울 광진구 구의동 198-5"
cx_f880dbd194a494c2,"엘리온",양천구,NO_MATCH,EXACT_JIBUN_ADDRESS,114701020008030002,"서울 양천구 목동 803-2"
cx_f88294d5ecee0bb5,"개봉동상우",구로구,NO_MATCH,EXACT_PARCEL,115301070004870000,"서울 구로구 개봉동 487"
cx_f88b4dbee8b99839,"동문(비동,씨동)(494-0)",종로구,NO_MATCH,EXACT_PARCEL,111101750004940000,"서울 종로구 숭인동 494"
cx_f88f4138f17cc019,"신공덕래미안3차",마포구,NO_MATCH,EXACT_PARCEL,114401030001610000,"서울 마포구 신공덕동 161"
cx_f89b2f23711c9b16,"(716-17)",구로구,NO_MATCH,EXACT_JIBUN_ADDRESS,115301020007160017,"서울 구로구 구로동 716-17"
cx_f8a42bc5c15444bb,"고덕리엔파크2단지",강동구,NO_MATCH,EXACT_PARCEL,117401100007170000,"서울 강동구 강일동 717"
cx_f8a5d39ef34d4762,"웰빙존",은평구,NO_MATCH,EXACT_JIBUN_ADDRESS,113801040005220019,"서울 은평구 갈현동 522-19"
cx_f8a6af8d32bade7a,"태흥",관악구,NO_MATCH,EXACT_PARCEL,116201020016980000,"서울 관악구 신림동 1698"
cx_f8ac3af4ed74db39,"동북아스위트힐아파트",광진구,NO_MATCH,EXACT_PARCEL,112151040001070000,"서울 광진구 광장동 107"
cx_f8ae19235fc1a64b,"반포서래빌",서초구,NO_MATCH,EXACT_JIBUN_ADDRESS,116501070000870007,"서울 서초구 반포동 87-7"
cx_f8b9a8e9ab1b5650,"아이펠리스",관악구,NO_MATCH,EXACT_JIBUN_ADDRESS,116201010001790002,"서울 관악구 봉천동 179-2"
cx_f8bbcf972bc97d96,"서초코아",서초구,NO_MATCH,EXACT_JIBUN_ADDRESS,116501080014650007,"서울 서초구 서초동 1465-7"
cx_f8c4e519ba42ad0c,"두산",관악구,NO_MATCH,EXACT_PARCEL,116201010017080000,"서울 관악구 봉천동 1708"
cx_f8cae0ed89ba706f,"수정럭스",은평구,NO_MATCH,EXACT_JIBUN_ADDRESS,113801040004770008,"서울 은평구 갈현동 477-8"
cx_f8ccdd1de0a1f364,"리버타워",영등포구,NO_MATCH,EXACT_JIBUN_ADDRESS,115601100000610005,"서울 영등포구 여의도동 61-5"
cx_f8d0ffd91df9d1a3,"청백3",노원구,NO_MATCH,EXACT_PARCEL,113501020007800000,"서울 노원구 월계동 780"
cx_f8d3c087e40e84af,"구산그린빌",은평구,NO_MATCH,EXACT_PARCEL,113801050002260000,"서울 은평구 구산동 226"
cx_f8d4bc364eee9eb4,"청계랜드힐아파트",중구,NO_MATCH,EXACT_PARCEL,111401650015310000,"서울 중구 황학동 1531"
cx_f8df6e42e86052d9,"아이파크",양천구,NO_MATCH,EXACT_PARCEL,114701010012960000,"서울 양천구 신정동 1296"
cx_f8e47e383bf721b8,"양평벽산블루밍",영등포구,NO_MATCH,EXACT_PARCEL,115601260000230000,"서울 영등포구 양평동2가 23"
cx_f8f04d1cf447b569,"역삼센트럴2차아이파크",강남구,NO_MATCH,EXACT_JIBUN_ADDRESS,116801010007120005,"서울 강남구 역삼동 712-5"
cx_f9061d584aaa84c0,"반석블레스빌",관악구,NO_MATCH,EXACT_JIBUN_ADDRESS,116201010016150017,"서울 관악구 봉천동 1615-17"
cx_f91082295855cd3c,"래미안신반포팰리스",서초구,NO_MATCH,EXACT_PARCEL,116501060001580000,"서울 서초구 잠원동 158"
cx_f91ff1639acfd7dc,"대송",강동구,NO_MATCH,EXACT_JIBUN_ADDRESS,117401070004400004,"서울 강동구 암사동 440-4"
cx_f927a8a25c89216e,"관악유앤아이",관악구,NO_MATCH,EXACT_PARCEL,116201010017270000,"서울 관악구 봉천동 1727"
cx_f92a1cc67f6e48a7,"한솔솔파크",강북구,NO_MATCH,EXACT_PARCEL,113051020001380000,"서울 강북구 번동 138"
cx_f930531ec432b0ec,"래미안서초에스티지s",서초구,NO_MATCH,EXACT_PARCEL,116501080017540000,"서울 서초구 서초동 1754"
cx_f945c1b29193ff4e,"파크힐",강남구,NO_MATCH,EXACT_JIBUN_ADDRESS,116801180005500001,"서울 강남구 도곡동 550-1"
cx_f9468bf0429b8151,"서초힐스",서초구,NO_MATCH,EXACT_PARCEL,116501030007730000,"서울 서초구 우면동 773"
cx_f949600365a9bb1d,"송이월드a동",노원구,NO_MATCH,EXACT_JIBUN_ADDRESS,113501050011010002,"서울 노원구 상계동 1101-2"
cx_f94e99ece8463227,"두산",금천구,NO_MATCH,EXACT_PARCEL,115451010007690000,"서울 금천구 가산동 769"
cx_f94f631003a83fa1,"힐스테이트마포더퍼스트",마포구,NO_MATCH,NO_MATCH,114401110000910090,"서울 마포구 신수동 91-90"
cx_f94ffd4914021165,"이연아마빌레(293-8)",강동구,NO_MATCH,EXACT_JIBUN_ADDRESS,117401090002930008,"서울 강동구 천호동 293-8"
cx_f9590a9129a3c9eb,"하야트빌",강남구,NO_MATCH,EXACT_JIBUN_ADDRESS,116801070005510005,"서울 강남구 신사동 551-5"
cx_f95a9cf13364e427,"녹천역두산위브아파트",노원구,NO_MATCH,EXACT_PARCEL,113501020009500000,"서울 노원구 월계동 950"
cx_f95c4f5d2a25036d,"계영주택(746-49)",구로구,NO_MATCH,EXACT_JIBUN_ADDRESS,115301020007460049,"서울 구로구 구로동 746-49"
cx_f96035e3de1627f4,"다청림(356)",구로구,NO_MATCH,EXACT_PARCEL,115301080003560000,"서울 구로구 오류동 356"
cx_f96147f4306d943f,"암펠로스타워",강동구,NO_MATCH,EXACT_PARCEL,117401060005560000,"서울 강동구 둔촌동 556"
cx_f984be38fd0d8ff7,"삼보스위트홈",동대문구,NO_MATCH,EXACT_JIBUN_ADDRESS,112301100002640368,"서울 동대문구 이문동 264-368"
cx_f9860cfd9494406b,"금용",도봉구,NO_MATCH,EXACT_PARCEL,113201070008090000,"서울 도봉구 창동 809"
cx_f98c1dc7bfd69388,"샤인파크",동대문구,NO_MATCH,EXACT_JIBUN_ADDRESS,112301040001030233,"서울 동대문구 전농동 103-233"
cx_f98f71dc91c3bb62,"세민하이파크",은평구,NO_MATCH,EXACT_JIBUN_ADDRESS,113801090000400002,"서울 은평구 신사동 40-2"
cx_f9987f241f94d614,"mid그린(3동)",종로구,NO_MATCH,EXACT_JIBUN_ADDRESS,111101740006010002,"서울 종로구 창신동 601-2"
cx_f99e9ad7ec99354a,"삼구",양천구,NO_MATCH,EXACT_JIBUN_ADDRESS,114701030006040004,"서울 양천구 신월동 604-4"
cx_f9a4c7a0ba17887e,"그린힐스아파트",도봉구,NO_MATCH,MULTI_RECORD_SAME_PARCEL,113201050006580000,"서울 도봉구 쌍문동 658"
cx_f9a63b89f9c0d0cc,"코아루1단지",양천구,NO_MATCH,EXACT_JIBUN_ADDRESS,114701030001970002,"서울 양천구 신월동 197-2"
cx_f9add1d04c849e05,"부림베스트빌",서대문구,NO_MATCH,EXACT_JIBUN_ADDRESS,114101180004030002,"서울 서대문구 홍은동 403-2"
cx_f9b1be9b1753a3bb,"대원캐슬빌",광진구,NO_MATCH,EXACT_JIBUN_ADDRESS,112151050006240045,"서울 광진구 자양동 624-45"
cx_f9b5183e373dcf7b,"성원1",노원구,NO_MATCH,EXACT_PARCEL,113501060005800000,"서울 노원구 중계동 580"
cx_f9b5e9affc4a6351,"운암화인빌102",강동구,NO_MATCH,EXACT_JIBUN_ADDRESS,117401080004660001,"서울 강동구 성내동 466-1"
cx_f9b9879d009959cc,"대승빌라",구로구,NO_MATCH,EXACT_JIBUN_ADDRESS,115301020007450016,"서울 구로구 구로동 745-16"
cx_f9babf055a12fd3d,"대우",강동구,NO_MATCH,EXACT_PARCEL,117401020004700000,"서울 강동구 고덕동 470"
cx_f9c0e5f1922ff642,"보성리엔빌",은평구,NO_MATCH,EXACT_JIBUN_ADDRESS,113801060000150121,"서울 은평구 대조동 15-121"
cx_f9cf84bc45169edf,"현대휴먼터치빌",강남구,NO_MATCH,EXACT_JIBUN_ADDRESS,116801010006060018,"서울 강남구 역삼동 606-18"
cx_f9e74bf5ab533616,"동남",영등포구,NO_MATCH,EXACT_PARCEL,115601060000240000,"서울 영등포구 영등포동5가 24"
cx_f9eb07f7f982695c,"삼환아파트",금천구,NO_MATCH,EXACT_JIBUN_ADDRESS,115451020010060132,"서울 금천구 독산동 1006-132"
cx_f9f52bebb3342bcd,"파크카운티",서대문구,NO_MATCH,EXACT_JIBUN_ADDRESS,114101170000010078,"서울 서대문구 연희동 1-78"
cx_f9fdac5ab395b795,"방배대우멤버스카운티501",서초구,NO_MATCH,EXACT_JIBUN_ADDRESS,116501010008010001,"서울 서초구 방배동 801-1"
cx_fa119d5277728fd2,"휘경자이디센시아",동대문구,NO_MATCH,NO_MATCH,112301090001720000,"서울 동대문구 휘경동 172"
cx_fa13bdb8892e9f3c,"황지",도봉구,NO_MATCH,EXACT_JIBUN_ADDRESS,113201070006610089,"서울 도봉구 창동 661-89"
cx_fa146eeff3265ff2,"무궁화",강서구,NO_MATCH,EXACT_JIBUN_ADDRESS,115001030009350009,"서울 강서구 화곡동 935-9"
cx_fa1cf670fd2dcfd7,"lipe-푸른아파트",구로구,NO_MATCH,EXACT_PARCEL,115301070004910000,"서울 구로구 개봉동 491"
cx_fa28c575dbc3299f,"도림씨티빌1",강동구,NO_MATCH,EXACT_JIBUN_ADDRESS,117401050000990001,"서울 강동구 길동 99-1"
cx_fa2998114efc7f8e,"반포대우멤버스카운티",서초구,NO_MATCH,EXACT_JIBUN_ADDRESS,116501070001110011,"서울 서초구 반포동 111-11"
cx_fa318825070e23bd,"선원가와인",영등포구,NO_MATCH,EXACT_PARCEL,115601320049430000,"서울 영등포구 신길동 4943"
cx_fa3a136904f3cd04,"현대빌라트1",송파구,NO_MATCH,EXACT_JIBUN_ADDRESS,117101070000010010,"서울 송파구 가락동 1-10"
cx_fa40ba1b4f6a23a9,"월곡두산위브",성북구,NO_MATCH,EXACT_PARCEL,112901360002220000,"서울 성북구 하월곡동 222"
cx_fa4e6f6a19900fbc,"두산2",중랑구,NO_MATCH,EXACT_PARCEL,112601010015100000,"서울 중랑구 면목동 1510"
cx_fa58d665d2ee7e5d,"스타파크아파트",동대문구,NO_MATCH,EXACT_JIBUN_ADDRESS,112301060004560008,"서울 동대문구 장안동 456-8"
cx_fa5e8de29fd51faa,"무궁화",서대문구,NO_MATCH,EXACT_JIBUN_ADDRESS,114101120000540001,"서울 서대문구 대현동 54-1"
cx_fa6196f0f027695d,"동부썬빌",송파구,NO_MATCH,EXACT_JIBUN_ADDRESS,117101070000990006,"서울 송파구 가락동 99-6"
cx_fa6a40d7957ffe35,"라온유",성북구,NO_MATCH,EXACT_PARCEL,112901330010340000,"서울 성북구 정릉동 1034"
cx_fa6e8b155dd1bfc2,"동성5",중랑구,NO_MATCH,EXACT_PARCEL,112601060007880000,"서울 중랑구 신내동 788"
cx_fa6fa4c72e8d7a84,"동양",영등포구,NO_MATCH,EXACT_PARCEL,115601300001000000,"서울 영등포구 양평동6가 100"
cx_fa7a11bdd90332f8,"일우",종로구,NO_MATCH,MULTI_RECORD_SAME_PARCEL,111101740006020000,"서울 종로구 창신동 602"
cx_fa7a8c687aca4b6d,"삼형.그레이스빌",강서구,NO_MATCH,EXACT_JIBUN_ADDRESS,115001020005640007,"서울 강서구 등촌동 564-7"
cx_fa8b1a66b95492d0,"예다움",강동구,NO_MATCH,EXACT_JIBUN_ADDRESS,117401050003470027,"서울 강동구 길동 347-27"
cx_fa9163610fdea84d,"삼성청담아파트",강남구,NO_MATCH,EXACT_PARCEL,116801040000420000,"서울 강남구 청담동 42"
cx_fa9771c29c4b806f,"해찬아파트",금천구,NO_MATCH,EXACT_JIBUN_ADDRESS,115451020009170003,"서울 금천구 독산동 917-3"
cx_fa9e883b83bbaf80,"sm이로빌(350-11)",동대문구,NO_MATCH,EXACT_JIBUN_ADDRESS,112301060003500011,"서울 동대문구 장안동 350-11"
cx_fa9ea28768ba99b2,"dmc이랜드해가든",서대문구,NO_MATCH,EXACT_PARCEL,114101190004600000,"서울 서대문구 북가좌동 460"
cx_faa4d21bb7cf27da,"목동보미리즌빌",양천구,NO_MATCH,EXACT_JIBUN_ADDRESS,114701020007390001,"서울 양천구 목동 739-1"
cx_fad5fe47fba26495,"신동아예지움",송파구,NO_MATCH,EXACT_JIBUN_ADDRESS,117101010003070002,"서울 송파구 잠실동 307-2"
cx_fad76abfdd0d60ac,"목동해오름102동",양천구,NO_MATCH,EXACT_JIBUN_ADDRESS,114701010010130014,"서울 양천구 신정동 1013-14"
cx_fae073120d1fa6dc,"화곡동복지",강서구,NO_MATCH,EXACT_JIBUN_ADDRESS,115001030003540054,"서울 강서구 화곡동 354-54"
cx_fae0f989738cdb9b,"현대(201)",송파구,NO_MATCH,EXACT_JIBUN_ADDRESS,117101050002260002,"서울 송파구 석촌동 226-2"
cx_faed4eec6d94543a,"상봉듀오트리스",중랑구,NO_MATCH,EXACT_PARCEL,112601020005010000,"서울 중랑구 상봉동 501"
cx_faf4eafeda1d0c12,"상산노블레스빌",강서구,NO_MATCH,EXACT_JIBUN_ADDRESS,115001060006980007,"서울 강서구 내발산동 698-7"
cx_fb02a50df2e61751,"한보1",송파구,NO_MATCH,EXACT_PARCEL,117101140001750000,"서울 송파구 마천동 175"
cx_fb09fe3d7b7f023f,"쌍문리버뷰",도봉구,NO_MATCH,EXACT_JIBUN_ADDRESS,113201050001030069,"서울 도봉구 쌍문동 103-69"
cx_fb0a79cc0af969a9,"대영",관악구,NO_MATCH,EXACT_JIBUN_ADDRESS,116201010000150005,"서울 관악구 봉천동 15-5"
cx_fb1ffc7b4852f9a1,"타워팰리스3",강남구,NO_MATCH,EXACT_JIBUN_ADDRESS,116801180004670029,"서울 강남구 도곡동 467-29"
cx_fb29b1f17a1f2355,"유원",노원구,NO_MATCH,EXACT_PARCEL,113501020008800000,"서울 노원구 월계동 880"
cx_fb2c2f921394650e,"성원",강동구,NO_MATCH,EXACT_PARCEL,117401060006130000,"서울 강동구 둔촌동 613"
cx_fb3522103c85b89b,"은성마을승윤노블리안",양천구,NO_MATCH,EXACT_PARCEL,114701030010650000,"서울 양천구 신월동 1065"
cx_fb3843e66de956a2,"세방하이빌1",강남구,NO_MATCH,EXACT_JIBUN_ADDRESS,116801010007710004,"서울 강남구 역삼동 771-4"
cx_fb457e3549e6ea9b,"역삼카이스아파트",강남구,NO_MATCH,EXACT_JIBUN_ADDRESS,116801010008360035,"서울 강남구 역삼동 836-35"
cx_fb4d46c0185ca7c4,"신일해피트리3차(568)",동대문구,NO_MATCH,EXACT_PARCEL,112301060005680000,"서울 동대문구 장안동 568"
cx_fb4e85021565e225,"훼미리주상복합",양천구,NO_MATCH,EXACT_JIBUN_ADDRESS,114701030001660027,"서울 양천구 신월동 166-27"
cx_fb5a041b7de7614e,"노블리움",동작구,NO_MATCH,EXACT_JIBUN_ADDRESS,115901030004410005,"서울 동작구 상도1동 441-5"
cx_fb6e7fd0d50da056,"신문로맨션",종로구,NO_MATCH,EXACT_PARCEL,111101200002380000,"서울 종로구 신문로1가 238"
cx_fb6f55bf78b707dd,"그린씨티아파트1",서초구,NO_MATCH,EXACT_JIBUN_ADDRESS,116501020003760004,"서울 서초구 양재동 376-4"
cx_fb746c491d3240e9,"우성2",강서구,NO_MATCH,EXACT_JIBUN_ADDRESS,115001010002870001,"서울 강서구 염창동 287-1"
cx_fb74a56f7d96675d,"현대그린빌",송파구,NO_MATCH,EXACT_PARCEL,117101140001810000,"서울 송파구 마천동 181"
cx_fb75e54242978da0,"개포주공5단지",강남구,NO_MATCH,EXACT_PARCEL,116801030001870000,"서울 강남구 개포동 187"
cx_fb8c5cd7d5d2620d,"월드메르디앙201동,202동",강서구,NO_MATCH,EXACT_PARCEL,115001090008790000,"서울 강서구 방화동 879"
cx_fb97808e603b8532,"에스케이허브진",강동구,NO_MATCH,EXACT_PARCEL,117401080001940000,"서울 강동구 성내동 194"
cx_fba90c19d1b66a51,"홍제원현대(459-0)",서대문구,AMBIGUOUS,EXACT_PARCEL,114101110004590000,"서울 서대문구 홍제동 459"
cx_fbae525a9a8968ae,"우림카이저팰리스",성북구,NO_MATCH,EXACT_PARCEL,112901350001320000,"서울 성북구 종암동 132"
cx_fbb52c88e6b9463c,"청솔",강북구,NO_MATCH,EXACT_JIBUN_ADDRESS,113051030001780001,"서울 강북구 수유동 178-1"
cx_fbc1fb8209b3466f,"포레스트힐시티",종로구,NO_MATCH,EXACT_JIBUN_ADDRESS,111101620000650002,"서울 종로구 효제동 65-2"
cx_fbc54c7259f0218f,"해청",서초구,NO_MATCH,MULTI_RECORD_SAME_PARCEL,116501020000190000,"서울 서초구 양재동 19"
cx_fbde3c260def2c74,"미랜드퀸",송파구,NO_MATCH,MULTI_RECORD_SAME_PARCEL,117101030002540000,"서울 송파구 풍납동 254"
cx_fbde6cf4a7fa2fb4,"신원2차(24-130)",강서구,NO_MATCH,EXACT_JIBUN_ADDRESS,115001030000240130,"서울 강서구 화곡동 24-130"
cx_fbe3118535392f25,"mid그린(7동)",종로구,NO_MATCH,EXACT_JIBUN_ADDRESS,111101740006010008,"서울 종로구 창신동 601-8"
cx_fbed11b064679cfb,"도곡2차i'park",강남구,NO_MATCH,EXACT_PARCEL,116801180009690000,"서울 강남구 도곡동 969"
cx_fc03b7e34ef13f24,"한강수",용산구,NO_MATCH,EXACT_JIBUN_ADDRESS,111701180001280001,"서울 용산구 원효로4가 128-1"
cx_fc07328cb00c4eb5,"관악동부센트레빌",관악구,NO_MATCH,EXACT_PARCEL,116201010017190000,"서울 관악구 봉천동 1719"
cx_fc09683279b22669,"(828-76)",강남구,NO_MATCH,EXACT_JIBUN_ADDRESS,116801010008280076,"서울 강남구 역삼동 828-76"
cx_fc0aaef866a5ef3b,"현대(148-494)",강북구,NO_MATCH,EXACT_JIBUN_ADDRESS,113051020001480494,"서울 강북구 번동 148-494"
cx_fc1091b1029d4e2e,"한빛",종로구,NO_MATCH,EXACT_JIBUN_ADDRESS,111101730000010030,"서울 종로구 명륜3가 1-30"
cx_fc114a294635bb3f,"드림시드",영등포구,NO_MATCH,EXACT_JIBUN_ADDRESS,115601170001710019,"서울 영등포구 당산동 171-19"
cx_fc1987e891ef642a,"창동그린아파트",도봉구,NO_MATCH,EXACT_JIBUN_ADDRESS,113201070002540030,"서울 도봉구 창동 254-30"
cx_fc1ab76957b4133d,"대치동우정에쉐르2(890-42)",강남구,NO_MATCH,EXACT_JIBUN_ADDRESS,116801060008900042,"서울 강남구 대치동 890-42"
cx_fc2c32a1977bfb99,"여흥레이크빌",송파구,NO_MATCH,MULTI_RECORD_SAME_PARCEL,117101040000310000,"서울 송파구 송파동 31"
cx_fc3023393e9e153e,"대림2차",마포구,NO_MATCH,EXACT_PARCEL,114401050005010000,"서울 마포구 용강동 501"
cx_fc3152b93ba3186c,"진성",성북구,NO_MATCH,EXACT_JIBUN_ADDRESS,112901130000030001,"서울 성북구 삼선동3가 3-1"
cx_fc3283ea439e8caf,"한국",중랑구,NO_MATCH,EXACT_PARCEL,112601040003780000,"서울 중랑구 묵동 378"
cx_fc547a3d0bd7ef15,"한솔",은평구,NO_MATCH,EXACT_PARCEL,113801040005390000,"서울 은평구 갈현동 539"
cx_fc563e73b4f18e9b,"올림픽파크리움",송파구,NO_MATCH,MULTI_RECORD_SAME_PARCEL,117101110000510000,"서울 송파구 방이동 51"
cx_fc56ad461b9fcf90,"상도동삼호아파트",동작구,NO_MATCH,EXACT_PARCEL,115901020004080000,"서울 동작구 상도동 408"
cx_fc695d8f9247d086,"대우",강북구,NO_MATCH,EXACT_PARCEL,113051040003420000,"서울 강북구 우이동 342"
cx_fc6ab7f446e469b9,"수산동양빌",성북구,NO_MATCH,EXACT_PARCEL,112901360002230000,"서울 성북구 하월곡동 223"
cx_fc766fcfed2b4d1d,"루체비스타",강서구,NO_MATCH,EXACT_JIBUN_ADDRESS,115001030008970002,"서울 강서구 화곡동 897-2"
cx_fc7919d33f17b6d3,"우림루미아트2",강남구,NO_MATCH,EXACT_JIBUN_ADDRESS,116801010007060010,"서울 강남구 역삼동 706-10"
cx_fc7b32bd1839a349,"잠실라펜앤",송파구,NO_MATCH,EXACT_PARCEL,117101110004560000,"서울 송파구 방이동 456"
cx_fc812c6ee87cc7b3,"마블하우스",강남구,NO_MATCH,EXACT_JIBUN_ADDRESS,116801080002670023,"서울 강남구 논현동 267-23"
cx_fc8479f17062904d,"삼성래미안",용산구,NO_MATCH,EXACT_PARCEL,111701200000230000,"서울 용산구 도원동 23"
cx_fc8541816bdcaf7d,"궁전a동",강서구,NO_MATCH,EXACT_JIBUN_ADDRESS,115001030009110014,"서울 강서구 화곡동 911-14"
cx_fc85c1ea8d2bbfaa,"브라운스톤잠원",서초구,NO_MATCH,EXACT_JIBUN_ADDRESS,116501060000670002,"서울 서초구 잠원동 67-2"
cx_fc88145051cb3041,"삼성래미안",구로구,NO_MATCH,EXACT_JIBUN_ADDRESS,115301020002560001,"서울 구로구 구로동 256-1"
cx_fc92b8bc621b60ce,"예도팔라티움",강북구,NO_MATCH,EXACT_JIBUN_ADDRESS,113051030002230007,"서울 강북구 수유동 223-7"
cx_fc975917ef929f62,"자양",광진구,NO_MATCH,NO_MATCH,112151050006580014,"서울 광진구 자양동 658-14"
cx_fc97a7e26a69c09e,"다원(107-4)",은평구,NO_MATCH,EXACT_JIBUN_ADDRESS,113801070001070004,"서울 은평구 응암동 107-4"
cx_fcb488344c664620,"신반포26",서초구,NO_MATCH,EXACT_JIBUN_ADDRESS,116501060000620004,"서울 서초구 잠원동 62-4"
cx_fcbea3652d970f74,"영남",강북구,NO_MATCH,EXACT_JIBUN_ADDRESS,113051030001920061,"서울 강북구 수유동 192-61"
cx_fcca5ee5decc4012,"상도고구아파트",동작구,NO_MATCH,EXACT_JIBUN_ADDRESS,115901020000070098,"서울 동작구 상도동 7-98"
cx_fccbf58bb8a1d7e5,"애드웰(534)",양천구,NO_MATCH,MULTI_RECORD_SAME_PARCEL,114701020005340000,"서울 양천구 목동 534"
cx_fcdae89a796cbd75,"형인허브빌2차(566)",동대문구,NO_MATCH,EXACT_PARCEL,112301060005660000,"서울 동대문구 장안동 566"
cx_fcf7b4993b49d905,"시티플레이스",성북구,NO_MATCH,EXACT_JIBUN_ADDRESS,112901090000030001,"서울 성북구 동소문동6가 3-1"
cx_fcfe797a3cf13ba1,"신미",영등포구,NO_MATCH,EXACT_JIBUN_ADDRESS,115601320003400001,"서울 영등포구 신길동 340-1"
cx_fcfee0a39c54c7fc,"구의현대홈시티",광진구,NO_MATCH,EXACT_JIBUN_ADDRESS,112151050007790008,"서울 광진구 자양동 779-8"
cx_fd0372a95d34d9d7,"래미안파크팰리스",송파구,NO_MATCH,EXACT_PARCEL,117101070001650000,"서울 송파구 가락동 165"
cx_fd065121656ce30d,"개포6차우성아파트1동~8동",강남구,NO_MATCH,EXACT_JIBUN_ADDRESS,116801030006580001,"서울 강남구 개포동 658-1"
cx_fd08310545d9b518,"극동옥정",성동구,NO_MATCH,EXACT_PARCEL,112001130005570000,"서울 성동구 옥수동 557"
cx_fd0b0fabc1f8e411,"동관아트빌",성북구,NO_MATCH,EXACT_JIBUN_ADDRESS,112901230000420001,"서울 성북구 안암동3가 42-1"
cx_fd0bd0e6d163ef28,"창방트윈(b동)",성북구,NO_MATCH,EXACT_JIBUN_ADDRESS,112901360000902066,"서울 성북구 하월곡동 90-2066"
cx_fd0eaa58751d47e3,"쌍문동삼성래미안",도봉구,NO_MATCH,EXACT_PARCEL,113201050007250000,"서울 도봉구 쌍문동 725"
cx_fd162669544e8d71,"래미안상도3차",동작구,NO_MATCH,EXACT_PARCEL,115901020004310000,"서울 동작구 상도동 431"
cx_fd1ae0ac20f441df,"시온",동대문구,NO_MATCH,EXACT_JIBUN_ADDRESS,112301060003930008,"서울 동대문구 장안동 393-8"
cx_fd1e4182c02f6c0f,"대림빌라트",강남구,NO_MATCH,EXACT_PARCEL,116801100004440000,"서울 강남구 압구정동 444"
cx_fd263ac8ba634890,"대아파크빌",종로구,NO_MATCH,EXACT_PARCEL,111101860002540000,"서울 종로구 신영동 254"
cx_fd27105079a18c7b,"상봉힐스테이",중랑구,NO_MATCH,MULTI_RECORD_SAME_PARCEL,112601020001060000,"서울 중랑구 상봉동 106"
cx_fd29211d8052dac9,"sm엘루이아파트",양천구,NO_MATCH,EXACT_JIBUN_ADDRESS,114701010010140005,"서울 양천구 신정동 1014-5"
cx_fd33fcd68db7eea7,"한일",강남구,NO_MATCH,MULTI_RECORD_SAME_PARCEL,116801050000480000,"서울 강남구 삼성동 48"
cx_fd3e6df509ede185,"우성4차",송파구,NO_MATCH,EXACT_PARCEL,117101010003200000,"서울 송파구 잠실동 320"
cx_fd475690c6820f4a,"오류그린",구로구,NO_MATCH,EXACT_JIBUN_ADDRESS,115301080000010007,"서울 구로구 오류동 1-7"
cx_fd48fd011d9d54e1,"썬팰리스아파트",강동구,NO_MATCH,EXACT_JIBUN_ADDRESS,117401090000280032,"서울 강동구 천호동 28-32"
cx_fd57871d4a4c58b9,"아크로타워",용산구,NO_MATCH,EXACT_JIBUN_ADDRESS,111701220000240021,"서울 용산구 문배동 24-21"
cx_fd5a893b01874bc4,"(752-10)",구로구,NO_MATCH,EXACT_JIBUN_ADDRESS,115301020007520010,"서울 구로구 구로동 752-10"
cx_fd637b94c8a37807,"자선메르시안102동(123-25)",은평구,NO_MATCH,EXACT_JIBUN_ADDRESS,113801070001230025,"서울 은평구 응암동 123-25"
cx_fd663ea0245c5ba5,"면목삼호101",중랑구,NO_MATCH,EXACT_PARCEL,112601010015130000,"서울 중랑구 면목동 1513"
cx_fd74232dafd9be9a,"동호",서대문구,NO_MATCH,EXACT_JIBUN_ADDRESS,114101020000010037,"서울 서대문구 충정로3가 1-37"
cx_fd75133c72508e80,"아그네스풍림아이원",은평구,NO_MATCH,EXACT_JIBUN_ADDRESS,113801080000310006,"서울 은평구 역촌동 31-6"
cx_fd7811f00f9fc609,"백운아파트",중랑구,NO_MATCH,EXACT_JIBUN_ADDRESS,112601020000840039,"서울 중랑구 상봉동 84-39"
cx_fd7e84bd38282f59,"순영웰라이빌2차",구로구,NO_MATCH,EXACT_JIBUN_ADDRESS,115301020000970002,"서울 구로구 구로동 97-2"
cx_fd828b09f262e62f,"장안현대",동대문구,NO_MATCH,EXACT_JIBUN_ADDRESS,112301060000950001,"서울 동대문구 장안동 95-1"
cx_fd94434b0fca6af7,"성원아파트",도봉구,NO_MATCH,EXACT_PARCEL,113201060007350000,"서울 도봉구 방학동 735"
cx_fda05d849f4797f2,"신원",중랑구,NO_MATCH,EXACT_PARCEL,112601050005730000,"서울 중랑구 망우동 573"
cx_fda259e53f8ab55a,"포레스(a동)",강동구,NO_MATCH,EXACT_JIBUN_ADDRESS,117401080001110064,"서울 강동구 성내동 111-64"
cx_fda3059d636e9033,"도원",용산구,NO_MATCH,EXACT_JIBUN_ADDRESS,111701200000030007,"서울 용산구 도원동 3-7"
cx_fdade17d4d72a057,"태영(379-56)",강서구,NO_MATCH,EXACT_JIBUN_ADDRESS,115001030003790056,"서울 강서구 화곡동 379-56"
cx_fdbf9abf2a139fde,"리버하이츠",양천구,NO_MATCH,EXACT_JIBUN_ADDRESS,114701020001310045,"서울 양천구 목동 131-45"
cx_fdc29c46cdb5adbb,"천우",마포구,NO_MATCH,EXACT_JIBUN_ADDRESS,114401230004360006,"서울 마포구 망원동 436-6"
cx_fdc79bea50df6c62,"부림",서대문구,NO_MATCH,EXACT_JIBUN_ADDRESS,114101180003950001,"서울 서대문구 홍은동 395-1"
cx_fdda32a027753664,"수명산타워빌",양천구,NO_MATCH,EXACT_JIBUN_ADDRESS,114701030000080002,"서울 양천구 신월동 8-2"
cx_fdee77952a507d2a,"신림동쌍용아파트",관악구,NO_MATCH,EXACT_PARCEL,116201020016860000,"서울 관악구 신림동 1686"
cx_fdf05690a442cccd,"고려아파트(b동)",강동구,NO_MATCH,EXACT_JIBUN_ADDRESS,117401090000220023,"서울 강동구 천호동 22-23"
cx_fdf06f2ff049f631,"도올탑스텔",은평구,NO_MATCH,NO_MATCH,113801080000430040,"서울 은평구 역촌동 43-40"
cx_fdf9c62597f6850c,"이편한세상화랑대",중랑구,NO_MATCH,EXACT_PARCEL,112601040003960000,"서울 중랑구 묵동 396"
cx_fdfa9fe01ba9d55f,"내츄럴1차",강서구,NO_MATCH,MULTI_RECORD_SAME_PARCEL,115001060006950000,"서울 강서구 내발산동 695"
cx_fe02edb3ff96600a,"쌍용",양천구,NO_MATCH,EXACT_PARCEL,114701010003340000,"서울 양천구 신정동 334"
cx_fe036ae999de48ba,"세이지움태릉입구역",중랑구,NO_MATCH,NO_MATCH,112601040003970000,"서울 중랑구 묵동 397"
cx_fe2beb4b7a43e10e,"은평뉴타운솔하임",은평구,NO_MATCH,EXACT_PARCEL,113801140000600000,"서울 은평구 진관동 60"
cx_fe2e063882ae01bf,"동궁리치웰(69-3)",송파구,NO_MATCH,EXACT_JIBUN_ADDRESS,117101080000690003,"서울 송파구 문정동 69-3"
cx_fe3f1c2e2b3b0fcf,"양지마을(대림)1",노원구,NO_MATCH,EXACT_PARCEL,113501060005870000,"서울 노원구 중계동 587"
cx_fe40dec153ae1a54,"강일리버파크1단지",강동구,NO_MATCH,EXACT_PARCEL,117401100006650000,"서울 강동구 강일동 665"
cx_fe477aeef93ad657,"삼성아파트",동작구,NO_MATCH,EXACT_JIBUN_ADDRESS,115901070010370009,"서울 동작구 사당동 1037-9"
cx_fe520ac15949c749,"그랜드(b동)",서대문구,NO_MATCH,EXACT_JIBUN_ADDRESS,114101180002650046,"서울 서대문구 홍은동 265-46"
cx_fe53bc5f623bd34c,"굿이모션(1103-3)",강서구,NO_MATCH,EXACT_JIBUN_ADDRESS,115001030011030003,"서울 강서구 화곡동 1103-3"
cx_fe650d7f77f987c7,"힐스테이트강동리버뷰",강동구,NO_MATCH,EXACT_PARCEL,117401070006750000,"서울 강동구 암사동 675"
cx_fe6c77312fd503f0,"청우(391-2)",강서구,NO_MATCH,EXACT_JIBUN_ADDRESS,115001030003910002,"서울 강서구 화곡동 391-2"
cx_fe702fc80431f22a,"창신이수",종로구,NO_MATCH,EXACT_JIBUN_ADDRESS,111101740000230816,"서울 종로구 창신동 23-816"
cx_fe7371cce4a7234e,"석촌",송파구,NO_MATCH,EXACT_JIBUN_ADDRESS,117101050002160004,"서울 송파구 석촌동 216-4"
cx_fe74d4ff43443b50,"상계주공7(고층)",노원구,NO_MATCH,EXACT_PARCEL,113501050006910000,"서울 노원구 상계동 691"
cx_fe77e4b90ffedd23,"효성빌라청담101(b동)",강남구,NO_MATCH,EXACT_JIBUN_ADDRESS,116801040001010017,"서울 강남구 청담동 101-17"
cx_fe83657974b1bd0b,"흑석한강센트레빌",동작구,NO_MATCH,EXACT_PARCEL,115901050003350000,"서울 동작구 흑석동 335"
cx_fe8a5a162a310859,"르메이르강남타운1",관악구,NO_MATCH,EXACT_JIBUN_ADDRESS,116201030010590001,"서울 관악구 남현동 1059-1"
cx_fe8b56c500b45fd9,"한양i-class",중구,NO_MATCH,EXACT_PARCEL,111401650007870000,"서울 중구 황학동 787"
cx_fe8d005d49fc563e,"js아파트",동대문구,NO_MATCH,EXACT_JIBUN_ADDRESS,112301060004550010,"서울 동대문구 장안동 455-10"
cx_fe92a1b0f1ca7b80,"삼화아크빌(470-39)",마포구,NO_MATCH,EXACT_JIBUN_ADDRESS,114401230004700039,"서울 마포구 망원동 470-39"
cx_fea01b0f3c148066,"등촌6차보람",강서구,NO_MATCH,EXACT_PARCEL,115001020007160000,"서울 강서구 등촌동 716"
cx_fea16eb206ea8983,"블루빌",성동구,NO_MATCH,EXACT_JIBUN_ADDRESS,112001020008900446,"서울 성동구 하왕십리동 890-446"
cx_fea2735555844f31,"동아빌라(188-72)",서대문구,NO_MATCH,EXACT_JIBUN_ADDRESS,114101180001880072,"서울 서대문구 홍은동 188-72"
cx_fea6a2ae006419bb,"서초네이처힐3단지",서초구,NO_MATCH,EXACT_PARCEL,116501030007170000,"서울 서초구 우면동 717"
cx_feaa1694cf303c4a,"더위일",은평구,NO_MATCH,EXACT_JIBUN_ADDRESS,113801070000810173,"서울 은평구 응암동 81-173"
cx_feb0479ad65c14b1,"신라힐",강서구,NO_MATCH,EXACT_JIBUN_ADDRESS,115001090006470020,"서울 강서구 방화동 647-20"
cx_feb1de870de7f343,"벧엘블레스빌",은평구,NO_MATCH,EXACT_JIBUN_ADDRESS,113801070001190016,"서울 은평구 응암동 119-16"
cx_feb296507670960c,"rudenhouse",강남구,NO_MATCH,EXACT_JIBUN_ADDRESS,116801070005240008,"서울 강남구 신사동 524-8"
cx_feb2b6cfbd90bf0f,"(718-29)청원아트빌라",구로구,NO_MATCH,EXACT_JIBUN_ADDRESS,115301020007180029,"서울 구로구 구로동 718-29"
cx_febdff41d0322623,"몽촌(아)",송파구,NO_MATCH,EXACT_JIBUN_ADDRESS,117101110001030024,"서울 송파구 방이동 103-24"
cx_fec50e9ea55b3a90,"정릉꿈에그린",성북구,NO_MATCH,EXACT_PARCEL,112901330010370000,"서울 성북구 정릉동 1037"
cx_fecc9a0c88859166,"장수마을",양천구,NO_MATCH,EXACT_PARCEL,114701030010370000,"서울 양천구 신월동 1037"
cx_fecd0326abe646eb,"상지리츠빌(73-2)",서초구,NO_MATCH,EXACT_JIBUN_ADDRESS,116501070000730002,"서울 서초구 반포동 73-2"
cx_fecf32795ff6a61f,"대림e-편한세상",동대문구,NO_MATCH,EXACT_PARCEL,112301100002250000,"서울 동대문구 이문동 225"
cx_fed858a09bd093d1,"태솔캡슬",강북구,NO_MATCH,EXACT_JIBUN_ADDRESS,113051030000500020,"서울 강북구 수유동 50-20"
cx_feecb2cad191ba38,"등촌지와인아파트,비지니스센터",강서구,NO_MATCH,EXACT_PARCEL,115001020007270000,"서울 강서구 등촌동 727"
cx_ff06f75854c6ada6,"한전우성1",강동구,NO_MATCH,EXACT_PARCEL,117401050003320000,"서울 강동구 길동 332"
cx_ff079a40b1282177,"메이저",서초구,NO_MATCH,EXACT_JIBUN_ADDRESS,116501020000030012,"서울 서초구 양재동 3-12"
cx_ff1487a0eb1810dc,"미래타워",구로구,NO_MATCH,EXACT_PARCEL,115301020012720000,"서울 구로구 구로동 1272"
cx_ff39381372ae33df,"동부골든",구로구,NO_MATCH,EXACT_PARCEL,115301080003380000,"서울 구로구 오류동 338"
cx_ff3bd12cdd3d788a,"동광갈현베르빌",은평구,NO_MATCH,EXACT_JIBUN_ADDRESS,113801040004650012,"서울 은평구 갈현동 465-12"
cx_ff41f112613b2cec,"우장산타워빌",강서구,NO_MATCH,EXACT_JIBUN_ADDRESS,115001060007040002,"서울 강서구 내발산동 704-2"
cx_ff4287b1f4d92437,"시티",마포구,NO_MATCH,EXACT_PARCEL,114401230005040000,"서울 마포구 망원동 504"
cx_ff4319c314acfd54,"경남아너스빌2차",동작구,NO_MATCH,EXACT_PARCEL,115901070011350000,"서울 동작구 사당동 1135"
cx_ff4772f8dc7571a2,"불암신기101동",노원구,NO_MATCH,EXACT_JIBUN_ADDRESS,113501050001070980,"서울 노원구 상계동 107-980"
cx_ff54c4ff9eea50d4,"sm이로빌4차a동(455-5)",동대문구,NO_MATCH,EXACT_JIBUN_ADDRESS,112301060004550005,"서울 동대문구 장안동 455-5"
cx_ff62b381e0075e1d,"세화",동대문구,NO_MATCH,EXACT_JIBUN_ADDRESS,112301040001030022,"서울 동대문구 전농동 103-22"
cx_ff63b45bf6353e58,"송이월드b동",노원구,NO_MATCH,EXACT_JIBUN_ADDRESS,113501050011010033,"서울 노원구 상계동 1101-33"
cx_ff75b31355613046,"송파파밀리에더퍼스트",송파구,NO_MATCH,EXACT_PARCEL,117101040002450000,"서울 송파구 송파동 245"
cx_ff8d623f215d9917,"방배아트e편한세상105",서초구,NO_MATCH,EXACT_JIBUN_ADDRESS,116501010004860004,"서울 서초구 방배동 486-4"
cx_ffb0a4eed7a7ea3a,"박석고개1단지힐스테이트(116~131동)bl2-1",은평구,NO_MATCH,MULTI_RECORD_SAME_PARCEL,113801140001020000,"서울 은평구 진관동 102"
cx_ffb5380fe16ca89a,"생모리츠타운",관악구,NO_MATCH,EXACT_JIBUN_ADDRESS,116201010015740001,"서울 관악구 봉천동 1574-1"
cx_ffb932dceae94c9d,"슈프림하우스",송파구,NO_MATCH,EXACT_JIBUN_ADDRESS,117101120000800015,"서울 송파구 오금동 80-15"
cx_ffbafd0f0bc81210,"반포1차우정에쉐르",서초구,NO_MATCH,NO_MATCH,116501070000010023,"서울 서초구 반포동 1-23"
cx_ffbcdaed42f7fcd1,"상록리츠콤(878-16)",서초구,NO_MATCH,EXACT_JIBUN_ADDRESS,116501010008780016,"서울 서초구 방배동 878-16"
cx_ffbd2ea1c5bad3eb,"창전쌍용스윗닷홈",마포구,NO_MATCH,EXACT_PARCEL,114401140004410000,"서울 마포구 창전동 441"
cx_ffc603f9e201ae99,"목동신시가지10",양천구,NO_MATCH,EXACT_PARCEL,114701010003110000,"서울 양천구 신정동 311"
cx_ffc991f63b212afc,"동보수목원(16-18)",구로구,NO_MATCH,EXACT_JIBUN_ADDRESS,115301120000160018,"서울 구로구 항동 16-18"
cx_ffd97aeda17ea57a,"금천롯데캐슬골드파크2차201동202동",금천구,NO_MATCH,EXACT_PARCEL,115451020011500000,"서울 금천구 독산동 1150"
cx_ffde374e9eb6e4aa,"온세",은평구,NO_MATCH,EXACT_JIBUN_ADDRESS,113801050000250041,"서울 은평구 구산동 25-41"